Date,SINGAPORE IFO380,BUSAN IFO380,HONGKONG IFO380,TOKYO IFO380,ROTERDAM IFO380,ANTWERP IFO380,NEWYORK IFO380,HOUSTON IFO380,LA LongBeach IFO380,Balboa IFO380,VALPARAISO IFO380,SANTOS IFO380,NINGBO IFO380,NANSHA IFO380,QINZHOU IFO380,SHEKOU IFO380,QINGDAO IFO380,TIANJIN IFO380,XIAMEN IFO380,CHENNAI IFO380,INCHEON IFO380,PORTKLANG IFO380,LAEMCHABANG IFO380,HOCHIMINH IFO380
2026-08-05,570,671.5,620.5,613,508,495,496.5,456.5,645.5,612.5,671.5,,626.5,626.5,640.5,626.5,634.5,636.5,629.5,600,683.5,576,606,610
2026-08-04,588,680.5,645,634.5,511,514.5,499.5,461,660,619,672.5,,651,651,665,651,659,661,654,618,692.5,594,624,628
2026-08-03,574.5,684.5,637,615,515.5,498,522,473.5,655.5,656,673.5,,643,643,657,643,651,653,646,604.5,696.5,580.5,610.5,614.5
2026-07-31,582,686.5,622.5,622.5,528.5,511.5,539.5,486.5,678,661,,,628.5,628.5,642.5,628.5,636.5,638.5,631.5,612,698.5,588,618,622
2026-07-30,586,689,632,641.5,540,533,540,485.5,678,664.5,,,638,638,652,638,646,648,641,616,701,592,622,626
2026-07-29,576,681.5,601,621.5,545.5,525,537.5,500,683,666.5,,,607,607,621,607,615,617,610,606,693.5,582,612,616
2026-07-28,587,678.5,600,658.5,528,512,549,504.5,709.5,661.5,,,606,606,620,606,614,616,609,617,690.5,593,623,627
2026-07-27,598.5,711.5,607,658.5,544.5,527,559,521.5,743.5,683,,,613,613,627,613,621,623,616,628.5,723.5,604.5,634.5,638.5
2026-07-24,634.5,741,640.5,655,582,564.5,578,571.5,763.5,707,,,646.5,646.5,660.5,646.5,654.5,656.5,649.5,664.5,753,640.5,670.5,674.5
2026-07-23,639,746,642.5,631.5,588.5,570,564,560,755,704.5,,,648.5,648.5,662.5,648.5,656.5,658.5,651.5,669,758,645,675,679
2026-07-22,612.5,741,628,636.5,573,563,545.5,557,728,691.5,,,634,634,648,634,642,644,637,642.5,753,618.5,648.5,652.5
2026-07-21,579,703.5,601,575.5,548.5,539.5,548.5,541.5,723,690.5,,,607,607,621,607,615,617,610,609,715.5,585,615,619
2026-07-20,583.5,704.5,601.5,583,554.5,551.5,530.5,532,751,690.5,698.5,,607.5,607.5,621.5,607.5,615.5,617.5,610.5,613.5,716.5,589.5,619.5,623.5
2026-07-17,552,696.5,583,560.5,532.5,519.5,517,518.5,734.5,680,698.5,,589,589,603,589,597,599,592,582,708.5,558,588,592
2026-07-16,560.5,704,578.5,581.5,532,522,519.5,531,686.5,679,698.5,,584.5,584.5,598.5,584.5,592.5,594.5,587.5,590.5,716,566.5,596.5,600.5
2026-07-15,564.5,690.5,593,574.5,538,526.5,519.5,527,695,677,698.5,,599,599,613,599,607,609,602,594.5,702.5,570.5,600.5,604.5
2026-07-14,546,664,577,581,529.5,522,513,513.5,679,671.5,698.5,,583,583,597,583,591,593,586,576,676,552,582,586
2026-07-13,496,594,528,541,485,480,483,485.5,648,646.5,698.5,,534,534,548,534,542,544,537,526,606,502,532,536
2026-07-10,480.5,599,492.5,523,473.5,462.5,488.5,478.5,647.5,638.5,698.5,,498.5,498.5,512.5,498.5,506.5,508.5,501.5,510.5,611,486.5,516.5,520.5
2026-07-09,492,543.5,493,538.5,476,462,493.5,485.5,655.5,644,698.5,,499,499,513,499,507,509,502,522,555.5,498,528,532
2026-07-08,477.5,562.5,523,554,470.5,451,472,456.5,615,635,698.5,,529,529,543,529,537,539,532,507.5,574.5,483.5,513.5,517.5
2026-07-07,448,513,492.5,519.5,448,426.5,456.5,438,566.5,612.5,698.5,,498.5,498.5,512.5,498.5,506.5,508.5,501.5,478,525,454,484,488
2026-07-06,447,524,495.5,526.5,439.5,426,468.5,444,534,609.5,,,501.5,501.5,515.5,501.5,509.5,511.5,504.5,477,536,453,483,487
2026-07-03,445.5,506,501,525.5,448.5,440.5,467.5,422.5,531,609.5,,,507,507,521,507,515,517,510,475.5,518,451.5,481.5,485.5
2026-07-02,438.5,488,481,518.5,451,436,473,432.5,536.5,617,745,,487,487,501,487,495,497,490,468.5,500,444.5,474.5,478.5
2026-07-01,451.5,493,481,517,454,441,483.5,467.5,568.5,630,741.5,,487,487,501,487,495,497,490,481.5,505,457.5,487.5,491.5
2026-06-30,458,509.5,473,530.5,453.5,444,490,472,563.5,637.5,741.5,,479,479,493,479,487,489,482,488,521.5,464,494,498
2026-06-29,461.5,512,480,541,457.5,448,483.5,469.5,555.5,640,741.5,,486,486,500,486,494,496,489,491.5,524,467.5,497.5,501.5
2026-06-26,459,506.5,461,533,457.5,440.5,484,476,519.5,637.5,741.5,,467,467,481,467,475,477,470,489,518.5,465,495,499
2026-06-25,459.5,529.5,459.5,533,460.5,441,486.5,480,515.5,639,741.5,,465.5,465.5,479.5,465.5,473.5,475.5,468.5,489.5,541.5,465.5,495.5,499.5
2026-06-24,466.5,521,466.5,540.5,484.5,471,504,489,526,656.5,741.5,,472.5,472.5,486.5,472.5,480.5,482.5,475.5,496.5,533,472.5,502.5,506.5
2026-06-23,473.5,620,469.5,550.5,477,467.5,512,497.5,517,658.5,741.5,,475.5,475.5,489.5,475.5,483.5,485.5,478.5,503.5,632,479.5,509.5,513.5
2026-06-22,488,620.5,486,583,492.5,471.5,521,509,528.5,657,741.5,,492,492,506,492,500,502,495,518,632.5,494,524,528
2026-06-19,481.5,608.5,500.5,584,499.5,483,518,512,523.5,666.5,741.5,,506.5,506.5,520.5,506.5,514.5,516.5,509.5,511.5,620.5,487.5,517.5,521.5
2026-06-18,469,612,494,580,486,465,528,518,570.5,694.5,741.5,,500,500,514,500,508,510,503,499,624,475,505,509
2026-06-17,476,602,500.5,608.5,495,470,528,521,552.5,672.5,740,,506.5,506.5,520.5,506.5,514.5,516.5,509.5,506,614,482,512,516
2026-06-16,506,607.5,522,640.5,507.5,500,552,556.5,602.5,702,740,,528,528,542,528,536,538,531,536,619.5,512,542,546
2026-06-15,540.5,628,537,653,519.5,515,579,585,710,738.5,748,,543,543,557,543,551,553,546,570.5,640,546.5,576.5,580.5
2026-06-12,568.5,659.5,596.5,669,543.5,525,625,617.5,718.5,765.5,757.5,,602.5,602.5,616.5,602.5,610.5,612.5,605.5,598.5,671.5,574.5,604.5,608.5
2026-06-11,605.5,669.5,622.5,703.5,577,561,639,636,726.5,766,773.5,,628.5,628.5,642.5,628.5,636.5,638.5,631.5,635.5,681.5,611.5,641.5,645.5
2026-06-10,602.5,674,621,697,587.5,573.5,628,639,757,771,764.5,,627,627,641,627,635,637,630,632.5,686,608.5,638.5,642.5
2026-06-09,611,694,628,688,592.5,573.5,628,640.5,767.5,776,768.5,,634,634,648,634,642,644,637,641,706,617,647,651
2026-06-08,639,729.5,674.5,729,613,603.5,633.5,650,786.5,773.5,768.5,,680.5,680.5,694.5,680.5,688.5,690.5,683.5,669,741.5,645,675,679
2026-06-05,630,697,663.5,725,591,578.5,623,647.5,846.5,767,768.5,,669.5,669.5,683.5,669.5,677.5,679.5,672.5,660,709,636,666,670
2026-06-04,651,724,690.5,738,619,607,639,651.5,857.5,789,768.5,,696.5,696.5,710.5,696.5,704.5,706.5,699.5,681,736,657,687,691
2026-06-03,663.5,717,708,762,632.5,612.5,652,659,863,785,770.5,,714,714,728,714,722,724,717,693.5,729,669.5,699.5,703.5
2026-06-02,651.5,704.5,692,766.5,617.5,601.5,644,666.5,849,781,770.5,,698,698,712,698,706,708,701,681.5,716.5,657.5,687.5,691.5
2026-06-01,649,685.5,678,764.5,622.5,606,640,666.5,848,787.5,767.5,,684,684,698,684,692,694,687,679,697.5,655,685,689
2026-05-29,630,667.5,656.5,761,609,594.5,635.5,664,842,762,754.5,,662.5,662.5,676.5,662.5,670.5,672.5,665.5,660,679.5,636,666,670
2026-05-28,636.5,673.5,667.5,765,614,605.5,626.5,681,887,778.5,754.5,,673.5,673.5,687.5,673.5,681.5,683.5,676.5,666.5,685.5,642.5,672.5,676.5
2026-05-27,636,662.5,671.5,772,620.5,592.5,654,687.5,874,802.5,754.5,,677.5,677.5,691.5,677.5,685.5,687.5,680.5,666,674.5,642,672,676
2026-05-26,638.5,669.5,677.5,786,639.5,616.5,671,688.5,872.5,817.5,754.5,,683.5,683.5,697.5,683.5,691.5,693.5,686.5,668.5,681.5,644.5,674.5,678.5
2026-05-25,628,644,681,808.5,646.5,617.5,674,631.5,855.5,815.5,754.5,,687,687,701,687,695,697,690,658,656,634,664,668
2026-05-22,669.5,724,720,851.5,686.5,656.5,675,659.5,880.5,830,754.5,,726,726,740,726,734,736,729,699.5,736,675.5,705.5,709.5
2026-05-21,674.5,714.5,713,819.5,699.5,670,672.5,656.5,886.5,841,754.5,,719,719,733,719,727,729,722,704.5,726.5,680.5,710.5,714.5
2026-05-20,697.5,747.5,728.5,896,716.5,704,687.5,663,917.5,861,773.5,,734.5,734.5,748.5,734.5,742.5,744.5,737.5,727.5,759.5,703.5,733.5,737.5
2026-05-19,718,747.5,745,862.5,722,710.5,692,667,930,838.5,773.5,,751,751,765,751,759,761,754,748,759.5,724,754,758
2026-05-18,724.5,742.5,747.5,892.5,726,722.5,692,675.5,938.5,844.5,768.5,,753.5,753.5,767.5,753.5,761.5,763.5,756.5,754.5,754.5,730.5,760.5,764.5
2026-05-15,711,721,737.5,881.5,702,683.5,683.5,663.5,960.5,834,765.5,,743.5,743.5,757.5,743.5,751.5,753.5,746.5,741,733,717,747,751
2026-05-14,686,727.5,723,869,689,662.5,684,658.5,914.5,825.5,765.5,,729,729,743,729,737,739,732,716,739.5,692,722,726
2026-05-13,687.5,725,732,872.5,685.5,669,667,660.5,877,836,764.5,,738,738,752,738,746,748,741,717.5,737,693.5,723.5,727.5
2026-05-12,691,730.5,735,872,701.5,691,661,650,861,841,766,,741,741,755,741,749,751,744,721,742.5,697,727,731
2026-05-11,687,724.5,732,879.5,701.5,699,650,649,854.5,837.5,757.5,,738,738,752,738,746,748,741,717,736.5,693,723,727
2026-05-08,694,714.5,722.5,861,690.5,693,659.5,668.5,828.5,823.5,757.5,,728.5,728.5,742.5,728.5,736.5,738.5,731.5,724,726.5,700,730,734
2026-05-07,712.5,736,746,882.5,679,668.5,618,691,853.5,835.5,757.5,,752,752,766,752,760,762,755,742.5,748,718.5,748.5,752.5
2026-05-06,710,736,769,880.5,682,671.5,657,705.5,873.5,843.5,757.5,,775,775,789,775,783,785,778,740,748,716,746,750
2026-05-05,726,750.5,775,926.5,690.5,665.5,691.5,706.5,881,857,757.5,,781,781,795,781,789,791,784,756,762.5,732,762,766
2026-05-04,695.5,732.5,750.5,885.5,679,670,681,708,888.5,838.5,760.5,,756.5,756.5,770.5,756.5,764.5,766.5,759.5,725.5,744.5,701.5,731.5,735.5
2026-05-01,690,699,772,891,669.5,653.5,644,668.5,883,846,762.5,,778,778,792,778,786,788,781,720,711,696,726,730
2026-04-30,720,703,755,913.5,686.5,672,644.5,694.5,883,853,762.5,,761,761,775,761,769,771,764,750,715,726,756,760
2026-04-29,690.5,699,745.5,892.5,673,653.5,652.5,674,858,842.5,763.5,,751.5,751.5,765.5,751.5,759.5,761.5,754.5,720.5,711,696.5,726.5,730.5
2026-04-28,688.5,696.5,745.5,904,654.5,633,647,662.5,851,832.5,753.5,,751.5,751.5,765.5,751.5,759.5,761.5,754.5,718.5,708.5,694.5,724.5,728.5
2026-04-27,668.5,679,714.5,885.5,640.5,631.5,629.5,652,837.5,828,749.5,,720.5,720.5,734.5,720.5,728.5,730.5,723.5,698.5,691,674.5,704.5,708.5
2026-04-24,673.5,675,712.5,873,635,622.5,618,647.5,825,826,745.5,,718.5,718.5,732.5,718.5,726.5,728.5,721.5,703.5,687,679.5,709.5,713.5
2026-04-23,656,667.5,692.5,867,623.5,616.5,610.5,629,823,820.5,745.5,,698.5,698.5,712.5,698.5,706.5,708.5,701.5,686,679.5,662,692,696
2026-04-22,640.5,676.5,686.5,848,614.5,594.5,593,625,813.5,799.5,749.5,,692.5,692.5,706.5,692.5,700.5,702.5,695.5,670.5,688.5,646.5,676.5,680.5
2026-04-21,619,680.5,665,806.5,591.5,567,589,615.5,804,798,746.5,,671,671,685,671,679,681,674,649,692.5,625,655,659
2026-04-20,629,669.5,670.5,826.5,592,591,590,611,823.5,791.5,748.5,,676.5,676.5,690.5,676.5,684.5,686.5,679.5,659,681.5,635,665,669
2026-04-17,654.5,677,695.5,856.5,596,601.5,604,602,855.5,792.5,758.5,,701.5,701.5,715.5,701.5,709.5,711.5,704.5,684.5,689,660.5,690.5,694.5
2026-04-16,658.5,682,705,856.5,612.5,614.5,599.5,618.5,880.5,767,758.5,,711,711,725,711,719,721,714,688.5,694,664.5,694.5,698.5
2026-04-15,660,680,702,867.5,625.5,632.5,594.5,613.5,922,747,757.5,,708,708,722,708,716,718,711,690,692,666,696,700
2026-04-14,671,682.5,728.5,934,630,623.5,611,631.5,928.5,750,755.5,,734.5,734.5,748.5,734.5,742.5,744.5,737.5,701,694.5,677,707,711
2026-04-13,671.5,695,722,937,663,644,600.5,648.5,919,748,760.5,,728,728,742,728,736,738,731,701.5,707,677.5,707.5,711.5
2026-04-10,657,685.5,715,906,637.5,621,576,629,947,730,749.5,,721,721,735,721,729,731,724,687,697.5,663,693,697
2026-04-09,665,713.5,736.5,906,655,633.5,618.5,656,942,740.5,749.5,,742.5,742.5,756.5,742.5,750.5,752.5,745.5,695,725.5,671,701,705
2026-04-08,641.5,723,730,970,621,633.5,672,669,956,810.5,766.5,,736,736,750,736,744,746,739,671.5,735,647.5,677.5,681.5
2026-04-07,742,818,809.5,970,696,688.5,682.5,705,981,779.5,805.5,,815.5,815.5,829.5,815.5,823.5,825.5,818.5,772,830,748,778,782
2026-04-06,757,865,819.5,961,716.5,688.5,681,692,966.5,785,806.5,,825.5,825.5,839.5,825.5,833.5,835.5,828.5,787,877,763,793,797
2026-04-03,755.5,840,809.5,887,725,688.5,651,639.5,888.5,725,808.5,,815.5,815.5,829.5,815.5,823.5,825.5,818.5,785.5,852,761.5,791.5,795.5
2026-04-02,755.5,840,809.5,887,725,688.5,651,639.5,888.5,725,808.5,,815.5,815.5,829.5,815.5,823.5,825.5,818.5,785.5,852,761.5,791.5,795.5
2026-04-01,695,855,774.5,887,661.5,628.5,671,624,932.5,792.5,808.5,,780.5,780.5,794.5,780.5,788.5,790.5,783.5,725,867,701,731,735
2026-03-31,706.5,933,799.5,917.5,700,703.5,678.5,658.5,865.5,797,811.5,,805.5,805.5,819.5,805.5,813.5,815.5,808.5,736.5,945,712.5,742.5,746.5
2026-03-30,727.5,957.5,843,909.5,730.5,710,670.5,672.5,881,826.5,812.5,,849,849,863,849,857,859,852,757.5,969.5,733.5,763.5,767.5
2026-03-27,707,955.5,775.5,856,693,669,683,639,847.5,790,806.5,,781.5,781.5,795.5,781.5,789.5,791.5,784.5,737,967.5,713,743,747
2026-03-26,673,925.5,763,880,696,678,652,659.5,845,764,806.5,,769,769,783,769,777,779,772,703,937.5,679,709,713
2026-03-25,662.5,934,767.5,864,700,666,625.5,662.5,844,753,796.5,,773.5,773.5,787.5,773.5,781.5,783.5,776.5,692.5,946,668.5,698.5,702.5
2026-03-24,712,928,810,1012,714,691,640.5,690,890,793.5,801.5,,816,816,830,816,824,826,819,742,940,718,748,752
2026-03-23,808.5,1039,879.5,1157.5,773.5,759,683,691.5,901.5,775.5,806.5,,885.5,885.5,899.5,885.5,893.5,895.5,888.5,838.5,1051,814.5,844.5,848.5
2026-03-20,792,1129,849.5,1099,738.5,708,720,693.5,884,757.5,770,,855.5,855.5,869.5,855.5,863.5,865.5,858.5,822,1141,798,828,832
2026-03-19,838,1134.5,912,1164,754.5,733,675,707.5,909,812.5,770,,918,918,932,918,926,928,921,868,1146.5,844,874,878
2026-03-18,802,1179.5,885,1095,718.5,682,665.5,681,883,770,760,,891,891,905,891,899,901,894,832,1191.5,808,838,842
2026-03-17,789,1184.5,864,1086,717.5,697,632,636.5,887,766,755.5,,870,870,884,870,878,880,873,819,1196.5,795,825,829
2026-03-16,851,1214,969.5,1088,725,721.5,670,655.5,911,746,757.5,,975.5,975.5,989.5,975.5,983.5,985.5,978.5,881,1226,857,887,891
2026-03-13,882,1209,949,1156.5,731.5,730,653,553,873,708.5,755.5,,955,955,969,955,963,965,958,912,1221,888,918,922
2026-03-12,896,1264,977,1039.5,733.5,785,634,572.5,853,731,746.5,,983,983,997,983,991,993,986,926,1276,902,932,936
2026-03-11,870,1064,887.5,930.5,697,690,635.5,546.5,823,659.5,746.5,,893.5,893.5,907.5,893.5,901.5,903.5,896.5,900,1076,876,906,910
2026-03-10,968.5,1101.5,922,930.5,702,697,596.5,522.5,815.5,609,816.5,,928,928,942,928,936,938,931,998.5,1113.5,974.5,1004.5,1008.5
2026-03-09,1073,1190.5,1027.5,999.5,767.5,842,639,668.5,859,743.5,721.5,,1033.5,1033.5,1047.5,1033.5,1041.5,1043.5,1036.5,1103,1202.5,1079,1109,1113
2026-03-06,722,635,707,675,607,572,587,564.5,632,604,653.5,,713,713,727,713,721,723,716,752,647,728,758,762
2026-03-05,630,718,640,653,570.5,558.5,536,483,630,555.5,653.5,,646,646,660,646,654,656,649,660,730,636,666,670
2026-03-04,597.5,638,608.5,628.5,554,534,534.5,471,591.5,535,654,,614.5,614.5,628.5,614.5,622.5,624.5,617.5,627.5,650,603.5,633.5,637.5
2026-03-03,571,618,577,596.5,533,498,523,463.5,567.5,529.5,651,,583,583,597,583,591,593,586,601,630,577,607,611
2026-03-02,516,564,532,558,486.5,462.5,490.5,432,534.5,499.5,648,,538,538,552,538,546,548,541,546,576,522,552,556
2026-02-27,436.5,487.5,473,498,438,408.5,417,389,489,453,622,,479,479,493,479,487,489,482,466.5,499.5,442.5,472.5,476.5
2026-02-26,440.5,490,471,500,427.5,423,414.5,386,490.5,449,620,,477,477,491,477,485,487,480,470.5,502,446.5,476.5,480.5
2026-02-25,433,479.5,477,495,425,408.5,414,386,487,445,615.5,,483,483,497,483,491,493,486,463,491.5,439,469,473
2026-02-24,437.5,474.5,488,505,426,405.5,412.5,385,489,455.5,615.5,,494,494,508,494,502,504,497,467.5,486.5,443.5,473.5,477.5
2026-02-23,439,485,491.5,505,427.5,405.5,413,384,488.5,448.5,614.5,,497.5,497.5,511.5,497.5,505.5,507.5,500.5,469,497,445,475,479
2026-02-20,452,492,497,514.5,422,406.5,408,380.5,502.5,446,620,,503,503,517,503,511,513,506,482,504,458,488,492
2026-02-19,455,488,505,516,415.5,398.5,405,376,487.5,443.5,615,,511,511,525,511,519,521,514,485,500,461,491,495
2026-02-18,446,487,482,497.5,408.5,393.5,401,370,496,426.5,613.5,,488,488,502,488,496,498,491,476,499,452,482,486
2026-02-17,449,496,482,503.5,404.5,383.5,392.5,361,461.5,414,616.5,,488,488,502,488,496,498,491,479,508,455,485,489
2026-02-16,440,481,482,498.5,402,383.5,391,359.5,461.5,412.5,616.5,,488,488,502,488,496,498,491,470,493,446,476,480
2026-02-13,435,476,474.5,495,401,383.5,390.5,361.5,470,417,616.5,,480.5,480.5,494.5,480.5,488.5,490.5,483.5,465,488,441,471,475
2026-02-12,445,482,488,501,410.5,392,394.5,360.5,469,429.5,609.5,,494,494,508,494,502,504,497,475,494,451,481,485
2026-02-11,441,479.5,475.5,496.5,403,398,401.5,356.5,467.5,432,603.5,,481.5,481.5,495.5,481.5,489.5,491.5,484.5,471,491.5,447,477,481
2026-02-10,438,465.5,472,489,411.5,392,393,360,463,426,603.5,,478,478,492,478,486,488,481,468,477.5,444,474,478
2026-02-09,431.5,468.5,467,485.5,407.5,380.5,395,362.5,460,424,601.5,,473,473,487,473,481,483,476,461.5,480.5,437.5,467.5,471.5
2026-02-06,435,472.5,474,485,402,388,387,358,466,419,599.5,,480,480,494,480,488,490,483,465,484.5,441,471,475
2026-02-05,436.5,472.5,475,483.5,409,390,392,360,460,420,602.5,,481,481,495,481,489,491,484,466.5,484.5,442.5,472.5,476.5
2026-02-04,433,462,465.5,460.5,400,378,392,359.5,459,417.5,602,,471.5,471.5,485.5,471.5,479.5,481.5,474.5,463,474,439,469,473
2026-02-03,420.5,446,452.5,458.5,388,370,387.5,349.5,452.5,410.5,600,,458.5,458.5,472.5,458.5,466.5,468.5,461.5,450.5,458,426.5,456.5,460.5
2026-02-02,417.5,437.5,449.5,455.5,382.5,368.5,387,349.5,450,414,600,,455.5,455.5,469.5,455.5,463.5,465.5,458.5,447.5,449.5,423.5,453.5,457.5
2026-01-30,429,452,463,465,401.5,388.5,396,364.5,459,424.5,601,,469,469,483,469,477,479,472,459,464,435,465,469
2026-01-29,423,452,460.5,465,403,384.5,392,366.5,458.5,424.5,600,,466.5,466.5,480.5,466.5,474.5,476.5,469.5,453,464,429,459,463
2026-01-28,414,450.5,445.5,461.5,389.5,373.5,389.5,355,450.5,418.5,600,,451.5,451.5,465.5,451.5,459.5,461.5,454.5,444,462.5,420,450,454
2026-01-27,406,439,435,450.5,384.5,370.5,382.5,347,450,411,595.5,,441,441,455,441,449,451,444,436,451,412,442,446
2026-01-26,411,456.5,425.5,454,392.5,374.5,372.5,353.5,445.5,413,596.5,,431.5,431.5,445.5,431.5,439.5,441.5,434.5,441,468.5,417,447,451
2026-01-23,398.5,436,414,452.5,373,366,366.5,352.5,439.5,407,594.5,,420,420,434,420,428,430,423,428.5,448,404.5,434.5,438.5
2026-01-22,393.5,436,410,450,372,369.5,361,347.5,439.5,406.5,597.5,,416,416,430,416,424,426,419,423.5,448,399.5,429.5,433.5
2026-01-21,384.5,432,403.5,443.5,371.5,359.5,359.5,347.5,433,403,598,,409.5,409.5,423.5,409.5,417.5,419.5,412.5,414.5,444,390.5,420.5,424.5
2026-01-20,380,427,400,455,369.5,358.5,348,342.5,417,399.5,596.5,,406,406,420,406,414,416,409,410,439,386,416,420
2026-01-19,382.5,425,404.5,445.5,369,350,364,350,428,403.5,601,,410.5,410.5,424.5,410.5,418.5,420.5,413.5,412.5,437,388.5,418.5,422.5
2026-01-16,377,427,404,442.5,370,355,360,351,437,407,599,,410,410,424,410,418,420,413,407,439,383,413,417
2026-01-15,377.5,423.5,409,441.5,372.5,371,358.5,347,437,399,601,,415,415,429,415,423,425,418,407.5,435.5,383.5,413.5,417.5
2026-01-14,377.5,426,406.5,442.5,377,374,361.5,349.5,417,402.5,600.5,,412.5,412.5,426.5,412.5,420.5,422.5,415.5,407.5,438,383.5,413.5,417.5
2026-01-13,361,411.5,395,430,365.5,369,367,346.5,414,392,592,,401,401,415,401,409,411,404,391,423.5,367,397,401
2026-01-12,354.5,401.5,394.5,454,359,360,358.5,333,406,388,589,,400.5,400.5,414.5,400.5,408.5,410.5,403.5,384.5,413.5,360.5,390.5,394.5
2026-01-09,360,406.5,397,454.5,352.5,352.5,363,337,407,381,588,,403,403,417,403,411,413,406,390,418.5,366,396,400
2026-01-08,357.5,393.5,392.5,455.5,353,351.5,359.5,333.5,401,368.5,584,,398.5,398.5,412.5,398.5,406.5,408.5,401.5,387.5,405.5,363.5,393.5,397.5
2026-01-07,360,394,394,457,358.5,351.5,362,334,403,376,586.5,,400,400,414,400,408,410,403,390,406,366,396,400
2026-01-06,361.5,394,394.5,461.5,361.5,368.5,362.5,343,399.5,386.5,617,,400.5,400.5,414.5,400.5,408.5,410.5,403.5,391.5,406,367.5,397.5,401.5
2026-01-05,352,392,392,447,360,369,370.5,343,414.5,386,553,,398,398,412,398,406,408,401,382,404,358,388,392
2026-01-02,359.5,390.5,400.5,447.5,365,375,369,341,413.5,384,593,,406.5,406.5,420.5,406.5,414.5,416.5,409.5,389.5,402.5,365.5,395.5,399.5
2026-01-01,356,393,400.5,449,361,372.5,371,343,416,381.5,596.5,,406.5,406.5,420.5,406.5,414.5,416.5,409.5,386,405,362,392,396
2025-12-31,355,393,400.5,449,361,372.5,371,341,416,381.5,596.5,,406.5,406.5,420.5,406.5,414.5,416.5,409.5,385,405,361,391,395
2025-12-30,357.5,388.5,403.5,449.5,364.5,374.5,373.5,350.5,416,389.5,591.5,,409.5,409.5,423.5,409.5,417.5,419.5,412.5,387.5,400.5,363.5,393.5,397.5
2025-12-29,353.5,388.5,398.5,445.5,350.5,361.5,376,354,415,390,594,,404.5,404.5,418.5,404.5,412.5,414.5,407.5,383.5,400.5,359.5,389.5,393.5
2025-12-26,360,381.5,389,451,342,353,372,342,409,373.5,597,,395,395,409,395,403,405,398,390,393.5,366,396,400
2025-12-25,363,381.5,386,451,347,358,372,347,414,378.5,597,,392,392,406,392,400,402,395,393,393.5,369,399,403
2025-12-24,363,381.5,386,451,347,358,372,347,414,378.5,597,,392,392,406,392,400,402,395,393,393.5,369,399,403
2025-12-23,364.5,384.5,381.5,446.5,352.5,369.5,379,345,415,377.5,594,,387.5,387.5,401.5,387.5,395.5,397.5,390.5,394.5,396.5,370.5,400.5,404.5
2025-12-22,354.5,382.5,370,444,348.5,357,376,344,410,380,596,,376,376,390,376,384,386,379,384.5,394.5,360.5,390.5,394.5
2025-12-19,352,380,368,442,331,336,362,342,408,365.5,597,,374,374,388,374,382,384,377,382,392,358,388,392
2025-12-18,354,380,372,444.5,342,340.5,378,344,407.5,366,598,,378,378,392,378,386,388,381,384,392,360,390,394
2025-12-17,349,378.5,367,440.5,331.5,327.5,383.5,343,402.5,363.5,598.5,,373,373,387,373,381,383,376,379,390.5,355,385,389
2025-12-16,347.5,377,364,440.5,332,330.5,380,332.5,397,363,599,,370,370,384,370,378,380,373,377.5,389,353.5,383.5,387.5
2025-12-15,350,375.5,368.5,444,336,337,391,335,404,365,593,,374.5,374.5,388.5,374.5,382.5,384.5,377.5,380,387.5,356,386,390
2025-12-12,350,379,369,440,344.5,349.5,394.5,340.5,401.5,367.5,591,,375,375,389,375,383,385,378,380,391,356,386,390
2025-12-11,350.5,380,369.5,445.5,346,346.5,377,348,402.5,373.5,596,,375.5,375.5,389.5,375.5,383.5,385.5,378.5,380.5,392,356.5,386.5,390.5
2025-12-10,353,382.5,373.5,445.5,347,347.5,410.5,351,403,375.5,596.5,,379.5,379.5,393.5,379.5,387.5,389.5,382.5,383,394.5,359,389,393
2025-12-09,355.5,380,374.5,446.5,350,349,421,358,405.5,379,601.5,,380.5,380.5,394.5,380.5,388.5,390.5,383.5,385.5,392,361.5,391.5,395.5
2025-12-08,360.5,392.5,376.5,460,356,356.5,393,357,410.5,385.5,606,,382.5,382.5,396.5,382.5,390.5,392.5,385.5,390.5,404.5,366.5,396.5,400.5
2025-12-05,355,387.5,374,455,358.5,355,392,359,414,386.5,612,,380,380,394,380,388,390,383,385,399.5,361,391,395
2025-12-04,353,387,372.5,450.5,359.5,359.5,388.5,361.5,409,391,608,,378.5,378.5,392.5,378.5,386.5,388.5,381.5,383,399,359,389,393
2025-12-03,353,388,376,443.5,359,355.5,386,357.5,408,392,608.5,,382,382,396,382,390,392,385,383,400,359,389,393
2025-12-02,355.5,389,385,433.5,365,367.5,395,357,416,398,609,,391,391,405,391,399,401,394,385.5,401,361.5,391.5,395.5
2025-12-01,358,389,384,433.5,376.5,367.5,394,359.5,421,398,609,,390,390,404,390,398,400,393,388,401,364,394,398
2025-11-28,356.5,389.5,385.5,438,365.5,362.5,394,357.5,416,396,609,,391.5,391.5,405.5,391.5,399.5,401.5,394.5,386.5,401.5,362.5,392.5,396.5
2025-11-27,359,390.5,384.5,440.5,359.5,355,403,366,416,396.5,610,,390.5,390.5,404.5,390.5,398.5,400.5,393.5,389,402.5,365,395,399
2025-11-26,355,388.5,383.5,430.5,356.5,352,391.5,356,406,393.5,608,,389.5,389.5,403.5,389.5,397.5,399.5,392.5,385,400.5,361,391,395
2025-11-25,359,390.5,387,426.5,353.5,353.5,392.5,356,411,395,608.5,,393,393,407,393,401,403,396,389,402.5,365,395,399
2025-11-24,360,398.5,388.5,428.5,356,358.5,394,360.5,415.5,400.5,609.5,,394.5,394.5,408.5,394.5,402.5,404.5,397.5,390,410.5,366,396,400
2025-11-21,361.5,398.5,392,429.5,359,358.5,407,362.5,416.5,403,613,,398,398,412,398,406,408,401,391.5,410.5,367.5,397.5,401.5
2025-11-20,362.5,402.5,392,431.5,370.5,371.5,408,363.5,412.5,410.5,613,,398,398,412,398,406,408,401,392.5,414.5,368.5,398.5,402.5
2025-11-19,365,405,394,439,370.5,375,412,375,426.5,408,617,,400,400,414,400,408,410,403,395,417,371,401,405
2025-11-18,366,407.5,396,436.5,382.5,380,412,375.5,430.5,414.5,619.5,,402,402,416,402,410,412,405,396,419.5,372,402,406
2025-11-17,371.5,408,401,441.5,382.5,382.5,413.5,383,427,413,619,,407,407,421,407,415,417,410,401.5,420,377.5,407.5,411.5
2025-11-14,375.5,409,398.5,438,383,382.5,409,384,424,412,616.5,,404.5,404.5,418.5,404.5,412.5,414.5,407.5,405.5,421,381.5,411.5,415.5
2025-11-13,375.5,410,397,440.5,391,397.5,420,385.5,419.5,415,615.5,,403,403,417,403,411,413,406,405.5,422,381.5,411.5,415.5
2025-11-12,381.5,418,406,444.5,391.5,392,428.5,395,439.5,428,618.5,,412,412,426,412,420,422,415,411.5,430,387.5,417.5,421.5
2025-11-11,385,419.5,404.5,443.5,393,391,433,400.5,440,431,625,,410.5,410.5,424.5,410.5,418.5,420.5,413.5,415,431.5,391,421,425
2025-11-10,384.5,417.5,407,443.5,391.5,392.5,433.5,402.5,439,424,623,,413,413,427,413,421,423,416,414.5,429.5,390.5,420.5,424.5
2025-11-07,385.5,422.5,406,434.5,400,407.5,432.5,412.5,434.5,427.5,628.5,,412,412,426,412,420,422,415,415.5,434.5,391.5,421.5,425.5
2025-11-06,385.5,422.5,406,432,401.5,405,435.5,411.5,435.5,432.5,632.5,,412,412,426,412,420,422,415,415.5,434.5,391.5,421.5,425.5
2025-11-05,383.5,422.5,410,447,400.5,398.5,423.5,414.5,438,435,632.5,,416,416,430,416,424,426,419,413.5,434.5,389.5,419.5,423.5
2025-11-04,391,417.5,411,454.5,405,410,426.5,408.5,435.5,434.5,628.5,,417,417,431,417,425,427,420,421,429.5,397,427,431
2025-11-03,394,425,415,455.5,410,415,427.5,410.5,437,440,638,,421,421,435,421,429,431,424,424,437,400,430,434
2025-10-31,392.5,424,410.5,450.5,410,414.5,422.5,407.5,448,450.5,625,,416.5,416.5,430.5,416.5,424.5,426.5,419.5,422.5,436,398.5,428.5,432.5
2025-10-30,397.5,422,409.5,448,415,416,422,405,445.5,447.5,625,,415.5,415.5,429.5,415.5,423.5,425.5,418.5,427.5,434,403.5,433.5,437.5
2025-10-29,397.5,425,413.5,451.5,409,410,421.5,406,448,447.5,625,,419.5,419.5,433.5,419.5,427.5,429.5,422.5,427.5,437,403.5,433.5,437.5
2025-10-28,397,430,423,458.5,417.5,424,427,416,448.5,447.5,627,,429,429,443,429,437,439,432,427,442,403,433,437
2025-10-27,401,430,421,460.5,414.5,413.5,429.5,420,443.5,440,645,,427,427,441,427,435,437,430,431,442,407,437,441
2025-10-24,410.5,434.5,426,458.5,418,423.5,441,417,452.5,448,654.5,,432,432,446,432,440,442,435,440.5,446.5,416.5,446.5,450.5
2025-10-23,391,427,414.5,438.5,417.5,415.5,424,410,442.5,438,642.5,,420.5,420.5,434.5,420.5,428.5,430.5,423.5,421,439,397,427,431
2025-10-22,378.5,419,399,434,398.5,399,416,404.5,424,430,641.5,,405,405,419,405,413,415,408,408.5,431,384.5,414.5,418.5
2025-10-21,382,417,399,425,391.5,391.5,410,395,421.5,423.5,644.5,,405,405,419,405,413,415,408,412,429,388,418,422
2025-10-20,381,413.5,401,444.5,388.5,391.5,411,399,420.5,427.5,646.5,,407,407,421,407,415,417,410,411,425.5,387,417,421
2025-10-17,381.5,414,400.5,448,395,394,407.5,392,416.5,424,653,,406.5,406.5,420.5,406.5,414.5,416.5,409.5,411.5,426,387.5,417.5,421.5
2025-10-16,385,419,405,447.5,403,402,412,402,423,429.5,655,,411,411,425,411,419,421,414,415,431,391,421,425
2025-10-15,384.5,418,403,445.5,402,404,414.5,406,425,431,671,,409,409,423,409,417,419,412,414.5,430,390.5,420.5,424.5
2025-10-14,383.5,415.5,404.5,446.5,397.5,405,422.5,403,425.5,432.5,672.5,,410.5,410.5,424.5,410.5,418.5,420.5,413.5,413.5,427.5,389.5,419.5,423.5
2025-10-13,390,433.5,408.5,452,409.5,410,424.5,416.5,434.5,454,676,,414.5,414.5,428.5,414.5,422.5,424.5,417.5,420,445.5,396,426,430
2025-10-10,401.5,429,418.5,457,408.5,410,427,414.5,433.5,453,677,,424.5,424.5,438.5,424.5,432.5,434.5,427.5,431.5,441,407.5,437.5,441.5
2025-10-09,409.5,441.5,425,459.5,412,414,428.5,421.5,440,460,678,,431,431,445,431,439,441,434,439.5,453.5,415.5,445.5,449.5
2025-10-08,411.5,442,425.5,459.5,410.5,411.5,430.5,420,444.5,459,678.5,,431.5,431.5,445.5,431.5,439.5,441.5,434.5,441.5,454,417.5,447.5,451.5
2025-10-07,408,443,423.5,456,405.5,407.5,433.5,421.5,444.5,459,676,,429.5,429.5,443.5,429.5,437.5,439.5,432.5,438,455,414,444,448
2025-10-06,409,442,419,451,404.5,409.5,428.5,420,443,453.5,672.5,,425,425,439,425,433,435,428,439,454,415,445,449
2025-10-03,403.5,434.5,415.5,448,392.5,389,420,415,437,454,669.5,,421.5,421.5,435.5,421.5,429.5,431.5,424.5,433.5,446.5,409.5,439.5,443.5
2025-10-02,409,443,421.5,450,397,394.5,423,412.5,438,456.5,672.5,,427.5,427.5,441.5,427.5,435.5,437.5,430.5,439,455,415,445,449
2025-10-01,416,447.5,427.5,454.5,402,401,428.5,414,442,457,676.5,,433.5,433.5,447.5,433.5,441.5,443.5,436.5,446,459.5,422,452,456
2025-09-30,416,446,430.5,461,406,406.5,429,416.5,446.5,460.5,678.5,,436.5,436.5,450.5,436.5,444.5,446.5,439.5,446,458,422,452,456
2025-09-29,426,461,439.5,470.5,417.5,416,427.5,420.5,463.5,466.5,680.5,,445.5,445.5,459.5,445.5,453.5,455.5,448.5,456,473,432,462,466
2025-09-26,428.5,459,439,463,416.5,420.5,444.5,428,445.5,468.5,683,,445,445,459,445,453,455,448,458.5,471,434.5,464.5,468.5
2025-09-25,419,452.5,435,463,416,416.5,437.5,415.5,442,470,683,,441,441,455,441,449,451,444,449,464.5,425,455,459
2025-09-24,419,452,429.5,459.5,411,412.5,430.5,409,439,465,680.5,,435.5,435.5,449.5,435.5,443.5,445.5,438.5,449,464,425,455,459
2025-09-23,411.5,445.5,427.5,448.5,403.5,396.5,425,404.5,430.5,461,679,,433.5,433.5,447.5,433.5,441.5,443.5,436.5,441.5,457.5,417.5,447.5,451.5
2025-09-22,409.5,445.5,426,449,393,391,421.5,401.5,429,455,678.5,,432,432,446,432,440,442,435,439.5,457.5,415.5,445.5,449.5
2025-09-19,410.5,444.5,425.5,454,398,391,423,401,430.5,454.5,679.5,,431.5,431.5,445.5,431.5,439.5,441.5,434.5,440.5,456.5,416.5,446.5,450.5
2025-09-18,410.5,446.5,426,454.5,393,390,426,400,433,467.5,681,,432,432,446,432,440,442,435,440.5,458.5,416.5,446.5,450.5
2025-09-17,411.5,445,426,456,392,390,435,402,432.5,464.5,682,,432,432,446,432,440,442,435,441.5,457,417.5,447.5,451.5
2025-09-16,408,442,422.5,450.5,396,392,443,403.5,430,462.5,679,,428.5,428.5,442.5,428.5,436.5,438.5,431.5,438,454,414,444,448
2025-09-15,407.5,442,421,456,399.5,395,428,402,428.5,457,679,,427,427,441,427,435,437,430,437.5,454,413.5,443.5,447.5
2025-09-12,406,438.5,421.5,457,391,391.5,419,401,427.5,464,679.5,,427.5,427.5,441.5,427.5,435.5,437.5,430.5,436,450.5,412,442,446
2025-09-11,409.5,441,427.5,453,390,395.5,438.5,400,428.5,459.5,679.5,,433.5,433.5,447.5,433.5,441.5,443.5,436.5,439.5,453,415.5,445.5,449.5
2025-09-10,412.5,444.5,423.5,462,394,394.5,420.5,399,432,460,682,,429.5,429.5,443.5,429.5,437.5,439.5,432.5,442.5,456.5,418.5,448.5,452.5
2025-09-09,414.5,442.5,424.5,470.5,397.5,397,422,396.5,429,458,682.5,,430.5,430.5,444.5,430.5,438.5,440.5,433.5,444.5,454.5,420.5,450.5,454.5
2025-09-08,406.5,438,420,453.5,386,396.5,406.5,389,418.5,457,673.5,,426,426,440,426,434,436,429,436.5,450,412.5,442.5,446.5
2025-09-05,407,435,422.5,453.5,403.5,394.5,420,391,425.5,460,675,,428.5,428.5,442.5,428.5,436.5,438.5,431.5,437,447,413,443,447
2025-09-04,409.5,437,426,484,402,397.5,432,396.5,427.5,464,686,,432,432,446,432,440,442,435,439.5,449,415.5,445.5,449.5
2025-09-03,416.5,462.5,432.5,480.5,403.5,400.5,435.5,401,428.5,465.5,689,,438.5,438.5,452.5,438.5,446.5,448.5,441.5,446.5,474.5,422.5,452.5,456.5
2025-09-02,420.5,453,435,486,407.5,403.5,427,401.5,430.5,466,690,,441,441,455,441,449,451,444,450.5,465,426.5,456.5,460.5
2025-09-01,415.5,446.5,429.5,471,407,403.5,419,394.5,417.5,459.5,688,,435.5,435.5,449.5,435.5,443.5,445.5,438.5,445.5,458.5,421.5,451.5,455.5
2025-08-29,416.5,439,429,469,405,402.5,419,390.5,421.5,460,689.5,,435,435,449,435,443,445,438,446.5,451,422.5,452.5,456.5
2025-08-28,411.5,444,428.5,469,403,402,419.5,409.5,426,459,689,,434.5,434.5,448.5,434.5,442.5,444.5,437.5,441.5,456,417.5,447.5,451.5
2025-08-27,410,439,428,469,400.5,399.5,423,417,423.5,458,688.5,,434,434,448,434,442,444,437,440,451,416,446,450
2025-08-26,416.5,442,432.5,476,407,407,423.5,423,430.5,459,685.5,,438.5,438.5,452.5,438.5,446.5,448.5,441.5,446.5,454,422.5,452.5,456.5
2025-08-25,416,448,429,476,408.5,408,429,419,424.5,462,690.5,,435,435,449,435,443,445,438,446,460,422,452,456
2025-08-22,409,440,427,455,403.5,404.5,425,422.5,415.5,459,694.5,,433,433,447,433,441,443,436,439,452,415,445,449
2025-08-21,407.5,438,424.5,470.5,419,429,427.5,420.5,425,458,689.5,,430.5,430.5,444.5,430.5,438.5,440.5,433.5,437.5,450,413.5,443.5,447.5
2025-08-20,406,437,422,470.5,401.5,401,429.5,416,429.5,460,686.5,,428,428,442,428,436,438,431,436,449,412,442,446
2025-08-19,404.5,439.5,423,469,403.5,399,434,415.5,439,459.5,687.5,,429,429,443,429,437,439,432,434.5,451.5,410.5,440.5,444.5
2025-08-18,407.5,441.5,426,469.5,407,407.5,443.5,421,439.5,466,692.5,,432,432,446,432,440,442,435,437.5,453.5,413.5,443.5,447.5
2025-08-15,408.5,444,426,470.5,411,411,448.5,432.5,440.5,465,690.5,,432,432,446,432,440,442,435,438.5,456,414.5,444.5,448.5
2025-08-14,406.5,442,424,469.5,414.5,411,446.5,427.5,439,465.5,690,,430,430,444,430,438,440,433,436.5,454,412.5,442.5,446.5
2025-08-13,415,446,427.5,471.5,417,416.5,451,423.5,440,467,690,,433.5,433.5,447.5,433.5,441.5,443.5,436.5,445,458,421,451,455
2025-08-12,418.5,447,432.5,473,421.5,425.5,464,420.5,433.5,466.5,693,,438.5,438.5,452.5,438.5,446.5,448.5,441.5,448.5,459,424.5,454.5,458.5
2025-08-11,416.5,449.5,451,473,416.5,415,461.5,425.5,447.5,476,691,,457,457,471,457,465,467,460,446.5,461.5,422.5,452.5,456.5
2025-08-08,421.5,457,453,473.5,421,423,462.5,421,454,473.5,687.5,,459,459,473,459,467,469,462,451.5,469,427.5,457.5,461.5
2025-08-07,420,462,442.5,463.5,425,427.5,466.5,422.5,455.5,487.5,690.5,,448.5,448.5,462.5,448.5,456.5,458.5,451.5,450,474,426,456,460
2025-08-06,439,463,450,474.5,429,432.5,468.5,435,452,489.5,693.5,,456,456,470,456,464,466,459,469,475,445,475,479
2025-08-05,422.5,467,449,476.5,427,430,469.5,438,455.5,492,693.5,,455,455,469,455,463,465,458,452.5,479,428.5,458.5,462.5
2025-08-04,419.5,466,444,486.5,427,426,472.5,440.5,456,496,698,,450,450,464,450,458,460,453,449.5,478,425.5,455.5,459.5
2025-08-01,429,471,449,491.5,445,446,475.5,446.5,465.5,503,704.5,,455,455,469,455,463,465,458,459,483,435,465,469
2025-07-31,431,471,451,497,448,475.5,476.5,453.5,465.5,503,699.5,,457,457,471,457,465,467,460,461,483,437,467,471
2025-07-30,429,470.5,453.5,490.5,448.5,451,479.5,456,464,503,692.5,,459.5,459.5,473.5,459.5,467.5,469.5,462.5,459,482.5,435,465,469
2025-07-29,416.5,463.5,444.5,481,439.5,442,477,442,459.5,506.5,690,,450.5,450.5,464.5,450.5,458.5,460.5,453.5,446.5,475.5,422.5,452.5,456.5
2025-07-28,414,459,438,471.5,439,443,472.5,440.5,453,500.5,686.5,,444,444,458,444,452,454,447,444,471,420,450,454
2025-07-25,418,456.5,440.5,478.5,443.5,444.5,475.5,441,456,497.5,688.5,,446.5,446.5,460.5,446.5,454.5,456.5,449.5,448,468.5,424,454,458
2025-07-24,418,464.5,436.5,487.5,447,449,474,444,451.5,494,687,,442.5,442.5,456.5,442.5,450.5,452.5,445.5,448,476.5,424,454,458
2025-07-23,416,468,434.5,479.5,444.5,448.5,464.5,442.5,450,490,686,,440.5,440.5,454.5,440.5,448.5,450.5,443.5,446,480,422,452,456
2025-07-22,417,464,436.5,475.5,440,437.5,471.5,446,453,492,686.5,,442.5,442.5,456.5,442.5,450.5,452.5,445.5,447,476,423,453,457
2025-07-21,421,463.5,440,477,438.5,437,473,447,459,493.5,687,,446,446,460,446,454,456,449,451,475.5,427,457,461
2025-07-18,417.5,464,437.5,470,440,439.5,473.5,446,456,497.5,685.5,,443.5,443.5,457.5,443.5,451.5,453.5,446.5,447.5,476,423.5,453.5,457.5
2025-07-17,413.5,457,435.5,480,435,434,466,443,455.5,490,685.5,,441.5,441.5,455.5,441.5,449.5,451.5,444.5,443.5,469,419.5,449.5,453.5
2025-07-16,414.5,459.5,436,479.5,433.5,432,466,427.5,455.5,495,687.5,,442,442,456,442,450,452,445,444.5,471.5,420.5,450.5,454.5
2025-07-15,414,460.5,442.5,479.5,438.5,430.5,465.5,440.5,460,496.5,686,,448.5,448.5,462.5,448.5,456.5,458.5,451.5,444,472.5,420,450,454
2025-07-14,421,464,448.5,487,441,442.5,466,441,466,497.5,694.5,,454.5,454.5,468.5,454.5,462.5,464.5,457.5,451,476,427,457,461
2025-07-11,420.5,463.5,446.5,487,442,447,461.5,439.5,465,498,689.5,,452.5,452.5,466.5,452.5,460.5,462.5,455.5,450.5,475.5,426.5,456.5,460.5
2025-07-10,429,466,456.5,492,448.5,453.5,461.5,442,467.5,497,684,,462.5,462.5,476.5,462.5,470.5,472.5,465.5,459,478,435,465,469
2025-07-09,431.5,471.5,460,486,448.5,456,461,438.5,472,499,700,,466,466,480,466,474,476,469,461.5,483.5,437.5,467.5,471.5
2025-07-08,428,469,457,488.5,441,441,457,438,480,493.5,702,,463,463,477,463,471,473,466,458,481,434,464,468
2025-07-07,419.5,469,452,483.5,431,431,452,431.5,472,488.5,695,,458,458,472,458,466,468,461,449.5,481,425.5,455.5,459.5
2025-07-04,421,472.5,451.5,491,429.5,430,452,429.5,472,487.5,695,,457.5,457.5,471.5,457.5,465.5,467.5,460.5,451,484.5,427,457,461
2025-07-03,421.5,474.5,451.5,486,436,432.5,455,430,479.5,491,699.5,,457.5,457.5,471.5,457.5,465.5,467.5,460.5,451.5,486.5,427.5,457.5,461.5
2025-07-02,420.5,464.5,457,476.5,429.5,426.5,453,424.5,473.5,489.5,692.5,,463,463,477,463,471,473,466,450.5,476.5,426.5,456.5,460.5
2025-07-01,423,464.5,466,498,425,421,453,433,469.5,484.5,687,,472,472,486,472,480,482,475,453,476.5,429,459,463
2025-06-30,429,467.5,465,498,427,431,451.5,434.5,464.5,488.5,679,,471,471,485,471,479,481,474,459,479.5,435,465,469
2025-06-27,427.5,472,466.5,496.5,430,423,451.5,438,459.5,497,680,,472.5,472.5,486.5,472.5,480.5,482.5,475.5,457.5,484,433.5,463.5,467.5
2025-06-26,436,480,470.5,502,432.5,421,454,437,479.5,494,680,,476.5,476.5,490.5,476.5,484.5,486.5,479.5,466,492,442,472,476
2025-06-25,430.5,473.5,470,501.5,434.5,426,436.5,438,484,493.5,677.5,,476,476,490,476,484,486,479,460.5,485.5,436.5,466.5,470.5
2025-06-24,442,477,476.5,486.5,439,436,456,435.5,490.5,494,681.5,,482.5,482.5,496.5,482.5,490.5,492.5,485.5,472,489,448,478,482
2025-06-23,487.5,511,519,525,486,501,479,464,515.5,533,687.5,,525,525,539,525,533,535,528,517.5,523,493.5,523.5,527.5
2025-06-20,490,525.5,520,534.5,488.5,488,481,464,535.5,535.5,715.5,,526,526,540,526,534,536,529,520,537.5,496,526,530
2025-06-19,497.5,527.5,516.5,528.5,487,482,495.5,468.5,530.5,533.5,710.5,,522.5,522.5,536.5,522.5,530.5,532.5,525.5,527.5,539.5,503.5,533.5,537.5
2025-06-18,492.5,524,516.5,526.5,484.5,484,496,468,531.5,531.5,710.5,,522.5,522.5,536.5,522.5,530.5,532.5,525.5,522.5,536,498.5,528.5,532.5
2025-06-17,485,514.5,507.5,541.5,480,477,483.5,460,516.5,529,695.5,,513.5,513.5,527.5,513.5,521.5,523.5,516.5,515,526.5,491,521,525
2025-06-16,482,497.5,502.5,552.5,460.5,474,482.5,452,509.5,538.5,682.5,,508.5,508.5,522.5,508.5,516.5,518.5,511.5,512,509.5,488,518,522
2025-06-13,475.5,496.5,487,552.5,459,456,468,449,489.5,526.5,682.5,,493,493,507,493,501,503,496,505.5,508.5,481.5,511.5,515.5
2025-06-12,451,478,463.5,523.5,435,438.5,453.5,425.5,494.5,507.5,682.5,,469.5,469.5,483.5,469.5,477.5,479.5,472.5,481,490,457,487,491
2025-06-11,440,473,461.5,510,428.5,429.5,447.5,416.5,485,499,685,,467.5,467.5,481.5,467.5,475.5,477.5,470.5,470,485,446,476,480
2025-06-10,446,478,461.5,519,429,428,445.5,414.5,485.5,498,683.5,,467.5,467.5,481.5,467.5,475.5,477.5,470.5,476,490,452,482,486
2025-06-09,446.5,474,459.5,516,430,423.5,443,411,483,499.5,683,,465.5,465.5,479.5,465.5,473.5,475.5,468.5,476.5,486,452.5,482.5,486.5
2025-06-06,442,472.5,457,515.5,423.5,421,455.5,405,485.5,497.5,677.5,,463,463,477,463,471,473,466,472,484.5,448,478,482
2025-06-05,446.5,468,457.5,511.5,424,425,454.5,405,484,497,675.5,,463.5,463.5,477.5,463.5,471.5,473.5,466.5,476.5,480,452.5,482.5,486.5
2025-06-04,447,466,454,511.5,425,430,450,407,473.5,495.5,681.5,,460,460,474,460,468,470,463,477,478,453,483,487
2025-06-03,439,462,453.5,507,422,425,450.5,402,474.5,493.5,681.5,,459.5,459.5,473.5,459.5,467.5,469.5,462.5,469,474,445,475,479
2025-06-02,436,463.5,447.5,501.5,423.5,424.5,445.5,404.5,465,491,679,,453.5,453.5,467.5,453.5,461.5,463.5,456.5,466,475.5,442,472,476
2025-05-30,437,461.5,447.5,507,428.5,424.5,440,397.5,463,486,683,,453.5,453.5,467.5,453.5,461.5,463.5,456.5,467,473.5,443,473,477
2025-05-29,437.5,473,452.5,508,438,436,438,403.5,468,495,683,,458.5,458.5,472.5,458.5,466.5,468.5,461.5,467.5,485,443.5,473.5,477.5
2025-05-28,443.5,459.5,447,508,427.5,426.5,434,404.5,478.5,493,682,,453,453,467,453,461,463,456,473.5,471.5,449.5,479.5,483.5
2025-05-27,439.5,461.5,445.5,511.5,423.5,425.5,433.5,404.5,468,491.5,669.5,,451.5,451.5,465.5,451.5,459.5,461.5,454.5,469.5,473.5,445.5,475.5,479.5
2025-05-26,449.5,468,450,523,429,427.5,429.5,403.5,464,489.5,674.5,,456,456,470,456,464,466,459,479.5,480,455.5,485.5,489.5
2025-05-23,444.5,473,451.5,523,430,427.5,428,403.5,466,486.5,671.5,,457.5,457.5,471.5,457.5,465.5,467.5,460.5,474.5,485,450.5,480.5,484.5
2025-05-22,449.5,466,456.5,524,428.5,431.5,429,401.5,476,488.5,687.5,,462.5,462.5,476.5,462.5,470.5,472.5,465.5,479.5,478,455.5,485.5,489.5
2025-05-21,460,480,464.5,533,433,433,431.5,403,466.5,489.5,688.5,,470.5,470.5,484.5,470.5,478.5,480.5,473.5,490,492,466,496,500
2025-05-20,447.5,474,463,518,430,427.5,432,399.5,464.5,483,685.5,,469,469,483,469,477,479,472,477.5,486,453.5,483.5,487.5
2025-05-19,447,472.5,461.5,516,425,420,423.5,400.5,462.5,491,684,,467.5,467.5,481.5,467.5,475.5,477.5,470.5,477,484.5,453,483,487
2025-05-16,443.5,470,463,516,424.5,422.5,424.5,398,462.5,490.5,681,,469,469,483,469,477,479,472,473.5,482,449.5,479.5,483.5
2025-05-15,447.5,473.5,465,513,425.5,430,426.5,398,466.5,481.5,687,,471,471,485,471,479,481,474,477.5,485.5,453.5,483.5,487.5
2025-05-14,453.5,478.5,471,519,428.5,425,430,399.5,463.5,488.5,688.5,,477,477,491,477,485,487,480,483.5,490.5,459.5,489.5,493.5
2025-05-13,440,465.5,463.5,520,428.5,419,423,392,445,477.5,685,,469.5,469.5,483.5,469.5,477.5,479.5,472.5,470,477.5,446,476,480
2025-05-12,434,468,459,520,423.5,426,424.5,394,453.5,472.5,685,,465,465,479,465,473,475,468,464,480,440,470,474
2025-05-09,428,463,448.5,516,410.5,408.5,419.5,390.5,459.5,462.5,691,,454.5,454.5,468.5,454.5,462.5,464.5,457.5,458,475,434,464,468
2025-05-08,422,455.5,444.5,504.5,399.5,393,410.5,381,454.5,452.5,683,,450.5,450.5,464.5,450.5,458.5,460.5,453.5,452,467.5,428,458,462
2025-05-07,421,454.5,446.5,505,399.5,406,411,383,455.5,447,681.5,,452.5,452.5,466.5,452.5,460.5,462.5,455.5,451,466.5,427,457,461
2025-05-06,414,451,442,496,398,390,403,372.5,449.5,437.5,687,,448,448,462,448,456,458,451,444,463,420,450,454
2025-05-05,413,442.5,441,486.5,395.5,388.5,410.5,382,457,437,690,,447,447,461,447,455,457,450,443,454.5,419,449,453
2025-05-02,423,457.5,455,501.5,405,406.5,423,390.5,459.5,438.5,688,,461,461,475,461,469,471,464,453,469.5,429,459,463
2025-05-01,433,460.5,455,506.5,396,406,423.5,388,455,441.5,683,,461,461,475,461,469,471,464,463,472.5,439,469,473
2025-04-30,432,460.5,457.5,510,414,413.5,428.5,401,460.5,443,688,,463.5,463.5,477.5,463.5,471.5,473.5,466.5,462,472.5,438,468,472
2025-04-29,434.5,464.5,461,507,419,416,437.5,403.5,462.5,446,698,,467,467,481,467,475,477,470,464.5,476.5,440.5,470.5,474.5
2025-04-28,443,472,470,513.5,423.5,424,444,407.5,470.5,448,701,,476,476,490,476,484,486,479,473,484,449,479,483
2025-04-25,445.5,473,468,510,421,415.5,442,402,468.5,447,704.5,,474,474,488,474,482,484,477,475.5,485,451.5,481.5,485.5
2025-04-24,445,472,468.5,510,422.5,414.5,439.5,402,475.5,444,701.5,,474.5,474.5,488.5,474.5,482.5,484.5,477.5,475,484,451,481,485
2025-04-23,451,483.5,476,519,425.5,424.5,440,401.5,473,442.5,702.5,,482,482,496,482,490,492,485,481,495.5,457,487,491
2025-04-22,444.5,474.5,467,507.5,424,419,439,398.5,479,445,707.5,,473,473,487,473,481,483,476,474.5,486.5,450.5,480.5,484.5
2025-04-21,435.5,472,469.5,508,426,421,446.5,401,486.5,440,716,,475.5,475.5,489.5,475.5,483.5,485.5,478.5,465.5,484,441.5,471.5,475.5
2025-04-18,443,475,472,509,417,412,446.5,405,491.5,457.5,716,,478,478,492,478,486,488,481,473,487,449,479,483
2025-04-17,440,467,467.5,505.5,422,413,438.5,400.5,484,443,706,,473.5,473.5,487.5,473.5,481.5,483.5,476.5,470,479,446,476,480
2025-04-16,437.5,471.5,463.5,503.5,417.5,407.5,434,396.5,477,438.5,700,,469.5,469.5,483.5,469.5,477.5,479.5,472.5,467.5,483.5,443.5,473.5,477.5
2025-04-15,438,474.5,463,504,417.5,410.5,433.5,400,496,438,700,,469,469,483,469,477,479,472,468,486.5,444,474,478
2025-04-14,432.5,469,459.5,501,414.5,409.5,434.5,401,500,438.5,701,,465.5,465.5,479.5,465.5,473.5,475.5,468.5,462.5,481,438.5,468.5,472.5
2025-04-11,419,461.5,452.5,497,405.5,398.5,430.5,392,498.5,432.5,698.5,,458.5,458.5,472.5,458.5,466.5,468.5,461.5,449,473.5,425,455,459
2025-04-10,420,459.5,448,495.5,399.5,399,429,393,490,433,703.5,,454,454,468,454,462,464,457,450,471.5,426,456,460
2025-04-09,404.5,450.5,444,481,392,389,432,400.5,492,429.5,704.5,,450,450,464,450,458,460,453,434.5,462.5,410.5,440.5,444.5
2025-04-08,427.5,472.5,456.5,495,403.5,399,436.5,414.5,497.5,443.5,707.5,,462.5,462.5,476.5,462.5,470.5,472.5,465.5,457.5,484.5,433.5,463.5,467.5
2025-04-07,425.5,462,465,492.5,409.5,402.5,446,426.5,501.5,454,711,,471,471,485,471,479,481,474,455.5,474,431.5,461.5,465.5
2025-04-04,446,480,489,519.5,426.5,431.5,470.5,439.5,520,483,720.5,,495,495,509,495,503,505,498,476,492,452,482,486
2025-04-03,468,497.5,499.5,534.5,451,459,482.5,442,525.5,491,735.5,,505.5,505.5,519.5,505.5,513.5,515.5,508.5,498,509.5,474,504,508
2025-04-02,471,503.5,499,539,457.5,456,490,451.5,532,495.5,739.5,,505,505,519,505,513,515,508,501,515.5,477,507,511
2025-04-01,469.5,502,503,536.5,457.5,459,489,450,533.5,490,737.5,,509,509,523,509,517,519,512,499.5,514,475.5,505.5,509.5
2025-03-31,467,496.5,497.5,530.5,453.5,456,493,446.5,537.5,487.5,740.5,,503.5,503.5,517.5,503.5,511.5,513.5,506.5,497,508.5,473,503,507
2025-03-28,465.5,502.5,496.5,531.5,455.5,457,496.5,445.5,537.5,484.5,740.5,,502.5,502.5,516.5,502.5,510.5,512.5,505.5,495.5,514.5,471.5,501.5,505.5
2025-03-27,467.5,502,496.5,529.5,449.5,454,492.5,444.5,531.5,482,740.5,,502.5,502.5,516.5,502.5,510.5,512.5,505.5,497.5,514,473.5,503.5,507.5
2025-03-26,469,502,496.5,535,453,455.5,493.5,442.5,530.5,479,740.5,,502.5,502.5,516.5,502.5,510.5,512.5,505.5,499,514,475,505,509
2025-03-25,470,504.5,495.5,533.5,453.5,448,491.5,438,529,477.5,739.5,,501.5,501.5,515.5,501.5,509.5,511.5,504.5,500,516.5,476,506,510
2025-03-24,467,499,492.5,527,455.5,453,492.5,437.5,525.5,477,741,,498.5,498.5,512.5,498.5,506.5,508.5,501.5,497,511,473,503,507
2025-03-21,466,505,491,527.5,452,445.5,491.5,435,526.5,477,743,,497,497,511,497,505,507,500,496,517,472,502,506
2025-03-20,465,502.5,486,526.5,448,445.5,487.5,433.5,523,476,738,,492,492,506,492,500,502,495,495,514.5,471,501,505
2025-03-19,461,500,485.5,524,445,439.5,487,435,523.5,471.5,735,,491.5,491.5,505.5,491.5,499.5,501.5,494.5,491,512,467,497,501
2025-03-18,471.5,505.5,495,532,446,442.5,487,438.5,528.5,475.5,733.5,,501,501,515,501,509,511,504,501.5,517.5,477.5,507.5,511.5
2025-03-17,474,501.5,492.5,529.5,444,440.5,484,423.5,528,471,735.5,,498.5,498.5,512.5,498.5,506.5,508.5,501.5,504,513.5,480,510,514
2025-03-14,470.5,507.5,493,535,439.5,433,480.5,427,531,471,733.5,,499,499,513,499,507,509,502,500.5,519.5,476.5,506.5,510.5
2025-03-13,474,506,492,536,439.5,437,480,427.5,529,472.5,733.5,,498,498,512,498,506,508,501,504,518,480,510,514
2025-03-12,474,503.5,489,532,442,431,477,427,533.5,483.5,735,,495,495,509,495,503,505,498,504,515.5,480,510,514
2025-03-11,474.5,504.5,488.5,529.5,438.5,431,474.5,426,538.5,480.5,733.5,,494.5,494.5,508.5,494.5,502.5,504.5,497.5,504.5,516.5,480.5,510.5,514.5
2025-03-10,485.5,506,493.5,536,436,431,480,429.5,538.5,490,733,,499.5,499.5,513.5,499.5,507.5,509.5,502.5,515.5,518,491.5,521.5,525.5
2025-03-07,478,498.5,483,529,433.5,431,476.5,431,538.5,493.5,733.5,,489,489,503,489,497,499,492,508,510.5,484,514,518
2025-03-06,470,493.5,474,528,435.5,427.5,483.5,434.5,536,491,733.5,,480,480,494,480,488,490,483,500,505.5,476,506,510
2025-03-05,464.5,491.5,477.5,524,439,425.5,491,440,534.5,495.5,739.5,,483.5,483.5,497.5,483.5,491.5,493.5,486.5,494.5,503.5,470.5,500.5,504.5
2025-03-04,468,496.5,491,533.5,440,435,490.5,443.5,561.5,497,743.5,,497,497,511,497,505,507,500,498,508.5,474,504,508
2025-03-03,496,512.5,509.5,548.5,448,453,497.5,453.5,543,506.5,744.5,,515.5,515.5,529.5,515.5,523.5,525.5,518.5,526,524.5,502,532,536
2025-02-28,494,512,505.5,550.5,448,455.5,501.5,454,544.5,507,753,,511.5,511.5,525.5,511.5,519.5,521.5,514.5,524,524,500,530,534
2025-02-27,494.5,513,505,549,453,457,499.5,449.5,537.5,507,753,,511,511,525,511,519,521,514,524.5,525,500.5,530.5,534.5
2025-02-26,488,510,501.5,546.5,452.5,457,501,451.5,545.5,505,749,,507.5,507.5,521.5,507.5,515.5,517.5,510.5,518,522,494,524,528
2025-02-25,496,519,510,558,459.5,465.5,503.5,456.5,551.5,510,750.5,,516,516,530,516,524,526,519,526,531,502,532,536
2025-02-24,497,518,512.5,567.5,465.5,459.5,507.5,458,554,512,753,,518.5,518.5,532.5,518.5,526.5,528.5,521.5,527,530,503,533,537
2025-02-21,508.5,528.5,519.5,573,471.5,469,511,461.5,562,515.5,753.5,,525.5,525.5,539.5,525.5,533.5,535.5,528.5,538.5,540.5,514.5,544.5,548.5
2025-02-20,508.5,535,521,573,472,464.5,512,462,536.5,517.5,753.5,,527,527,541,527,535,537,530,538.5,547,514.5,544.5,548.5
2025-02-19,506.5,531,518,570,466,464.5,513.5,459,567,514,753.5,,524,524,538,524,532,534,527,536.5,543,512.5,542.5,546.5
2025-02-18,499,527.5,513.5,569,467.5,468,512,457,563.5,511,750.5,,519.5,519.5,533.5,519.5,527.5,529.5,522.5,529,539.5,505,535,539
2025-02-17,501.5,528,521.5,566,461.5,459,509.5,458.5,562.5,508,750,,527.5,527.5,541.5,527.5,535.5,537.5,530.5,531.5,540,507.5,537.5,541.5
2025-02-14,507.5,526,522,566.5,461.5,461.5,512.5,460.5,562.5,509.5,748.5,,528,528,542,528,536,538,531,537.5,538,513.5,543.5,547.5
2025-02-13,507.5,528.5,522,565,467.5,466,514,460,563.5,514.5,748.5,,528,528,542,528,536,538,531,537.5,540.5,513.5,543.5,547.5
2025-02-12,518,537,528,573,475.5,466.5,514.5,465.5,565.5,523.5,750,,534,534,548,534,542,544,537,548,549,524,554,558
2025-02-11,522.5,540,529,584.5,476,467,515.5,469.5,566.5,524,752,,535,535,549,535,543,545,538,552.5,552,528.5,558.5,562.5
2025-02-10,513,530.5,524,575.5,469,461,513,464.5,561.5,521.5,751,,530,530,544,530,538,540,533,543,542.5,519,549,553
2025-02-07,509.5,523.5,522.5,566.5,462.5,459.5,511,461,563,525,748.5,,528.5,528.5,542.5,528.5,536.5,538.5,531.5,539.5,535.5,515.5,545.5,549.5
2025-02-06,503,523,519,560,461,458.5,510.5,467,546,525.5,748.5,,525,525,539,525,533,535,528,533,535,509,539,543
2025-02-05,510,522,520,564,462,463.5,511.5,460.5,534.5,525.5,754,,526,526,540,526,534,536,529,540,534,516,546,550
2025-02-04,499.5,516.5,516.5,558.5,457.5,459.5,514,459.5,534.5,525,753,,522.5,522.5,536.5,522.5,530.5,532.5,525.5,529.5,528.5,505.5,535.5,539.5
2025-02-03,511,524.5,523.5,560,460.5,461.5,515.5,462,538.5,529,753,,529.5,529.5,543.5,529.5,537.5,539.5,532.5,541,536.5,517,547,551
2025-01-31,509.5,532.5,522.5,558.5,461,460.5,515.5,460,540,536.5,751.5,,528.5,528.5,542.5,528.5,536.5,538.5,531.5,539.5,544.5,515.5,545.5,549.5
2025-01-30,509.5,521.5,523.5,558,461.5,459,516.5,462.5,529,535,752,,529.5,529.5,543.5,529.5,537.5,539.5,532.5,539.5,533.5,515.5,545.5,549.5
2025-01-29,509.5,521.5,521.5,558,462,461,516,469.5,528.5,533,751,,527.5,527.5,541.5,527.5,535.5,537.5,530.5,539.5,533.5,515.5,545.5,549.5
2025-01-28,508.5,525.5,519,558,467.5,464,518.5,473.5,530.5,537.5,750.5,,525,525,539,525,533,535,528,538.5,537.5,514.5,544.5,548.5
2025-01-27,511.5,521,522.5,559,470.5,468.5,521.5,474.5,530.5,544.5,750,,528.5,528.5,542.5,528.5,536.5,538.5,531.5,541.5,533,517.5,547.5,551.5
2025-01-24,515.5,519.5,524.5,561,470,471.5,524.5,475.5,528.5,553.5,751.5,,530.5,530.5,544.5,530.5,538.5,540.5,533.5,545.5,531.5,521.5,551.5,555.5
2025-01-23,514.5,526,523,560,479.5,476,526,481,530,557,752,,529,529,543,529,537,539,532,544.5,538,520.5,550.5,554.5
2025-01-22,516,524,519.5,559.5,476,477,527,480.5,531.5,558,752.5,,525.5,525.5,539.5,525.5,533.5,535.5,528.5,546,536,522,552,556
2025-01-21,522,530,520,548,479,472,529,484.5,535,556.5,753,,526,526,540,526,534,536,529,552,542,528,558,562
2025-01-20,521,517,520,558,479.5,470.5,530,484,531.5,560,752.5,,526,526,540,526,534,536,529,551,529,527,557,561
2025-01-17,521,522.5,519.5,564.5,476.5,468.5,531.5,485.5,532,561.5,752.5,,525.5,525.5,539.5,525.5,533.5,535.5,528.5,551,534.5,527,557,561
2025-01-16,519.5,524.5,512.5,564,472,470.5,529.5,493,540,562.5,754.5,,518.5,518.5,532.5,518.5,526.5,528.5,521.5,549.5,536.5,525.5,555.5,559.5
2025-01-15,502,518,503.5,556,467,462.5,523,483.5,526.5,556.5,751,,509.5,509.5,523.5,509.5,517.5,519.5,512.5,532,530,508,538,542
2025-01-14,504,519.5,501.5,552,475,461.5,519.5,479.5,521.5,558.5,750.5,,507.5,507.5,521.5,507.5,515.5,517.5,510.5,534,531.5,510,540,544
2025-01-13,510,525,506.5,555,471.5,469.5,514.5,481.5,512.5,559.5,752,,512.5,512.5,526.5,512.5,520.5,522.5,515.5,540,537,516,546,550
2025-01-10,483.5,509.5,492,544,458.5,457,501.5,470,498.5,540.5,752,,498,498,512,498,506,508,501,513.5,521.5,489.5,519.5,523.5
2025-01-09,476.5,506,486.5,537,454.5,452.5,497.5,460,497,532.5,750.5,,492.5,492.5,506.5,492.5,500.5,502.5,495.5,506.5,518,482.5,512.5,516.5
2025-01-08,476.5,505.5,490.5,539,456.5,456,501.5,458.5,498,532,748.5,,496.5,496.5,510.5,496.5,504.5,506.5,499.5,506.5,517.5,482.5,512.5,516.5
2025-01-07,473.5,507.5,490,542,453,450.5,501.5,463,496.5,532,753,,496,496,510,496,504,506,499,503.5,519.5,479.5,509.5,513.5
2025-01-06,476.5,508,492.5,544,459,457.5,516,464.5,498.5,529.5,747,,498.5,498.5,512.5,498.5,506.5,508.5,501.5,506.5,520,482.5,512.5,516.5
2025-01-03,480.5,505.5,493,539.5,465,458.5,515.5,464,495,533.5,734.5,,499,499,513,499,507,509,502,510.5,517.5,486.5,516.5,520.5
2025-01-02,476.5,500.5,492,539.5,464,456.5,508.5,463.5,493,538.5,733.5,,498,498,512,498,506,508,501,506.5,512.5,482.5,512.5,516.5
2024-12-30,471.5,492,493,536,456,457.5,503,461.5,482.5,530.5,728.5,,499,499,513,499,507,509,502,501.5,504,477.5,507.5,511.5
2024-12-27,466.5,490.5,493.5,534,452,456.5,510.5,455,473,528.5,694.5,,499.5,499.5,513.5,499.5,507.5,509.5,502.5,496.5,502.5,472.5,502.5,506.5
2024-12-26,469,490,503,535,459.5,465,505.5,455.5,499,500,759,,509,509,523,509,517,519,512,499,502,475,505,509
2024-12-25,467,490,493,535,454.5,458,505.5,453.5,498,500,759.5,,499,499,513,499,507,509,502,497,502,473,503,507
2024-12-24,467,490,493,535,454.5,458,505.5,453.5,498,500,759.5,,499,499,513,499,507,509,502,497,502,473,503,507
2024-12-23,468.5,492.5,489.5,537,451,454,506.5,454.5,498,514,759.5,,495.5,495.5,509.5,495.5,503.5,505.5,498.5,498.5,504.5,474.5,504.5,508.5
2024-12-20,466.5,489,491,535.5,447.5,450,511.5,450.5,497,515.5,759,,497,497,511,497,505,507,500,496.5,501,472.5,502.5,506.5
2024-12-19,464,493,491,536.5,448.5,454,509.5,451,497,509,759.5,,497,497,511,497,505,507,500,494,505,470,500,504
2024-12-18,465,497,491.5,532.5,451,453,512,451.5,500.5,510,758.5,,497.5,497.5,511.5,497.5,505.5,507.5,500.5,495,509,471,501,505
2024-12-17,460.5,495,489.5,535.5,449,452.5,509,451,499.5,505,760,,495.5,495.5,509.5,495.5,503.5,505.5,498.5,490.5,507,466.5,496.5,500.5
2024-12-16,463.5,500,490.5,538,455,461,513,453,500,508,759,,496.5,496.5,510.5,496.5,504.5,506.5,499.5,493.5,512,469.5,499.5,503.5
2024-12-13,459.5,498.5,484.5,535,450,454,509.5,451.5,490.5,508.5,759.5,,490.5,490.5,504.5,490.5,498.5,500.5,493.5,489.5,510.5,465.5,495.5,499.5
2024-12-12,456.5,495.5,480.5,532.5,443.5,448.5,507,447.5,493,504,759.5,,486.5,486.5,500.5,486.5,494.5,496.5,489.5,486.5,507.5,462.5,492.5,496.5
2024-12-11,449,493,480.5,530.5,441,440.5,506,443.5,482.5,499.5,759,,486.5,486.5,500.5,486.5,494.5,496.5,489.5,479,505,455,485,489
2024-12-10,450.5,492,480,524.5,442.5,448,508,442.5,484,489.5,761.5,,486,486,500,486,494,496,489,480.5,504,456.5,486.5,490.5
2024-12-09,451,496.5,485,529.5,442,439.5,508.5,439.5,482,488,756.5,,491,491,505,491,499,501,494,481,508.5,457,487,491
2024-12-06,452.5,494,486,534,447.5,444,512,442.5,476,471.5,758,,492,492,506,492,500,502,495,482.5,506,458.5,488.5,492.5
2024-12-05,456,499,497.5,534.5,453.5,449,512,448.5,477.5,471,758,,503.5,503.5,517.5,503.5,511.5,513.5,506.5,486,511,462,492,496
2024-12-04,467.5,506.5,512,546,459.5,458,513.5,452,484.5,473.5,758,,518,518,532,518,526,528,521,497.5,518.5,473.5,503.5,507.5
2024-12-03,465.5,509,511.5,549,458.5,456.5,516.5,451,481,470.5,758.5,,517.5,517.5,531.5,517.5,525.5,527.5,520.5,495.5,521,471.5,501.5,505.5
2024-12-02,470.5,512,509,553.5,456,459,496.5,453.5,478,472,757,,515,515,529,515,523,525,518,500.5,524,476.5,506.5,510.5
2024-11-29,472,506.5,504.5,553,454,458,496.5,452,478.5,469.5,757,,510.5,510.5,524.5,510.5,518.5,520.5,513.5,502,518.5,478,508,512
2024-11-28,468.5,506.5,496.5,550.5,450.5,450.5,504,452.5,478.5,473.5,759.5,,502.5,502.5,516.5,502.5,510.5,512.5,505.5,498.5,518.5,474.5,504.5,508.5
2024-11-27,468.5,513,495,550.5,451.5,451,504,452.5,478,471,759.5,,501,501,515,501,509,511,504,498.5,525,474.5,504.5,508.5
2024-11-26,470.5,513.5,492,550.5,453.5,448.5,504.5,450.5,476,468.5,764.5,,498,498,512,498,506,508,501,500.5,525.5,476.5,506.5,510.5
2024-11-25,469,515,499,551,450,451,505.5,451,478,472,765,,505,505,519,505,513,515,508,499,527,475,505,509
2024-11-22,470.5,520.5,500,557,455,449.5,505.5,453.5,475.5,470.5,783,,506,506,520,506,514,516,509,500.5,532.5,476.5,506.5,510.5
2024-11-21,464.5,510.5,491,550,457,447,505,452,473.5,467,770.5,,497,497,511,497,505,507,500,494.5,522.5,470.5,500.5,504.5
2024-11-20,467.5,508.5,494,550,457,457.5,501.5,450.5,473,467,777.5,,500,500,514,500,508,510,503,497.5,520.5,473.5,503.5,507.5
2024-11-19,462,511,487.5,550.5,450.5,463,501.5,451.5,471.5,465.5,777,,493.5,493.5,507.5,493.5,501.5,503.5,496.5,492,523,468,498,502
2024-11-18,460.5,514,487,547.5,454,460.5,496.5,449,467,462.5,777.5,,493,493,507,493,501,503,496,490.5,526,466.5,496.5,500.5
2024-11-15,467.5,514,488.5,556,467,470,497,458,468.5,462,777,,494.5,494.5,508.5,494.5,502.5,504.5,497.5,497.5,526,473.5,503.5,507.5
2024-11-14,473.5,514.5,493.5,558,480,473.5,496.5,449,469,470,774.5,,499.5,499.5,513.5,499.5,507.5,509.5,502.5,503.5,526.5,479.5,509.5,513.5
2024-11-13,470,517,490.5,554.5,475,470.5,499,452,469,470.5,775.5,,496.5,496.5,510.5,496.5,504.5,506.5,499.5,500,529,476,506,510
2024-11-12,465.5,516.5,487,551,474,468,504.5,452.5,466.5,473.5,775,,493,493,507,493,501,503,496,495.5,528.5,471.5,501.5,505.5
2024-11-11,476,514,492.5,554,476.5,478,506,452,471,475.5,779,,498.5,498.5,512.5,498.5,506.5,508.5,501.5,506,526,482,512,516
2024-11-08,480.5,514.5,496.5,557,474.5,476.5,519.5,464,477.5,483.5,796,,502.5,502.5,516.5,502.5,510.5,512.5,505.5,510.5,526.5,486.5,516.5,520.5
2024-11-07,479.5,514.5,499,555,473.5,476,514.5,465,476.5,480.5,807,,505,505,519,505,513,515,508,509.5,526.5,485.5,515.5,519.5
2024-11-06,479.5,515.5,499,553.5,482,481,513.5,460.5,478.5,477.5,781,,505,505,519,505,513,515,508,509.5,527.5,485.5,515.5,519.5
2024-11-05,484,520.5,500.5,545.5,484,485.5,520,464.5,478.5,483.5,809.5,,506.5,506.5,520.5,506.5,514.5,516.5,509.5,514,532.5,490,520,524
2024-11-04,481,512,499.5,542.5,489,502,517.5,467,476.5,475,805,,505.5,505.5,519.5,505.5,513.5,515.5,508.5,511,524,487,517,521
2024-11-01,486.5,530.5,502.5,541,505,504,518.5,471.5,476.5,473.5,805.5,,508.5,508.5,522.5,508.5,516.5,518.5,511.5,516.5,542.5,492.5,522.5,526.5
2024-10-31,481.5,525.5,501.5,536.5,500.5,513.5,520,472.5,475,475.5,805.5,,507.5,507.5,521.5,507.5,515.5,517.5,510.5,511.5,537.5,487.5,517.5,521.5
2024-10-30,483,519.5,500,533.5,503.5,501.5,520.5,473,473.5,476.5,805.5,,506,506,520,506,514,516,509,513,531.5,489,519,523
2024-10-29,474.5,536.5,492.5,537,500.5,494.5,528.5,468,470.5,464.5,788.5,,498.5,498.5,512.5,498.5,506.5,508.5,501.5,504.5,548.5,480.5,510.5,514.5
2024-10-28,482,509,492.5,538,501,506,536.5,474.5,480,468.5,808.5,,498.5,498.5,512.5,498.5,506.5,508.5,501.5,512,521,488,518,522
2024-10-25,495.5,521.5,507,547.5,512.5,509,544,479,487,475.5,809,,513,513,527,513,521,523,516,525.5,533.5,501.5,531.5,535.5
2024-10-24,498,523,507.5,552.5,508,503,545,474.5,488.5,484,813.5,,513.5,513.5,527.5,513.5,521.5,523.5,516.5,528,535,504,534,538
2024-10-23,495,519,505,548.5,510,505.5,549.5,484.5,488,483,815,,511,511,525,511,519,521,514,525,531,501,531,535
2024-10-22,484.5,506,490,543,495.5,493,546,477,485.5,480,814,,496,496,510,496,504,506,499,514.5,518,490.5,520.5,524.5
2024-10-21,479.5,503.5,484,537,488.5,477.5,545,467,489.5,469.5,810.5,,490,490,504,490,498,500,493,509.5,515.5,485.5,515.5,519.5
2024-10-18,476,511,484,540,480.5,480.5,539.5,467.5,488,468,810.5,,490,490,504,490,498,500,493,506,523,482,512,516
2024-10-17,470.5,508.5,481.5,540,481,475.5,539,464.5,497.5,466,811,,487.5,487.5,501.5,487.5,495.5,497.5,490.5,500.5,520.5,476.5,506.5,510.5
2024-10-16,469.5,519,477,540,481,473.5,541.5,464,508.5,476.5,810,,483,483,497,483,491,493,486,499.5,531,475.5,505.5,509.5
2024-10-15,468.5,513.5,480.5,539,479.5,491.5,543.5,466.5,499.5,484,812.5,,486.5,486.5,500.5,486.5,494.5,496.5,489.5,498.5,525.5,474.5,504.5,508.5
2024-10-14,493.5,543,488,556,519,507.5,554.5,483,516.5,501,814.5,,494,494,508,494,502,504,497,523.5,555,499.5,529.5,533.5
2024-10-11,494.5,544.5,494,556,529,514.5,553.5,485,516.5,503,814.5,,500,500,514,500,508,510,503,524.5,556.5,500.5,530.5,534.5
2024-10-10,487.5,530,491,550,521,515,549.5,475.5,501,497,815,,497,497,511,497,505,507,500,517.5,542,493.5,523.5,527.5
2024-10-09,488.5,544,494.5,549.5,530,522.5,546,475.5,496.5,494,814,,500.5,500.5,514.5,500.5,508.5,510.5,503.5,518.5,556,494.5,524.5,528.5
2024-10-08,487.5,575,500,554.5,521,527,556,482.5,503,503,820.5,,506,506,520,506,514,516,509,517.5,587,493.5,523.5,527.5
2024-10-07,488,579.5,491,553,508,518,548.5,476.5,497,493.5,817.5,,497,497,511,497,505,507,500,518,591.5,494,524,528
2024-10-04,491,592,502,548,504,510,541,488,503,495,815.5,,508,508,522,508,516,518,511,521,604,497,527,531
2024-10-03,463,565,475.5,533.5,488,486.5,533,454.5,487,458,815.5,,481.5,481.5,495.5,481.5,489.5,491.5,484.5,493,577,469,499,503
2024-10-02,470.5,557.5,483.5,533.5,479.5,482.5,533.5,449,483.5,458,815.5,,489.5,489.5,503.5,489.5,497.5,499.5,492.5,500.5,569.5,476.5,506.5,510.5
2024-10-01,441.5,518.5,457.5,498,457,450,522.5,431.5,475.5,441,816.5,,463.5,463.5,477.5,463.5,471.5,473.5,466.5,471.5,530.5,447.5,477.5,481.5
2024-09-30,454.5,519.5,462.5,502,446.5,441.5,517.5,426.5,478,434.5,813.5,,468.5,468.5,482.5,468.5,476.5,478.5,471.5,484.5,531.5,460.5,490.5,494.5
2024-09-27,450.5,520.5,468,504,432,425.5,507.5,416,479.5,430,811,,474,474,488,474,482,484,477,480.5,532.5,456.5,486.5,490.5
2024-09-26,452.5,501.5,457,498.5,436,438,515.5,412.5,465,434.5,814,,463,463,477,463,471,473,466,482.5,513.5,458.5,488.5,492.5
2024-09-25,465,535.5,472,514,446.5,440.5,526,431,506,442.5,821,,478,478,492,478,486,488,481,495,547.5,471,501,505
2024-09-24,469.5,496,481,522,448,444.5,528.5,430.5,508.5,439.5,825.5,,487,487,501,487,495,497,490,499.5,508,475.5,505.5,509.5
2024-09-23,485,500.5,478.5,520.5,447,441,524.5,424.5,497,437,825.5,,484.5,484.5,498.5,484.5,492.5,494.5,487.5,515,512.5,491,521,525
2024-09-20,468,506.5,474.5,515,434.5,436,526.5,426.5,493.5,434,829,,480.5,480.5,494.5,480.5,488.5,490.5,483.5,498,518.5,474,504,508
2024-09-19,449.5,506,460.5,512.5,433.5,434.5,521,420,497.5,424.5,824,,466.5,466.5,480.5,466.5,474.5,476.5,469.5,479.5,518,455.5,485.5,489.5
2024-09-18,448.5,504,459,509.5,422.5,422.5,521.5,421.5,499,424.5,824,,465,465,479,465,473,475,468,478.5,516,454.5,484.5,488.5
2024-09-17,447,510.5,464.5,510,419,411.5,519,417.5,503,421,824.5,,470.5,470.5,484.5,470.5,478.5,480.5,473.5,477,522.5,453,483,487
2024-09-16,438.5,529,464.5,513.5,409.5,407.5,517.5,414,499.5,416,821,,470.5,470.5,484.5,470.5,478.5,480.5,473.5,468.5,541,444.5,474.5,478.5
2024-09-13,441.5,530.5,463.5,513,406.5,406.5,516.5,415.5,503,415.5,821,,469.5,469.5,483.5,469.5,477.5,479.5,472.5,471.5,542.5,447.5,477.5,481.5
2024-09-12,438.5,517,457.5,511.5,404.5,401.5,511.5,412,493,417.5,825,,463.5,463.5,477.5,463.5,471.5,473.5,466.5,468.5,529,444.5,474.5,478.5
2024-09-11,431,476.5,451.5,510.5,395,397.5,507,404.5,500.5,407.5,821,,457.5,457.5,471.5,457.5,465.5,467.5,460.5,461,488.5,437,467,471
2024-09-10,436.5,471.5,450.5,520,398.5,398,507.5,412,502,402.5,823.5,,456.5,456.5,470.5,456.5,464.5,466.5,459.5,466.5,483.5,442.5,472.5,476.5
2024-09-09,437,479,452,528.5,408,404,508.5,416.5,501,418.5,824.5,,458,458,472,458,466,468,461,467,491,443,473,477
2024-09-06,436,479,460,529.5,422,418.5,512,427.5,503,424.5,823,,466,466,480,466,474,476,469,466,491,442,472,476
2024-09-05,440,479.5,459,532.5,418,416,511,426.5,502,422,821.5,,465,465,479,465,473,475,468,470,491.5,446,476,480
2024-09-04,445,472.5,467,533,431.5,424.5,515,433,507.5,427.5,820,,473,473,487,473,481,483,476,475,484.5,451,481,485
2024-09-03,453,496.5,482,544,447.5,446.5,530,442,518,440,824.5,,488,488,502,488,496,498,491,483,508.5,459,489,493
2024-09-02,464.5,501,488.5,548,451.5,446.5,531.5,443,517.5,440.5,824.5,,494.5,494.5,508.5,494.5,502.5,504.5,497.5,494.5,513,470.5,500.5,504.5
2024-08-30,474,508,494,554.5,456.5,454.5,533,451.5,521.5,447.5,824.5,,500,500,514,500,508,510,503,504,520,480,510,514
2024-08-29,470,496.5,491.5,555,456.5,452.5,528.5,451,519.5,448.5,825,,497.5,497.5,511.5,497.5,505.5,507.5,500.5,500,508.5,476,506,510
2024-08-28,473.5,504,494.5,557.5,458.5,458,530,447,522.5,450,823.5,,500.5,500.5,514.5,500.5,508.5,510.5,503.5,503.5,516,479.5,509.5,513.5
2024-08-27,485.5,511.5,508,568.5,461,458.5,531.5,452.5,521,457.5,826.5,,514,514,528,514,522,524,517,515.5,523.5,491.5,521.5,525.5
2024-08-26,477.5,509.5,503,564,453.5,458,529.5,452.5,524,457,827,,509,509,523,509,517,519,512,507.5,521.5,483.5,513.5,517.5
2024-08-23,465.5,510.5,490,559,447,446.5,526,441,517,450.5,827,,496,496,510,496,504,506,499,495.5,522.5,471.5,501.5,505.5
2024-08-22,459.5,513.5,482.5,555,452,444,524,442,510,442,823,,488.5,488.5,502.5,488.5,496.5,498.5,491.5,489.5,525.5,465.5,495.5,499.5
2024-08-21,466.5,514,481.5,554.5,455.5,452,522,446.5,523,446.5,823,,487.5,487.5,501.5,487.5,495.5,497.5,490.5,496.5,526,472.5,502.5,506.5
2024-08-20,466,508,481,557.5,471.5,464.5,526.5,448.5,524,446,824,,487,487,501,487,495,497,490,496,520,472,502,506
2024-08-19,472,510,498,565.5,478,469.5,531.5,457,532.5,460,827,,504,504,518,504,512,514,507,502,522,478,508,512
2024-08-16,484.5,515.5,503,573.5,472.5,468.5,535.5,457,537.5,460.5,829,,509,509,523,509,517,519,512,514.5,527.5,490.5,520.5,524.5
2024-08-15,486.5,516,496.5,576.5,470,499,535,461.5,536.5,457.5,829,,502.5,502.5,516.5,502.5,510.5,512.5,505.5,516.5,528,492.5,522.5,526.5
2024-08-14,491.5,517.5,510,579,469.5,476.5,535,462,538.5,458,828.5,,516,516,530,516,524,526,519,521.5,529.5,497.5,527.5,531.5
2024-08-13,497,520,513.5,583.5,466.5,466,537.5,465.5,540.5,465.5,829,,519.5,519.5,533.5,519.5,527.5,529.5,522.5,527,532,503,533,537
2024-08-12,487.5,519,511,586,455.5,459.5,537,461,536,460,830,,517,517,531,517,525,527,520,517.5,531,493.5,523.5,527.5
2024-08-09,482,516,499,583,448.5,446,528.5,464,527,455,829.5,,505,505,519,505,513,515,508,512,528,488,518,522
2024-08-08,483.5,512.5,498.5,579.5,444.5,442,531,465.5,532.5,451.5,829.5,,504.5,504.5,518.5,504.5,512.5,514.5,507.5,513.5,524.5,489.5,519.5,523.5
2024-08-07,473.5,505.5,492,571,439.5,434.5,528.5,465,527,451,829,,498,498,512,498,506,508,501,503.5,517.5,479.5,509.5,513.5
2024-08-06,469,501.5,492,567.5,431.5,427.5,525.5,463.5,527,452.5,828.5,,498,498,512,498,506,508,501,499,513.5,475,505,509
2024-08-05,476,501.5,494,577.5,431.5,450.5,529,460,529,454,828.5,,500,500,514,500,508,510,503,506,513.5,482,512,516
2024-08-02,499,517.5,511,599.5,473,467.5,534,468,538,464,834,,517,517,531,517,525,527,520,529,529.5,505,535,539
2024-08-01,502,527,514.5,607,473.5,480,535.5,478.5,545,470.5,830,,520.5,520.5,534.5,520.5,528.5,530.5,523.5,532,539,508,538,542
2024-07-31,501,526,511,597,477.5,466.5,535,471,537.5,462,830,,517,517,531,517,525,527,520,531,538,507,537,541
2024-07-30,504,522.5,509,585,475.5,472,536.5,469.5,546,458.5,825.5,,515,515,529,515,523,525,518,534,534.5,510,540,544
2024-07-29,510.5,536,515,588.5,476,478.5,544.5,471,514.5,462.5,828,,521,521,535,521,529,531,524,540.5,548,516.5,546.5,550.5
2024-07-26,507.5,538.5,519,593,485.5,490,550,475,508.5,469,831,,525,525,539,525,533,535,528,537.5,550.5,513.5,543.5,547.5
2024-07-25,503,539,517,589,490.5,492,548.5,469,506.5,470,831,,523,523,537,523,531,533,526,533,551,509,539,543
2024-07-24,507.5,543,519,597.5,488,485.5,547.5,475,508,473.5,830.5,,525,525,539,525,533,535,528,537.5,555,513.5,543.5,547.5
2024-07-23,508.5,557,517.5,612,497,492,547,477.5,504.5,477.5,830,,523.5,523.5,537.5,523.5,531.5,533.5,526.5,538.5,569,514.5,544.5,548.5
2024-07-22,507,553.5,513.5,606,494.5,493,552.5,481,534,483,827.5,,519.5,519.5,533.5,519.5,527.5,529.5,522.5,537,565.5,513,543,547
2024-07-19,519,562.5,531.5,620.5,497,495,554.5,486.5,545,493.5,830,,537.5,537.5,551.5,537.5,545.5,547.5,540.5,549,574.5,525,555,559
2024-07-18,525,564,532,622,497.5,498.5,555.5,487,543.5,495.5,831,,538,538,552,538,546,548,541,555,576,531,561,565
2024-07-17,521,562.5,531.5,618,498.5,497.5,545,488.5,541.5,493.5,830,,537.5,537.5,551.5,537.5,545.5,547.5,540.5,551,574.5,527,557,561
2024-07-16,522,564.5,534.5,616,507,508,541,488,537.5,498,836,,540.5,540.5,554.5,540.5,548.5,550.5,543.5,552,576.5,528,558,562
2024-07-15,526,566.5,538.5,618.5,510.5,507.5,532,496.5,540.5,503.5,832.5,,544.5,544.5,558.5,544.5,552.5,554.5,547.5,556,578.5,532,562,566
2024-07-12,531.5,570.5,545.5,619,516.5,504.5,534.5,503.5,526.5,511,831,,551.5,551.5,565.5,551.5,559.5,561.5,554.5,561.5,582.5,537.5,567.5,571.5
2024-07-11,530,570.5,539,619,514,498.5,533.5,494,519.5,497.5,831,,545,545,559,545,553,555,548,560,582.5,536,566,570
2024-07-10,527,568.5,540,618.5,519.5,497.5,534,497,521.5,501,831,,546,546,560,546,554,556,549,557,580.5,533,563,567
2024-07-09,531.5,573.5,540.5,619.5,520.5,506.5,536.5,496.5,516,505,828,,546.5,546.5,560.5,546.5,554.5,556.5,549.5,561.5,585.5,537.5,567.5,571.5
2024-07-08,533,576,548,625,518.5,511.5,537.5,500.5,511,502,822,,554,554,568,554,562,564,557,563,588,539,569,573
2024-07-05,538.5,583,552.5,630,524,509,538,501.5,513.5,507,822.5,,558.5,558.5,572.5,558.5,566.5,568.5,561.5,568.5,595,544.5,574.5,578.5
2024-07-04,531.5,575,546.5,630.5,527,510.5,538,495,512,501,822.5,,552.5,552.5,566.5,552.5,560.5,562.5,555.5,561.5,587,537.5,567.5,571.5
2024-07-03,528.5,569,546.5,622,526.5,512.5,537,493.5,510.5,499,822.5,,552.5,552.5,566.5,552.5,560.5,562.5,555.5,558.5,581,534.5,564.5,568.5
2024-07-02,529.5,570,541.5,630.5,518,501,535,491,509.5,496.5,822.5,,547.5,547.5,561.5,547.5,555.5,557.5,550.5,559.5,582,535.5,565.5,569.5
2024-07-01,526.5,559,540,610,500.5,494.5,531,486,506.5,498,822.5,,546,546,560,546,554,556,549,556.5,571,532.5,562.5,566.5
2024-06-28,526,564.5,545,622,504.5,497,532.5,485.5,507.5,501,822.5,,551,551,565,551,559,561,554,556,576.5,532,562,566
2024-06-27,526,562,544,619.5,501,489,530,481.5,504,495,822.5,,550,550,564,550,558,560,553,556,574,532,562,566
2024-06-26,523,560,542.5,614,503,492.5,526.5,479.5,503,495,822.5,,548.5,548.5,562.5,548.5,556.5,558.5,551.5,553,572,529,559,563
2024-06-25,532.5,558,544.5,613,502,491.5,526.5,483.5,505.5,497,817,,550.5,550.5,564.5,550.5,558.5,560.5,553.5,562.5,570,538.5,568.5,572.5
2024-06-24,528.5,557,544,609.5,497.5,490.5,527.5,479.5,501.5,497.5,828,,550,550,564,550,558,560,553,558.5,569,534.5,564.5,568.5
2024-06-21,527.5,557.5,542,615,496,488.5,529,482.5,506,499.5,808,,548,548,562,548,556,558,551,557.5,569.5,533.5,563.5,567.5
2024-06-20,527,555.5,538,608.5,496.5,493,523,480,504.5,494,808,,544,544,558,544,552,554,547,557,567.5,533,563,567
2024-06-19,528,561.5,537,604.5,499,491,523.5,481.5,503.5,498.5,808,,543,543,557,543,551,553,546,558,573.5,534,564,568
2024-06-18,524,550.5,532,599,491.5,480.5,523.5,474.5,507,484,808,,538,538,552,538,546,548,541,554,562.5,530,560,564
2024-06-17,517.5,542.5,534,590,487,477.5,523.5,476,503,483.5,808,,540,540,554,540,548,550,543,547.5,554.5,523.5,553.5,557.5
2024-06-14,515,546,530.5,594.5,490,476,526.5,476.5,505,482.5,808,,536.5,536.5,550.5,536.5,544.5,546.5,539.5,545,558,521,551,555
2024-06-13,517.5,549,539,590,486.5,476.5,516.5,474.5,508,482.5,808,,545,545,559,545,553,555,548,547.5,561,523.5,553.5,557.5
2024-06-12,518.5,550,538.5,590.5,482.5,475.5,517.5,473.5,512,484,813.5,,544.5,544.5,558.5,544.5,552.5,554.5,547.5,548.5,562,524.5,554.5,558.5
2024-06-11,517,548,541.5,588.5,474,470.5,521,472,515.5,481,812.5,,547.5,547.5,561.5,547.5,555.5,557.5,550.5,547,560,523,553,557
2024-06-10,505.5,544.5,537.5,573,471.5,461,514,465,502.5,472.5,813,,543.5,543.5,557.5,543.5,551.5,553.5,546.5,535.5,556.5,511.5,541.5,545.5
2024-06-07,502.5,539,566.5,566.5,465,459.5,510,462.5,505,475.5,817,,572.5,572.5,586.5,572.5,580.5,582.5,575.5,532.5,551,508.5,538.5,542.5
2024-06-06,505.5,532.5,560.5,567.5,460,446,510,460,498,462,812,,566.5,566.5,580.5,566.5,574.5,576.5,569.5,535.5,544.5,511.5,541.5,545.5
2024-06-05,509,533,559.5,562,458.5,445,509.5,460,502,470.5,812,,565.5,565.5,579.5,565.5,573.5,575.5,568.5,539,545,515,545,549
2024-06-04,517,538,556,562,458.5,457,512,464.5,504,474,814,,562,562,576,562,570,572,565,547,550,523,553,557
2024-06-03,527,544.5,564,569,478.5,467,515.5,474,511.5,489,809,,570,570,584,570,578,580,573,557,556.5,533,563,567
2024-05-31,528.5,547,553,571.5,481.5,473,518,479,512.5,493.5,808.5,,559,559,573,559,567,569,562,558.5,559,534.5,564.5,568.5
2024-05-30,535.5,553.5,556.5,581.5,488,466.5,520,485,518.5,496.5,821.5,,562.5,562.5,576.5,562.5,570.5,572.5,565.5,565.5,565.5,541.5,571.5,575.5
2024-05-29,544,561,552.5,587,487.5,484.5,522,488,519.5,497.5,820,,558.5,558.5,572.5,558.5,566.5,568.5,561.5,574,573,550,580,584
2024-05-28,533,549,542,577,477.5,472,517,482,516,490.5,826,,548,548,562,548,556,558,551,563,561,539,569,573
2024-05-27,520.5,542,529,574.5,472,462,515.5,474.5,512,482,800,,535,535,549,535,543,545,538,550.5,554,526.5,556.5,560.5
2024-05-24,515.5,542,525,574.5,468,459,513,473,509.5,478,800,,531,531,545,531,539,541,534,545.5,554,521.5,551.5,555.5
2024-05-23,520.5,544.5,525,563.5,465.5,459.5,513,479.5,509.5,479,798,,531,531,545,531,539,541,534,550.5,556.5,526.5,556.5,560.5
2024-05-22,533,551,533.5,574.5,471,464,513.5,483,514.5,484,799.5,,539.5,539.5,553.5,539.5,547.5,549.5,542.5,563,563,539,569,573
2024-05-21,533.5,554.5,536.5,572,475,468,516.5,485.5,515.5,485.5,800,,542.5,542.5,556.5,542.5,550.5,552.5,545.5,563.5,566.5,539.5,569.5,573.5
2024-05-20,531,554.5,532.5,563,471,467.5,526.5,490.5,509,485.5,796.5,,538.5,538.5,552.5,538.5,546.5,548.5,541.5,561,566.5,537,567,571
2024-05-17,520.5,546.5,523.5,558,470,463.5,526.5,479.5,505,481,801,,529.5,529.5,543.5,529.5,537.5,539.5,532.5,550.5,558.5,526.5,556.5,560.5
2024-05-16,515,546.5,528,562,475.5,463.5,529,481,504,479,796.5,,534,534,548,534,542,544,537,545,558.5,521,551,555
2024-05-15,518,541.5,525,559.5,472.5,462.5,524,476.5,506.5,483,800,,531,531,545,531,539,541,534,548,553.5,524,554,558
2024-05-14,516.5,542.5,522,559.5,480.5,467.5,528,485.5,515.5,489,801,,528,528,542,528,536,538,531,546.5,554.5,522.5,552.5,556.5
2024-05-13,520,541.5,528.5,559.5,477,470.5,528,484.5,516.5,487.5,801,,534.5,534.5,548.5,534.5,542.5,544.5,537.5,550,553.5,526,556,560
2024-05-10,528.5,551,529,564.5,485.5,475.5,529.5,489.5,522,492,816.5,,535,535,549,535,543,545,538,558.5,563,534.5,564.5,568.5
2024-05-09,531.5,550,528,577,488,471,528.5,486.5,519.5,498.5,797.5,,534,534,548,534,542,544,537,561.5,562,537.5,567.5,571.5
2024-05-08,522.5,543,519,568,481.5,471,530.5,487.5,515.5,502,807.5,,525,525,539,525,533,535,528,552.5,555,528.5,558.5,562.5
2024-05-07,529,550,531,571,480.5,472,530.5,487.5,512.5,503,809.5,,537,537,551,537,545,547,540,559,562,535,565,569
2024-05-06,524,546.5,526.5,579.5,477.5,473,533,486,511,499,805.5,,532.5,532.5,546.5,532.5,540.5,542.5,535.5,554,558.5,530,560,564
2024-05-03,526.5,546.5,521.5,585,478,480,531.5,491,515.5,507,781,,527.5,527.5,541.5,527.5,535.5,537.5,530.5,556.5,558.5,532.5,562.5,566.5
2024-05-02,527,551.5,526,584,484,457.5,536,490.5,513,509.5,758.5,,532,532,546,532,540,542,535,557,563.5,533,563,567
2024-05-01,535.5,560.5,538,587.5,500.5,476.5,533,494.5,519,519.5,759.5,,544,544,558,544,552,554,547,565.5,572.5,541.5,571.5,575.5
2024-04-30,536.5,560.5,534,587.5,498.5,473.5,539,498.5,517.5,517,759.5,,540,540,554,540,548,550,543,566.5,572.5,542.5,572.5,576.5
2024-04-29,527,556,536.5,586.5,494.5,491.5,540,500.5,517.5,516.5,760.5,,542.5,542.5,556.5,542.5,550.5,552.5,545.5,557,568,533,563,567
2024-04-26,533,557.5,529,581.5,494.5,482.5,533,503,518.5,511.5,760.5,,535,535,549,535,543,545,538,563,569.5,539,569,573
2024-04-25,522.5,552.5,527.5,594,490.5,482,534,493.5,513,508.5,765,,533.5,533.5,547.5,533.5,541.5,543.5,536.5,552.5,564.5,528.5,558.5,562.5
2024-04-24,517,543.5,519.5,588,487,476,532,492,512,505,764,,525.5,525.5,539.5,525.5,533.5,535.5,528.5,547,555.5,523,553,557
2024-04-23,521,543.5,522,584,485.5,479.5,534.5,489,511,503,762.5,,528,528,542,528,536,538,531,551,555.5,527,557,561
2024-04-22,509,539.5,511.5,578,484.5,474.5,538.5,486,509.5,501,762.5,,517.5,517.5,531.5,517.5,525.5,527.5,520.5,539,551.5,515,545,549
2024-04-19,515,542,518.5,588,486,473.5,544,487.5,512,510,761.5,,524.5,524.5,538.5,524.5,532.5,534.5,527.5,545,554,521,551,555
2024-04-18,512,539.5,524,583.5,488.5,470.5,544.5,489,511.5,504.5,763,,530,530,544,530,538,540,533,542,551.5,518,548,552
2024-04-17,515,541,522.5,587.5,495.5,487.5,543.5,490,513.5,506.5,761,,528.5,528.5,542.5,528.5,536.5,538.5,531.5,545,553,521,551,555
2024-04-16,515.5,541,518,595,496,478.5,541,491.5,514.5,504.5,762.5,,524,524,538,524,532,534,527,545.5,553,521.5,551.5,555.5
2024-04-15,510,535.5,514.5,593.5,491.5,493.5,534,487.5,512.5,494.5,763.5,,520.5,520.5,534.5,520.5,528.5,530.5,523.5,540,547.5,516,546,550
2024-04-12,514.5,537,511,592,490,488.5,533,484.5,503.5,495,762,,517,517,531,517,525,527,520,544.5,549,520.5,550.5,554.5
2024-04-11,510,535,506.5,592.5,488.5,484,532,484,509.5,494,761,,512.5,512.5,526.5,512.5,520.5,522.5,515.5,540,547,516,546,550
2024-04-10,509,542.5,511,591.5,488,486,533,488,510,492,762,,517,517,531,517,525,527,520,539,554.5,515,545,549
2024-04-09,510,540,512,590.5,495.5,487.5,534,492.5,498.5,499,759.5,,518,518,532,518,526,528,521,540,552,516,546,550
2024-04-08,506,540.5,512.5,601.5,496,499.5,539,496,503.5,500,761.5,,518.5,518.5,532.5,518.5,526.5,528.5,521.5,536,552.5,512,542,546
2024-04-05,509,539.5,515,601,501,492,536.5,495.5,485.5,500,762.5,,521,521,535,521,529,531,524,539,551.5,515,545,549
2024-04-04,504.5,530.5,513.5,593.5,493,500.5,539,489,496,492.5,763.5,,519.5,519.5,533.5,519.5,527.5,529.5,522.5,534.5,542.5,510.5,540.5,544.5
2024-04-03,500.5,530.5,509.5,593.5,493,493.5,539.5,492.5,495,492.5,762.5,,515.5,515.5,529.5,515.5,523.5,525.5,518.5,530.5,542.5,506.5,536.5,540.5
2024-04-02,499.5,532.5,497,589.5,488,485.5,539.5,489.5,481.5,491,763,,503,503,517,503,511,513,506,529.5,544.5,505.5,535.5,539.5
2024-04-01,496.5,526.5,501,582,481.5,483.5,534,485.5,473,487.5,762,,507,507,521,507,515,517,510,526.5,538.5,502.5,532.5,536.5
2024-03-29,492,525.5,501,581,481.5,483.5,533,496,480,490,761,,507,507,521,507,515,517,510,522,537.5,498,528,532
2024-03-28,492,520,498,581,481.5,470.5,533,488,472,485,761,,504,504,518,504,512,514,507,522,532,498,528,532
2024-03-27,491,514,492.5,583.5,484,469.5,528,488,472.5,486,763,,498.5,498.5,512.5,498.5,506.5,508.5,501.5,521,526,497,527,531
2024-03-26,499.5,522,496.5,579,484.5,468,532,490.5,475,488.5,761,,502.5,502.5,516.5,502.5,510.5,512.5,505.5,529.5,534,505.5,535.5,539.5
2024-03-25,496,518.5,491.5,578,483,468,530,490,472,493.5,763,,497.5,497.5,511.5,497.5,505.5,507.5,500.5,526,530.5,502,532,536
2024-03-22,486.5,512.5,491.5,577,481.5,469.5,531.5,489,471.5,491,760.5,,497.5,497.5,511.5,497.5,505.5,507.5,500.5,516.5,524.5,492.5,522.5,526.5
2024-03-21,486,510,497.5,581.5,483.5,451.5,532,492,472,495,758,,503.5,503.5,517.5,503.5,511.5,513.5,506.5,516,522,492,522,526
2024-03-20,499,507.5,502,583,482,484.5,535,494.5,474,500.5,760,,508,508,522,508,516,518,511,529,519.5,505,535,539
2024-03-19,497.5,507.5,502,580,486,483.5,529.5,495.5,472.5,497.5,762,,508,508,522,508,516,518,511,527.5,519.5,503.5,533.5,537.5
2024-03-18,496,510.5,499,580.5,481.5,476.5,526,494,468.5,491.5,761,,505,505,519,505,513,515,508,526,522.5,502,532,536
2024-03-15,487,500.5,491.5,569.5,473,459,522.5,484.5,464.5,494.5,759,,497.5,497.5,511.5,497.5,505.5,507.5,500.5,517,512.5,493,523,527
2024-03-14,479,500.5,488.5,567.5,468,471.5,524.5,478.5,464.5,489.5,759,,494.5,494.5,508.5,494.5,502.5,504.5,497.5,509,512.5,485,515,519
2024-03-13,471.5,496,486,556,461.5,456.5,514,467,463.5,482,759,,492,492,506,492,500,502,495,501.5,508,477.5,507.5,511.5
2024-03-12,469.5,491.5,483,561,455,457,514,464,463.5,471,759,,489,489,503,489,497,499,492,499.5,503.5,475.5,505.5,509.5
2024-03-11,466.5,492.5,485,556,455,451,514,460.5,465.5,472,759,,491,491,505,491,499,501,494,496.5,504.5,472.5,502.5,506.5
2024-03-08,473,498.5,491,563.5,470.5,466,519,466,464.5,476.5,760,,497,497,511,497,505,507,500,503,510.5,479,509,513
2024-03-07,468.5,494.5,477,561.5,475,473,517,466.5,464.5,473,759.5,,483,483,497,483,491,493,486,498.5,506.5,474.5,504.5,508.5
2024-03-06,460.5,493,469.5,554.5,467,466,532,465,478,472.5,759.5,,475.5,475.5,489.5,475.5,483.5,485.5,478.5,490.5,505,466.5,496.5,500.5
2024-03-05,455,491,468,554.5,469,464.5,532,463,481,474.5,759.5,,474,474,488,474,482,484,477,485,503,461,491,495
2024-03-04,452.5,491.5,473,559.5,469,470.5,532,469.5,480,470.5,759.5,,479,479,493,479,487,489,482,482.5,503.5,458.5,488.5,492.5
2024-03-01,450,486.5,464.5,548.5,459.5,461.5,532,464.5,478,466,759.5,,470.5,470.5,484.5,470.5,478.5,480.5,473.5,480,498.5,456,486,490
2024-02-29,447,486.5,461.5,549,459,458.5,531.5,465.5,473,462.5,719.5,,467.5,467.5,481.5,467.5,475.5,477.5,470.5,477,498.5,453,483,487
2024-02-28,446,482.5,457,548,456,460.5,532,466,472.5,461.5,719.5,,463,463,477,463,471,473,466,476,494.5,452,482,486
2024-02-27,436,486.5,455,552,453.5,457,532,464,476,463.5,719.5,,461,461,475,461,469,471,464,466,498.5,442,472,476
2024-02-26,444.5,479.5,453.5,542,459.5,458,532,461,470,458,719.5,,459.5,459.5,473.5,459.5,467.5,469.5,462.5,474.5,491.5,450.5,480.5,484.5
2024-02-23,451,486.5,462,546,466.5,461.5,532.5,469.5,476,464,722.5,,468,468,482,468,476,478,471,481,498.5,457,487,491
2024-02-22,448,493.5,465.5,552.5,467,461.5,533.5,465.5,481.5,462,724.5,,471.5,471.5,485.5,471.5,479.5,481.5,474.5,478,505.5,454,484,488
2024-02-21,450,490.5,475,543,461,457.5,530.5,463.5,480,462.5,722.5,,481,481,495,481,489,491,484,480,502.5,456,486,490
2024-02-20,446.5,485.5,471.5,544,458.5,468,530.5,463.5,481,455.5,722,,477.5,477.5,491.5,477.5,485.5,487.5,480.5,476.5,497.5,452.5,482.5,486.5
2024-02-19,451.5,485,470.5,541.5,466.5,460,533.5,466,481,460.5,721,,476.5,476.5,490.5,476.5,484.5,486.5,479.5,481.5,497,457.5,487.5,491.5
2024-02-16,450.5,487,480,543.5,462,451.5,533.5,466.5,469,462,723,,486,486,500,486,494,496,489,480.5,499,456.5,486.5,490.5
2024-02-15,442.5,482,468.5,535.5,450.5,452.5,530,460,477,458.5,723,,474.5,474.5,488.5,474.5,482.5,484.5,477.5,472.5,494,448.5,478.5,482.5
2024-02-14,457,488,487,545,458,453.5,531,463.5,475,459,721,,493,493,507,493,501,503,496,487,500,463,493,497
2024-02-13,454.5,485.5,480,545.5,458.5,453.5,535,460.5,474,459,722.5,,486,486,500,486,494,496,489,484.5,497.5,460.5,490.5,494.5
2024-02-12,450,486.5,480,542,456.5,453.5,532,459.5,475,455.5,721.5,,486,486,500,486,494,496,489,480,498.5,456,486,490
2024-02-09,446.5,481.5,480,540,460,453.5,526.5,462,473.5,457,717.5,,486,486,500,486,494,496,489,476.5,493.5,452.5,482.5,486.5
2024-02-08,447.5,482,475.5,535.5,451,438.5,526.5,453,472.5,446.5,717.5,,481.5,481.5,495.5,481.5,489.5,491.5,484.5,477.5,494,453.5,483.5,487.5
2024-02-07,445,480.5,474,533.5,446,438.5,519,449.5,467.5,444,717.5,,480,480,494,480,488,490,483,475,492.5,451,481,485
2024-02-06,442.5,480.5,468,532,439,425.5,518,446,468.5,438.5,691.5,,474,474,488,474,482,484,477,472.5,492.5,448.5,478.5,482.5
2024-02-05,443,478.5,473.5,527,435.5,428.5,514.5,439.5,463.5,436,689.5,,479.5,479.5,493.5,479.5,487.5,489.5,482.5,473,490.5,449,479,483
2024-02-02,443,480,478.5,527,434.5,441,510,439,467.5,445.5,702.5,,484.5,484.5,498.5,484.5,492.5,494.5,487.5,473,492,449,479,483
2024-02-01,445.5,484.5,484.5,526,449,448,519.5,447,463,452,680.5,,490.5,490.5,504.5,490.5,498.5,500.5,493.5,475.5,496.5,451.5,481.5,485.5
2024-01-31,461.5,494.5,486,542,452,451,515.5,459,476,461.5,682.5,,492,492,506,492,500,502,495,491.5,506.5,467.5,497.5,501.5
2024-01-30,465.5,495.5,487,545,454.5,459,522,460.5,481,457,685.5,,493,493,507,493,501,503,496,495.5,507.5,471.5,501.5,505.5
2024-01-29,465.5,500.5,490,547.5,454,454,517,465,485,452.5,683.5,,496,496,510,496,504,506,499,495.5,512.5,471.5,501.5,505.5
2024-01-26,461.5,489.5,483,541,453.5,450.5,515,460,479,459,682.5,,489,489,503,489,497,499,492,491.5,501.5,467.5,497.5,501.5
2024-01-25,447.5,482,472,535.5,441.5,441.5,513,451,473.5,445.5,690.5,,478,478,492,478,486,488,481,477.5,494,453.5,483.5,487.5
2024-01-24,442,480.5,470.5,527,436.5,440.5,509.5,451,477.5,437,687.5,,476.5,476.5,490.5,476.5,484.5,486.5,479.5,472,492.5,448,478,482
2024-01-23,449.5,488.5,464,522,429.5,434.5,506,458.5,474.5,445,686.5,,470,470,484,470,478,480,473,479.5,500.5,455.5,485.5,489.5
2024-01-22,446.5,488.5,467,516,421,427.5,522,452.5,468,448.5,687.5,,473,473,487,473,481,483,476,476.5,500.5,452.5,482.5,486.5
2024-01-19,454,489,467.5,517.5,429,431.5,513.5,456.5,469,454,689.5,,473.5,473.5,487.5,473.5,481.5,483.5,476.5,484,501,460,490,494
2024-01-18,445,488,459,515,426,428,523.5,456,477,441,682.5,,465,465,479,465,473,475,468,475,500,451,481,485
2024-01-17,449.5,488,463.5,514,434,433,508.5,463,476.5,448,681.5,,469.5,469.5,483.5,469.5,477.5,479.5,472.5,479.5,500,455.5,485.5,489.5
2024-01-16,450.5,493.5,462,517.5,435,435.5,510,468.5,481,449.5,689.5,,468,468,482,468,476,478,471,480.5,505.5,456.5,486.5,490.5
2024-01-15,453,493.5,469.5,517.5,429.5,433.5,510,472.5,480,446,689.5,,475.5,475.5,489.5,475.5,483.5,485.5,478.5,483,505.5,459,489,493
2024-01-12,450.5,493.5,473,518,439,443.5,510,473.5,482,458.5,689.5,,479,479,493,479,487,489,482,480.5,505.5,456.5,486.5,490.5
2024-01-11,452,493.5,469,517,445,437,510,470.5,478,457.5,684.5,,475,475,489,475,483,485,478,482,505.5,458,488,492
2024-01-10,456,493,474,527.5,450,439.5,525.5,487,486,474,688.5,,480,480,494,480,488,490,483,486,505,462,492,496
2024-01-09,456.5,493,473,523.5,441.5,420.5,517.5,489,477,471,688.5,,479,479,493,479,487,489,482,486.5,505,462.5,492.5,496.5
2024-01-08,462,496,481.5,525.5,444,441,522.5,499,489,481,689.5,,487.5,487.5,501.5,487.5,495.5,497.5,490.5,492,508,468,498,502
2024-01-05,471,503,491,531,449,435.5,524.5,507,493.5,482,686.5,,497,497,511,497,505,507,500,501,515,477,507,511
2024-01-04,476,514.5,491,539,455.5,436,522,499.5,485,480.5,676.5,,497,497,511,497,505,507,500,506,526.5,482,512,516
2024-01-03,465.5,493.5,488,529.5,444,431,535,489.5,484.5,477,680.5,,494,494,508,494,502,504,497,495.5,505.5,471.5,501.5,505.5
2024-01-02,474.5,498.5,488.5,535.5,447.5,435.5,538.5,494,473.5,464,679.5,,494.5,494.5,508.5,494.5,502.5,504.5,497.5,504.5,510.5,480.5,510.5,514.5
2024-01-01,460,487.5,493.5,535.5,447.5,448.5,538.5,500,493.5,484.5,679.5,,499.5,499.5,513.5,499.5,507.5,509.5,502.5,490,499.5,466,496,500
2023-12-29,460,487.5,493.5,535.5,447.5,448.5,538.5,500,493.5,484.5,679.5,,503.5,501.5,517.5,501.5,511.5,513.5,505.5,500,503.5,468,510,515
2023-12-28,464,491,498.5,535.5,449.5,453.5,542,495,490.5,485.5,682.5,,508.5,506.5,522.5,506.5,516.5,518.5,510.5,504,507,472,514,519
2023-12-27,474.5,502,495.5,541,465,450.5,557,499.5,493,496.5,682.5,,505.5,503.5,519.5,503.5,513.5,515.5,507.5,514.5,518,482.5,524.5,529.5
2023-12-26,459.5,503.5,491.5,544.5,459,454.5,553,506,490,492.5,681.5,,501.5,499.5,515.5,499.5,509.5,511.5,503.5,499.5,519.5,467.5,509.5,514.5
2023-12-25,464.5,503.5,491.5,539.5,459,454.5,541,503,486,495.5,681.5,,501.5,499.5,515.5,499.5,509.5,511.5,503.5,504.5,519.5,472.5,514.5,519.5
2023-12-22,464.5,503.5,491.5,539.5,459,454.5,541,503,486,495.5,681.5,,501.5,499.5,515.5,499.5,509.5,511.5,503.5,504.5,519.5,472.5,514.5,519.5
2023-12-21,466,501,483.5,536,460,458,541.5,503.5,489,495.5,681.5,,493.5,491.5,507.5,491.5,501.5,503.5,495.5,506,517,474,516,521
2023-12-20,457,498.5,484,533.5,457.5,453,543.5,509,484,505.5,685.5,,494,492,508,492,502,504,496,497,514.5,465,507,512
2023-12-19,449.5,488.5,474,525,457.5,450,536.5,507.5,471,500,681.5,,484,482,498,482,492,494,486,489.5,504.5,457.5,499.5,504.5
2023-12-18,449.5,483.5,470.5,525,443,448,539.5,502,471,499,681.5,,480.5,478.5,494.5,478.5,488.5,490.5,482.5,489.5,499.5,457.5,499.5,504.5
2023-12-15,456,488.5,467,520,451,443,538,495,472,491,687.5,,477,475,491,475,485,487,479,496,504.5,464,506,511
2023-12-14,447,484.5,464.5,507,442,429,536.5,490.5,465.5,482,687.5,,474.5,472.5,488.5,472.5,482.5,484.5,476.5,487,500.5,455,497,502
2023-12-13,442,473,467,502.5,429.5,437,529.5,484.5,467.5,477,684.5,,477,475,491,475,485,487,479,482,489,450,492,497
2023-12-12,455.5,485.5,465,509.5,435.5,438,526.5,485.5,472.5,486,686,,475,473,489,473,483,485,477,495.5,501.5,463.5,505.5,510.5
2023-12-11,450,478.5,461.5,510.5,437,439,536.5,490.5,471,497,688,,471.5,469.5,485.5,469.5,479.5,481.5,473.5,490,494.5,458,500,505
2023-12-08,439.5,472,461.5,506.5,438.5,445,533,491,471.5,489,679,,471.5,469.5,485.5,469.5,479.5,481.5,473.5,479.5,488,447.5,489.5,494.5
2023-12-07,437.5,467,455,508.5,446,457,533,484,471.5,500.5,679,,465,463,479,463,473,475,467,477.5,483,445.5,487.5,492.5
2023-12-06,452,485.5,483.5,523,463,471,536.5,487,479,504.5,680,,493.5,491.5,507.5,491.5,501.5,503.5,495.5,492,501.5,460,502,507
2023-12-05,470.5,505.5,487,532,476,484.5,539.5,489,477.5,507,689,,497,495,511,495,505,507,499,510.5,521.5,478.5,520.5,525.5
2023-12-04,467.5,495.5,490,534,478.5,488.5,539.5,487,483.5,509,685,,500,498,514,498,508,510,502,507.5,511.5,475.5,517.5,522.5
2023-12-01,484.5,505.5,498.5,553,489.5,488.5,544.5,484.5,489,483,686,,508.5,506.5,522.5,506.5,516.5,518.5,510.5,524.5,521.5,492.5,534.5,539.5
2023-11-30,488,515.5,500,556,494.5,488,540.5,491.5,488.5,508.5,686,,510,508,524,508,518,520,512,528,531.5,496,538,543
2023-11-29,477.5,514.5,492.5,551.5,485,483,544.5,482,485,499,689,,502.5,500.5,516.5,500.5,510.5,512.5,504.5,517.5,530.5,485.5,527.5,532.5
2023-11-28,466.5,505,489,546,476.5,480.5,543,476,480.5,490.5,695,,499,497,513,497,507,509,501,506.5,521,474.5,516.5,521.5
2023-11-27,465.5,493,487.5,538.5,478,488.5,537,478,484.5,489.5,695,,497.5,495.5,511.5,495.5,505.5,507.5,499.5,505.5,509,473.5,515.5,520.5
2023-11-24,473.5,501.5,492,543,486,490,538,478.5,481,491.5,674,,502,500,516,500,510,512,504,513.5,517.5,481.5,523.5,528.5
2023-11-23,472,501.5,493,551.5,485.5,497.5,536,485,479,489.5,724,,503,501,517,501,511,513,505,512,517.5,480,522,527
2023-11-22,475.5,516.5,500,551.5,489.5,491.5,536,483,475,499,724,,510,508,524,508,518,520,512,515.5,532.5,483.5,525.5,530.5
2023-11-21,471,499,496.5,550,472.5,494,538,486.5,477,501.5,734,,506.5,504.5,520.5,504.5,514.5,516.5,508.5,511,515,479,521,526
2023-11-20,467,499,487.5,542,484.5,479,528,486,469,501.5,734,,497.5,495.5,511.5,495.5,505.5,507.5,499.5,507,515,475,517,522
2023-11-17,459,490,481.5,532.5,475.5,477,534,483.5,482.5,501,734,,491.5,489.5,505.5,489.5,499.5,501.5,493.5,499,506,467,509,514
2023-11-16,464,499,491,537,484.5,473.5,514,484,492,510,777.5,,501,499,515,499,509,511,503,504,515,472,514,519
2023-11-15,465.5,501,499,542,498,465,519,494.5,487.5,514,777.5,,509,507,523,507,517,519,511,505.5,517,473.5,515.5,520.5
2023-11-14,465,496,493.5,536.5,485.5,465,524,495.5,487.5,503,777.5,,503.5,501.5,517.5,501.5,511.5,513.5,505.5,505,512,473,515,520
2023-11-13,459.5,495.5,479.5,533,475,465,507.5,471.5,487.5,496.5,777.5,,489.5,487.5,503.5,487.5,497.5,499.5,491.5,499.5,511.5,467.5,509.5,514.5
2023-11-10,460,494,468.5,533,471,465,492,466,488.5,484,758.5,,478.5,476.5,492.5,476.5,486.5,488.5,480.5,500,510,468,510,515
2023-11-09,450.5,491,481.5,530,465.5,460,500,462.5,485,478.5,747.5,,491.5,489.5,505.5,489.5,499.5,501.5,493.5,490.5,507,458.5,500.5,505.5
2023-11-08,453,490,478.5,529.5,471.5,460,495,461.5,493.5,479.5,747.5,,488.5,486.5,502.5,486.5,496.5,498.5,490.5,493,506,461,503,508
2023-11-07,463,497,483,541.5,506,500,508,471.5,494.5,487,754.5,,493,491,507,491,501,503,495,503,513,471,513,518
2023-11-06,476,511.5,512,560.5,498.5,500,515.5,483.5,499.5,499,744.5,,522,520,536,520,530,532,524,516,527.5,484,526,531
2023-11-03,481.5,517,505.5,560,522,530,511,496.5,500,498.5,752,,515.5,513.5,529.5,513.5,523.5,525.5,517.5,521.5,533,489.5,531.5,536.5
2023-11-02,475,510.5,492.5,562,516.5,540,523,493,495.5,501.5,745,,502.5,500.5,516.5,500.5,510.5,512.5,504.5,515,526.5,483,525,530
2023-11-01,467.5,498.5,488,551.5,533,540,530.5,489.5,491.5,500.5,712,,498,496,512,496,506,508,500,507.5,514.5,475.5,517.5,522.5
2023-10-31,472,501.5,483,551.5,524.5,540,523.5,481.5,491,502.5,736,,493,491,507,491,501,503,495,512,517.5,480,522,527
2023-10-30,468.5,502.5,496.5,549.5,527.5,540,528.5,488.5,496,495.5,710.5,,506.5,504.5,520.5,504.5,514.5,516.5,508.5,508.5,518.5,476.5,518.5,523.5
2023-10-27,480,516,502.5,556,540.5,545,531,498.5,499,495.5,719,,512.5,510.5,526.5,510.5,520.5,522.5,514.5,520,532,488,530,535
2023-10-26,481,516,495,559.5,521,530,533.5,501.5,502,507,712,,505,503,519,503,513,515,507,521,532,489,531,536
2023-10-25,474.5,510.5,488,554,535,530,549.5,505,509.5,515.5,720.5,,498,496,512,496,506,508,500,514.5,526.5,482.5,524.5,529.5
2023-10-24,485.5,525.5,496,563,540.5,550,548.5,508.5,513,524.5,719.5,,506,504,520,504,514,516,508,525.5,541.5,493.5,535.5,540.5
2023-10-23,494.5,531.5,504,571,543.5,550,561.5,514,516,532,721,,514,512,528,512,522,524,516,534.5,547.5,502.5,544.5,549.5
2023-10-20,501,543.5,506,580.5,549.5,550,551,520,521,539.5,727,,516,514,530,514,524,526,518,541,559.5,509,551,556
2023-10-19,499.5,533.5,500.5,584,542.5,550,576.5,521,521,544.5,729.5,,510.5,508.5,524.5,508.5,518.5,520.5,512.5,539.5,549.5,507.5,549.5,554.5
2023-10-18,502.5,536,503.5,574,548.5,550,571,519.5,521,539.5,729.5,,513.5,511.5,527.5,511.5,521.5,523.5,515.5,542.5,552,510.5,552.5,557.5
2023-10-17,491.5,523.5,497.5,569.5,542,550,575,516.5,519.5,531.5,717,,507.5,505.5,521.5,505.5,515.5,517.5,509.5,531.5,539.5,499.5,541.5,546.5
2023-10-16,494.5,525.5,501.5,569.5,544,550,576.5,523,513.5,524.5,716,,511.5,509.5,525.5,509.5,519.5,521.5,513.5,534.5,541.5,502.5,544.5,549.5
2023-10-13,481,523.5,494,556,524.5,525,570.5,514.5,507,508,721,,504,502,518,502,512,514,506,521,539.5,489,531,536
2023-10-12,477,514.5,494.5,555.5,514.5,525,570.5,502.5,507,506,712.5,,504.5,502.5,518.5,502.5,512.5,514.5,506.5,517,530.5,485,527,532
2023-10-11,479,515,496.5,557,531.5,525,573.5,513,521,515.5,712.5,,506.5,504.5,520.5,504.5,514.5,516.5,508.5,519,531,487,529,534
2023-10-10,480,520,491.5,558,535.5,530,576,516,523,523,702.5,,501.5,499.5,515.5,499.5,509.5,511.5,503.5,520,536,488,530,535
2023-10-09,481.5,505.5,492,545,547.5,530,560.5,480.5,506,522,725,,502,500,516,500,510,512,504,521.5,521.5,489.5,531.5,536.5
2023-10-06,458,505.5,491,545,528,530,555.5,485.5,506,521.5,725,,501,499,515,499,509,511,503,498,521.5,466,508,513
2023-10-05,462.5,505.5,500,536,511,530,576.5,511.5,523,543.5,702.5,,510,508,524,508,518,520,512,502.5,521.5,470.5,512.5,517.5
2023-10-04,495,526,522.5,567.5,530,530,576.5,519.5,523,540,702.5,,532.5,530.5,546.5,530.5,540.5,542.5,534.5,535,542,503,545,550
2023-10-03,497.5,549,519.5,569.5,547,595,579.5,544,529,552.5,706,,529.5,527.5,543.5,527.5,537.5,539.5,531.5,537.5,565,505.5,547.5,552.5
2023-10-02,525,540.5,553,582,580,595,585,546.5,539.5,563,701,,563,561,577,561,571,573,565,565,556.5,533,575,580
2023-09-29,545.5,602.5,553,593,594.5,595,592.5,566.5,555,567.5,703,,563,561,577,561,571,573,565,585.5,618.5,553.5,595.5,600.5
2023-09-28,558,602.5,564,589,597,595,592.5,566.5,555,571.5,694.5,,574,572,588,572,582,584,576,598,618.5,566,608,613
2023-09-27,545.5,580.5,554.5,599,595.5,595,592.5,567,555,576,694.5,,564.5,562.5,578.5,562.5,572.5,574.5,566.5,585.5,596.5,553.5,595.5,600.5
2023-09-26,530.5,561.5,540,591.5,586,595,589,564.5,552.5,570.5,691.5,,550,548,564,548,558,560,552,570.5,577.5,538.5,580.5,585.5
2023-09-25,539,566.5,552,593,589,595,590.5,564.5,554,578,690.5,,562,560,576,560,570,572,564,579,582.5,547,589,594
2023-09-22,535,577,552,592.5,592,595,588.5,568.5,550,578,687,,562,560,576,560,570,572,564,575,593,543,585,590
2023-09-21,528.5,576,550,589.5,588,600,591.5,568,551,574.5,686,,560,558,574,558,568,570,562,568.5,592,536.5,578.5,583.5
2023-09-20,531,573,559,592.5,594,600,591.5,566,548.5,572.5,687,,569,567,583,567,577,579,571,571,589,539,581,586
2023-09-19,538.5,573.5,562.5,589,600,610,592,570,551.5,566.5,687.5,,572.5,570.5,586.5,570.5,580.5,582.5,574.5,578.5,589.5,546.5,588.5,593.5
2023-09-18,549,583.5,573.5,598.5,612,610,595.5,569,557,576.5,688.5,,583.5,581.5,597.5,581.5,591.5,593.5,585.5,589,599.5,557,599,604
2023-09-15,559.5,590.5,580,603,612.5,610,598.5,569,554,577,688.5,,590,588,604,588,598,600,592,599.5,606.5,567.5,609.5,614.5
2023-09-14,564.5,586.5,579,603.5,603,570,583,569.5,555,569,687.5,,589,587,603,587,597,599,591,604.5,602.5,572.5,614.5,619.5
2023-09-13,559.5,585,579.5,601,596,570,584,565.5,552.5,571,689,,589.5,587.5,603.5,587.5,597.5,599.5,591.5,599.5,601,567.5,609.5,614.5
2023-09-12,556,572.5,571,598,591.5,570,587.5,554,548.5,570.5,685,,581,579,595,579,589,591,583,596,588.5,564,606,611
2023-09-11,554.5,572.5,572,600.5,585.5,570,587.5,558.5,548.5,567,686,,582,580,596,580,590,592,584,594.5,588.5,562.5,604.5,609.5
2023-09-08,554.5,584,569,591.5,590.5,582,581.5,557,553.5,571,681,,579,577,593,577,587,589,581,594.5,600,562.5,604.5,609.5
2023-09-07,558.5,585.5,568,605,590,578,585.5,559.5,556.5,574,681,,578,576,592,576,586,588,580,598.5,601.5,566.5,608.5,613.5
2023-09-06,543.5,575.5,560,608,575.5,578,575.5,558.5,541.5,568,681,,570,568,584,568,578,580,572,583.5,591.5,551.5,593.5,598.5
2023-09-05,529,568.5,560,604.5,560,565,573,555.5,537.5,560,673,,570,568,584,568,578,580,572,569,584.5,537,579,584
2023-09-04,535,573.5,564,609,569,565,572,556,537,557.5,676,,574,572,588,572,582,584,576,575,589.5,543,585,590
2023-09-01,534.5,572,575.5,608.5,565.5,545,569,547,537,555.5,674.5,,585.5,583.5,599.5,583.5,593.5,595.5,587.5,574.5,588,542.5,584.5,589.5
2023-08-31,533.5,566,561.5,606.5,550.5,545,566.5,546.5,538,551.5,673,,571.5,569.5,585.5,569.5,579.5,581.5,573.5,573.5,582,541.5,583.5,588.5
2023-08-30,532,567,561.5,605.5,549,545,565.5,544.5,535.5,545.5,676,,571.5,569.5,585.5,569.5,579.5,581.5,573.5,572,583,540,582,587
2023-08-29,530.5,561.5,562.5,603,553,540,565.5,546.5,558,542.5,673,,572.5,570.5,586.5,570.5,580.5,582.5,574.5,570.5,577.5,538.5,580.5,585.5
2023-08-28,533.5,576,557,605,545.5,540,561,547.5,577,539,673,,567,565,581,565,575,577,569,573.5,592,541.5,583.5,588.5
2023-08-25,531.5,561.5,554.5,604,545,540,559.5,544.5,570.5,533.5,684,,564.5,562.5,578.5,562.5,572.5,574.5,566.5,571.5,577.5,539.5,581.5,586.5
2023-08-24,541.5,564,558.5,595,543.5,540,557.5,533.5,568.5,528.5,657,,568.5,566.5,582.5,566.5,576.5,578.5,570.5,581.5,580,549.5,591.5,596.5
2023-08-23,568,590.5,566,608.5,545.5,540,562.5,537,573.5,532.5,652,,576,574,590,574,584,586,578,608,606.5,576,618,623
2023-08-22,566.5,592.5,577.5,636,544,552,566.5,534,577,532.5,629.5,,587.5,585.5,601.5,585.5,595.5,597.5,589.5,606.5,608.5,574.5,616.5,621.5
2023-08-21,569,595,581.5,639.5,559,552,568,543,573.5,536.5,629.5,,591.5,589.5,605.5,589.5,599.5,601.5,593.5,609,611,577,619,624
2023-08-18,563.5,590,573,636.5,560,582,565.5,539.5,569,534.5,622,,583,581,597,581,591,593,585,603.5,606,571.5,613.5,618.5
2023-08-17,560.5,583,568.5,634,561.5,582,564.5,535,572.5,539.5,612,,578.5,576.5,592.5,576.5,586.5,588.5,580.5,600.5,599,568.5,610.5,615.5
2023-08-16,562,580,577.5,638,572,582,567,545,572,548,607,,587.5,585.5,601.5,585.5,595.5,597.5,589.5,602,596,570,612,617
2023-08-15,574.5,597.5,578,628,580,582,565.5,550.5,572,553.5,607,,588,586,602,586,596,598,590,614.5,613.5,582.5,624.5,629.5
2023-08-14,574,591,580,628.5,585.5,582,571.5,556,579.5,564,607,,590,588,604,588,598,600,592,614,607,582,624,629
2023-08-11,574,593.5,580.5,632,593.5,592,577,553.5,580.5,577,591,,590.5,588.5,604.5,588.5,598.5,600.5,592.5,614,609.5,582,624,629
2023-08-10,585,594.5,584,633.5,601,585,569.5,553,577,547.5,591,,594,592,608,592,602,604,596,625,610.5,593,635,640
2023-08-09,569,581,578,624,586.5,585,560.5,549,571,545,591,,588,586,602,586,596,598,590,609,597,577,619,624
2023-08-08,559,578.5,574.5,614.5,567.5,562.5,548,537.5,570.5,535,591,,584.5,582.5,598.5,582.5,592.5,594.5,586.5,599,594.5,567,609,614
2023-08-07,571.5,588,586.5,619.5,566.5,562.5,540.5,542.5,575.5,538.5,591,,596.5,594.5,610.5,594.5,604.5,606.5,598.5,611.5,604,579.5,621.5,626.5
2023-08-04,575.5,589.5,579,624,566.5,557.5,526.5,550.5,566.5,547.5,588.5,,589,587,603,587,597,599,591,615.5,605.5,583.5,625.5,630.5
2023-08-03,567,576,561,613.5,555.5,557.5,526.5,531.5,574.5,541.5,576,,571,569,585,569,579,581,573,607,592,575,617,622
2023-08-02,583,589.5,573,629.5,564.5,555,526.5,531.5,569.5,553,576,,583,581,597,581,591,593,585,623,605.5,591,633,638
2023-08-01,556,578.5,550.5,614,548,530,529,534.5,561,543.5,570.5,,560.5,558.5,574.5,558.5,568.5,570.5,562.5,596,594.5,564,606,611
2023-07-31,542.5,568.5,547.5,601,541.5,530,529,529.5,556,531.5,570.5,,557.5,555.5,571.5,555.5,565.5,567.5,559.5,582.5,584.5,550.5,592.5,597.5
2023-07-28,533.5,551.5,538.5,592,524.5,495,528.5,505.5,542.5,535.5,569.5,,548.5,546.5,562.5,546.5,556.5,558.5,550.5,573.5,567.5,541.5,583.5,588.5
2023-07-27,532.5,543,530,589,509,495,518.5,497.5,532.5,515,569.5,,540,538,554,538,548,550,542,572.5,559,540.5,582.5,587.5
2023-07-26,526.5,539,532,585,506,495,514.5,493.5,530.5,510.5,568.5,,542,540,556,540,550,552,544,566.5,555,534.5,576.5,581.5
2023-07-25,524.5,535.5,522.5,581,505.5,495,514.5,487,530.5,509,570.5,,532.5,530.5,546.5,530.5,540.5,542.5,534.5,564.5,551.5,532.5,574.5,579.5
2023-07-24,517.5,532.5,514.5,578,496.5,495,509.5,483.5,523.5,496,570.5,,524.5,522.5,538.5,522.5,532.5,534.5,526.5,557.5,548.5,525.5,567.5,572.5
2023-07-21,509,521,508.5,577.5,489.5,485,510,478.5,530.5,492,571.5,,518.5,516.5,532.5,516.5,526.5,528.5,520.5,549,537,517,559,564
2023-07-20,500,519,504.5,569.5,484,477.5,507,479.5,516.5,486,577.5,,514.5,512.5,528.5,512.5,522.5,524.5,516.5,540,535,508,550,555
2023-07-19,498,516.5,509.5,557,482.5,477.5,502,487.5,511.5,489,571.5,,519.5,517.5,533.5,517.5,527.5,529.5,521.5,538,532.5,506,548,553
2023-07-18,497,510,496,561,477.5,467.5,494,474.5,505.5,477,571.5,,506,504,520,504,514,516,508,537,526,505,547,552
2023-07-17,502.5,513.5,497,558.5,479.5,467.5,499,484.5,520.5,486,571.5,,507,505,521,505,515,517,509,542.5,529.5,510.5,552.5,557.5
2023-07-14,504,518.5,503,566,491.5,482.5,494,478,517.5,490.5,570,,513,511,527,511,521,523,515,544,534.5,512,554,559
2023-07-13,499.5,516.5,505.5,565.5,488,477.5,492,470,515.5,484,570,,515.5,513.5,529.5,513.5,523.5,525.5,517.5,539.5,532.5,507.5,549.5,554.5
2023-07-12,501,512,498.5,562,487,477.5,490,469,512.5,480.5,569.5,,508.5,506.5,522.5,506.5,516.5,518.5,510.5,541,528,509,551,556
2023-07-11,495,503,503,550,483.5,477.5,481,460,515,480,570,,513,511,527,511,521,523,515,535,519,503,545,550
2023-07-10,492,502,497,547.5,478.5,477.5,479.5,462.5,504,488.5,568,,507,505,521,505,515,517,509,532,518,500,542,547
2023-07-07,482,497,486.5,544,474,472.5,466,450,494,485,566.5,,496.5,494.5,510.5,494.5,504.5,506.5,498.5,522,513,490,532,537
2023-07-06,473.5,498,490.5,545,472,479,466.5,457,495,483,572,,500.5,498.5,514.5,498.5,508.5,510.5,502.5,513.5,514,481.5,523.5,528.5
2023-07-05,473.5,498.5,481,542,479,479,465,459,493,473,567,,491,489,505,489,499,501,493,513.5,514.5,481.5,523.5,528.5
2023-07-04,466.5,494,477.5,542.5,495,489,469,456.5,496.5,472.5,567,,487.5,485.5,501.5,485.5,495.5,497.5,489.5,506.5,510,474.5,516.5,521.5
2023-07-03,465.5,498.5,480,542.5,495.5,489,469,456.5,496.5,472.5,567,,490,488,504,488,498,500,492,505.5,514.5,473.5,515.5,520.5
2023-06-30,451.5,480,474.5,533.5,485,481,463,443.5,488,474.5,567,,484.5,482.5,498.5,482.5,492.5,494.5,486.5,491.5,496,459.5,501.5,506.5
2023-06-29,445,479.5,462.5,531.5,478.5,478.5,458.5,448.5,480.5,464,567,,472.5,470.5,486.5,470.5,480.5,482.5,474.5,485,495.5,453,495,500
2023-06-28,442,466.5,458,524,470,478.5,461.5,441,498.5,460,567,,468,466,482,466,476,478,470,482,482.5,450,492,497
2023-06-27,444.5,475,465,530.5,481.5,478.5,458,431.5,473.5,463.5,567,,475,473,489,473,483,485,477,484.5,491,452.5,494.5,499.5
2023-06-26,452,482.5,459.5,528.5,484.5,478.5,463,435.5,508.5,463.5,567,,469.5,467.5,483.5,467.5,477.5,479.5,471.5,492,498.5,460,502,507
2023-06-23,452.5,478.5,456,525,480.5,478.5,470,442,514.5,468,567,,466,464,480,464,474,476,468,492.5,494.5,460.5,502.5,507.5
2023-06-22,457,488.5,470,537,491,489.5,480,439,514.5,470.5,567,,480,478,494,478,488,490,482,497,504.5,465,507,512
2023-06-21,452.5,484.5,463,533.5,488.5,489.5,480,447.5,514.5,468.5,567,,473,471,487,471,481,483,475,492.5,500.5,460.5,502.5,507.5
2023-06-20,451,483,468,530,498.5,490,478.5,450.5,521,486,568.5,,478,476,492,476,486,488,480,491,499,459,501,506
2023-06-19,452.5,481.5,462.5,528.5,498.5,493.5,478.5,454,521,492.5,568.5,,472.5,470.5,486.5,470.5,480.5,482.5,474.5,492.5,497.5,460.5,502.5,507.5
2023-06-16,446,475,461,530,497.5,493.5,473.5,436.5,506,483,568.5,,471,469,485,469,479,481,473,486,491,454,496,501
2023-06-15,437,471.5,448,523.5,462,488.5,483.5,454.5,504.5,460,571,,458,456,472,456,466,468,460,477,487.5,445,487,492
2023-06-14,439,477.5,454,524.5,471.5,488.5,473.5,426,504.5,472,571,,464,462,478,462,472,474,466,479,493.5,447,489,494
2023-06-13,428,469,442.5,508.5,457,458.5,465.5,421.5,501.5,462,573.5,,452.5,450.5,466.5,450.5,460.5,462.5,454.5,468,485,436,478,483
2023-06-12,430.5,469,447,509,449,458.5,455.5,418.5,501.5,447,568.5,,457,455,471,455,465,467,459,470.5,485,438.5,480.5,485.5
2023-06-09,442.5,478.5,462,520,450,458.5,457,421.5,508,446.5,571,,472,470,486,470,480,482,474,482.5,494.5,450.5,492.5,497.5
2023-06-08,440.5,479.5,460.5,521.5,453.5,458.5,464,425.5,511,445.5,570.5,,470.5,468.5,484.5,468.5,478.5,480.5,472.5,480.5,495.5,448.5,490.5,495.5
2023-06-07,443,482.5,462,521.5,456.5,458.5,454.5,421.5,503,441,570.5,,472,470,486,470,480,482,474,483,498.5,451,493,498
2023-06-06,435,479.5,461,523,448.5,441.5,466,427,515,440,572,,471,469,485,469,479,481,473,475,495.5,443,485,490
2023-06-05,452,485.5,464,531.5,460,441.5,461,429,510,439.5,577,,474,472,488,472,482,484,476,492,501.5,460,502,507
2023-06-02,434,479.5,444.5,519,448,441.5,451,421,497.5,430,576.5,,454.5,452.5,468.5,452.5,462.5,464.5,456.5,474,495.5,442,484,489
2023-06-01,429,465,443,507.5,436,428.5,441,407,492.5,422,577,,453,451,467,451,461,463,455,469,481,437,479,484
2023-05-31,427.5,461.5,439,504,428,428.5,444.5,401.5,477,420,576.5,,449,447,463,447,457,459,451,467.5,477.5,435.5,477.5,482.5
2023-05-30,442.5,475.5,462.5,514,431.5,433.5,449,415.5,500,440,577,,472.5,470.5,486.5,470.5,480.5,482.5,474.5,482.5,491.5,450.5,492.5,497.5
2023-05-29,449.5,484.5,466,527.5,429,428.5,472.5,423.5,508,443.5,582,,476,474,490,474,484,486,478,489.5,500.5,457.5,499.5,504.5
2023-05-26,443.5,475.5,456.5,506.5,435,428.5,472.5,423.5,508,443.5,582,,466.5,464.5,480.5,464.5,474.5,476.5,468.5,483.5,491.5,451.5,493.5,498.5
2023-05-25,449,488,471,515,437,450,482.5,415,505,446,577,,481,479,495,479,489,491,483,489,504,457,499,504
2023-05-24,451,490.5,472.5,515.5,448,450,457.5,419,512,447.5,577,,482.5,480.5,496.5,480.5,490.5,492.5,484.5,491,506.5,459,501,506
2023-05-23,446,483.5,466.5,511,437,423,475,413,504,443,574.5,,476.5,474.5,490.5,474.5,484.5,486.5,478.5,486,499.5,454,496,501
2023-05-22,450,486,464,512,442.5,435,471.5,411,505.5,449.5,574.5,,474,472,488,472,482,484,476,490,502,458,500,505
2023-05-19,456.5,491,461.5,508.5,450.5,455,464.5,414,506,449,569.5,,471.5,469.5,485.5,469.5,479.5,481.5,473.5,496.5,507,464.5,506.5,511.5
2023-05-18,453.5,495.5,471,521.5,439.5,420,443,413,509,452,572,,481,479,495,479,489,491,483,493.5,511.5,461.5,503.5,508.5
2023-05-17,442,484,459.5,508,433,420,443,411,504,443,577,,469.5,467.5,483.5,467.5,477.5,479.5,471.5,482,500,450,492,497
2023-05-16,443.5,488.5,464,512,430,420,425.5,406,501.5,439.5,579.5,,474,472,488,472,482,484,476,483.5,504.5,451.5,493.5,498.5
2023-05-15,443.5,483,459.5,510,432.5,425,421.5,404.5,501.5,437.5,564.5,,469.5,467.5,483.5,467.5,477.5,479.5,471.5,483.5,499,451.5,493.5,498.5
2023-05-12,446,486.5,460.5,510.5,433,435,421.5,406,506.5,433.5,564.5,,470.5,468.5,484.5,468.5,478.5,480.5,472.5,486,502.5,454,496,501
2023-05-11,456.5,493.5,473,525.5,440,441.5,422.5,409,509.5,442,564.5,,483,481,497,481,491,493,485,496.5,509.5,464.5,506.5,511.5
2023-05-10,457,492.5,470,516,444.5,441.5,427.5,411.5,509.5,442,564.5,,480,478,494,478,488,490,482,497,508.5,465,507,512
2023-05-09,460,488,477,522.5,439,432.5,427,407.5,510.5,447.5,564.5,,487,485,501,485,495,497,489,500,504,468,510,515
2023-05-08,439.5,487,468,545,435,432.5,425,408,505.5,437,564.5,,478,476,492,476,486,488,480,479.5,503,447.5,489.5,494.5
2023-05-05,447.5,475,481,551.5,427,422.5,405.5,392.5,487.5,429.5,569.5,,491,489,505,489,499,501,493,487.5,491,455.5,497.5,502.5
2023-05-04,455.5,470,452.5,555,423.5,430,399.5,387,485.5,428.5,569.5,,462.5,460.5,476.5,460.5,470.5,472.5,464.5,495.5,486,463.5,505.5,510.5
2023-05-03,458.5,482,481,542,435,432,414.5,410,505.5,446.5,569.5,,491,489,505,489,499,501,493,498.5,498,466.5,508.5,513.5
2023-05-02,474.5,509,489,548,450.5,447,431.5,424,515.5,466.5,567,,499,497,513,497,507,509,501,514.5,525,482.5,524.5,529.5
2023-05-01,472,496,484,537.5,453,447,442,440.5,526.5,452.5,572,,494,492,508,492,502,504,496,512,512,480,522,527
2023-04-28,466.5,492.5,484,541,453.5,447,431.5,436,517.5,461.5,570.5,,494,492,508,492,502,504,496,506.5,508.5,474.5,516.5,521.5
2023-04-27,463,495,481,536.5,454,462,444,444,532.5,455,573,,491,489,505,489,499,501,493,503,511,471,513,518
2023-04-26,482.5,512,493,550.5,468,462,446.5,444,537.5,464,573,,503,501,517,501,511,513,505,522.5,528,490.5,532.5,537.5
2023-04-25,483.5,530.5,499,554.5,470.5,472,457,447.5,542,479.5,592,,509,507,523,507,517,519,511,523.5,546.5,491.5,533.5,538.5
2023-04-24,478.5,517.5,495,555.5,472,472,455.5,447,539.5,477,567,,505,503,519,503,513,515,507,518.5,533.5,486.5,528.5,533.5
2023-04-21,480,523.5,496,559,467,477,450.5,437,546,479,567,,506,504,520,504,514,516,508,520,539.5,488,530,535
2023-04-20,479.5,525.5,498,564.5,470.5,473,459.5,442.5,549.5,480,547,,508,506,522,506,516,518,510,519.5,541.5,487.5,529.5,534.5
2023-04-19,491.5,529.5,504.5,574,477.5,477,474.5,447.5,565.5,481,587,,514.5,512.5,528.5,512.5,522.5,524.5,516.5,531.5,545.5,499.5,541.5,546.5
2023-04-18,495,535,506.5,568,477.5,477,473.5,446.5,563.5,488,559,,516.5,514.5,530.5,514.5,524.5,526.5,518.5,535,551,503,545,550
2023-04-17,509,535,511.5,577.5,487.5,477,478.5,465,569,491.5,577,,521.5,519.5,535.5,519.5,529.5,531.5,523.5,549,551,517,559,564
2023-04-14,504.5,533,515,583.5,487,477,478.5,467,560,492,612,,525,523,539,523,533,535,527,544.5,549,512.5,554.5,559.5
2023-04-13,509,537,518.5,581,491,477.5,483.5,469,560,489,542,,528.5,526.5,542.5,526.5,536.5,538.5,530.5,549,553,517,559,564
2023-04-12,502,534,507.5,579,484.5,477.5,478.5,467,560,479,542,,517.5,515.5,531.5,515.5,525.5,527.5,519.5,542,550,510,552,557
2023-04-11,497.5,531,503.5,584.5,477.5,467.5,467,460,550,472.5,543,,513.5,511.5,527.5,511.5,521.5,523.5,515.5,537.5,547,505.5,547.5,552.5
2023-04-10,485.5,521.5,512,575.5,475.5,467.5,472,464,542.5,459,592,,522,520,536,520,530,532,524,525.5,537.5,493.5,535.5,540.5
2023-04-07,485.5,521.5,512,575.5,475.5,467.5,472,464,542.5,459,612,,522,520,536,520,530,532,524,525.5,537.5,493.5,535.5,540.5
2023-04-06,488.5,516.5,500,569.5,471.5,467.5,472,464,542.5,459,612,,510,508,524,508,518,520,512,528.5,532.5,496.5,538.5,543.5
2023-04-05,486.5,517,495.5,571.5,468,467.5,466,459,542.5,464,612,,505.5,503.5,519.5,503.5,513.5,515.5,507.5,526.5,533,494.5,536.5,541.5
2023-04-04,481,514,489,569,461,467.5,469.5,462,543,463.5,619.5,,499,497,513,497,507,509,501,521,530,489,531,536
2023-04-03,480,512.5,492,571,458.5,467.5,460.5,449.5,530.5,456.5,624.5,,502,500,516,500,510,512,504,520,528.5,488,530,535
2023-03-31,446,481.5,464,538.5,429.5,422.5,445,416.5,524.5,436,619.5,,474,472,488,472,482,484,476,486,497.5,454,496,501
2023-03-30,438.5,481,458.5,531.5,418.5,397.5,443,418.5,476.5,435,624.5,,468.5,466.5,482.5,466.5,476.5,478.5,470.5,478.5,497,446.5,488.5,493.5
2023-03-29,440.5,482.5,445,531,418,397.5,441,413,506.5,432,629.5,,455,453,469,453,463,465,457,480.5,498.5,448.5,490.5,495.5
2023-03-28,441.5,483,453,526.5,411,372.5,441,403,507,426.5,646,,463,461,477,461,471,473,465,481.5,499,449.5,491.5,496.5
2023-03-27,418,468,434,503,391,372.5,434.5,393,504.5,411,645,,444,442,458,442,452,454,446,458,484,426,468,473
2023-03-24,416,460.5,435.5,509,380,377.5,430,387,505.5,401,646,,445.5,443.5,459.5,443.5,453.5,455.5,447.5,456,476.5,424,466,471
2023-03-23,415,476,436.5,513.5,386.5,377.5,432.5,395,499,405.5,643.5,,446.5,444.5,460.5,444.5,454.5,456.5,448.5,455,492,423,465,470
2023-03-22,410,485.5,435.5,506,382.5,377.5,433.5,398.5,507.5,402,658.5,,445.5,443.5,459.5,443.5,453.5,455.5,447.5,450,501.5,418,460,465
2023-03-21,410,487,436,512.5,378,372.5,426.5,391.5,493.5,398,658.5,,446,444,460,444,454,456,448,450,503,418,460,465
2023-03-20,398.5,473,424,496,377.5,377.5,426.5,398.5,498.5,397,653.5,,434,432,448,432,442,444,436,438.5,489,406.5,448.5,453.5
2023-03-17,414,488.5,440,510,386,397.5,428.5,396,493,404,629,,450,448,464,448,458,460,452,454,504.5,422,464,469
2023-03-16,416.5,484,444.5,502,382,382.5,442.5,387.5,504,402.5,658,,454.5,452.5,468.5,452.5,462.5,464.5,456.5,456.5,500,424.5,466.5,471.5
2023-03-15,436,496.5,462.5,517.5,402.5,397.5,437.5,401,506.5,417,642.5,,472.5,470.5,486.5,470.5,480.5,482.5,474.5,476,512.5,444,486,491
2023-03-14,446.5,499.5,468,527.5,409.5,412.5,444.5,410.5,516,430,647,,478,476,492,476,486,488,480,486.5,515.5,454.5,496.5,501.5
2023-03-13,454,510.5,473.5,536,419.5,412.5,449.5,414,518.5,434.5,652,,483.5,481.5,497.5,481.5,491.5,493.5,485.5,494,526.5,462,504,509
2023-03-10,442.5,507,472,516,414.5,412.5,446.5,419,521,444,642,,482,480,496,480,490,492,484,482.5,523,450.5,492.5,497.5
2023-03-09,457,512,472,542.5,432,417.5,454.5,419,511,451,637,,482,480,496,480,490,492,484,497,528,465,507,512
2023-03-08,458.5,514,479,527,432,417.5,460,423.5,528.5,453.5,642,,489,487,503,487,497,499,491,498.5,530,466.5,508.5,513.5
2023-03-07,469.5,522.5,488.5,527,433,437.5,464.5,431.5,524.5,460,646.5,,498.5,496.5,512.5,496.5,506.5,508.5,500.5,509.5,538.5,477.5,519.5,524.5
2023-03-06,471,516.5,485.5,520,424.5,412.5,469.5,423.5,524.5,460,651.5,,495.5,493.5,509.5,493.5,503.5,505.5,497.5,511,532.5,479,521,526
2023-03-03,464.5,515.5,485,510.5,413,412.5,467,426,524,452,648.5,,495,493,509,493,503,505,497,504.5,531.5,472.5,514.5,519.5
2023-03-02,459,504.5,480,521.5,414.5,405,463,417,523,443.5,655,,490,488,504,488,498,500,492,499,520.5,467,509,514
2023-03-01,447.5,492,476,509,409.5,405,463,410.5,515.5,428,655,,486,484,500,484,494,496,488,487.5,508,455.5,497.5,502.5
2023-02-28,430,475.5,457,472,403,405,450.5,411.5,510.5,408,651.5,,467,465,481,465,475,477,469,470,491.5,438,480,485
2023-02-27,428,479.5,460,497.5,404.5,405,450.5,410,510.5,430.5,651.5,,470,468,484,468,478,480,472,468,495.5,436,478,483
2023-02-24,430.5,474,459,518,408,400,446,410.5,511,445,654.5,,469,467,483,467,477,479,471,470.5,490,438.5,480.5,485.5
2023-02-23,427,480.5,459.5,480,406.5,397.5,449,410.5,510,436.5,669.5,,469.5,467.5,483.5,467.5,477.5,479.5,471.5,467,496.5,435,477,482
2023-02-22,430,484,463,523,410.5,397.5,456.5,411.5,512.5,443,669.5,,473,471,487,471,481,483,475,470,500,438,480,485
2023-02-21,431.5,487.5,465,515,411,407.5,456.5,411.5,513,453,681,,475,473,489,473,483,485,477,471.5,503.5,439.5,481.5,486.5
2023-02-20,431,483,467,499.5,412,407.5,457,415.5,510.5,446,681,,477,475,491,475,485,487,479,471,499,439,481,486
2023-02-17,429.5,481.5,482,497,405.5,402.5,462,419,516,458.5,681,,492,490,506,490,500,502,494,469.5,497.5,437.5,479.5,484.5
2023-02-16,433,484.5,485.5,506.5,416.5,404.5,462.5,418.5,515.5,449.5,681,,495.5,493.5,509.5,493.5,503.5,505.5,497.5,473,500.5,441,483,488
2023-02-15,426.5,477.5,488,479.5,409,404.5,464,414.5,520.5,449,686,,498,496,512,496,506,508,500,466.5,493.5,434.5,476.5,481.5
2023-02-14,427,482.5,485.5,483.5,405,409.5,465,419,511.5,454.5,698.5,,495.5,493.5,509.5,493.5,503.5,505.5,497.5,467,498.5,435,477,482
2023-02-13,424,475,486.5,485.5,416,409.5,463,425.5,506.5,456,689.5,,496.5,494.5,510.5,494.5,504.5,506.5,498.5,464,491,432,474,479
2023-02-10,421.5,479.5,481.5,470.5,410.5,408.5,451.5,409,501,451,692.5,,491.5,489.5,505.5,489.5,499.5,501.5,493.5,461.5,495.5,429.5,471.5,476.5
2023-02-09,416.5,476,483.5,473,411.5,408.5,457.5,407,501,432.5,687.5,,493.5,491.5,507.5,491.5,501.5,503.5,495.5,456.5,492,424.5,466.5,471.5
2023-02-08,406.5,467,474.5,475,404.5,408.5,442.5,407,501,432,687.5,,484.5,482.5,498.5,482.5,492.5,494.5,486.5,446.5,483,414.5,456.5,461.5
2023-02-07,390,455.5,466,463,388.5,376.5,446,407,496,416,696,,476,474,490,474,484,486,478,430,471.5,398,440,445
2023-02-06,384.5,444.5,454,473,380,378,445.5,390,485.5,419.5,689,,464,462,478,462,472,474,466,424.5,460.5,392.5,434.5,439.5
2023-02-03,392.5,463.5,458.5,473,386,398,448.5,396,506.5,437,685,,468.5,466.5,482.5,466.5,476.5,478.5,470.5,432.5,479.5,400.5,442.5,447.5
2023-02-02,397.5,551.5,458,470.5,394.5,405,444.5,400,506.5,433.5,688.5,,468,466,482,466,476,478,470,437.5,567.5,405.5,447.5,452.5
2023-02-01,412.5,484.5,463.5,479,405.5,405,454.5,409,506.5,444,688.5,,473.5,471.5,487.5,471.5,481.5,483.5,475.5,452.5,500.5,420.5,462.5,467.5
2023-01-31,407.5,471,461,468.5,400.5,410,445,405,527.5,434.5,686.5,,471,469,485,469,479,481,473,447.5,487,415.5,457.5,462.5
2023-01-30,423.5,481.5,473,482.5,411.5,410,450,412.5,537.5,440,686.5,,483,481,497,481,491,493,485,463.5,497.5,431.5,473.5,478.5
2023-01-27,432,489,483,476.5,417.5,430,450,418,537.5,444.5,686.5,,493,491,507,491,501,503,495,472,505,440,482,487
2023-01-26,424.5,472,483.5,488.5,412.5,405,450,415,524.5,441.5,692,,493.5,491.5,507.5,491.5,501.5,503.5,495.5,464.5,488,432.5,474.5,479.5
2023-01-25,433.5,473,469.5,488,409,405,449.5,415.5,527.5,446.5,689,,479.5,477.5,493.5,477.5,487.5,489.5,481.5,473.5,489,441.5,483.5,488.5
2023-01-24,441.5,478.5,467.5,491,411,405,455,424,533,444.5,680,,477.5,475.5,491.5,475.5,485.5,487.5,479.5,481.5,494.5,449.5,491.5,496.5
2023-01-23,424.5,475.5,459.5,488,417.5,405,458.5,426.5,537,463,685,,469.5,467.5,483.5,467.5,477.5,479.5,471.5,464.5,491.5,432.5,474.5,479.5
2023-01-20,425.5,472.5,461.5,487.5,407.5,405,456,421,520.5,456.5,702.5,,471.5,469.5,485.5,469.5,479.5,481.5,473.5,465.5,488.5,433.5,475.5,480.5
2023-01-19,411.5,463.5,442.5,479.5,402.5,395,452,420,520.5,452.5,679.5,,452.5,450.5,466.5,450.5,460.5,462.5,454.5,451.5,479.5,419.5,461.5,466.5
2023-01-18,410.5,458.5,447,479,406.5,395,454.5,416.5,520.5,462,707.5,,457,455,471,455,465,467,459,450.5,474.5,418.5,460.5,465.5
2023-01-17,405,452,434.5,483.5,396,385,447.5,416,514,453,725,,444.5,442.5,458.5,442.5,452.5,454.5,446.5,445,468,413,455,460
2023-01-16,396.5,449.5,438,466.5,394,385,439,412.5,523,446.5,707.5,,448,446,462,446,456,458,450,436.5,465.5,404.5,446.5,451.5
2023-01-13,395.5,446,436.5,466,386.5,385,434,402,495,444,710,,446.5,444.5,460.5,444.5,454.5,456.5,448.5,435.5,462,403.5,445.5,450.5
2023-01-12,391,445,436.5,475.5,380,370,435,411.5,493,423,725,,446.5,444.5,460.5,444.5,454.5,456.5,448.5,431,461,399,441,446
2023-01-11,379.5,435,426,465,374.5,370,423,389.5,471,425.5,725,,436,434,450,434,444,446,438,419.5,451,387.5,429.5,434.5
2023-01-10,379.5,436,419.5,466.5,372.5,375,420.5,386.5,457.5,417,751.5,,429.5,427.5,443.5,427.5,437.5,439.5,431.5,419.5,452,387.5,429.5,434.5
2023-01-09,382,440.5,419,465.5,373,375,423,399,457,408,749.5,,429,427,443,427,437,439,431,422,456.5,390,432,437
2023-01-06,380,442.5,414.5,458,367.5,365,418.5,391,454,423.5,742,,424.5,422.5,438.5,422.5,432.5,434.5,426.5,420,458.5,388,430,435
2023-01-05,377,442.5,408.5,467.5,373,370,430,387,461.5,444.5,749.5,,418.5,416.5,432.5,416.5,426.5,428.5,420.5,417,458.5,385,427,432
2023-01-04,379,473,436.5,473.5,375,370,433.5,400,466.5,450.5,749.5,,446.5,444.5,460.5,444.5,454.5,456.5,448.5,419,489,387,429,434
2023-01-03,408,479,447.5,480,389.5,395,448,414.5,484,473.5,753,,457.5,455.5,471.5,455.5,465.5,467.5,459.5,448,495,416,458,463
2023-01-02,404.5,464.5,442,478.5,369,395,471,398.5,463.5,479,757,,452,450,466,450,460,462,454,444.5,480.5,412.5,454.5,459.5
2022-12-30,404.5,464.5,442,478.5,374,395,471,398.5,463.5,484,757,,452,450,466,450,460,462,454,444.5,480.5,412.5,454.5,459.5
2022-12-29,403,459.5,434,478.5,385.5,395,471,406.5,463.5,479,757,,444,442,458,442,452,454,446,443,475.5,411,453,458
2022-12-28,407,474.5,439.5,484,397,395,471,413.5,463.5,480.5,761,,449.5,447.5,463.5,447.5,457.5,459.5,451.5,447,490.5,415,457,462
2022-12-27,408,481,438.5,484,459.5,390,483.5,417.5,492,479,762,,448.5,446.5,462.5,446.5,456.5,458.5,450.5,448,497,416,458,463
2022-12-26,412.5,501,438.5,479.5,437.5,390,439,412,444,458.5,762,,448.5,446.5,462.5,446.5,456.5,458.5,450.5,452.5,517,420.5,462.5,467.5
2022-12-23,412.5,501,438.5,479.5,437.5,390,439,412,444,458.5,762,,448.5,446.5,462.5,446.5,456.5,458.5,450.5,452.5,517,420.5,462.5,467.5
2022-12-22,399.5,469,432.5,484,456.5,363,459.5,405,464,459.5,762,,442.5,440.5,456.5,440.5,450.5,452.5,444.5,439.5,485,407.5,449.5,454.5
2022-12-21,382.5,456,425.5,479.5,438,363,444.5,390,449,445.5,762,,435.5,433.5,449.5,433.5,443.5,445.5,437.5,422.5,472,390.5,432.5,437.5
2022-12-20,369.5,441,419,473,447.5,350,440.5,388,444,436,767,,429,427,443,427,437,439,431,409.5,457,377.5,419.5,424.5
2022-12-19,373,437.5,409,470.5,365,350,439,388,444,445,762,,419,417,433,417,427,429,421,413,453.5,381,423,428
2022-12-16,370.5,433.5,409,470.5,364,350,433,397.5,446.5,452.5,785.5,,419,417,433,417,427,429,421,410.5,449.5,378.5,420.5,425.5
2022-12-15,382,438.5,426.5,479,370.5,365,444,405.5,449,458.5,789.5,,436.5,434.5,450.5,434.5,444.5,446.5,438.5,422,454.5,390,432,437
2022-12-14,385,437.5,420.5,475.5,371,365,423,400.5,441,459,790.5,,430.5,428.5,444.5,428.5,438.5,440.5,432.5,425,453.5,393,435,440
2022-12-13,372,433.5,416.5,475.5,364.5,355,401.5,390.5,437.5,451.5,791,,426.5,424.5,440.5,424.5,434.5,436.5,428.5,412,449.5,380,422,427
2022-12-12,365.5,411.5,411.5,465,353,355,407.5,383,437,439,788.5,,421.5,419.5,435.5,419.5,429.5,431.5,423.5,405.5,427.5,373.5,415.5,420.5
2022-12-09,374.5,441.5,430,455,361,360,398,394,441,440.5,788.5,,440,438,454,438,448,450,442,414.5,457.5,382.5,424.5,429.5
2022-12-08,368.5,418.5,412.5,473,359.5,380,389,376.5,432,430.5,790,,422.5,420.5,436.5,420.5,430.5,432.5,424.5,408.5,434.5,376.5,418.5,423.5
2022-12-07,374.5,425,420,471,354,380,384,376.5,429.5,427.5,783,,430,428,444,428,438,440,432,414.5,441,382.5,424.5,429.5
2022-12-06,375.5,432.5,422,477,363.5,380,411.5,410,454.5,455.5,794,,432,430,446,430,440,442,434,415.5,448.5,383.5,425.5,430.5
2022-12-05,391,441.5,448.5,478.5,381,380,411.5,410,454.5,467,794,,458.5,456.5,472.5,456.5,466.5,468.5,460.5,431,457.5,399,441,446
2022-12-02,392,429,447,490.5,381.5,375,423,419,457.5,465.5,812.5,,457,455,471,455,465,467,459,432,445,400,442,447
2022-12-01,391,436,447.5,467,371.5,355,418,415,458,468.5,843,,457.5,455.5,471.5,455.5,465.5,467.5,459.5,431,452,399,441,446
2022-11-30,391,429,437.5,493.5,371.5,355,423.5,411,465.5,474.5,840,,447.5,445.5,461.5,445.5,455.5,457.5,449.5,431,445,399,441,446
2022-11-29,405.5,436.5,446,488,370.5,355,428.5,401,440.5,460,861,,456,454,470,454,464,466,458,445.5,452.5,413.5,455.5,460.5
2022-11-28,390,429,453.5,488.5,367,355,455.5,401.5,442,457.5,860,,463.5,461.5,477.5,461.5,471.5,473.5,465.5,430,445,398,440,445
2022-11-25,417.5,463,467.5,506,379,380,458.5,410,459.5,462.5,854.5,,477.5,475.5,491.5,475.5,485.5,487.5,479.5,457.5,479,425.5,467.5,472.5
2022-11-24,413.5,450.5,463.5,492.5,361.5,380,454.5,405.5,457.5,483,854.5,,473.5,471.5,487.5,471.5,481.5,483.5,475.5,453.5,466.5,421.5,463.5,468.5
2022-11-23,427,472.5,477,507,387,380,464.5,415.5,462.5,480,854.5,,487,485,501,485,495,497,489,467,488.5,435,477,482
2022-11-22,426.5,469,468,502.5,391.5,410,463.5,414.5,457.5,477.5,857,,478,476,492,476,486,488,480,466.5,485,434.5,476.5,481.5
2022-11-21,421.5,462.5,473.5,501.5,399.5,410,468.5,411.5,462.5,481.5,857,,483.5,481.5,497.5,481.5,491.5,493.5,485.5,461.5,478.5,429.5,471.5,476.5
2022-11-18,429,464,478,477.5,409.5,410,472.5,402.5,480,501.5,890,,488,486,502,486,496,498,490,469,480,437,479,484
2022-11-17,432,474.5,457,500.5,412,425,474.5,429,480.5,497,843,,467,465,481,465,475,477,469,472,490.5,440,482,487
2022-11-16,436.5,484.5,469.5,515.5,425.5,425,487,445,488,496,850,,479.5,477.5,493.5,477.5,487.5,489.5,481.5,476.5,500.5,444.5,486.5,491.5
2022-11-15,429,476,447,501.5,424.5,430,485.5,440,496.5,520.5,831,,457,455,471,455,465,467,459,469,492,437,479,484
2022-11-14,436.5,481.5,445.5,518.5,435,430,476,436.5,502.5,488.5,790,,455.5,453.5,469.5,453.5,463.5,465.5,457.5,476.5,497.5,444.5,486.5,491.5
2022-11-11,433.5,474.5,448,513,433.5,430,476,431,502.5,490,770,,458,456,472,456,466,468,460,473.5,490.5,441.5,483.5,488.5
2022-11-10,417.5,470.5,436,499.5,419.5,410,473,418.5,502.5,477.5,779,,446,444,460,444,454,456,448,457.5,486.5,425.5,467.5,472.5
2022-11-09,428.5,466.5,444.5,512.5,414.5,410,470.5,439,502.5,484,770,,454.5,452.5,468.5,452.5,462.5,464.5,456.5,468.5,482.5,436.5,478.5,483.5
2022-11-08,438.5,485,461,525.5,431.5,410,479,450,518.5,482.5,768.5,,471,469,485,469,479,481,473,478.5,501,446.5,488.5,493.5
2022-11-07,433,489,461.5,520,438,410,487,461.5,481,474,768.5,,471.5,469.5,485.5,469.5,479.5,481.5,473.5,473,505,441,483,488
2022-11-04,420.5,474,450,505,409,410,468,432.5,498,455.5,768.5,,460,458,474,458,468,470,462,460.5,490,428.5,470.5,475.5
2022-11-03,406,462.5,440,504.5,396,380,468,435,497.5,457.5,745.5,,450,448,464,448,458,460,452,446,478.5,414,456,461
2022-11-02,399,464.5,446.5,503.5,395.5,380,468,430,498.5,452.5,748.5,,456.5,454.5,470.5,454.5,464.5,466.5,458.5,439,480.5,407,449,454
2022-11-01,404.5,462,436.5,504.5,389,380,463.5,428.5,495.5,440,754,,446.5,444.5,460.5,444.5,454.5,456.5,448.5,444.5,478,412.5,454.5,459.5
2022-10-31,397.5,448,426.5,495.5,383.5,380,466,414,498,430.5,749,,436.5,434.5,450.5,434.5,444.5,446.5,438.5,437.5,464,405.5,447.5,452.5
2022-10-28,400.5,454.5,431,501.5,397,380,474,462,506,431,737,,441,439,455,439,449,451,443,440.5,470.5,408.5,450.5,455.5
2022-10-27,386,447.5,425,513.5,385.5,370,469.5,426.5,500.5,427,750,,435,433,449,433,443,445,437,426,463.5,394,436,441
2022-10-26,376,437,412,501.5,378,370,465.5,428,492,416.5,712,,422,420,436,420,430,432,424,416,453,384,426,431
2022-10-25,389.5,434.5,408,505.5,377,377,452.5,448.5,487,407,692,,418,416,432,416,426,428,420,429.5,450.5,397.5,439.5,444.5
2022-10-24,387,448.5,415,482.5,385,377,462.5,449.5,493,416.5,692,,425,423,439,423,433,435,427,427,464.5,395,437,442
2022-10-21,389,449.5,417.5,494.5,375.5,377,462,450.5,496.5,404,688,,427.5,425.5,441.5,425.5,435.5,437.5,429.5,429,465.5,397,439,444
2022-10-20,388.5,456.5,435,481.5,388,390,461.5,452.5,497,415.5,694,,445,443,459,443,453,455,447,428.5,472.5,396.5,438.5,443.5
2022-10-19,376,443.5,415,482,376,390,464,454.5,499,404.5,696,,425,423,439,423,433,435,427,416,459.5,384,426,431
2022-10-18,374.5,442.5,416,475.5,374.5,380,461,444.5,497,401,665,,426,424,440,424,434,436,428,414.5,458.5,382.5,424.5,429.5
2022-10-17,371.5,440.5,419.5,473.5,381.5,380,466.5,433.5,499,405.5,669,,429.5,427.5,443.5,427.5,437.5,439.5,431.5,411.5,456.5,379.5,421.5,426.5
2022-10-14,397.5,450.5,428.5,482.5,390.5,380,497.5,446,497,413.5,679,,438.5,436.5,452.5,436.5,446.5,448.5,440.5,437.5,466.5,405.5,447.5,452.5
2022-10-13,395,445,423.5,453.5,380.5,400,497,443,507,404.5,661.5,,433.5,431.5,447.5,431.5,441.5,443.5,435.5,435,461,403,445,450
2022-10-12,407.5,455.5,436.5,475.5,402.5,400,496,446,514.5,420.5,664.5,,446.5,444.5,460.5,444.5,454.5,456.5,448.5,447.5,471.5,415.5,457.5,462.5
2022-10-11,412,460.5,438,465,406.5,420,505,459,515,438.5,684,,448,446,462,446,456,458,450,452,476.5,420,462,467
2022-10-10,420,476,460.5,493.5,430.5,420,513,448,523,454,628,,470.5,468.5,484.5,468.5,478.5,480.5,472.5,460,492,428,470,475
2022-10-07,416.5,469,439,487.5,432,430,501,448.5,499,452,703,,449,447,463,447,457,459,451,456.5,485,424.5,466.5,471.5
2022-10-06,410.5,470,434,486.5,424.5,420,496.5,439.5,492.5,451,701,,444,442,458,442,452,454,446,450.5,486,418.5,460.5,465.5
2022-10-05,395,464.5,437,483,419.5,420,486,410.5,481.5,447.5,703,,447,445,461,445,455,457,449,435,480.5,403,445,450
2022-10-04,392.5,455.5,425.5,472.5,417.5,420,467,403,474.5,439,713,,435.5,433.5,449.5,433.5,443.5,445.5,437.5,432.5,471.5,400.5,442.5,447.5
2022-10-03,385.5,454,424,472.5,416,420,467,397,464.5,432.5,686,,434,432,448,432,442,444,436,425.5,470,393.5,435.5,440.5
2022-09-30,390,453,427,479.5,416,420,450.5,410,453,431.5,724.5,,437,435,451,435,445,447,439,430,469,398,440,445
2022-09-29,397.5,457.5,424.5,482.5,426.5,398,493.5,408.5,463.5,450.5,712,,434.5,432.5,448.5,432.5,442.5,444.5,436.5,437.5,473.5,405.5,447.5,452.5
2022-09-28,386.5,440.5,411.5,467,410,398,473.5,407.5,459.5,445,737,,421.5,419.5,435.5,419.5,429.5,431.5,423.5,426.5,456.5,394.5,436.5,441.5
2022-09-27,390.5,444.5,405,467,413.5,405,496,387.5,483,429,750.5,,415,413,429,413,423,425,417,430.5,460.5,398.5,440.5,445.5
2022-09-26,399,451,422.5,453.5,414.5,405.5,493.5,400,488,445.5,743.5,,432.5,430.5,446.5,430.5,440.5,442.5,434.5,439,467,407,449,454
2022-09-23,418,450.5,431.5,468,430,425.5,519,446.5,503,464.5,770.5,,441.5,439.5,455.5,439.5,449.5,451.5,443.5,458,466.5,426,468,473
2022-09-22,404.5,465.5,435,468.5,438,425.5,519,450,508.5,453,768.5,,445,443,459,443,453,455,447,444.5,481.5,412.5,454.5,459.5
2022-09-21,409,467.5,439,476.5,441.5,425.5,516,450.5,515,454,765.5,,449,447,463,447,457,459,451,449,483.5,417,459,464
2022-09-20,410,468.5,449,478,438,425.5,517.5,462.5,516,459,789,,459,457,473,457,467,469,461,450,484.5,418,460,465
2022-09-19,406.5,464,453,476,432,425.5,519.5,463,495,462.5,791,,463,461,477,461,471,473,465,446.5,480,414.5,456.5,461.5
2022-09-16,410.5,465.5,457,476,430,425.5,520.5,467.5,518,469.5,789.5,,467,465,481,465,475,477,469,450.5,481.5,418.5,460.5,465.5
2022-09-15,411.5,480.5,459.5,496,443.5,445.5,521,473,526,484.5,789.5,,469.5,467.5,483.5,467.5,477.5,479.5,471.5,451.5,496.5,419.5,461.5,466.5
2022-09-14,419,480.5,459.5,490,438.5,431.5,530,478.5,527,489.5,798,,469.5,467.5,483.5,467.5,477.5,479.5,471.5,459,496.5,427,469,474
2022-09-13,421,484,447.5,502,448.5,431.5,526,491.5,517,497.5,768,,457.5,455.5,471.5,455.5,465.5,467.5,459.5,461,500,429,471,476
2022-09-12,420.5,478.5,469,498,447.5,425.5,522.5,486.5,525.5,497,778,,479,477,493,477,487,489,481,460.5,494.5,428.5,470.5,475.5
2022-09-09,405,467.5,460,480.5,429,425.5,511,478.5,512,483.5,797,,470,468,484,468,478,480,472,445,483.5,413,455,460
2022-09-08,397,461.5,454,492,414.5,435,511.5,478.5,520.5,484.5,798,,464,462,478,462,472,474,466,437,477.5,405,447,452
2022-09-07,438,485.5,477.5,498,428,435,517.5,495.5,540.5,496,795,,487.5,485.5,501.5,485.5,495.5,497.5,489.5,478,501.5,446,488,493
2022-09-06,454,497.5,500,521.5,435,430,531,511,551.5,520,792.5,,510,508,524,508,518,520,512,494,513.5,462,504,509
2022-09-05,460,505,502,529,463,440,526,515,552.5,517,779.5,,512,510,526,510,520,522,514,500,521,468,510,515
2022-09-02,451.5,513,514.5,526,455,410,545,515.5,559.5,525,769.5,,524.5,522.5,538.5,522.5,532.5,534.5,526.5,491.5,529,459.5,501.5,506.5
2022-09-01,447,505,507.5,535,488.5,501.5,532.5,531,549,525.5,764.5,,517.5,515.5,531.5,515.5,525.5,527.5,519.5,487,521,455,497,502
2022-08-31,476.5,523.5,528,546.5,502.5,501.5,545,541,559.5,541.5,769.5,,538,536,552,536,546,548,540,516.5,539.5,484.5,526.5,531.5
2022-08-30,509.5,560.5,568,564.5,522.5,502.5,560.5,552.5,588,559,766.5,,578,576,592,576,586,588,580,549.5,576.5,517.5,559.5,564.5
2022-08-29,512.5,568.5,562,560,529.5,542.5,569,563,572,562,776.5,,572,570,586,570,580,582,574,552.5,584.5,520.5,562.5,567.5
2022-08-26,516.5,574,567,566,532,542.5,566.5,560.5,580,551.5,775,,577,575,591,575,585,587,579,556.5,590,524.5,566.5,571.5
2022-08-25,517,570.5,560,566.5,540,555,560,550.5,572,561.5,765,,570,568,584,568,578,580,572,557,586.5,525,567,572
2022-08-24,519,579,560.5,569.5,530.5,535,576,577,572,557.5,765,,570.5,568.5,584.5,568.5,578.5,580.5,572.5,559,595,527,569,574
2022-08-23,517.5,558,563,560.5,515.5,510,579,574.5,571.5,571.5,765,,573,571,587,571,581,583,575,557.5,574,525.5,567.5,572.5
2022-08-22,512.5,560,552.5,553,517,500,587,570.5,559,565,762,,562.5,560.5,576.5,560.5,570.5,572.5,564.5,552.5,576,520.5,562.5,567.5
2022-08-19,521.5,555.5,559,543,532.5,518.5,597,573,576,575.5,774,,569,567,583,567,577,579,571,561.5,571.5,529.5,571.5,576.5
2022-08-18,510.5,562.5,551.5,542.5,539.5,526.5,601.5,570.5,556,568.5,784,,561.5,559.5,575.5,559.5,569.5,571.5,563.5,550.5,578.5,518.5,560.5,565.5
2022-08-17,513.5,565.5,546.5,541.5,512.5,513.5,598,559,568,574,779,,556.5,554.5,570.5,554.5,564.5,566.5,558.5,553.5,581.5,521.5,563.5,568.5
2022-08-16,510,567.5,536,531,515,515,612,580,564,582,777,,546,544,560,544,554,556,548,550,583.5,518,560,565
2022-08-15,526,587.5,558.5,551,522,515,619.5,595,566.5,606,777,,568.5,566.5,582.5,566.5,576.5,578.5,570.5,566,603.5,534,576,581
2022-08-12,535.5,584,551.5,551,537.5,540,629,610.5,542,610,783,,561.5,559.5,575.5,559.5,569.5,571.5,563.5,575.5,600,543.5,585.5,590.5
2022-08-11,515.5,579,519,553,525,490,623,607.5,547,607.5,780,,529,527,543,527,537,539,531,555.5,595,523.5,565.5,570.5
2022-08-10,506.5,555,513,535.5,492.5,490,618,602,535.5,590.5,778,,523,521,537,521,531,533,525,546.5,571,514.5,556.5,561.5
2022-08-09,508,552.5,503,520,494,475,618.5,602.5,536.5,600,777,,513,511,527,511,521,523,515,548,568.5,516,558,563
2022-08-08,489,549,499,516,478,475,613,610.5,534,602,778,,509,507,523,507,517,519,511,529,565,497,539,544
2022-08-05,500.5,559,515.5,516.5,482.5,490,606.5,611,536,603.5,776,,525.5,523.5,539.5,523.5,533.5,535.5,527.5,540.5,575,508.5,550.5,555.5
2022-08-04,499,561,517.5,515.5,494.5,515,607.5,616,531.5,612,781,,527.5,525.5,541.5,525.5,535.5,537.5,529.5,539,577,507,549,554
2022-08-03,503,569,533,525,501.5,515,605.5,612,543.5,614.5,786,,543,541,557,541,551,553,545,543,585,511,553,558
2022-08-02,506.5,578,504,522,506,485,605.5,623,543.5,619,793,,514,512,528,512,522,524,516,546.5,594,514.5,556.5,561.5
2022-08-01,511.5,588,531,513,502,485,598,616.5,554,622,792,,541,539,555,539,549,551,543,551.5,604,519.5,561.5,566.5
2022-07-29,507,592,532.5,518.5,490.5,485,598,610.5,556,631.5,796,,542.5,540.5,556.5,540.5,550.5,552.5,544.5,547,608,515,557,562
2022-07-28,506,610.5,527,502.5,495,465,605,623.5,568,617,798,,537,535,551,535,545,547,539,546,626.5,514,556,561
2022-07-27,483,559,512,499.5,481,465,598,611.5,556,605,793,,522,520,536,520,530,532,524,523,575,491,533,538
2022-07-26,495.5,593,504,530.5,477.5,445,595.5,607,558.5,606,797,,514,512,528,512,522,524,516,535.5,609,503.5,545.5,550.5
2022-07-25,482.5,577.5,501,532,466,445,608,604.5,556.5,600.5,786,,511,509,525,509,519,521,513,522.5,593.5,490.5,532.5,537.5
2022-07-22,479,576.5,505.5,524,481,445,618.5,583,547.5,617.5,791,,515.5,513.5,529.5,513.5,523.5,525.5,517.5,519,592.5,487,529,534
2022-07-21,485.5,577.5,513.5,530,475.5,445,623.5,593,557.5,611.5,793,,523.5,521.5,537.5,521.5,531.5,533.5,525.5,525.5,593.5,493.5,535.5,540.5
2022-07-20,488.5,592,499,529.5,477,445,628.5,598,567.5,613,793,,509,507,523,507,517,519,511,528.5,608,496.5,538.5,543.5
2022-07-19,486.5,583.5,507.5,491.5,473,445,630.5,592,575,599,799,,517.5,515.5,531.5,515.5,525.5,527.5,519.5,526.5,599.5,494.5,536.5,541.5
2022-07-18,479.5,579.5,500,489,471.5,445,622,582.5,565,598,793,,510,508,524,508,518,520,512,519.5,595.5,487.5,529.5,534.5
2022-07-15,456,562.5,473,478.5,451.5,435,609.5,564,551.5,587,794.5,,483,481,497,481,491,493,485,496,578.5,464,506,511
2022-07-14,457,564,488,485,448.5,450,606.5,563.5,550,588.5,816,,498,496,512,496,506,508,500,497,580,465,507,512
2022-07-13,471.5,556.5,494.5,504,455,450,619,566,624.5,597,817,,504.5,502.5,518.5,502.5,512.5,514.5,506.5,511.5,572.5,479.5,521.5,526.5
2022-07-12,500.5,594,516,572,490,492.5,632.5,586.5,663,608.5,818,,526,524,540,524,534,536,528,540.5,610,508.5,550.5,555.5
2022-07-11,514.5,608.5,529,605.5,499,492.5,653,604.5,681,625,823,,539,537,553,537,547,549,541,554.5,624.5,522.5,564.5,569.5
2022-07-08,513,602.5,527,605.5,503,497.5,647.5,585.5,671.5,616.5,827.5,,537,535,551,535,545,547,539,553,618.5,521,563,568
2022-07-07,491.5,574.5,500.5,584,496.5,512.5,640,594.5,666.5,609.5,826,,510.5,508.5,524.5,508.5,518.5,520.5,512.5,531.5,590.5,499.5,541.5,546.5
2022-07-06,513.5,568,549.5,594,506.5,512.5,647.5,596,671.5,646.5,827,,559.5,557.5,573.5,557.5,567.5,569.5,561.5,553.5,584,521.5,563.5,568.5
2022-07-05,555.5,606.5,576.5,609,542,542.5,683,652.5,711.5,661,858,,586.5,584.5,600.5,584.5,594.5,596.5,588.5,595.5,622.5,563.5,605.5,610.5
2022-07-04,563.5,619,584,617.5,548.5,542.5,706.5,662.5,743,675.5,864,,594,592,608,592,602,604,596,603.5,635,571.5,613.5,618.5
2022-07-01,588,646.5,614,650,566.5,592.5,724,675.5,743,680,864,,624,622,638,622,632,634,626,628,662.5,596,638,643
2022-06-30,600,675,619,653,573.5,592.5,720,675,740,681,858,,629,627,643,627,637,639,631,640,691,608,650,655
2022-06-29,610,683.5,647.5,668,588.5,592.5,730,687,754,696.5,859,,657.5,655.5,671.5,655.5,665.5,667.5,659.5,650,699.5,618,660,665
2022-06-28,607.5,663.5,635,686.5,591,580,736.5,685,780.5,704,853,,645,643,659,643,653,655,647,647.5,679.5,615.5,657.5,662.5
2022-06-27,597.5,653.5,638.5,675,578,580,728,693,771.5,690.5,853,,648.5,646.5,662.5,646.5,656.5,658.5,650.5,637.5,669.5,605.5,647.5,652.5
2022-06-24,589,645.5,630,716,573.5,580,719.5,690.5,819.5,682,849,,640,638,654,638,648,650,642,629,661.5,597,639,644
2022-06-23,584,647,627.5,725.5,585.5,580,717,684.5,827.5,686.5,853,,637.5,635.5,651.5,635.5,645.5,647.5,639.5,624,663,592,634,639
2022-06-22,579.5,655.5,629,666.5,582.5,580,735.5,691.5,830,680.5,853,,639,637,653,637,647,649,641,619.5,671.5,587.5,629.5,634.5
2022-06-21,598,668,636,673,598.5,580,725.5,692.5,829,688,858,,646,644,660,644,654,656,648,638,684,606,648,653
2022-06-20,602.5,662,632,675,592,580,728,706,820,693,848,,642,640,656,640,650,652,644,642.5,678,610.5,652.5,657.5
2022-06-17,623,690,659,691.5,639,660,740,717,823,719,848,,669,667,683,667,677,679,671,663,706,631,673,678
2022-06-16,632,691,659.5,722,640,660,747,727.5,834,717,808.5,,669.5,667.5,683.5,667.5,677.5,679.5,671.5,672,707,640,682,687
2022-06-15,622,688.5,663.5,706.5,650.5,660,746,729.5,844,731.5,858.5,,673.5,671.5,687.5,671.5,681.5,683.5,675.5,662,704.5,630,672,677
2022-06-14,647.5,703.5,686.5,703.5,656,645,751,741,850,734.5,831,,696.5,694.5,710.5,694.5,704.5,706.5,698.5,687.5,719.5,655.5,697.5,702.5
2022-06-13,614,693.5,661,704,636,645,752,742,840,732.5,833,,671,669,685,669,679,681,673,654,709.5,622,664,669
2022-06-10,610.5,679.5,662,703.5,633,640,747.5,737.5,840,731,822,,672,670,686,670,680,682,674,650.5,695.5,618.5,660.5,665.5
2022-06-09,611.5,688,663.5,694.5,639,630,754.5,738.5,834.5,731,796,,673.5,671.5,687.5,671.5,681.5,683.5,675.5,651.5,704,619.5,661.5,666.5
2022-06-08,621.5,692.5,668,713.5,643,630,742.5,732,830,734.5,800,,678,676,692,676,686,688,680,661.5,708.5,629.5,671.5,676.5
2022-06-07,628.5,696,677,756,641,645,738.5,730.5,838.5,723.5,797.5,,687,685,701,685,695,697,689,668.5,712,636.5,678.5,683.5
2022-06-06,638.5,714.5,681.5,772.5,636,645,740,718,842,708,797.5,,691.5,689.5,705.5,689.5,699.5,701.5,693.5,678.5,730.5,646.5,688.5,693.5
2022-06-03,655,729,670,793.5,668,645,745,717,809.5,729,804,,680,678,694,678,688,690,682,695,745,663,705,710
2022-06-02,640.5,711,662,769.5,647,655,735,727,809.5,712,805,,672,670,686,670,680,682,674,680.5,727,648.5,690.5,695.5
2022-06-01,643,714.5,688.5,752.5,666.5,655,725,717,811.5,713.5,803,,698.5,696.5,712.5,696.5,706.5,708.5,700.5,683,730.5,651,693,698
2022-05-31,639,734,701.5,744.5,681.5,655,711,716.5,809.5,719.5,805,,711.5,709.5,725.5,709.5,719.5,721.5,713.5,679,750,647,689,694
2022-05-30,633.5,733,688.5,738,673.5,655,714,724.5,809.5,715.5,801,,698.5,696.5,712.5,696.5,706.5,708.5,700.5,673.5,749,641.5,683.5,688.5
2022-05-27,670,727,711.5,741,678.5,675,712,722.5,809.5,706.5,811,,721.5,719.5,735.5,719.5,729.5,731.5,723.5,710,743,678,720,725
2022-05-26,651,727,712.5,739,667.5,660,707.5,718.5,812,700,826,,722.5,720.5,736.5,720.5,730.5,732.5,724.5,691,743,659,701,706
2022-05-25,663.5,737,731,740.5,665,660,704,715.5,810,702,826,,741,739,755,739,749,751,743,703.5,753,671.5,713.5,718.5
2022-05-24,655,737,731,724,657.5,655,711.5,711,815.5,699,850.5,,741,739,755,739,749,751,743,695,753,663,705,710
2022-05-23,661,746,746,734,660.5,655,708,711.5,802.5,690.5,853.5,,756,754,770,754,764,766,758,701,762,669,711,716
2022-05-20,668.5,754.5,738.5,731,648.5,655,710,714,805.5,687,853,,748.5,746.5,762.5,746.5,756.5,758.5,750.5,708.5,770.5,676.5,718.5,723.5
2022-05-19,644.5,742,717.5,734,636,645,706,702,826,681.5,853.5,,727.5,725.5,741.5,725.5,735.5,737.5,729.5,684.5,758,652.5,694.5,699.5
2022-05-18,687.5,764.5,751.5,751,651.5,645,708,724,826,692.5,852.5,,761.5,759.5,775.5,759.5,769.5,771.5,763.5,727.5,780.5,695.5,737.5,742.5
2022-05-17,719,763,765,735,662,637,710.5,728,842.5,700,852.5,,775,773,789,773,783,785,777,759,779,727,769,774
2022-05-16,681,750,741,707,637.5,637,703,729,812.5,689,852.5,,751,749,765,749,759,761,753,721,766,689,731,736
2022-05-13,677.5,733.5,742,721,627.5,635,718,719,808.5,679.5,851.5,,752,750,766,750,760,762,754,717.5,749.5,685.5,727.5,732.5
2022-05-12,657.5,733.5,728,679,613,615,704,707.5,801.5,675.5,851.5,,738,736,752,736,746,748,740,697.5,749.5,665.5,707.5,712.5
2022-05-11,669.5,728,726,740.5,614.5,615,718,714,808.5,674,851.5,,736,734,750,734,744,746,738,709.5,744,677.5,719.5,724.5
2022-05-10,706.5,742.5,732.5,726,600.5,615,738.5,719.5,811,684.5,852,,742.5,740.5,756.5,740.5,750.5,752.5,744.5,746.5,758.5,714.5,756.5,761.5
2022-05-09,740,766,772,750,630.5,615,738.5,728.5,831,698.5,852,,782,780,796,780,790,792,784,780,782,748,790,795
2022-05-06,749.5,785,781.5,774,643.5,625,740,740,819,699.5,852,,791.5,789.5,805.5,789.5,799.5,801.5,793.5,789.5,801,757.5,799.5,804.5
2022-05-05,768,794,811,759.5,635.5,625,751.5,731.5,815,701.5,852,,821,819,835,819,829,831,823,808,810,776,818,823
2022-05-04,772.5,792,824,753,634.5,642.5,739,730,805,694.5,852,,834,832,848,832,842,844,836,812.5,808,780.5,822.5,827.5
2022-05-03,767,784,811,743.5,630,647.5,720,708,775,694.5,849,,821,819,835,819,829,831,823,807,800,775,817,822
2022-05-02,772,776,797.5,751,624,647.5,730,720,775,688.5,850,,807.5,805.5,821.5,805.5,815.5,817.5,809.5,812,792,780,822,827
2022-04-29,776,777,797.5,736.5,633,647.5,719.5,714,775,682.5,851,,807.5,805.5,821.5,805.5,815.5,817.5,809.5,816,793,784,826,831
2022-04-28,745,768,795.5,730,624,642.5,727.5,718.5,777.5,685,850,,805.5,803.5,819.5,803.5,813.5,815.5,807.5,785,784,753,795,800
2022-04-27,744,774,789,747,625.5,642.5,722.5,703.5,777.5,676,851,,799,797,813,797,807,809,801,784,790,752,794,799
2022-04-26,716,751.5,747,520.5,614.5,642.5,716,720,762.5,659,852,,757,755,771,755,765,767,759,756,767.5,724,766,771
2022-04-25,717.5,732,748.5,739.5,624,642.5,716,690,762.5,672,848,,758.5,756.5,772.5,756.5,766.5,768.5,760.5,757.5,748,725.5,767.5,772.5
2022-04-22,751,745,751.5,767.5,639.5,642.5,714.5,719,780,677,863.5,,761.5,759.5,775.5,759.5,769.5,771.5,763.5,791,761,759,801,806
2022-04-21,753,767,729.5,767.5,651,637.5,733.5,716,779.5,672,864.5,,739.5,737.5,753.5,737.5,747.5,749.5,741.5,793,783,761,803,808
2022-04-20,758.5,766,727,767.5,643.5,657.5,740,718.5,778,682,863.5,,737,735,751,735,745,747,739,798.5,782,766.5,808.5,813.5
2022-04-19,779.5,771,732.5,777,640.5,637.5,730.5,717,780.5,694.5,857,,742.5,740.5,756.5,740.5,750.5,752.5,744.5,819.5,787,787.5,829.5,834.5
2022-04-18,759,762,729.5,780,636,620,732,718,773,684.5,864,,739.5,737.5,753.5,737.5,747.5,749.5,741.5,799,778,767,809,814
2022-04-15,744.5,748,729.5,769,631,620,733,708,770,665.5,864.5,,739.5,737.5,753.5,737.5,747.5,749.5,741.5,784.5,764,752.5,794.5,799.5
2022-04-14,746,748,709.5,769,631,620,733,708,770,665.5,864.5,,719.5,717.5,733.5,717.5,727.5,729.5,721.5,786,764,754,796,801
2022-04-13,735,745,696.5,755,631.5,620,716,696,768,664.5,862.5,,706.5,704.5,720.5,704.5,714.5,716.5,708.5,775,761,743,785,790
2022-04-12,693.5,728,670.5,728,632,620,699,675,762.5,650.5,906,,680.5,678.5,694.5,678.5,688.5,690.5,682.5,733.5,744,701.5,743.5,748.5
2022-04-11,692,746.5,666.5,724.5,622.5,620,697,652.5,761.5,653.5,897,,676.5,674.5,690.5,674.5,684.5,686.5,678.5,732,762.5,700,742,747
2022-04-08,682,730,667,725,622,625,684,668.5,758.5,659,897,,677,675,691,675,685,687,679,722,746,690,732,737
2022-04-07,688,733,665,725,643,675,700.5,650.5,770,675.5,895,,675,673,689,673,683,685,677,728,749,696,738,743
2022-04-06,706,745,689.5,747,667.5,675,706,667,772,682.5,897,,699.5,697.5,713.5,697.5,707.5,709.5,701.5,746,761,714,756,761
2022-04-05,700,870.5,699.5,745,663,655,713,664.5,773,690.5,900,,709.5,707.5,723.5,707.5,717.5,719.5,711.5,740,886.5,708,750,755
2022-04-04,684,864.5,680.5,735,667,655,704,658.5,718,681.5,900,,690.5,688.5,704.5,688.5,698.5,700.5,692.5,724,880.5,692,734,739
2022-04-01,670,879.5,673.5,725,647,655,696,657.5,727.5,686.5,875,,683.5,681.5,697.5,681.5,691.5,693.5,685.5,710,895.5,678,720,725
2022-03-31,677,866,674.5,768,656.5,695,714.5,691,717,698.5,918,,684.5,682.5,698.5,682.5,692.5,694.5,686.5,717,882,685,727,732
2022-03-30,682,819.5,683,754,680.5,695,716,691,717.5,703,925,,693,691,707,691,701,703,695,722,835.5,690,732,737
2022-03-29,693,812.5,681.5,723.5,685,705,731.5,722,729,720,908,,691.5,689.5,705.5,689.5,699.5,701.5,693.5,733,828.5,701,743,748
2022-03-28,694.5,823.5,690,756.5,692,705,731.5,727,729,731,908,,700,698,714,698,708,710,702,734.5,839.5,702.5,744.5,749.5
2022-03-25,690.5,820.5,676.5,769,695.5,705,696,722.5,721.5,701,911.5,,686.5,684.5,700.5,684.5,694.5,696.5,688.5,730.5,836.5,698.5,740.5,745.5
2022-03-24,706.5,818,706.5,769,700,698.5,745,750.5,746.5,736,911.5,,716.5,714.5,730.5,714.5,724.5,726.5,718.5,746.5,834,714.5,756.5,761.5
2022-03-23,680,792,667.5,758,677,648.5,728,740.5,732.5,714.5,912.5,,677.5,675.5,691.5,675.5,685.5,687.5,679.5,720,808,688,730,735
2022-03-22,665,685,667,759,663,648.5,694.5,725,716.5,705.5,923,,677,675,691,675,685,687,679,705,701,673,715,720
2022-03-21,635.5,669,644,739,661,645,676.5,715,696,716,908,,654,652,668,652,662,664,656,675.5,685,643.5,685.5,690.5
2022-03-18,612.5,635,634,726,643.5,615,670,707.5,696,696,932,,644,642,658,642,652,654,646,652.5,651,620.5,662.5,667.5
2022-03-17,614,649,636,716,628.5,620.5,654.5,683,669.5,700.5,899,,646,644,660,644,654,656,648,654,665,622,664,669
2022-03-16,614,672,646.5,712,628,620.5,673.5,696,690,705,887,,656.5,654.5,670.5,654.5,664.5,666.5,658.5,654,688,622,664,669
2022-03-15,609.5,674,651,685.5,618,650.5,668,708.5,675,715,810,,661,659,675,659,669,671,663,649.5,690,617.5,659.5,664.5
2022-03-14,654.5,698,673.5,720.5,660.5,650.5,695.5,732,709,714,825,,683.5,681.5,697.5,681.5,691.5,693.5,685.5,694.5,714,662.5,704.5,709.5
2022-03-11,661,712.5,656,706,654,660.5,708,748,731,710.5,824,,666,664,680,664,674,676,668,701,728.5,669,711,716
2022-03-10,688.5,743.5,689,775,697,759.5,702,750,750,733.5,788,,699,697,713,697,707,709,701,728.5,759.5,696.5,738.5,743.5
2022-03-09,724.5,764,733.5,771,742,759.5,767,789.5,674,771,788,,743.5,741.5,757.5,741.5,751.5,753.5,745.5,764.5,780,732.5,774.5,779.5
2022-03-08,722,764.5,707.5,715,722.5,759.5,711,755,680.5,744,827,,717.5,715.5,731.5,715.5,725.5,727.5,719.5,762,780.5,730,772,777
2022-03-07,697,735,703,805,703.5,763,711,721.5,680.5,724.5,827,,713,711,727,711,721,723,715,737,751,705,747,752
2022-03-04,619,660,620.5,681,627,608,663,674,710,679.5,775,,630.5,628.5,644.5,628.5,638.5,640.5,632.5,659,676,627,669,674
2022-03-03,621.5,643.5,628,709,620,613,666,659,651,662,775,,638,636,652,636,646,648,640,661.5,659.5,629.5,671.5,676.5
2022-03-02,588,633,587.5,681,584.5,535,647,629,628.5,638,775,,597.5,595.5,611.5,595.5,605.5,607.5,599.5,628,649,596,638,643
2022-03-01,561.5,609.5,560.5,669.5,553,555,635,611.5,621.5,631,755,,570.5,568.5,584.5,568.5,578.5,580.5,572.5,601.5,625.5,569.5,611.5,616.5
2022-02-28,557,605,553.5,664,539.5,535,619.5,614,596.5,612,725.5,,565.5,559.5,573.5,559.5,583.5,585.5,563.5,589,619,563,597,602
2022-02-25,552,600,569.5,647,544.5,526,615.5,602.5,596.5,621.5,725.5,,581.5,575.5,589.5,575.5,599.5,601.5,579.5,584,614,558,592,597
2022-02-24,558.5,622,570,666,559,536.5,611.5,593,594.5,631,720.5,,582,576,590,576,600,602,580,590.5,636,564.5,598.5,603.5
2022-02-23,539,602,544,641.5,529.5,528.5,603.5,580.5,584,612.5,726,,556,550,564,550,574,576,554,571,616,545,579,584
2022-02-22,545,600.5,555.5,658.5,541.5,548.5,605,570.5,585,611,729,,567.5,561.5,575.5,561.5,585.5,587.5,565.5,577,614.5,551,585,590
2022-02-21,525.5,584,534.5,642.5,517,520,599,544,573,607.5,717,,546.5,540.5,554.5,540.5,564.5,566.5,544.5,557.5,598,531.5,565.5,570.5
2022-02-18,526.5,577,529.5,633.5,510,500,596,544,573,594.5,717,,541.5,535.5,549.5,535.5,559.5,561.5,539.5,558.5,591,532.5,566.5,571.5
2022-02-17,528,579,532,634.5,516,512.5,599,544,573,605,717,,544,538,552,538,562,564,542,560,593,534,568,573
2022-02-16,532.5,589.5,540,652,524,519.5,601,555,568,616.5,713,,552,546,560,546,570,572,550,564.5,603.5,538.5,572.5,577.5
2022-02-15,539,590,551,629,527,523.5,599.5,509,571,618.5,712,,563,557,571,557,581,583,561,571,604,545,579,584
2022-02-14,530.5,586,545.5,630.5,527,531.5,603,543,568,623,713,,557.5,551.5,565.5,551.5,575.5,577.5,555.5,562.5,600,536.5,570.5,575.5
2022-02-11,516,584,537,628.5,514.5,516,589.5,525,554.5,617,704,,549,543,557,543,567,569,547,548,598,522,556,561
2022-02-10,513.5,579.5,541,628.5,513.5,512,593.5,525,568.5,616,699,,553,547,561,547,571,573,551,545.5,593.5,519.5,553.5,558.5
2022-02-09,513,577,539,617.5,509.5,512,588,550,558.5,615.5,700,,551,545,559,545,569,571,549,545,591,519,553,558
2022-02-08,526,587.5,542.5,620,511,498.5,587,555.5,557.5,617,699,,554.5,548.5,562.5,548.5,572.5,574.5,552.5,558,601.5,532,566,571
2022-02-07,529,591.5,544,624,517.5,516,591,562.5,554.5,619.5,704,,556,550,564,550,574,576,554,561,605.5,535,569,574
2022-02-04,526,589,544.5,627.5,520.5,516.5,588,553,546,616,703.5,,556.5,550.5,564.5,550.5,574.5,576.5,554.5,558,603,532,566,571
2022-02-03,523.5,592,534.5,616.5,508.5,511.5,586,553,546,606,685.5,,546.5,540.5,554.5,540.5,564.5,566.5,544.5,555.5,606,529.5,563.5,568.5
2022-02-02,527,576.5,537.5,614.5,510,511.5,596,550,547,604,683.5,,549.5,543.5,557.5,543.5,567.5,569.5,547.5,559,590.5,533,567,572
2022-02-01,527,576.5,531.5,615,512,513.5,596,548.5,539.5,607,676.5,,543.5,537.5,551.5,537.5,561.5,563.5,541.5,559,590.5,533,567,572
2022-01-31,527,571,538.5,611.5,516,512.5,591,548.5,539.5,606,676.5,,550.5,544.5,558.5,544.5,568.5,570.5,548.5,559,585,533,567,572
2022-01-28,526,569.5,534,595.5,518,512.5,591,558.5,543.5,604,673.5,,546,540,554,540,564,566,544,558,583.5,532,566,571
2022-01-27,518,562.5,539,601.5,511,527.5,589,540.5,536.5,587,668.5,,551,545,559,545,569,571,549,550,576.5,524,558,563
2022-01-26,512.5,555.5,534,592,506,497.5,579,538.5,533.5,585,665.5,,546,540,554,540,564,566,544,544.5,569.5,518.5,552.5,557.5
2022-01-25,500.5,546.5,511.5,584,493.5,491.5,573.5,528.5,526.5,575,655.5,,523.5,517.5,531.5,517.5,541.5,543.5,521.5,532.5,560.5,506.5,540.5,545.5
2022-01-24,505.5,551.5,525,589,490.5,491.5,565.5,520.5,527.5,573,652.5,,537,531,545,531,555,557,535,537.5,565.5,511.5,545.5,550.5
2022-01-21,504,552,519.5,581.5,491.5,488,568,514.5,527.5,578,653.5,,531.5,525.5,539.5,525.5,549.5,551.5,529.5,536,566,510,544,549
2022-01-20,505.5,549.5,501.5,587.5,493.5,491.5,568,514.5,527.5,573,648.5,,513.5,507.5,521.5,507.5,531.5,533.5,511.5,537.5,563.5,511.5,545.5,550.5
2022-01-19,503,550.5,502,585.5,492.5,491.5,551.5,528.5,531.5,581,653,,514,508,522,508,532,534,512,535,564.5,509,543,548
2022-01-18,501,540,506.5,584,488.5,490.5,552,503.5,524.5,557.5,645.5,,518.5,512.5,526.5,512.5,536.5,538.5,516.5,533,554,507,541,546
2022-01-17,497,547.5,494,612.5,478,477.5,557,548.5,531.5,554.5,653,,506,500,514,500,524,526,504,529,561.5,503,537,542
2022-01-14,480.5,533.5,476.5,575.5,471,470.5,549,533.5,511.5,519.5,653,,488.5,482.5,496.5,482.5,506.5,508.5,486.5,512.5,547.5,486.5,520.5,525.5
2022-01-13,478.5,528,475.5,567.5,468.5,471.5,532,490.5,513.5,530.5,643.5,,487.5,481.5,495.5,481.5,505.5,507.5,485.5,510.5,542,484.5,518.5,523.5
2022-01-12,478.5,530,473,568,465.5,457.5,528,488.5,511.5,519.5,618.5,,485,479,493,479,503,505,483,510.5,544,484.5,518.5,523.5
2022-01-11,464,521.5,464.5,548,458.5,448.5,521.5,486,509.5,517,618,,476.5,470.5,484.5,470.5,494.5,496.5,474.5,496,535.5,470,504,509
2022-01-10,466.5,524.5,467,549.5,453.5,451.5,517,479,504.5,507,615,,479,473,487,473,497,499,477,498.5,538.5,472.5,506.5,511.5
2022-01-07,469,518.5,470.5,536,458,458,523,486.5,509.5,494.5,615,,482.5,476.5,490.5,476.5,500.5,502.5,480.5,501,532.5,475,509,514
2022-01-06,453,520.5,460,545,453.5,453.5,515,476.5,500.5,508.5,619,,472,466,480,466,490,492,470,485,534.5,459,493,498
2022-01-05,457,517.5,458,542,446.5,446,503,471.5,499.5,494.5,615,,470,464,478,464,488,490,468,489,531.5,463,497,502
2022-01-04,458,517,454,537,443,443.5,477,456.5,488.5,477,615.5,,466,460,474,460,484,486,464,490,531,464,498,503
2022-01-03,454,511,451,529,439.5,439.5,473.5,456.5,488.5,469,614.5,,463,457,471,457,481,483,461,486,525,460,494,499
2021-12-31,461.5,513.5,453.5,528,447,439,452,448,470,423.5,601,,465.5,459.5,473.5,459.5,483.5,485.5,463.5,493.5,527.5,467.5,501.5,506.5
2021-12-30,459,514,455,531,447,440,457,449,470,427.5,606,,467,461,475,461,485,487,465,491,528,465,499,504
2021-12-29,458,512,456,528,442.5,439,452,449,470,427.5,606,,468,462,476,462,486,488,466,490,526,464,498,503
2021-12-28,454,516.5,455.5,536,444,441,462,449,470,427.5,605,,467.5,461.5,475.5,461.5,485.5,487.5,465.5,486,530.5,460,494,499
2021-12-27,438,499.5,440,529,431,430,447,449,470,427.5,601,,452,446,460,446,470,472,450,470,513.5,444,478,483
2021-12-24,438.5,494,439,516.5,431.5,430,449.5,445,470,429,601,,451,445,459,445,469,471,449,470.5,508,444.5,478.5,483.5
2021-12-23,435,512.5,437.5,528,423,424,454.5,443,480,482,604,,449.5,443.5,457.5,443.5,467.5,469.5,447.5,467,526.5,441,475,480
2021-12-22,429,480,428.5,519.5,419.5,418.5,450.5,445,470,429,601,,440.5,434.5,448.5,434.5,458.5,460.5,438.5,461,494,435,469,474
2021-12-21,418.5,478,419,521.5,417,417.5,441,426,469,451,602,,431,425,439,425,449,451,429,450.5,492,424.5,458.5,463.5
2021-12-20,420,472.5,420.5,518,408,408.5,434.5,415,465,439,601,,432.5,426.5,440.5,426.5,450.5,452.5,430.5,452,486.5,426,460,465
2021-12-17,429,470.5,429.5,524.5,421,422,436,410,479,444.5,612,,441.5,435.5,449.5,435.5,459.5,461.5,439.5,461,484.5,435,469,474
2021-12-16,424,476,432.5,528,417,417.5,448,408.5,479,444.5,615,,444.5,438.5,452.5,438.5,462.5,464.5,442.5,456,490,430,464,469
2021-12-15,423,464.5,425.5,522,412,411.5,436,408.5,479,444.5,615,,437.5,431.5,445.5,431.5,455.5,457.5,435.5,455,478.5,429,463,468
2021-12-14,427.5,482.5,431.5,539.5,415,413,426,420.5,474,446.5,627,,443.5,437.5,451.5,437.5,461.5,463.5,441.5,459.5,496.5,433.5,467.5,472.5
2021-12-13,427,484.5,433,534.5,414.5,411.5,442,413.5,474,444.5,627,,445,439,453,439,463,465,443,459,498.5,433,467,472
2021-12-10,426.5,484,427.5,530,416,412,443,425.5,467.5,454.5,633,,439.5,433.5,447.5,433.5,457.5,459.5,437.5,458.5,498,432.5,466.5,471.5
2021-12-09,430,483.5,431,545.5,417,413.5,447,423.5,467.5,443,634,,443,437,451,437,461,463,441,462,497.5,436,470,475
2021-12-08,424,481,432,522.5,412.5,410.5,433,428.5,467.5,446.5,634,,444,438,452,438,462,464,442,456,495,430,464,469
2021-12-07,418.5,480.5,432.5,519,410.5,408,433.5,432.5,477.5,436,631,,444.5,438.5,452.5,438.5,462.5,464.5,442.5,450.5,494.5,424.5,458.5,463.5
2021-12-06,409.5,472.5,423.5,514,397,392,425.5,430,467.5,422.5,633,,435.5,429.5,443.5,429.5,453.5,455.5,433.5,441.5,486.5,415.5,449.5,454.5
2021-12-03,409,471,428,524.5,394.5,390,425,438,465.5,426,627,,440,434,448,434,458,460,438,441,485,415,449,454
2021-12-02,405,471.5,422,518,387.5,384,419,435,465.5,424.5,641,,434,428,442,428,452,454,432,437,485.5,411,445,450
2021-12-01,417,474.5,439.5,508.5,398,401,425,440,466.5,430,640,,451.5,445.5,459.5,445.5,469.5,471.5,449.5,449,488.5,423,457,462
2021-11-30,424,482.5,446,511,396.5,410,423.5,438,473.5,430,638,,458,452,466,452,476,478,456,456,496.5,430,464,469
2021-11-29,436.5,497.5,451,515,409,412,447,463,493.5,441,642,,463,457,471,457,481,483,461,468.5,511.5,442.5,476.5,481.5
2021-11-26,457,528,468,529,428,419,453.5,467.5,513.5,447.5,645.5,,480,474,488,474,498,500,478,489,542,463,497,502
2021-11-25,469.5,523.5,478,521.5,444.5,439,469,476.5,513.5,450.5,647.5,,490,484,498,484,508,510,488,501.5,537.5,475.5,509.5,514.5
2021-11-24,467,520.5,480,550.5,440.5,439,470,465.5,513.5,460.5,647.5,,492,486,500,486,510,512,490,499,534.5,473,507,512
2021-11-23,453,515,472.5,543,427.5,427,470,458,500.5,453.5,643.5,,484.5,478.5,492.5,478.5,502.5,504.5,482.5,485,529,459,493,498
2021-11-22,455,513.5,475.5,543,426,425.5,465,457,497.5,461,645.5,,487.5,481.5,495.5,481.5,505.5,507.5,485.5,487,527.5,461,495,500
2021-11-19,462,514,484,551,432,426,469.5,458,505.5,463,645,,496,490,504,490,514,516,494,494,528,468,502,507
2021-11-18,457.5,512.5,479,542,431,425.5,471.5,461.5,496.5,464.5,644,,491,485,499,485,509,511,489,489.5,526.5,463.5,497.5,502.5
2021-11-17,467,513.5,484.5,546,436.5,430.5,476.5,467,505.5,466,646,,496.5,490.5,504.5,490.5,514.5,516.5,494.5,499,527.5,473,507,512
2021-11-16,469,515,488,544,440,434,478,467.5,508.5,466,643,,500,494,508,494,518,520,498,501,529,475,509,514
2021-11-15,460,511.5,479.5,526.5,429,427.5,475,469,491.5,464.5,643,,491.5,485.5,499.5,485.5,509.5,511.5,489.5,492,525.5,466,500,505
2021-11-12,464.5,516.5,485,526.5,433,433.5,478.5,474,511.5,469,640,,497,491,505,491,515,517,495,496.5,530.5,470.5,504.5,509.5
2021-11-11,466,518,489.5,535,438.5,430.5,482,477,506.5,470.5,641,,501.5,495.5,509.5,495.5,519.5,521.5,499.5,498,532,472,506,511
2021-11-10,478,524.5,503.5,539,451.5,452,482.5,474,511.5,468.5,640,,515.5,509.5,523.5,509.5,533.5,535.5,513.5,510,538.5,484,518,523
2021-11-09,473,521,502.5,532,449,449,485.5,474,512,474.5,634,,514.5,508.5,522.5,508.5,532.5,534.5,512.5,505,535,479,513,518
2021-11-08,476,521.5,505.5,549.5,447,451.5,490,470.5,513,473,632,,517.5,511.5,525.5,511.5,535.5,537.5,515.5,508,535.5,482,516,521
2021-11-05,462,521.5,487.5,558,439,443.5,480.5,462.5,515.5,468,632,,499.5,493.5,507.5,493.5,517.5,519.5,497.5,494,535.5,468,502,507
2021-11-04,467,524.5,502.5,536,443,447.5,478.5,474,508.5,471.5,628,,514.5,508.5,522.5,508.5,532.5,534.5,512.5,499,538.5,473,507,512
2021-11-03,470.5,530,506,532.5,448.5,451.5,482.5,471,515.5,473.5,632,,518,512,526,512,536,538,516,502.5,544,476.5,510.5,515.5
2021-11-02,476,539.5,519,526,457,455.5,496.5,479,531,487.5,627.5,,531,525,539,525,549,551,529,508,553.5,482,516,521
2021-11-01,485,535,507.5,523.5,464.5,465.5,489.5,478,531,490,627.5,,519.5,513.5,527.5,513.5,537.5,539.5,517.5,517,549,491,525,530
2021-10-29,474,533,515.5,538.5,465.5,466.5,494.5,480.5,531,485,626.5,,527.5,521.5,535.5,521.5,545.5,547.5,525.5,506,547,480,514,519
2021-10-28,466,549.5,505.5,538.5,459,455.5,494.5,482,531,498.5,627.5,,517.5,511.5,525.5,511.5,535.5,537.5,515.5,498,563.5,472,506,511
2021-10-27,488.5,554,523.5,539.5,470,469,494,482,531,498.5,627.5,,535.5,529.5,543.5,529.5,553.5,555.5,533.5,520.5,568,494.5,528.5,533.5
2021-10-26,495.5,567,527,540,479,479.5,498,483.5,528,503,626,,539,533,547,533,557,559,537,527.5,581,501.5,535.5,540.5
2021-10-25,501,570,528,536,482,484.5,501.5,489.5,555,501.5,626,,540,534,548,534,558,560,538,533,584,507,541,546
2021-10-22,502.5,571,526.5,542,476.5,476,503.5,486.5,556,505.5,625,,538.5,532.5,546.5,532.5,556.5,558.5,536.5,534.5,585,508.5,542.5,547.5
2021-10-21,505.5,572,531.5,541,477,474,506,487.5,556,505.5,625,,543.5,537.5,551.5,537.5,561.5,563.5,541.5,537.5,586,511.5,545.5,550.5
2021-10-20,508,572,526,535,484,484.5,507,488.5,560,503,624.5,,538,532,546,532,556,558,536,540,586,514,548,553
2021-10-19,514,571,524,532,489.5,487,503.5,486,558,505,625.5,,536,530,544,530,554,556,534,546,585,520,554,559
2021-10-18,524.5,577,537,542,491,499,505.5,478,562,501,624.5,,549,543,557,543,567,569,547,556.5,591,530.5,564.5,569.5
2021-10-15,527.5,580,536.5,544,492.5,489,503.5,471.5,559.5,499,624.5,,548.5,542.5,556.5,542.5,566.5,568.5,546.5,559.5,594,533.5,567.5,572.5
2021-10-14,522,569,531,536.5,491,490,502.5,458,519.5,492.5,620,,543,537,551,537,561,563,541,554,583,528,562,567
2021-10-13,522.5,569.5,530.5,540,490.5,492,501.5,457,519.5,495.5,620,,542.5,536.5,550.5,536.5,560.5,562.5,540.5,554.5,583.5,528.5,562.5,567.5
2021-10-12,530.5,571.5,532.5,543,491.5,485,502,455.5,523.5,494.5,615,,544.5,538.5,552.5,538.5,562.5,564.5,542.5,562.5,585.5,536.5,570.5,575.5
2021-10-11,530.5,568.5,531.5,542,489.5,488.5,500.5,453.5,519.5,493,616,,543.5,537.5,551.5,537.5,561.5,563.5,541.5,562.5,582.5,536.5,570.5,575.5
2021-10-08,519,559,520.5,546,478,477.5,499.5,452,524,492,615,,532.5,526.5,540.5,526.5,550.5,552.5,530.5,551,573,525,559,564
2021-10-07,514.5,559,514.5,554,473.5,477,500.5,444,524,493.5,615,,526.5,520.5,534.5,520.5,544.5,546.5,524.5,546.5,573,520.5,554.5,559.5
2021-10-06,522,553.5,520.5,532,477.5,473.5,493,441.5,524,493,615.5,,532.5,526.5,540.5,526.5,550.5,552.5,530.5,554,567.5,528,562,567
2021-10-05,514,548,519,527.5,475,450.5,485.5,444,514.5,487,616,,531,525,539,525,549,551,529,546,562,520,554,559
2021-10-04,498.5,528.5,502.5,503.5,453,450.5,481.5,439,514.5,482.5,616,,514.5,508.5,522.5,508.5,532.5,534.5,512.5,530.5,542.5,504.5,538.5,543.5
2021-10-01,496,524.5,497.5,500.5,447,450.5,471,423,510.5,465.5,619.5,,509.5,503.5,517.5,503.5,527.5,529.5,507.5,528,538.5,502,536,541
2021-09-30,495.5,525.5,503.5,496.5,446,451.5,460.5,443,506.5,465.5,620.5,,515.5,509.5,523.5,509.5,533.5,535.5,513.5,527.5,539.5,501.5,535.5,540.5
2021-09-29,492.5,524,498,495,444,434.5,460,416.5,510.5,465,619.5,,510,504,518,504,528,530,508,524.5,538,498.5,532.5,537.5
2021-09-28,500.5,528.5,503,503,452.5,453,458,428.5,496.5,460.5,620.5,,515,509,523,509,533,535,513,532.5,542.5,506.5,540.5,545.5
2021-09-27,493,518,497.5,501,447.5,439.5,458,420,496.5,465.5,620.5,,509.5,503.5,517.5,503.5,527.5,529.5,507.5,525,532,499,533,538
2021-09-24,486,508,483,498,436,434.5,454.5,419.5,503.5,449.5,619.5,,495,489,503,489,513,515,493,518,522,492,526,531
2021-09-23,485,504,483.5,482.5,432.5,424.5,452,419,481.5,447.5,620,,495.5,489.5,503.5,489.5,513.5,515.5,493.5,517,518,491,525,530
2021-09-22,475.5,498,481.5,476,420.5,421,444.5,414,473.5,447,618.5,,493.5,487.5,501.5,487.5,511.5,513.5,491.5,507.5,512,481.5,515.5,520.5
2021-09-21,470,494,476,475.5,417.5,423.5,438,411.5,482,442.5,617,,488,482,496,482,506,508,486,502,508,476,510,515
2021-09-20,467.5,495,477,475.5,417,417.5,444.5,406,457,443,616,,489,483,497,483,507,509,487,499.5,509,473.5,507.5,512.5
2021-09-17,474.5,497,476,478.5,421.5,421,445.5,412.5,457.5,444,620,,488,482,496,482,506,508,486,506.5,511,480.5,514.5,519.5
2021-09-16,475,493.5,478.5,478.5,419.5,415.5,447.5,412.5,460.5,444,617.5,,490.5,484.5,498.5,484.5,508.5,510.5,488.5,507,507.5,481,515,520
2021-09-15,468.5,488.5,471.5,478.5,417.5,415.5,443.5,417,457.5,443,620,,483.5,477.5,491.5,477.5,501.5,503.5,481.5,500.5,502.5,474.5,508.5,513.5
2021-09-14,469,488,471,472,415,414.5,419,414,444.5,437,618.5,,483,477,491,477,501,503,481,501,502,475,509,514
2021-09-13,469,485,469.5,485,416,413.5,453,415,473.5,441.5,616.5,,481.5,475.5,489.5,475.5,499.5,501.5,479.5,501,499,475,509,514
2021-09-10,463.5,475.5,463,471,408,406.5,437.5,409,467,438,616,,475,469,483,469,493,495,473,495.5,489.5,469.5,503.5,508.5
2021-09-09,462,469.5,459,475,410.5,408.5,438,411,444,433,615.5,,471,465,479,465,489,491,469,494,483.5,468,502,507
2021-09-08,457,469.5,457.5,468.5,409,403.5,437,418,449,430.5,615.5,,469.5,463.5,477.5,463.5,487.5,489.5,467.5,489,483.5,463,497,502
2021-09-07,451,468,445,462.5,407.5,400.5,429.5,419,447,431.5,616.5,,457,451,465,451,475,477,455,483,482,457,491,496
2021-09-06,446,463.5,444,448.5,406,406,431.5,419.5,467,433,617,,456,450,464,450,474,476,454,478,477.5,452,486,491
2021-09-03,450,458.5,449.5,458.5,412,412.5,431.5,416.5,467,431.5,617,,461.5,455.5,469.5,455.5,479.5,481.5,459.5,482,472.5,456,490,495
2021-09-02,441,451.5,444.5,457,410.5,411.5,431,420,447,430.5,619,,456.5,450.5,464.5,450.5,474.5,476.5,454.5,473,465.5,447,481,486
2021-09-01,444.5,450.5,451,458.5,408.5,406,429,412,447,431,616.5,,463,457,471,457,481,483,461,476.5,464.5,450.5,484.5,489.5
2021-08-31,447,446,450,460,412.5,412.5,429.5,410.5,446.5,429.5,616.5,,462,456,470,456,480,482,460,479,460,453,487,492
2021-08-30,446,446,450,456,408,411,428.5,410.5,448.5,428.5,618.5,,462,456,470,456,480,482,460,478,460,452,486,491
2021-08-27,435.5,441.5,453.5,452.5,405.5,405,430.5,407,430.5,422.5,620,,465.5,459.5,473.5,459.5,483.5,485.5,463.5,467.5,455.5,441.5,475.5,480.5
2021-08-26,432.5,441.5,451,449.5,403.5,402,421.5,406,446.5,420.5,618.5,,463,457,471,457,481,483,461,464.5,455.5,438.5,472.5,477.5
2021-08-25,429.5,438,441.5,445,399.5,400.5,422,401,445.5,415.5,621.5,,453.5,447.5,461.5,447.5,471.5,473.5,451.5,461.5,452,435.5,469.5,474.5
2021-08-24,421,431.5,441,437,394.5,400,422,395.5,441.5,409,619.5,,453,447,461,447,471,473,451,453,445.5,427,461,466
2021-08-23,407.5,419.5,437,410,380,374.5,411.5,388,432.5,405,619.5,,449,443,457,443,467,469,447,439.5,433.5,413.5,447.5,452.5
2021-08-20,390,419,437.5,441,379,371.5,404.5,384,418.5,397.5,613.5,,449.5,443.5,457.5,443.5,467.5,469.5,447.5,422,433,396,430,435
2021-08-19,397.5,425,402,434.5,386,381.5,401.5,388,418.5,404.5,613.5,,414,408,422,408,432,434,412,429.5,439,403.5,437.5,442.5
2021-08-18,406,429,418,442.5,393.5,390.5,416.5,389.5,424.5,404,616.5,,430,424,438,424,448,450,428,438,443,412,446,451
2021-08-17,408.5,432,419.5,448,394.5,387.5,421,392.5,424.5,402,616.5,,431.5,425.5,439.5,425.5,449.5,451.5,429.5,440.5,446,414.5,448.5,453.5
2021-08-16,412.5,431,416,450.5,396,387.5,430,399.5,424.5,402.5,616.5,,428,422,436,422,446,448,426,444.5,445,418.5,452.5,457.5
2021-08-13,412,431,424,441,403.5,399.5,438,399.5,426.5,403,616.5,,436,430,444,430,454,456,434,444,445,418,452,457
2021-08-12,415,430.5,422,441,404,401,438,393.5,426.5,408,613.5,,434,428,442,428,452,454,432,447,444.5,421,455,460
2021-08-11,413,426,420,441,402,397,438,414.5,472.5,396,613.5,,432,426,440,426,450,452,430,445,440,419,453,458
2021-08-10,409,420.5,419,441.5,401,391.5,438,417.5,472.5,393,613.5,,431,425,439,425,449,451,429,441,434.5,415,449,454
2021-08-09,414,424,416.5,447.5,395,380,433,404,467.5,397.5,613.5,,428.5,422.5,436.5,422.5,446.5,448.5,426.5,446,438,420,454,459
2021-08-06,423,432,429,451.5,410,401.5,423,405,481.5,398.5,615,,441,435,449,435,459,461,439,455,446,429,463,468
2021-08-05,413.5,437.5,419,451.5,407.5,404.5,423,413,481.5,411.5,615,,431,425,439,425,449,451,429,445.5,451.5,419.5,453.5,458.5
2021-08-04,424,439.5,436,448.5,407.5,394.5,424,417.5,481.5,415,614,,448,442,456,442,466,468,446,456,453.5,430,464,469
2021-08-03,426,443.5,441.5,456.5,414,414.5,432,419,481,423.5,613,,453.5,447.5,461.5,447.5,471.5,473.5,451.5,458,457.5,432,466,471
2021-08-02,433,450.5,447,463.5,418.5,414.5,432,423.5,481,425,613,,459,453,467,453,477,479,457,465,464.5,439,473,478
2021-07-30,434.5,448,447,462.5,423,424.5,437,431.5,481,424.5,613,,459,453,467,453,477,479,457,466.5,462,440.5,474.5,479.5
2021-07-29,427,444.5,446,456.5,418,417,437,428,481,426,613,,458,452,466,452,476,478,456,459,458.5,433,467,472
2021-07-28,424,441.5,446.5,451.5,414,414,432.5,426,457.5,423.5,612.5,,458.5,452.5,466.5,452.5,476.5,478.5,456.5,456,455.5,430,464,469
2021-07-27,421.5,440,443.5,451.5,411.5,410.5,431.5,422,453.5,422.5,612.5,,455.5,449.5,463.5,449.5,473.5,475.5,453.5,453.5,454,427.5,461.5,466.5
2021-07-26,417,438.5,439.5,447.5,412,402,430,417,450.5,420.5,611.5,,451.5,445.5,459.5,445.5,469.5,471.5,449.5,449,452.5,423,457,462
2021-07-23,421,441,437.5,447.5,409,399,430.5,412,450.5,422.5,601.5,,449.5,443.5,457.5,443.5,467.5,469.5,447.5,453,455,427,461,466
2021-07-22,413.5,441.5,438.5,447.5,405,417,425.5,404,450.5,414.5,601.5,,450.5,444.5,458.5,444.5,468.5,470.5,448.5,445.5,455.5,419.5,453.5,458.5
2021-07-21,405,434,432,440,396,408,426,405.5,440.5,410.5,586,,444,438,452,438,462,464,442,437,448,411,445,450
2021-07-20,411.5,435.5,439.5,445.5,390.5,402.5,416.5,406,431.5,409,586,,451.5,445.5,459.5,445.5,469.5,471.5,449.5,443.5,449.5,417.5,451.5,456.5
2021-07-19,417,437,437.5,450,403,402.5,419,413.5,442.5,426.5,585,,449.5,443.5,457.5,443.5,467.5,469.5,447.5,449,451,423,457,462
2021-07-16,419,438.5,442,450,408,411,424,417.5,442.5,433.5,585,,454,448,462,448,472,474,452,451,452.5,425,459,464
2021-07-15,422.5,441.5,443.5,450,410.5,411,429,421,442.5,437.5,585,,455.5,449.5,463.5,449.5,473.5,475.5,453.5,454.5,455.5,428.5,462.5,467.5
2021-07-14,431,446.5,449.5,456.5,418,422,429.5,420.5,442.5,435.5,586,,461.5,455.5,469.5,455.5,479.5,481.5,459.5,463,460.5,437,471,476
2021-07-13,426.5,445.5,445.5,450,417.5,417.5,428,422.5,444.5,441.5,585,,457.5,451.5,465.5,451.5,475.5,477.5,455.5,458.5,459.5,432.5,466.5,471.5
2021-07-12,424,443,443,443,409,412.5,428.5,420,447.5,434,578,,455,449,463,449,473,475,453,456,457,430,464,469
2021-07-09,421,445.5,443,436,413.5,410.5,423.5,418,444.5,429,567.5,,455,449,463,449,473,475,453,453,459.5,427,461,466
2021-07-08,416,437.5,438,436,408,400.5,428,420.5,447.5,428,577,,450,444,458,444,468,470,448,448,451.5,422,456,461
2021-07-07,427.5,449.5,444,453,410,415.5,430,423,451.5,427,566.5,,456,450,464,450,474,476,454,459.5,463.5,433.5,467.5,472.5
2021-07-06,439.5,453.5,449.5,462,419,420.5,428,423,449.5,440.5,580,,461.5,455.5,469.5,455.5,479.5,481.5,459.5,471.5,467.5,445.5,479.5,484.5
2021-07-05,435,458.5,445,451,427,424.5,434,421,451,446,573,,457,451,465,451,475,477,455,467,472.5,441,475,480
2021-07-02,433.5,457.5,440.5,458,422.5,422.5,432,425.5,456,438.5,575,,452.5,446.5,460.5,446.5,470.5,472.5,450.5,465.5,471.5,439.5,473.5,478.5
2021-07-01,432,447.5,432,454,424.5,425,432,424,456,437.5,565,,444,438,452,438,462,464,442,464,461.5,438,472,477
2021-06-30,425.5,441.5,429,451,415,414.5,434,419,451,434.5,569.5,,441,435,449,435,459,461,439,457.5,455.5,431.5,465.5,470.5
2021-06-29,425,441.5,429.5,453,417,417,433,417.5,442.5,433.5,555,,441.5,435.5,449.5,435.5,459.5,461.5,439.5,457,455.5,431,465,470
2021-06-28,432.5,446,434,458.5,419.5,420,435.5,419.5,462.5,436,554,,446,440,454,440,464,466,444,464.5,460,438.5,472.5,477.5
2021-06-25,429,442.5,435.5,452.5,417,420,428.5,420,459.5,431.5,554,,447.5,441.5,455.5,441.5,465.5,467.5,445.5,461,456.5,435,469,474
2021-06-24,426.5,441,429,453.5,414.5,410.5,428.5,419.5,459.5,431.5,554,,441,435,449,435,459,461,439,458.5,455,432.5,466.5,471.5
2021-06-23,425.5,437.5,429.5,453.5,414,416,428.5,418.5,459.5,429.5,554,,441.5,435.5,449.5,435.5,459.5,461.5,439.5,457.5,451.5,431.5,465.5,470.5
2021-06-22,422.5,434.5,426.5,453.5,407,404.5,420,411,461.5,422.5,553,,438.5,432.5,446.5,432.5,456.5,458.5,436.5,454.5,448.5,428.5,462.5,467.5
2021-06-21,414.5,434,422,453.5,405,404.5,420,412,453.5,423,551,,434,428,442,428,452,454,432,446.5,448,420.5,454.5,459.5
2021-06-18,414.5,431.5,418.5,446,402.5,401.5,413.5,411,453,419.5,552,,430.5,424.5,438.5,424.5,448.5,450.5,428.5,446.5,445.5,420.5,454.5,459.5
2021-06-17,421.5,436.5,424.5,461,410.5,410.5,420.5,404.5,453.5,422.5,552,,436.5,430.5,444.5,430.5,454.5,456.5,434.5,453.5,450.5,427.5,461.5,466.5
2021-06-16,422,437,423,441,408,408.5,422.5,423,449.5,423.5,552,,435,429,443,429,453,455,433,454,451,428,462,467
2021-06-15,412,434,419.5,474,405,407.5,415,431,456,419.5,552,,431.5,425.5,439.5,425.5,449.5,451.5,429.5,444,448,418,452,457
2021-06-14,411,433,419,446,405.5,404.5,414.5,400.5,452,420,551.5,,431,425,439,425,449,451,429,443,447,417,451,456
2021-06-11,403.5,430,418,446,399,402,414.5,400.5,453,419.5,551,,430,424,438,424,448,450,428,435.5,444,409.5,443.5,448.5
2021-06-10,407,427.5,418,447,396,403.5,414,402.5,449,414.5,552.5,,430,424,438,424,448,450,428,439,441.5,413,447,452
2021-06-09,407.5,429.5,422.5,450,399.5,401,413,400.5,453,415,549.5,,434.5,428.5,442.5,428.5,452.5,454.5,432.5,439.5,443.5,413.5,447.5,452.5
2021-06-08,400.5,426.5,414.5,447.5,395.5,397.5,412,397,452,413,548,,426.5,420.5,434.5,420.5,444.5,446.5,424.5,432.5,440.5,406.5,440.5,445.5
2021-06-07,406.5,433,418,451,397.5,397,412,398,450.5,414,549,,430,424,438,424,448,450,428,438.5,447,412.5,446.5,451.5
2021-06-04,408,436,418.5,450.5,398.5,402.5,412,394,452,412.5,550,,430.5,424.5,438.5,424.5,448.5,450.5,428.5,440,450,414,448,453
2021-06-03,408.5,431.5,414.5,449,396,398.5,408,393,445.5,412.5,548,,426.5,420.5,434.5,420.5,444.5,446.5,424.5,440.5,445.5,414.5,448.5,453.5
2021-06-02,402,425.5,406,443.5,396,393,406.5,392,441.5,414,550,,418,412,426,412,436,438,416,434,439.5,408,442,447
2021-06-01,399.5,420,406.5,439,393.5,392,403,387,437,412,541,,418.5,412.5,426.5,412.5,436.5,438.5,416.5,431.5,434,405.5,439.5,444.5
2021-05-31,390.5,414,395.5,429,389,388.5,401.5,388,431,409,543.5,,407.5,401.5,415.5,401.5,425.5,427.5,405.5,422.5,428,396.5,430.5,435.5
2021-05-28,387.5,408.5,393,427.5,386.5,389,401.5,387.5,436,405.5,543.5,,405,399,413,399,423,425,403,419.5,422.5,393.5,427.5,432.5
2021-05-27,383,406.5,389.5,425.5,375.5,378.5,396.5,382.5,415.5,400,536,,401.5,395.5,409.5,395.5,419.5,421.5,399.5,415,420.5,389,423,428
2021-05-26,379.5,406.5,389.5,425,374,376.5,395.5,381.5,433.5,404,536,,401.5,395.5,409.5,395.5,419.5,421.5,399.5,411.5,420.5,385.5,419.5,424.5
2021-05-25,378,407,391,424,373.5,375.5,394.5,379.5,433,401.5,535,,403,397,411,397,421,423,401,410,421,384,418,423
2021-05-24,373.5,408,387,421,370.5,377,390.5,375.5,426,397.5,535,,399,393,407,393,417,419,397,405.5,422,379.5,413.5,418.5
2021-05-21,367,405,380.5,417.5,365.5,366,389,376,426,397,532,,392.5,386.5,400.5,386.5,410.5,412.5,390.5,399,419,373,407,412
2021-05-20,371.5,406,387,418.5,367,368.5,385.5,377.5,429,395.5,533,,399,393,407,393,417,419,397,403.5,420,377.5,411.5,416.5
2021-05-19,373.5,409.5,387.5,418.5,371.5,373.5,388,379.5,432,397.5,532,,399.5,393.5,407.5,393.5,417.5,419.5,397.5,405.5,423.5,379.5,413.5,418.5
2021-05-18,385,411,397.5,426,383.5,383.5,399.5,391.5,445,405,537.5,,409.5,403.5,417.5,403.5,427.5,429.5,407.5,417,425,391,425,430
2021-05-17,385.5,411.5,396.5,426,380,383.5,397,392.5,443,408.5,533,,408.5,402.5,416.5,402.5,426.5,428.5,406.5,417.5,425.5,391.5,425.5,430.5
2021-05-14,386,409,393.5,424.5,381,381,391,386,442,404,533,,405.5,399.5,413.5,399.5,423.5,425.5,403.5,418,423,392,426,431
2021-05-13,393,418.5,401.5,425.5,384,382.5,394.5,389.5,447,403.5,544,,413.5,407.5,421.5,407.5,431.5,433.5,411.5,425,432.5,399,433,438
2021-05-12,394.5,422.5,405,429,389,390,396,390.5,442,407.5,535,,417,411,425,411,435,437,415,426.5,436.5,400.5,434.5,439.5
2021-05-11,387.5,420,399.5,431.5,382.5,381.5,396,389.5,446,407.5,528.5,,411.5,405.5,419.5,405.5,429.5,431.5,409.5,419.5,434,393.5,427.5,432.5
2021-05-10,396,425.5,404.5,436.5,388.5,387.5,398,392.5,434,406.5,534.5,,416.5,410.5,424.5,410.5,434.5,436.5,414.5,428,439.5,402,436,441
2021-05-07,393,425,402,437,390,388,397,389,441,408,527,,414,408,422,408,432,434,412,425,439,399,433,438
2021-05-06,400.5,427.5,406.5,436.5,390,390.5,401.5,392.5,434,411.5,519.5,,418.5,412.5,426.5,412.5,436.5,438.5,416.5,432.5,441.5,406.5,440.5,445.5
2021-05-05,404.5,427.5,404.5,436.5,396.5,393,401.5,389.5,437,410.5,517,,416.5,410.5,424.5,410.5,434.5,436.5,414.5,436.5,441.5,410.5,444.5,449.5
2021-05-04,397.5,421,400.5,430,390,390,396.5,385,422.5,408.5,507,,412.5,406.5,420.5,406.5,430.5,432.5,410.5,429.5,435,403.5,437.5,442.5
2021-05-03,396.5,417,398,434,384.5,380,402,386.5,424,412.5,511,,410,404,418,404,428,430,408,428.5,431,402.5,436.5,441.5
2021-04-30,397.5,413,401.5,428,386,380,396,380,419,402.5,511,,413.5,407.5,421.5,407.5,431.5,433.5,411.5,429.5,427,403.5,437.5,442.5
2021-04-29,396,414.5,399,427,383.5,375,398.5,383.5,417,403.5,505,,411,405,419,405,429,431,409,428,428.5,402,436,441
2021-04-28,390.5,408,393.5,422.5,378.5,375,395,379.5,412,401,511,,405.5,399.5,413.5,399.5,423.5,425.5,403.5,422.5,422,396.5,430.5,435.5
2021-04-27,387.5,406.5,398,418,374,372,393.5,379.5,410.5,403,505,,410,404,418,404,428,430,408,419.5,420.5,393.5,427.5,432.5
2021-04-26,384,403.5,395.5,415.5,373.5,370,392,377,411,404,508.5,,407.5,401.5,415.5,401.5,425.5,427.5,405.5,416,417.5,390,424,429
2021-04-23,393,411,398.5,424,378.5,373.5,398.5,377.5,417,407,508.5,,410.5,404.5,418.5,404.5,428.5,430.5,408.5,425,425,399,433,438
2021-04-22,391.5,407.5,397,423.5,375.5,373,396.5,376,419,412,505,,409,403,417,403,427,429,407,423.5,421.5,397.5,431.5,436.5
2021-04-21,394.5,406.5,404,424,378.5,374,399,380,419,416,506.5,,416,410,424,410,434,436,414,426.5,420.5,400.5,434.5,439.5
2021-04-20,400.5,406,407,422.5,392,386.5,393,381,410,427.5,505,,419,413,427,413,437,439,417,432.5,420,406.5,440.5,445.5
2021-04-19,396,405,404,422.5,390,383.5,395,378.5,410,425.5,506.5,,416,410,424,410,434,436,414,428,419,402,436,441
2021-04-16,399,406,405.5,422.5,387.5,384,393.5,378,405,413.5,511.5,,417.5,411.5,425.5,411.5,435.5,437.5,415.5,431,420,405,439,444
2021-04-15,391.5,409,401,420.5,384.5,375.5,390.5,371,405,407,510,,413,407,421,407,431,433,411,423.5,423,397.5,431.5,436.5
2021-04-14,383,399,383.5,414.5,367.5,362.5,383,366,405,395,511.5,,395.5,389.5,403.5,389.5,413.5,415.5,393.5,415,413,389,423,428
2021-04-13,371.5,397,379,408.5,359,359,381,361,407,387,504,,391,385,399,385,409,411,389,403.5,411,377.5,411.5,416.5
2021-04-12,369.5,395,377,408,357,356,381,360,407,386,515.5,,389,383,397,383,407,409,387,401.5,409,375.5,409.5,414.5
2021-04-09,366,393.5,373,409.5,353,348.5,381,361,406.5,387,511,,385,379,393,379,403,405,383,398,407.5,372,406,411
2021-04-08,368,396.5,378,409.5,355.5,353.5,378,361.5,405,384,511,,390,384,398,384,408,410,388,400,410.5,374,408,413
2021-04-07,368.5,400,375.5,409.5,354,353.5,380.5,357.5,398.5,383.5,518,,387.5,381.5,395.5,381.5,405.5,407.5,385.5,400.5,414,374.5,408.5,413.5
2021-04-06,371,403,374.5,414,355,355.5,381,359.5,426.5,383,516,,386.5,380.5,394.5,380.5,404.5,406.5,384.5,403,417,377,411,416
2021-04-05,378,406,379.5,416,366,366.5,379,360,427.5,382.5,528,,391.5,385.5,399.5,385.5,409.5,411.5,389.5,410,420,384,418,423
2021-04-02,383,402.5,390.5,419,369.5,368,385.5,361,402.5,384,537,,402.5,396.5,410.5,396.5,420.5,422.5,400.5,415,416.5,389,423,428
2021-04-01,376.5,406.5,385.5,414,365.5,364.5,386.5,361.5,426.5,384,537,,397.5,391.5,405.5,391.5,415.5,417.5,395.5,408.5,420.5,382.5,416.5,421.5
2021-03-31,382,407,393.5,419,367.5,366.5,385.5,359,431.5,383,537,,405.5,399.5,413.5,399.5,423.5,425.5,403.5,414,421,388,422,427
2021-03-30,386,410,397.5,422,373,367,390.5,361,458,384,536,,409.5,403.5,417.5,403.5,427.5,429.5,407.5,418,424,392,426,431
2021-03-29,382,409,393.5,422,369.5,367,393.5,361,458,382,543,,405.5,399.5,413.5,399.5,423.5,425.5,403.5,414,423,388,422,427
2021-03-26,378.5,411.5,392.5,418,368,370.5,387,355,432.5,382,543,,404.5,398.5,412.5,398.5,422.5,424.5,402.5,410.5,425.5,384.5,418.5,423.5
2021-03-25,383,403.5,395.5,425.5,363,359,379,356.5,433.5,381,551,,407.5,401.5,415.5,401.5,425.5,427.5,405.5,415,417.5,389,423,428
2021-03-24,379,411,389.5,424,365.5,364,388,360,432.5,388,542,,401.5,395.5,409.5,395.5,419.5,421.5,399.5,411,425,385,419,424
2021-03-23,388.5,416,399.5,432.5,371,387,383.5,364,435,390.5,551,,411.5,405.5,419.5,405.5,429.5,431.5,409.5,420.5,430,394.5,428.5,433.5
2021-03-22,403.5,422.5,399.5,437,381.5,387,397.5,368,449.5,392.5,547,,411.5,405.5,419.5,405.5,429.5,431.5,409.5,435.5,436.5,409.5,443.5,448.5
2021-03-19,401.5,424.5,395.5,435,379,375,391,371.5,462.5,396,546,,407.5,401.5,415.5,401.5,425.5,427.5,405.5,433.5,438.5,407.5,441.5,446.5
2021-03-18,412,430.5,408.5,441,389.5,389.5,397,386,451.5,399,556,,420.5,414.5,428.5,414.5,438.5,440.5,418.5,444,444.5,418,452,457
2021-03-17,418,434,414,445,394,393.5,410.5,391,462.5,406.5,556,,426,420,434,420,444,446,424,450,448,424,458,463
2021-03-16,417.5,437.5,415.5,448,395,389.5,413,393.5,465,412.5,551,,427.5,421.5,435.5,421.5,445.5,447.5,425.5,449.5,451.5,423.5,457.5,462.5
2021-03-15,423.5,442.5,420,453,396.5,395,415,392.5,469.5,411,556,,432,426,440,426,450,452,430,455.5,456.5,429.5,463.5,468.5
2021-03-12,421,439,417.5,451.5,395,392,416,393,467,411.5,556,,429.5,423.5,437.5,423.5,447.5,449.5,427.5,453,453,427,461,466
2021-03-11,418.5,435,414,450.5,392,392.5,414.5,393.5,470,412.5,556,,426,420,434,420,444,446,424,450.5,449,424.5,458.5,463.5
2021-03-10,413,428.5,407,447.5,390,390.5,413,391,467,409.5,556.5,,419,413,427,413,437,439,417,445,442.5,419,453,458
2021-03-09,420.5,435,414,448,396.5,393.5,412.5,391,468.5,412.5,556,,426,420,434,420,444,446,424,452.5,449,426.5,460.5,465.5
2021-03-08,426,438,417,451,400.5,401,416,389.5,470,411.5,556.5,,429,423,437,423,447,449,427,458,452,432,466,471
2021-03-05,407.5,424,410,432.5,396,391.5,415,385,460.5,403,554,,422,416,430,416,440,442,420,439.5,438,413.5,447.5,452.5
2021-03-04,393.5,410.5,397.5,430.5,380,373.5,401,377,444,396,551,,409.5,403.5,417.5,403.5,427.5,429.5,407.5,425.5,424.5,399.5,433.5,438.5
2021-03-03,389,406.5,395.5,429.5,374.5,371,393.5,375.5,438.5,389.5,551,,407.5,401.5,415.5,401.5,425.5,427.5,405.5,421,420.5,395,429,434
2021-03-02,388.5,408.5,398,435.5,374,368.5,393,376.5,440.5,390,551,,410,404,418,404,428,430,408,420.5,422.5,394.5,428.5,433.5
2021-03-01,400.5,419.5,406,442,382.5,376.5,393.5,381.5,444,392,550,,418,412,426,412,436,438,416,432.5,433.5,406.5,440.5,445.5
2021-02-26,401.5,418.5,407.5,446.5,385,382.5,398.5,384.5,446.5,396,547,,419.5,413.5,427.5,413.5,437.5,439.5,417.5,433.5,432.5,407.5,441.5,446.5
2021-02-25,404,423,407.5,448,386,,395,386,444,395,545,,419.5,413.5,427.5,413.5,437.5,439.5,417.5,436,437,410,444,449
2021-02-24,394.5,410.5,403,440.5,373.5,374.5,395,379,438.5,396,545,,415,409,423,409,433,435,413,426.5,424.5,400.5,434.5,439.5
2021-02-23,396.5,413,404.5,453.5,369,369,389.5,376,434,392,540,,416.5,410.5,424.5,410.5,434.5,436.5,414.5,428.5,427,402.5,436.5,441.5
2021-02-22,383.5,401.5,397,443.5,365,368,386.5,369,428.5,391,540,,409,403,417,403,427,429,407,415.5,415.5,389.5,423.5,428.5
2021-02-19,386.5,406.5,392,446.5,363.5,366.5,384,368.5,431,388,529,,404,398,412,398,422,424,402,418.5,420.5,392.5,426.5,431.5
2021-02-18,393.5,407,399.5,447,370,371,385,365.5,432.5,389.5,546,,411.5,405.5,419.5,405.5,429.5,431.5,409.5,425.5,421,399.5,433.5,438.5
2021-02-17,391,406,387.5,434,366.5,367,384,361,431.5,386,546,,399.5,393.5,407.5,393.5,417.5,419.5,397.5,423,420,397,431,436
2021-02-16,394,409,388.5,435.5,366.5,,382.5,351.5,429.5,383,529,,400.5,394.5,408.5,394.5,418.5,420.5,398.5,426,423,400,434,439
2021-02-15,388,408.5,384.5,437,365.5,365,382,340,430,379.5,529,,396.5,390.5,404.5,390.5,414.5,416.5,394.5,420,422.5,394,428,433
2021-02-12,379.5,403.5,377,425.5,356.5,356.5,377,337.5,423.5,374.5,526,,389,383,397,383,407,409,387,411.5,417.5,385.5,419.5,424.5
2021-02-11,379,407,377.5,425.5,357,356.5,375.5,337.5,423.5,371,525,,389.5,383.5,397.5,383.5,407.5,409.5,387.5,411,421,385,419,424
2021-02-10,378,408,375.5,428,359.5,361,374.5,337,423.5,371.5,525,,387.5,381.5,395.5,381.5,405.5,407.5,385.5,410,422,384,418,423
2021-02-09,379.5,407,375,426,358.5,360,373.5,336,420,368,525,,387,381,395,381,405,407,385,411.5,421,385.5,419.5,424.5
2021-02-08,377,404,370.5,429,354,350.5,371,335,414.5,363,525,,382.5,376.5,390.5,376.5,400.5,402.5,380.5,409,418,383,417,422
2021-02-05,371,401,368,415.5,346,349,368,329.5,416,364,520,,380,374,388,374,398,400,378,403,415,377,411,416
2021-02-04,367.5,397.5,365.5,426.5,344,343.5,365.5,328.5,407.5,361,518,,377.5,371.5,385.5,371.5,395.5,397.5,375.5,399.5,411.5,373.5,407.5,412.5
2021-02-03,364,395.5,360.5,422,342.5,341.5,359.5,327.5,402,359.5,518,,372.5,366.5,380.5,366.5,390.5,392.5,370.5,396,409.5,370,404,409
2021-02-02,357.5,392,354,416,341,340.5,357,323.5,399.5,352,510,,366,360,374,360,384,386,364,389.5,406,363.5,397.5,402.5
2021-02-01,350,387,349.5,420,327.5,325.5,354,320,399,351.5,510,,361.5,355.5,369.5,355.5,379.5,381.5,359.5,382,401,356,390,395
2021-01-29,352.5,383,347.5,428,326,327,353,318.5,377,351,509,,359.5,353.5,367.5,353.5,377.5,379.5,357.5,384.5,397,358.5,392.5,397.5
2021-01-28,352,385,348.5,426,328,329,354,320,431.5,352,509,,360.5,354.5,368.5,354.5,378.5,380.5,358.5,384,399,358,392,397
2021-01-27,350.5,389,351.5,419,327.5,327,348.5,318.5,398,353,509,,363.5,357.5,371.5,357.5,381.5,383.5,361.5,382.5,403,356.5,390.5,395.5
2021-01-26,348,387.5,349.5,408,327.5,330.5,348.5,320,395,347,509,,361.5,355.5,369.5,355.5,379.5,381.5,359.5,380,401.5,354,388,393
2021-01-25,347,390.5,348.5,408,324,326,349,321,395.5,353,509,,360.5,354.5,368.5,354.5,378.5,380.5,358.5,379,404.5,353,387,392
2021-01-22,345.5,390.5,348,407.5,324,326.5,349,322,396,352,502,,360,354,368,354,378,380,358,377.5,404.5,351.5,385.5,390.5
2021-01-21,348.5,394.5,350.5,407,326.5,324.5,350,322,396,351,500,,362.5,356.5,370.5,356.5,380.5,382.5,360.5,380.5,408.5,354.5,388.5,393.5
2021-01-20,351.5,397,353.5,409,328,328,349.5,321.5,394.5,349,500,,365.5,359.5,373.5,359.5,383.5,385.5,363.5,383.5,411,357.5,391.5,396.5
2021-01-19,347,394.5,349.5,401,330.5,333.5,347,319,392,346.5,500,,361.5,355.5,369.5,355.5,379.5,381.5,359.5,379,408.5,353,387,392
2021-01-18,346,390,346,402,326.5,328,348.5,324,393,348,500,,358,352,366,352,376,378,356,378,404,352,386,391
2021-01-15,351.5,394.5,350.5,406,332,335.5,351.5,325.5,395.5,350,501,,362.5,356.5,370.5,356.5,380.5,382.5,360.5,383.5,408.5,357.5,391.5,396.5
2021-01-14,352,395,353,402,338,335.5,353,325.5,395.5,351,491,,365,359,373,359,383,385,363,384,409,358,392,397
2021-01-13,355.5,398,353.5,389,338.5,335,352.5,325.5,392.5,350.5,491,,365.5,359.5,373.5,359.5,383.5,385.5,363.5,387.5,412,361.5,395.5,400.5
2021-01-12,351.5,393,350.5,377,340,337,349.5,324.5,389.5,348.5,491,,362.5,356.5,370.5,356.5,380.5,382.5,360.5,383.5,407,357.5,391.5,396.5
2021-01-11,349.5,388.5,347.5,374,334,331.5,350,321,389.5,348,491,,359.5,353.5,367.5,353.5,377.5,379.5,357.5,381.5,402.5,355.5,389.5,394.5
2021-01-08,338.5,386,344.5,371.5,327,329.5,344,317,383.5,341.5,466,,356.5,350.5,364.5,350.5,374.5,376.5,354.5,370.5,400,344.5,378.5,383.5
2021-01-07,346.5,380,344.5,371.5,321.5,319,342,313.5,380.5,342.5,456,,356.5,350.5,364.5,350.5,374.5,376.5,354.5,378.5,394,352.5,386.5,391.5
2021-01-06,343.5,380,334.5,362,313,318,332,306.5,373,339.5,456,,346.5,340.5,354.5,340.5,364.5,366.5,344.5,375.5,394,349.5,383.5,388.5
2021-01-05,325.5,366.5,327,347.5,305,292,330,302.5,370.5,339.5,456,,339,333,347,333,357,359,337,357.5,380.5,331.5,365.5,370.5
2021-01-04,333,377,330.5,351,307,308,325,302.5,367.5,335.5,456,,342.5,336.5,350.5,336.5,360.5,362.5,340.5,365,391,339,373,378
2021-01-01,324,372,324.5,347.5,,,328,305.5,370,333.5,451,,336.5,330.5,344.5,330.5,354.5,356.5,334.5,356,386,330,364,369
2020-12-31,324,372,324.5,347.5,,,328,305.5,370,333.5,451,,336.5,330.5,344.5,330.5,354.5,356.5,334.5,356,386,330,364,369
2020-12-30,328,367.5,324,347.5,307.5,309.5,326,301,368.5,330,456,,336,330,344,330,354,356,334,360,381.5,334,368,373
2020-12-29,327.5,370,324,347,310.5,310.5,326,303,365,331,451,,336,330,344,330,354,356,334,359.5,384,333.5,367.5,372.5
2020-12-28,325.5,364.5,324,344,309.5,314,326,300,362.5,330,451,,336,330,344,330,354,356,334,357.5,378.5,331.5,365.5,370.5
2020-12-25,324.5,367,325.5,349,303,302.5,323,299.5,360.5,329,439,,337.5,331.5,345.5,331.5,355.5,357.5,335.5,356.5,381,330.5,364.5,369.5
2020-12-24,324.5,367,325.5,349,303,302.5,323,299.5,360.5,329,439,,337.5,331.5,345.5,331.5,355.5,357.5,335.5,356.5,381,330.5,364.5,369.5
2020-12-23,319,361.5,321.5,341,299.5,300,323.5,297.5,360.5,328.5,439,,333.5,327.5,341.5,327.5,351.5,353.5,331.5,351,375.5,325,359,364
2020-12-22,321,364,323,343.5,301.5,301,323.5,302,363.5,329,444,,335,329,343,329,353,355,333,353,378,327,361,366
2020-12-21,326,366.5,326.5,346.5,303,302.5,325,302.5,366,327,444,,338.5,332.5,346.5,332.5,356.5,358.5,336.5,358,380.5,332,366,371
2020-12-18,330.5,369,326.5,348.5,303,305.5,327,306,366.5,331.5,444,,338.5,332.5,346.5,332.5,356.5,358.5,336.5,362.5,383,336.5,370.5,375.5
2020-12-17,330.5,362,326.5,346.5,301,303,323,304.5,359.5,328,437,,338.5,332.5,346.5,332.5,356.5,358.5,336.5,362.5,376,336.5,370.5,375.5
2020-12-16,327,363,320.5,341.5,299,300.5,322,306.5,356.5,330,439,,332.5,326.5,340.5,326.5,350.5,352.5,330.5,359,377,333,367,372
2020-12-15,324.5,368,320,342.5,298.5,301,320,305.5,360,328.5,436.5,,332,326,340,326,350,352,330,356.5,382,330.5,364.5,369.5
2020-12-14,324,366.5,319,342.5,298.5,298,319,304,357,329,436.5,,331,325,339,325,349,351,329,356,380.5,330,364,369
2020-12-11,321,371.5,318.5,340.5,295.5,298.5,318.5,303.5,352.5,327.5,431.5,,330.5,324.5,338.5,324.5,348.5,350.5,328.5,353,385.5,327,361,366
2020-12-10,314,367.5,316.5,338.5,295,298,314,301,354,325,429,,328.5,322.5,336.5,322.5,346.5,348.5,326.5,346,381.5,320,354,359
2020-12-09,313,365,318,335,295.5,296,312.5,300,353.5,324.5,429,,330,324,338,324,348,350,328,345,379,319,353,358
2020-12-08,310.5,366,317,331,291.5,292.5,311.5,299.5,353,326,418,,329,323,337,323,347,349,327,342.5,380,316.5,350.5,355.5
2020-12-07,314.5,368,319,332.5,292,291,312.5,296.5,349.5,330,418,,331,325,339,325,349,351,329,346.5,382,320.5,354.5,359.5
2020-12-04,324.5,371.5,321.5,334.5,292,286,310,292,351.5,328.5,413,,333.5,327.5,341.5,327.5,351.5,353.5,331.5,356.5,385.5,330.5,364.5,369.5
2020-12-03,317.5,366,322,336,290.5,289,308,291.5,336,322.5,416,,334,328,342,328,352,354,332,349.5,380,323.5,357.5,362.5
2020-12-02,311.5,361.5,320,330,288.5,280.5,304.5,289.5,320.5,318.5,413,,332,326,340,326,350,352,330,343.5,375.5,317.5,351.5,356.5
2020-12-01,314.5,351.5,322,333,288,282,306,292.5,322,318.5,416,,334,328,342,328,352,354,332,346.5,365.5,320.5,354.5,359.5
2020-11-30,316.5,340.5,322.5,333.5,288.5,284.5,306.5,293.5,318,319,408,,334.5,328.5,342.5,328.5,352.5,354.5,332.5,348.5,354.5,322.5,356.5,361.5
2020-11-27,319,339,325.5,331,290.5,286.5,309,294.5,316.5,321,414.5,,337.5,331.5,345.5,331.5,355.5,357.5,335.5,351,353,325,359,364
2020-11-26,320,342,326.5,333.5,287,286,311,294.5,314.5,317,408,,338.5,332.5,346.5,332.5,356.5,358.5,336.5,352,356,326,360,365
2020-11-25,320.5,342.5,319,333.5,289.5,286.5,305,289,306.5,317,408,,331,325,339,325,349,351,329,352.5,356.5,326.5,360.5,365.5
2020-11-24,313,344.5,310,329,279.5,278.5,303,285,302,315,403,,322,316,330,316,340,342,320,345,358.5,319,353,358
2020-11-23,314.5,341,307,327,275,273.5,299,276,295.5,305.5,403,,319,313,327,313,337,339,317,346.5,355,320.5,354.5,359.5
2020-11-20,310,334,302,323,272.5,271,294,270,292,305.5,400.5,,314,308,322,308,332,334,312,342,348,316,350,355
2020-11-19,310.5,334,303,321.5,272,270.5,296,270.5,292,306,408,,315,309,323,309,333,335,313,342.5,348,316.5,350.5,355.5
2020-11-18,309.5,331.5,303,322.5,273.5,270,291.5,271,292,307,408,,315,309,323,309,333,335,313,341.5,345.5,315.5,349.5,354.5
2020-11-17,309.5,326,303,323,272,268,290.5,269.5,291,305.5,393,,315,309,323,309,333,335,313,341.5,340,315.5,349.5,354.5
2020-11-16,306.5,323,298.5,320,273,269,291.5,271.5,289,306,393,,310.5,304.5,318.5,304.5,328.5,330.5,308.5,338.5,337,312.5,346.5,351.5
2020-11-13,304.5,326.5,297,318,272,270.5,291.5,272.5,292,309,388,,309,303,317,303,327,329,307,336.5,340.5,310.5,344.5,349.5
2020-11-12,307,334,300,319,276.5,272.5,293,278.5,290.5,308,385.5,,312,306,320,306,330,332,310,339,348,313,347,352
2020-11-11,308.5,330,301.5,322,279.5,279.5,291,275.5,288.5,307,385.5,,313.5,307.5,321.5,307.5,331.5,333.5,311.5,340.5,344,314.5,348.5,353.5
2020-11-10,297,317.5,290.5,319,273.5,266.5,283,263,282.5,300,390.5,,302.5,296.5,310.5,296.5,320.5,322.5,300.5,329,331.5,303,337,342
2020-11-09,286.5,310,285.5,308,263,262.5,280,258.5,280,296,390.5,,297.5,291.5,305.5,291.5,315.5,317.5,295.5,318.5,324,292.5,326.5,331.5
2020-11-06,283.5,309.5,282.5,307,263,256.5,278,255,282.5,293,394,,294.5,288.5,302.5,288.5,312.5,314.5,292.5,315.5,323.5,289.5,323.5,328.5
2020-11-05,283.5,311.5,284,310,266,262,277.5,255,278.5,294,395,,296,290,304,290,314,316,294,315.5,325.5,289.5,323.5,328.5
2020-11-04,279,308.5,276,298,263,258,274,252,278.5,290.5,395,,288,282,296,282,306,308,286,311,322.5,285,319,324
2020-11-03,279.5,308.5,277,302.5,258.5,252.5,269,250,274.5,287,392.5,,289,283,297,283,307,309,287,311.5,322.5,285.5,319.5,324.5
2020-11-02,265.5,294.5,267,288,249.5,245,267.5,250.5,274.5,288,392.5,,279,273,287,273,297,299,277,297.5,308.5,271.5,305.5,310.5
2020-10-30,269.5,299,271.5,293.5,252.5,243,268,251,277.5,291,390.5,,283.5,277.5,291.5,277.5,301.5,303.5,281.5,301.5,313,275.5,309.5,314.5
2020-10-29,277,304.5,275.5,295,251,247,268.5,253,279,294,390.5,,287.5,281.5,295.5,281.5,305.5,307.5,285.5,309,318.5,283,317,322
2020-10-28,280,308.5,278,295.5,255.5,250.5,268.5,258.5,283.5,296,390.5,,290,284,298,284,308,310,288,312,322.5,286,320,325
2020-10-27,277,305.5,280.5,295,260,252,269.5,258,278.5,298,390.5,,292.5,286.5,300.5,286.5,310.5,312.5,290.5,309,319.5,283,317,322
2020-10-26,280,309,283,297,262.5,258.5,269,259.5,284.5,300,390.5,,295,289,303,289,313,315,293,312,323,286,320,325
2020-10-23,290,310.5,285.5,302.5,263,262.5,270,262.5,284.5,296.5,390.5,,297.5,291.5,305.5,291.5,315.5,317.5,295.5,322,324.5,296,330,335
2020-10-22,288,315,282.5,301.5,260,258.5,271,263,280,297,372.5,,294.5,288.5,302.5,288.5,312.5,314.5,292.5,320,329,294,328,333
2020-10-21,288,316,289,302,259.5,263.5,273,265.5,275.5,297.5,372.5,,301,295,309,295,319,321,299,320,330,294,328,333
2020-10-20,288,314.5,288.5,300,259,260,273,264.5,276.5,297.5,365,,300.5,294.5,308.5,294.5,318.5,320.5,298.5,320,328.5,294,328,333
2020-10-19,287,311.5,290,303,258.5,259,273.5,265,278.5,299.5,365,,302,296,310,296,320,322,300,319,325.5,293,327,332
2020-10-16,290,315.5,291,304.5,257,256,274,266,279,300.5,365,,303,297,311,297,321,323,301,322,329.5,296,330,335
2020-10-15,291,317,292.5,307.5,255.5,253,274.5,266,277.5,300.5,397,,304.5,298.5,312.5,298.5,322.5,324.5,302.5,323,331,297,331,336
2020-10-14,278.5,310.5,295,300,253.5,251.5,272,264.5,274,298.5,365,,307,301,315,301,325,327,305,310.5,324.5,284.5,318.5,323.5
2020-10-13,276.5,309.5,293.5,298,253,247,270.5,261,273,299.5,358.5,,305.5,299.5,313.5,299.5,323.5,325.5,303.5,308.5,323.5,282.5,316.5,321.5
2020-10-12,275.5,311.5,295.5,297.5,252.5,259,272.5,263,273,300.5,358.5,,307.5,301.5,315.5,301.5,325.5,327.5,305.5,307.5,325.5,281.5,315.5,320.5
2020-10-09,276,309,297.5,300,255.5,253,271.5,261,273,298.5,378.5,,309.5,303.5,317.5,303.5,327.5,329.5,307.5,308,323,282,316,321
2020-10-08,273,306,289.5,297.5,251,249,270,259,269.5,298,379.5,,301.5,295.5,309.5,295.5,319.5,321.5,299.5,305,320,279,313,318
2020-10-07,271.5,304.5,286.5,296.5,247.5,249,271,257.5,272,297.5,379.5,,298.5,292.5,306.5,292.5,316.5,318.5,296.5,303.5,318.5,277.5,311.5,316.5
2020-10-06,267,305,284,297.5,247,247,269,251.5,269,298,379.5,,296,290,304,290,314,316,294,299,319,273,307,312
2020-10-05,265.5,302,277.5,294,242,243.5,269,247.5,270,293.5,379.5,,289.5,283.5,297.5,283.5,307.5,309.5,287.5,297.5,316,271.5,305.5,310.5
2020-10-02,262,309,277.5,293,243,243,268.5,251,273,286.5,379.5,,289.5,283.5,297.5,283.5,307.5,309.5,287.5,294,323,268,302,307
2020-10-01,274.5,315.5,282,299,246,249.5,267.5,248,272.5,320.5,379.5,,294,288,302,288,312,314,292,306.5,329.5,280.5,314.5,319.5
2020-09-30,267.5,304.5,277.5,295,248.5,249,270,251.5,274,295.5,379.5,,289.5,283.5,297.5,283.5,307.5,309.5,287.5,299.5,318.5,273.5,307.5,312.5
2020-09-29,272,304,278.5,296,248.5,250,271.5,252.5,275,295.5,383,,290.5,284.5,298.5,284.5,308.5,310.5,288.5,304,318,278,312,317
2020-09-28,271,303.5,278,294.5,251.5,250.5,269.5,251,274,296,383,,290,284,298,284,308,310,288,303,317.5,277,311,316
2020-09-25,270.5,300.5,278.5,295.5,251,247,268.5,249,271.5,295.5,395,,290.5,284.5,298.5,284.5,308.5,310.5,288.5,302.5,314.5,276.5,310.5,315.5
2020-09-24,265.5,297,275,289,247,246,266.5,249.5,268,295.5,395,,287,281,295,281,305,307,285,297.5,311,271.5,305.5,310.5
2020-09-23,267,298.5,276,289,248.5,246,268.5,250,270.5,295,395,,288,282,296,282,306,308,286,299,312.5,273,307,312
2020-09-22,265.5,295,277,282.5,248,245,269,251.5,273,296.5,400.5,,289,283,297,283,307,309,287,297.5,309,271.5,305.5,310.5
2020-09-21,268,298.5,280,296.5,255.5,258.5,270.5,253.5,272.5,293.5,400.5,,292,286,300,286,310,312,290,300,312.5,274,308,313
2020-09-18,275.5,294.5,282,300,259,254.5,272,254,271,292.5,400,,294,288,302,288,312,314,292,307.5,308.5,281.5,315.5,320.5
2020-09-17,273,292.5,277.5,292.5,254.5,253,264,248,263,286,402,,289.5,283.5,297.5,283.5,307.5,309.5,287.5,305,306.5,279,313,318
2020-09-16,272.5,294,278.5,292.5,254,249.5,268.5,248,265,289,415,,290.5,284.5,298.5,284.5,308.5,310.5,288.5,304.5,308,278.5,312.5,317.5
2020-09-15,261,294,275,285.5,245,238,266.5,246.5,264,288.5,415,,287,281,295,281,305,307,285,293,308,267,301,306
2020-09-14,259,300,274.5,286.5,240,236.5,267.5,246.5,264,290,415,,286.5,280.5,294.5,280.5,304.5,306.5,284.5,291,314,265,299,304
2020-09-11,259,302,273,282.5,247,243.5,267.5,245,264.5,290,415,,285,279,293,279,303,305,283,291,316,265,299,304
2020-09-10,264,305,275.5,286,252.5,249.5,270.5,249,271,286.5,410,,287.5,281.5,295.5,281.5,305.5,307.5,285.5,296,319,270,304,309
2020-09-09,264.5,308,270.5,278.5,248.5,249,272.5,251,270.5,293,410,,282.5,276.5,290.5,276.5,300.5,302.5,280.5,296.5,322,270.5,304.5,309.5
2020-09-08,272.5,320.5,279.5,282,251.5,243.5,278,261.5,279.5,299.5,410,,291.5,285.5,299.5,285.5,309.5,311.5,289.5,304.5,334.5,278.5,312.5,317.5
2020-09-07,280.5,322,282,284,260.5,259,284,267.5,285.5,308,410,,294,288,302,288,312,314,292,312.5,336,286.5,320.5,325.5
2020-09-04,286.5,328,287,290,264.5,262,291,276,289.5,314.5,410,,299,293,307,293,317,319,297,318.5,342,292.5,326.5,331.5
2020-09-03,283,327.5,286.5,288.5,268,269,295.5,279.5,293.5,314,405,,298.5,292.5,306.5,292.5,316.5,318.5,296.5,315,341.5,289,323,328
2020-09-02,296,339.5,295.5,300.5,273.5,270.5,298.5,285.5,292,320.5,405,,307.5,301.5,315.5,301.5,325.5,327.5,305.5,328,353.5,302,336,341
2020-09-01,293.5,340.5,294,301,275.5,273.5,300.5,282.5,289.5,313.5,401,,306,300,314,300,324,326,304,325.5,354.5,299.5,333.5,338.5
2020-08-31,296.5,340,295.5,301,271.5,269.5,300.5,282,288.5,320,403,,307.5,301.5,315.5,301.5,325.5,327.5,305.5,328.5,354,302.5,336.5,341.5
2020-08-28,292,337.5,292,301.5,274.5,275.5,300.5,278,289.5,320,403,,304,298,312,298,322,324,302,324,351.5,298,332,337
2020-08-27,295.5,336.5,298,295.5,279.5,280.5,302,277,288,322,401,,310,304,318,304,328,330,308,327.5,350.5,301.5,335.5,340.5
2020-08-26,297.5,335,300,296,277,273.5,297,277.5,287.5,322,400.5,,312,306,320,306,330,332,310,329.5,349,303.5,337.5,342.5
2020-08-25,293,329,299.5,293.5,274,268,297.5,277.5,286,323,398.5,,311.5,305.5,319.5,305.5,329.5,331.5,309.5,325,343,299,333,338
2020-08-24,292,326.5,298,292.5,270.5,272,295.5,275.5,285.5,316.5,398.5,,310,304,318,304,328,330,308,324,340.5,298,332,337
2020-08-21,291,325,298,295,266,264.5,295.5,277.5,285,312,397,,310,304,318,304,328,330,308,323,339,297,331,336
2020-08-20,296,327.5,300,296.5,268,267.5,292.5,280,285,310.5,397,,312,306,320,306,330,332,310,328,341.5,302,336,341
2020-08-19,294.5,329,299,296.5,270,266,292,279.5,285,309,397,,311,305,319,305,329,331,309,326.5,343,300.5,334.5,339.5
2020-08-18,296.5,327,300.5,300,268.5,264.5,290.5,279,283,306.5,399.5,,312.5,306.5,320.5,306.5,330.5,332.5,310.5,328.5,341,302.5,336.5,341.5
2020-08-17,287,324.5,295.5,293,266,261.5,289,276.5,284.5,309,401,,307.5,301.5,315.5,301.5,325.5,327.5,305.5,319,338.5,293,327,332
2020-08-14,287,325.5,296,294.5,266.5,264,288,274.5,286.5,306,403.5,,308,302,316,302,326,328,306,319,339.5,293,327,332
2020-08-13,286,323.5,298,292.5,267.5,264.5,285,273,277,306,398.5,,310,304,318,304,328,330,308,318,337.5,292,326,331
2020-08-12,284,319,297.5,293,266.5,264.5,289,272,276.5,304,398.5,,309.5,303.5,317.5,303.5,327.5,329.5,307.5,316,333,290,324,329
2020-08-11,286,319.5,293,297.5,268,266,276.5,266,308,298,395,,305,299,313,299,323,325,303,318,333.5,292,326,331
2020-08-10,280,318,316,296.5,265,262,307.5,263.5,273.5,300,395,,328,322,336,322,346,348,326,312,332,286,320,325
2020-08-07,280,317.5,301.5,296.5,266,269,281,266.5,277,298.5,395,,313.5,307.5,321.5,307.5,331.5,333.5,311.5,312,331.5,286,320,325
2020-08-06,284.5,317,299.5,293.5,270,271.5,280,264,279,296.5,400,,311.5,305.5,319.5,305.5,329.5,331.5,309.5,316.5,331,290.5,324.5,329.5
2020-08-05,280.5,316.5,299,293.5,268.5,262.5,279,261,273.5,295.5,395,,311,305,319,305,329,331,309,312.5,330.5,286.5,320.5,325.5
2020-08-04,276,307.5,293,289,264,263.5,276.5,258.5,271.5,290,385,,305,299,313,299,323,325,303,308,321.5,282,316,321
2020-08-03,280,317,294,292,261.5,265,273,261,266.5,291.5,385,,306,300,314,300,324,326,304,312,331,286,320,325
2020-07-31,286,319.5,295,290.5,264,266,271.5,262,267.5,291,385,,307,301,315,301,325,327,305,318,333.5,292,326,331
2020-07-30,286.5,326,294.5,292.5,260.5,261.5,274.5,261,266,294,395,,306.5,300.5,314.5,300.5,324.5,326.5,304.5,318.5,340,292.5,326.5,331.5
2020-07-29,285.5,330,295,294,261.5,261.5,275.5,263,267,294,395,,307,301,315,301,325,327,305,317.5,344,291.5,325.5,330.5
2020-07-28,283,327.5,295,289.5,260.5,260.5,275.5,261.5,266.5,296,400,,307,301,315,301,325,327,305,315,341.5,289,323,328
2020-07-27,281,328,291.5,288,259.5,259,275,264,267,298,400,,303.5,297.5,311.5,297.5,321.5,323.5,301.5,313,342,287,321,326
2020-07-24,281.5,337,291.5,288.5,259,259,274.5,266.5,270.5,297,400,,303.5,297.5,311.5,297.5,321.5,323.5,301.5,313.5,351,287.5,321.5,326.5
2020-07-23,286,330.5,295,293,259,257,270.5,267.5,268,295.5,394.5,,307,301,315,301,325,327,305,318,344.5,292,326,331
2020-07-22,282,325.5,292.5,295,259,261.5,268.5,266,265,299,394.5,,304.5,298.5,312.5,298.5,322.5,324.5,302.5,314,339.5,288,322,327
2020-07-21,278,328,285.5,294.5,260.5,258.5,269,264.5,264,293,392,,297.5,291.5,305.5,291.5,315.5,317.5,295.5,310,342,284,318,323
2020-07-20,277,324.5,282.5,286.5,257,259.5,266,262,266.5,293.5,392,,294.5,288.5,302.5,288.5,312.5,314.5,292.5,309,338.5,283,317,322
2020-07-17,277.5,327.5,282.5,286.5,258.5,259,268.5,260,266.5,300.5,397,,294.5,288.5,302.5,288.5,312.5,314.5,292.5,309.5,341.5,283.5,317.5,322.5
2020-07-16,276,326.5,282,288,258.5,256,268.5,260,269,300.5,397,,294,288,302,288,312,314,292,308,340.5,282,316,321
2020-07-15,273.5,326,277,287.5,255.5,253,268.5,258.5,267,299.5,397,,289,283,297,283,307,309,287,305.5,340,279.5,313.5,318.5
2020-07-14,271.5,326,270.5,284,251.5,254.5,262.5,261.5,268,299.5,397,,282.5,276.5,290.5,276.5,300.5,302.5,280.5,303.5,340,277.5,311.5,316.5
2020-07-13,273.5,326,271,289.5,255,256.5,262,265,265,298.5,397,,283,277,291,277,301,303,281,305.5,340,279.5,313.5,318.5
2020-07-10,267,326.5,271,287.5,250.5,255.5,260.5,264,263.5,295.5,397,,283,277,291,277,301,303,281,299,340.5,273,307,312
2020-07-09,276,327.5,302.5,287.5,253,256,258,263.5,263.5,293.5,402,,314.5,308.5,322.5,308.5,332.5,334.5,312.5,308,341.5,282,316,321
2020-07-08,273,326,275,290,251,252,255.5,259,266,289.5,402,,287,281,295,281,305,307,285,305,340,279,313,318
2020-07-07,264.5,323,272,292,250,251,255.5,253,261,283.5,392,,284,278,292,278,302,304,282,296.5,337,270.5,304.5,309.5
2020-07-06,263,320.5,273,287,253.5,256,252.5,247,258.5,282.5,392,,285,279,293,279,303,305,283,295,334.5,269,303,308
2020-07-03,257,315,268.5,280,248.5,255,253,240,256.5,280.5,397,,280.5,274.5,288.5,274.5,298.5,300.5,278.5,289,329,263,297,302
2020-07-02,256.5,317,265,281.5,249,256,247,238,252,283,379,,277,271,285,271,295,297,275,288.5,331,262.5,296.5,301.5
2020-07-01,256,314,265,278,249.5,258,248,231.5,252,285,392,,277,271,285,271,295,297,275,288,328,262,296,301
2020-06-30,252.5,311.5,261,257.5,250,254.5,249,231,255.5,284.5,372,,273,267,281,267,291,293,271,284.5,325.5,258.5,292.5,297.5
2020-06-29,249,308,256.5,257.5,245,248,250.5,232,255,286,352,,268.5,262.5,276.5,262.5,286.5,288.5,266.5,281,322,255,289,294
2020-06-26,251.5,305,258.5,261,244.5,248.5,250,230.5,253,292.5,352,,270.5,264.5,278.5,264.5,288.5,290.5,268.5,283.5,319,257.5,291.5,296.5
2020-06-25,242.5,305.5,253.5,261.5,243.5,254,250,231,255,294,342,,265.5,259.5,273.5,259.5,283.5,285.5,263.5,274.5,319.5,248.5,282.5,287.5
2020-06-24,254,311.5,263.5,272.5,263,267.5,256,234.5,253.5,293,342,,275.5,269.5,283.5,269.5,293.5,295.5,273.5,286,325.5,260,294,299
2020-06-23,260.5,312,266.5,270,265,263.5,256,234,255,297.5,342,,278.5,272.5,286.5,272.5,296.5,298.5,276.5,292.5,326,266.5,300.5,305.5
2020-06-22,257,310,264,265.5,254.5,257,250.5,232.5,255.5,287,342,,276,270,284,270,294,296,274,289,324,263,297,302
2020-06-19,256.5,311.5,269,262,247.5,249.5,246.5,228,247,291.5,342,,281,275,289,275,299,301,279,288.5,325.5,262.5,296.5,301.5
2020-06-18,245.5,306,257.5,250.5,234,236.5,246,222,248.5,285,342,,269.5,263.5,277.5,263.5,287.5,289.5,267.5,277.5,320,251.5,285.5,290.5
2020-06-17,248,308,260.5,253,234,235.5,243.5,221,245.5,283,342,,272.5,266.5,280.5,266.5,290.5,292.5,270.5,280,322,254,288,293
2020-06-16,250,307.5,258.5,248.5,232.5,232,246,218.5,242.5,281,337,,270.5,264.5,278.5,264.5,288.5,290.5,268.5,282,321.5,256,290,295
2020-06-15,240.5,299.5,253,243,225,229.5,245.5,215.5,240,277.5,337,,265,259,273,259,283,285,263,272.5,313.5,246.5,280.5,285.5
2020-06-12,238.5,307.5,255.5,249.5,231,235,242.5,218.5,246.5,273.5,337,,267.5,261.5,275.5,261.5,285.5,287.5,265.5,270.5,321.5,244.5,278.5,283.5
2020-06-11,254.5,311.5,263.5,249.5,241,246,252.5,218,250,275,334,,275.5,269.5,283.5,269.5,293.5,295.5,273.5,286.5,325.5,260.5,294.5,299.5
2020-06-10,257,309.5,264.5,249.5,244.5,247,244.5,218.5,244,271.5,334,,276.5,270.5,284.5,270.5,294.5,296.5,274.5,289,323.5,263,297,302
2020-06-09,253.5,306.5,265.5,255.5,246.5,250.5,242,215.5,249,268,334,,277.5,271.5,285.5,271.5,295.5,297.5,275.5,285.5,320.5,259.5,293.5,298.5
2020-06-08,263.5,310,265,268.5,251,253,249.5,225.5,243.5,268,334,,277,271,285,271,295,297,275,295.5,324,269.5,303.5,308.5
2020-06-05,250,297,261.5,240.5,241.5,244,221.5,207,238.5,257,327,,273.5,267.5,281.5,267.5,291.5,293.5,271.5,282,311,256,290,295
2020-06-04,244,294,256.5,238.5,233,239,221,204,229,248,322,,268.5,262.5,276.5,262.5,286.5,288.5,266.5,276,308,250,284,289
2020-06-03,238.5,294,256,232.5,232,235,219.5,205.5,247,247.5,322,,268,262,276,262,286,288,266,270.5,308,244.5,278.5,283.5
2020-06-02,230.5,293,244,230.5,223.5,223,217.5,187,240,237,368.5,,256,250,264,250,274,276,254,262.5,307,236.5,270.5,275.5
2020-06-01,216,280.5,236.5,219.5,206,205.5,201.5,180,225,229.5,368.5,,248.5,242.5,256.5,242.5,266.5,268.5,246.5,248,294.5,222,256,261
2020-05-29,205,271,224,209.5,192.5,194,199.5,176,230,223,270.5,,236,230,244,230,254,256,234,237,285,211,245,250
2020-05-28,206.5,273,219.5,211,192.5,192,205.5,185,214.5,228,365.5,,231.5,225.5,239.5,225.5,249.5,251.5,229.5,238.5,287,212.5,246.5,251.5
2020-05-27,216,275,225.5,218,201,203,211.5,189,214,241.5,355.5,,237.5,231.5,245.5,231.5,255.5,257.5,235.5,248,289,222,256,261
2020-05-26,218.5,274.5,230.5,223,203,200.5,207.5,186.5,203.5,230.5,355.5,,242.5,236.5,250.5,236.5,260.5,262.5,240.5,250.5,288.5,224.5,258.5,263.5
2020-05-22,216,268.5,222,216,191.5,193.5,205,183,204,230.5,355.5,,234,228,242,228,252,254,232,248,282.5,222,256,261
2020-05-21,221,258.5,222,210,195,196,201,177,205.5,220,405,,234,228,242,228,252,254,232,253,272.5,227,261,266
2020-05-20,211.5,252,218.5,219,191,191.5,205,179,202,219.5,405,,230.5,224.5,238.5,224.5,248.5,250.5,228.5,243.5,266,217.5,251.5,256.5
2020-05-19,213.5,246,213.5,224,189,191.5,196.5,170.5,201,207,,,225.5,219.5,233.5,219.5,243.5,245.5,223.5,245.5,260,219.5,253.5,258.5
2020-05-18,197,233.5,205,207,179,175,190.5,162.5,197,207.5,405,,217,211,225,211,235,237,215,229,247.5,203,237,242
2020-05-15,180,225.5,190,194,162,160.5,186.5,156.5,178.5,206,405,,202,196,210,196,220,222,200,212,239.5,186,220,225
2020-05-14,174,221,194,186.5,156.5,157.5,174.5,151.5,177,203.5,,,206,200,214,200,224,226,204,206,235,180,214,219
2020-05-13,167.5,220.5,189,194,156,158,175,147.5,177,206,380.5,,201,195,209,195,219,221,199,199.5,234.5,173.5,207.5,212.5
2020-05-12,170.5,215.5,193,203,159,162,173,149,180.5,204.5,,,205,199,213,199,223,225,203,202.5,229.5,176.5,210.5,215.5
2020-05-11,175,213.5,194.5,208,159,163.5,169.5,147.5,180,204.5,382,,206.5,200.5,214.5,200.5,224.5,226.5,204.5,207,227.5,181,215,220
2020-05-08,180,225,191.5,207,165,172,167,144.5,171,194.5,365,,203.5,197.5,211.5,197.5,221.5,223.5,201.5,212,239,186,220,225
2020-05-07,180,228,193,201,165.5,175.5,169,145,173.5,197,,,205,199,213,199,223,225,203,212,242,186,220,225
2020-05-06,180,226.5,196.5,200,161,162.5,164.5,141.5,172.5,193,380,,208.5,202.5,216.5,202.5,226.5,228.5,206.5,212,240.5,186,220,225
2020-05-05,170,217.5,192.5,190.5,149,147,166.5,137.5,170,191.5,,,204.5,198.5,212.5,198.5,222.5,224.5,202.5,202,231.5,176,210,215
2020-05-04,163.5,208,192,185,136.5,140.5,160,133.5,172.5,182,380,,204,198,212,198,222,224,202,195.5,222,169.5,203.5,208.5
2020-05-01,165,213.5,200.5,182,141,137.5,160,129.5,161,184,370,,212.5,206.5,220.5,206.5,230.5,232.5,210.5,197,227.5,171,205,210
2020-04-30,165,207,178,184.5,131,132,159.5,123.5,164,177,,,190,184,198,184,208,210,188,197,221,171,205,210
2020-04-29,155.5,201,181,176.5,127.5,124,155.5,117.5,161,172.5,382.5,,193,187,201,187,211,213,191,187.5,215,161.5,195.5,200.5
2020-04-28,158,196,178,177,123,137.5,159.5,118.5,168,180,,,190,184,198,184,208,210,188,190,210,164,198,203
2020-04-27,166,204,182,177.5,133,138,159,122,168,179.5,382.5,,194,188,202,188,212,214,192,198,218,172,206,211
2020-04-24,165.5,207.5,182.5,179,140,141.5,152.5,117,165,182,400,,194.5,188.5,202.5,188.5,212.5,214.5,192.5,197.5,221.5,171.5,205.5,210.5
2020-04-23,173,206.5,189,175.5,131,134.5,143.5,129.5,178,189,,,201,195,209,195,219,221,199,205,220.5,179,213,218
2020-04-22,158,208,182.5,176,133,146.5,146,124,184.5,188,397.5,,194.5,188.5,202.5,188.5,212.5,214.5,192.5,190,222,164,198,203
2020-04-21,170.5,224.5,191.5,183,149,166,160.5,142,206,206,,,203.5,197.5,211.5,197.5,221.5,223.5,201.5,202.5,238.5,176.5,210.5,215.5
2020-04-20,189.5,233,201,186.5,163,168.5,171,145.5,218,212.5,399.5,,213,207,221,207,231,233,211,221.5,247,195.5,229.5,234.5
2020-04-17,194,248.5,208.5,194.5,176,180,176.5,158,241.5,229.5,400,,220.5,214.5,228.5,214.5,238.5,240.5,218.5,226,262.5,200,234,239
2020-04-16,188.5,227.5,206,188,172.5,175.5,169.5,164,223.5,227.5,399,,218,212,226,212,236,238,216,220.5,241.5,194.5,228.5,233.5
2020-04-15,188,232,214.5,193.5,180,180,182.5,171,242,234.5,400,,226.5,220.5,234.5,220.5,244.5,246.5,224.5,220,246,194,228,233
2020-04-14,201,237,219,195.5,182,181.5,183.5,176.5,247.5,236.5,400,,231,225,239,225,249,251,229,233,251,207,241,246
2020-04-13,203.5,242.5,219,199,182.5,185.5,183.5,181,246,242,,,231,225,239,225,249,251,229,235.5,256.5,209.5,243.5,248.5
2020-04-09,209,242.5,222.5,203.5,179.5,182.5,188,185.5,255.5,242.5,415,,234.5,228.5,242.5,228.5,252.5,254.5,232.5,241,256.5,215,249,254
2020-04-08,204,240.5,220.5,201.5,178,180.5,195,191.5,257,236,400,,232.5,226.5,240.5,226.5,250.5,252.5,230.5,236,254.5,210,244,249
2020-04-07,204,245,222.5,201,179,178.5,200,197,272.5,237,415,,234.5,228.5,242.5,228.5,252.5,254.5,232.5,236,259,210,244,249
2020-04-06,201.5,239,220.5,197.5,183.5,185.5,197.5,190,269.5,227,445,,232.5,226.5,240.5,226.5,250.5,252.5,230.5,233.5,253,207.5,241.5,246.5
2020-04-03,191,231,212.5,189,173.5,170,181.5,177,255,228,,,224.5,218.5,232.5,218.5,242.5,244.5,222.5,223,245,197,231,236
2020-04-02,187,225,205.5,189.5,156.5,153,170.5,170.5,252.5,224,,,217.5,211.5,225.5,211.5,235.5,237.5,215.5,219,239,193,227,232
2020-04-01,179.5,223,216,199,148,152.5,180.5,169,249.5,226,435,,228,222,236,222,246,248,226,211.5,237,185.5,219.5,224.5
2020-03-31,183.5,223.5,211.5,209,152,154,182,171.5,255.5,233,,,223.5,217.5,231.5,217.5,241.5,243.5,221.5,215.5,237.5,189.5,223.5,228.5
2020-03-30,185,228,212,209.5,156,174,189.5,174.5,257.5,239.5,442.5,,224,218,232,218,242,244,222,217,242,191,225,230
2020-03-27,193.5,234,230.5,215,171,180,195,179.5,283.5,249.5,477.5,,242.5,236.5,250.5,236.5,260.5,262.5,240.5,225.5,248,199.5,233.5,238.5
2020-03-26,193.5,233.5,215,215,178.5,181,194.5,183,291.5,252,,,227,221,235,221,245,247,225,225.5,247.5,199.5,233.5,238.5
2020-03-25,196,238.5,206,218,178.5,184,199,181,298,251,475,,218,212,226,212,236,238,216,228,252.5,202,236,241
2020-03-24,197,253,237,217,182.5,183,191,183,296,248.5,475.5,,249,243,257,243,267,269,247,229,267,203,237,242
2020-03-23,192,256,233,217,173.5,183.5,183.5,179,292.5,248,475.5,,245,239,253,239,263,265,243,224,270,198,232,237
2020-03-20,207.5,275.5,241.5,220.5,181,185,196,182,299,254.5,470,,253.5,247.5,261.5,247.5,271.5,273.5,251.5,239.5,289.5,213.5,247.5,252.5
2020-03-19,186,266,225.5,211,170,167,189,185.5,297.5,258,,,237.5,231.5,245.5,231.5,255.5,257.5,235.5,218,280,192,226,231
2020-03-18,200,281,226.5,215,181.5,182,202.5,192,301.5,271,475.5,,238.5,232.5,246.5,232.5,256.5,258.5,236.5,232,295,206,240,245
2020-03-17,210.5,285,231.5,224,184.5,180,226.5,201.5,315.5,270.5,,,243.5,237.5,251.5,237.5,261.5,263.5,241.5,242.5,299,216.5,250.5,255.5
2020-03-16,208,277,238,226,195.5,193,240.5,199.5,324,276.5,465,,250,244,258,244,268,270,248,240,291,214,248,253
2020-03-13,215,297.5,244,233.5,197,204,249.5,223,338.5,281.5,481,,256,250,264,250,274,276,254,247,311.5,221,255,260
2020-03-12,212.5,295,233,224.5,201.5,205.5,244.5,230.5,346.5,282.5,,,245,239,253,239,263,265,243,244.5,309,218.5,252.5,257.5
2020-03-11,228,299,238,238.5,208.5,217,278.5,260.5,354.5,289.5,473,,250,244,258,244,268,270,248,260,313,234,268,273
2020-03-10,227.5,299,233.5,235.5,213,216,277.5,275.5,376,312,,,245.5,239.5,253.5,239.5,263.5,265.5,243.5,259.5,313,233.5,267.5,272.5
2020-03-09,225,302.5,236,224,217.5,219.5,300.5,291,392.5,324,481,,248,242,256,242,266,268,246,257,316.5,231,265,270
2020-03-06,287,355.5,308,300.5,276.5,278.5,331.5,316.5,387.5,350.5,465,,320,314,328,314,338,340,318,319,369.5,293,327,332
2020-03-05,299.5,364,321,304,282,282.5,338.5,327.5,395,356.5,,,333,327,341,327,351,353,331,331.5,378,305.5,339.5,344.5
2020-03-04,297,367,321,307.5,285,283,337.5,329.5,396,356,465,,333,327,341,327,351,353,331,329,381,303,337,342
2020-03-03,297,379,324.5,306,288,286,335.5,323.5,392.5,355.5,,,336.5,330.5,344.5,330.5,354.5,356.5,334.5,329,393,303,337,342
2020-03-02,302.5,379,326.5,304.5,283.5,282,334.5,337,398,359,464,,338.5,332.5,346.5,332.5,356.5,358.5,336.5,334.5,393,308.5,342.5,347.5
2020-02-28,293.5,366,321.5,293,279.5,282,332.5,330.5,394.5,358.5,461.5,,333.5,327.5,341.5,327.5,351.5,353.5,331.5,325.5,380,299.5,333.5,338.5
2020-02-27,295.5,372.5,321,301.5,288,289,338.5,335,396,359.5,461,,333,327,341,327,351,353,331,327.5,386.5,301.5,335.5,340.5
2020-02-26,301,380,323,311,288,291,339.5,341,402,358.5,464,,335,329,343,329,353,355,333,333,394,307,341,346
2020-02-25,317.5,384.5,336,324.5,293,296,348,347.5,421,365,465.5,,348,342,356,342,366,368,346,349.5,398.5,323.5,357.5,362.5
2020-02-24,315.5,384,333.5,323.5,297.5,298,348.5,354.5,421.5,366.5,465.5,,345.5,339.5,353.5,339.5,363.5,365.5,343.5,347.5,398,321.5,355.5,360.5
2020-02-21,325,392,335.5,328,301.5,299,353,358,424,366.5,467,,347.5,341.5,355.5,341.5,365.5,367.5,345.5,357,406,331,365,370
2020-02-20,326.5,387.5,343.5,330.5,304,302,357,359.5,425,373,467,,355.5,349.5,363.5,349.5,373.5,375.5,353.5,358.5,401.5,332.5,366.5,371.5
2020-02-19,322.5,386.5,342.5,331,297.5,296,354.5,356.5,420.5,369,467,,354.5,348.5,362.5,348.5,372.5,374.5,352.5,354.5,400.5,328.5,362.5,367.5
2020-02-18,317.5,392,337.5,328.5,293,292.5,345.5,358.5,424,368,467,,349.5,343.5,357.5,343.5,367.5,369.5,347.5,349.5,406,323.5,357.5,362.5
2020-02-14,324,395,351.5,327.5,294.5,293,344.5,356,432.5,370,469,,363.5,357.5,371.5,357.5,381.5,383.5,361.5,356,409,330,364,369
2020-02-13,320.5,387.5,350,327.5,292,287,342.5,357.5,440.5,366.5,472,,362,356,370,356,380,382,360,352.5,401.5,326.5,360.5,365.5
2020-02-12,321,387,344.5,333,288,284,339,355.5,437.5,365,472,,356.5,350.5,364.5,350.5,374.5,376.5,354.5,353,401,327,361,366
2020-02-11,317.5,388.5,343,329.5,285.5,286.5,334,354.5,456,360.5,481,,355,349,363,349,373,375,353,349.5,402.5,323.5,357.5,362.5
2020-02-10,314,387,345,326.5,287.5,286.5,335,353,454.5,360.5,475,,357,351,365,351,375,377,355,346,401,320,354,359
2020-02-07,322,388.5,352.5,331,294,292.5,335.5,353.5,453,354,475.5,,364.5,358.5,372.5,358.5,382.5,384.5,362.5,354,402.5,328,362,367
2020-02-06,330,396.5,361.5,325,296,292.5,334.5,351.5,451.5,354,475,,373.5,367.5,381.5,367.5,391.5,393.5,371.5,362,410.5,336,370,375
2020-02-05,328,397,360.5,336,292,288,334,352.5,454,347.5,477,,372.5,366.5,380.5,366.5,390.5,392.5,370.5,360,411,334,368,373
2020-02-04,324,393.5,358,335,287.5,287,331,348,432.5,340.5,476.5,,370,364,378,364,388,390,368,356,407.5,330,364,369
2020-02-03,319,396.5,358.5,331,284.5,279,334.5,348,435,338.5,477.5,,370.5,364.5,378.5,364.5,388.5,390.5,368.5,351,410.5,325,359,364
2020-01-31,338.5,406,369,345.5,292.5,289.5,341.5,353,444.5,335.5,477.5,,381,375,389,375,399,401,379,370.5,420,344.5,378.5,383.5
2020-01-30,347,402.5,375.5,344,295,292.5,342,352.5,443,339.5,477.5,,387.5,381.5,395.5,381.5,405.5,407.5,385.5,379,416.5,353,387,392
2020-01-29,351.5,408.5,386,352,297.5,295.5,340,348.5,443.5,345,487.5,,398,392,406,392,416,418,396,383.5,422.5,357.5,391.5,396.5
2020-01-28,348,422.5,402,360,295,289,344,349,448,346.5,487.5,,414,408,422,408,432,434,412,380,436.5,354,388,393
2020-01-27,370.5,434.5,400,358,294,290.5,344.5,348.5,458,351.5,487.5,,412,406,420,406,430,432,410,402.5,448.5,376.5,410.5,415.5
2020-01-24,369,436,401.5,357.5,310,305.5,350.5,346.5,456,353.5,487.5,,413.5,407.5,421.5,407.5,431.5,433.5,411.5,401,450,375,409,414
2020-01-23,368,434.5,402,356,303,300.5,350,346.5,453.5,352,488,,414,408,422,408,432,434,412,400,448.5,374,408,413
2020-01-22,361,434,400.5,365.5,301.5,301,353,348.5,456.5,350.5,486,,412.5,406.5,420.5,406.5,430.5,432.5,410.5,393,448,367,401,406
2020-01-21,366,435,407.5,370,304,301.5,351,345,458,351,486,,419.5,413.5,427.5,413.5,437.5,439.5,417.5,398,449,372,406,411
2020-01-20,371.5,432,411,366,301,301,359,348,459,353,486,,423,417,431,417,441,443,421,403.5,446,377.5,411.5,416.5
2020-01-17,366,426.5,407.5,365.5,298.5,293,355,334.5,461.5,346.5,486,,419.5,413.5,427.5,413.5,437.5,439.5,417.5,398,440.5,372,406,411
2020-01-16,365,437,412.5,365.5,300,296,354.5,340.5,464.5,347.5,486.5,,424.5,418.5,432.5,418.5,442.5,444.5,422.5,397,451,371,405,410
2020-01-15,365,438,414.5,360,300,299,356.5,340,469,345.5,486,,426.5,420.5,434.5,420.5,444.5,446.5,424.5,397,452,371,405,410
2020-01-14,373,439.5,422,357.5,305.5,306,360.5,345,481.5,351.5,486,,434,428,442,428,452,454,432,405,453.5,379,413,418
2020-01-13,386,441.5,428,355.5,304,302,360,344,481,347.5,486.5,,440,434,448,434,458,460,438,418,455.5,392,426,431
2020-01-10,386,445,431.5,354.5,303.5,304.5,358.5,346.5,483,357,485,,443.5,437.5,451.5,437.5,461.5,463.5,441.5,418,459,392,426,431
2020-01-09,387.5,438.5,429.5,354.5,299,301.5,363,345.5,482.5,356,486,,441.5,435.5,449.5,435.5,459.5,461.5,439.5,419.5,452.5,393.5,427.5,432.5
2020-01-08,399,444,435.5,352,301,302,363,351,480.5,358.5,486,,447.5,441.5,455.5,441.5,465.5,467.5,445.5,431,458,405,439,444
2020-01-07,393.5,437.5,432,348,301.5,303.5,364.5,350.5,480,360.5,486,,444,438,452,438,462,464,442,425.5,451.5,399.5,433.5,438.5
2020-01-06,400,447.5,445.5,350.5,304.5,301,367.5,354.5,482,361,481.5,,457.5,451.5,465.5,451.5,475.5,477.5,455.5,432,461.5,406,440,445
2020-01-03,367,416.5,434,337,296,296,364.5,355.5,476,363.5,481.5,,446,440,454,440,464,466,444,399,430.5,373,407,412
2020-01-02,345,401.5,420,329,289.5,288.5,361.5,357.5,475,357.5,481.5,,432,426,440,426,450,452,430,377,415.5,351,385,390
2019-12-31,366.5,408,420,328,288.5,289.5,357.5,360.5,483.5,357,479.5,,,,,,,,,,,,,
2019-12-30,371.5,414,425,326,290.5,292,358.5,365,488.5,356,475.5,,,,,,,,,,,,,
2019-12-27,363,435,426,311.5,294.5,286.5,364,361,499,353.5,475.5,,,,,,,,,,,,,
2019-12-26,354.5,439,419,316,290.5,294.5,345,367.5,506,352.5,475,,,,,,,,,,,,,
2019-12-24,357.5,435.5,417,316,289.5,287.5,382,358,495,359.5,474.5,,,,,,,,,,,,,
2019-12-23,346.5,419.5,419,316.5,283,280.5,381.5,362,497,363,474.5,,,,,,,,,,,,,
2019-12-20,351,406.5,418.5,302.5,278,278.5,384.5,354.5,487.5,361,473,,,,,,,,,,,,,
2019-12-19,331,402,416,302.5,276.5,277,381.5,352.5,488,358,473,,,,,,,,,,,,,
2019-12-18,331,406,417,294,272.5,269.5,382,351,487.5,356.5,473,,,,,,,,,,,,,
2019-12-17,338.5,402.5,412.5,285,266,264,381.5,354,486.5,354,475,,,,,,,,,,,,,
2019-12-16,349,400.5,414,286.5,266,265,376,350,489,353,475,,,,,,,,,,,,,
2019-12-13,344,399.5,411,282.5,269,265.5,370,344,494.5,352,473.5,,,,,,,,,,,,,
2019-12-12,337,389.5,411,278,267,264,371,341.5,492.5,349,474,,,,,,,,,,,,,
2019-12-11,330.5,390.5,408.5,318,264,261,372.5,352,490.5,349,472,,,,,,,,,,,,,
2019-12-10,322.5,381,402,340,255.5,254,372.5,363.5,493,358,473,,,,,,,,,,,,,
2019-12-09,319,367.5,396.5,335.5,254,251.5,371,366.5,495.5,352,470,,,,,,,,,,,,,
2019-12-06,320,353,388.5,338,248,245,372,364.5,506,355.5,464.5,,,,,,,,,,,,,
2019-12-05,309.5,344.5,383.5,339.5,248.5,245.5,368,362.5,504.5,355,466,,,,,,,,,,,,,
2019-12-04,308.5,353,371.5,336,247.5,249.5,368.5,363.5,503,355.5,462,,,,,,,,,,,,,
2019-12-03,299.5,352.5,359,336.5,240.5,240.5,369,353,493,342.5,461.5,,,,,,,,,,,,,
2019-12-02,293,361.5,355,339.5,241.5,238,380,357.5,500,349.5,451.5,,,,,,,,,,,,,
2019-11-29,306,375.5,353.5,346,245,244,383,354.5,501,348.5,455.5,,,,,,,,,,,,,
2019-11-28,317,385,370,355,252.5,250,401.5,355.5,500.5,350.5,457,,,,,,,,,,,,,
2019-11-27,324.5,386,361,353,260,256.5,383.5,355.5,500.5,350.5,459,,,,,,,,,,,,,
2019-11-26,319,382,352.5,350,256.5,258,393,360,501,345.5,470,,,,,,,,,,,,,
2019-11-25,323,389.5,347,357.5,258,256,397,359,500.5,343.5,466,,,,,,,,,,,,,
2019-11-22,320.5,383.5,341.5,361,250.5,248,399,356.5,495,329,466,,,,,,,,,,,,,
2019-11-21,308,388.5,340.5,365,251.5,252,394,347,488,327.5,468,,,,,,,,,,,,,
2019-11-20,303,388,338,373,248,246.5,394,344,490,320,466.5,,,,,,,,,,,,,
2019-11-19,307.5,390,340,376,252.5,251.5,402,342,493.5,320,466,,,,,,,,,,,,,
2019-11-18,316,393.5,354,390,259.5,258.5,409,342.5,480,324,459,,,,,,,,,,,,,
2019-11-15,313,383,344,398,246.5,246,404.5,327.5,477,325.5,459,,,,,,,,,,,,,
2019-11-14,305,385,349.5,404.5,254.5,256,408,325,473,336,469,510,,,,,,,,,,,,
2019-11-13,327.5,394.5,364.5,407.5,249,250.5,410,328,475.5,345.5,476,516,,,,,,,,,,,,
2019-11-12,348,401,365,416,253,252,416.5,325.5,476.5,352,477,511,,,,,,,,,,,,
2019-11-11,349,407,374,417.5,255,254,414.5,340.5,481,350,478.5,520,,,,,,,,,,,,
2019-11-08,359.5,413,377,422.5,256.5,255.5,413,330.5,478.5,352,480.5,520,,,,,,,,,,,,
2019-11-07,374.5,423,382.5,423.5,266.5,267,414,332,484,350.5,486,525,,,,,,,,,,,,
2019-11-06,385.5,447,388.5,432,274,276.5,414,324.5,481.5,343.5,486,519,,,,,,,,,,,,
2019-11-05,390,445,389.5,420,285.5,284.5,423.5,326,478,344.5,491,524,,,,,,,,,,,,
2019-11-04,398.5,451.5,396.5,427.5,296.5,293.5,414.5,316.5,473.5,339.5,491,502,,,,,,,,,,,,
2019-11-01,394.5,453.5,394.5,424,276,272.5,409.5,307.5,468.5,325,486.5,515,,,,,,,,,,,,
2019-10-31,393,453,394.5,419.5,260,258,409,305.5,457,313,486.5,515,,,,,,,,,,,,
2019-10-30,391.5,440,397.5,425.5,268,268,411.5,310.5,458.5,319.5,486.5,518,,,,,,,,,,,,
2019-10-29,388,442.5,393,438,267,265.5,414,318.5,452,315,487.5,527,,,,,,,,,,,,
2019-10-28,397,444,404.5,439,281.5,284.5,415.5,317.5,451,316,482.5,527,,,,,,,,,,,,
2019-10-25,392.5,441,406.5,436.5,274.5,273,423,312.5,452.5,310,489.5,519,,,,,,,,,,,,
2019-10-24,393,438,407.5,436,279,269.5,422,310,446.5,307.5,495,511,,,,,,,,,,,,
2019-10-23,374.5,436,405.5,435.5,266.5,264.5,412,311.5,441,311.5,496,510,,,,,,,,,,,,
2019-10-22,375.5,424,406,439,247,250,403.5,324,438,314.5,498.5,502,,,,,,,,,,,,
2019-10-21,374.5,418.5,405,438,253.5,251.5,398.5,335,432,326.5,501,494,,,,,,,,,,,,
2019-10-18,364,408.5,415,439,269.5,271,405,347.5,439,342.5,508.5,481,,,,,,,,,,,,
2019-10-17,358.5,403.5,416,439,272,275.5,402.5,346.5,439.5,357,515.5,481,,,,,,,,,,,,
2019-10-16,351.5,397.5,420.5,437.5,270,271.5,418.5,356,429,359,519,481,,,,,,,,,,,,
2019-10-15,350.5,396.5,421.5,429.5,266.5,268.5,427,369,444,378.5,525.5,492,,,,,,,,,,,,
2019-10-14,353,409.5,423,433.5,292.5,297,429.5,394,451,412.5,532,465,,,,,,,,,,,,
2019-10-11,378.5,418,432,438,317,317.5,434,402,441,425.5,542,465,,,,,,,,,,,,
2019-10-10,350,406.5,424,443,307,308.5,431.5,414,436.5,427,541.5,450,,,,,,,,,,,,
2019-10-09,335,398.5,420,437,302,301.5,442,423,437.5,430.5,543,450,,,,,,,,,,,,
2019-10-08,335,398,434.5,454,308,309.5,438.5,422.5,439,437.5,549,449,,,,,,,,,,,,
2019-10-07,360.5,405.5,449,453,327,325,441,418.5,450.5,437,549,447,,,,,,,,,,,,
2019-10-04,388,418,466,456.5,333,333,439.5,414,448.5,439.5,550,413,,,,,,,,,,,,
2019-10-03,398,419,467,475,310.5,310.5,435.5,402.5,435,440,551,,,,,,,,,,,,,
2019-10-02,402,434,476,476,310,312.5,431,404,435,436,564,,,,,,,,,,,,,
2019-10-01,410,418,487,471.5,344,342.5,435.5,407.5,457.5,454,575,,,,,,,,,,,,,
2019-09-30,415,447,487.5,479.5,368,371,439.5,402,468,459.5,582,430.5,,,,,,,,,,,,
2019-09-27,461.5,473,497.5,488,401,401.5,445.5,422,471,472,587,470.5,,,,,,,,,,,,
2019-09-26,471,495,503.5,485.5,389,388,440.5,426.5,469,475,597.5,480.5,,,,,,,,,,,,
2019-09-25,458.5,509.5,485.5,492.5,374,372.5,444.5,442,475,475,605,469.5,,,,,,,,,,,,
2019-09-24,465,517,484,510,374.5,381.5,465,452.5,474.5,475,595.5,456.5,,,,,,,,,,,,
2019-09-23,495.5,528.5,494.5,525,388.5,388.5,481.5,471.5,502,491,581.5,473,,,,,,,,,,,,
2019-09-20,533.5,542.5,513.5,531,391,390.5,483,479.5,506,498.5,569.5,515,,,,,,,,,,,,
2019-09-19,512.5,539,510,533,382.5,383.5,474,479.5,498.5,494,570,497,,,,,,,,,,,,
2019-09-18,552.5,561,529.5,518.5,389,391.5,479.5,490,508.5,529,570,531.5,,,,,,,,,,,,
2019-09-17,593.5,577.5,542.5,510.5,421,411.5,468,488,491.5,506,579,568,,,,,,,,,,,,
2019-09-16,526,543.5,490,481.5,371.5,371,452.5,449,428.5,479.5,537,513,,,,,,,,,,,,
2019-09-13,474.5,519,453,458,327,330,429.5,408.5,409.5,438.5,521,478,,,,,,,,,,,,
2019-09-12,448,512,438.5,444.5,309,307.5,421.5,400.5,390,435.5,509.5,448,,,,,,,,,,,,
2019-09-11,436,517,438.5,449,315,321,415.5,405,404.5,438.5,502,421.5,,,,,,,,,,,,
2019-09-10,445.5,530,441.5,449.5,329,332,410.5,409.5,403,415.5,490,439.5,,,,,,,,,,,,
2019-09-09,436.5,532.5,444,452.5,332,331.5,381.5,405.5,393.5,407.5,479,429,,,,,,,,,,,,
2019-09-06,438,521,437.5,445.5,312,308,373,385.5,388,385.5,464,435,,,,,,,,,,,,
2019-09-05,418,508,423.5,429,294.5,295.5,362.5,355,386.5,363.5,457,415,,,,,,,,,,,,
2019-09-04,408.5,498.5,418,421,278.5,277.5,348,341.5,374.5,355.5,452,412.5,,,,,,,,,,,,
2019-09-03,399.5,496.5,419.5,413.5,272,273.5,344.5,329,377,339.5,448.5,400,,,,,,,,,,,,
2019-09-02,416.5,509.5,430.5,417,282,286,346.5,320.5,383,346,446,418,,,,,,,,,,,,
2019-08-30,437,518.5,439.5,427,297.5,296.5,346,329,385,348.5,446,429,,,,,,,,,,,,
2019-08-29,439,516,434,428.5,302.5,304.5,343.5,327,379,337.5,445.5,423.5,,,,,,,,,,,,
2019-08-28,451.5,521.5,432,426,308,309,340,314.5,373.5,328,446,426,,,,,,,,,,,,
2019-08-27,416,512.5,423,411,303,303.5,331,301,365.5,329.5,449,405.5,,,,,,,,,,,,
2019-08-26,395.5,508,420,402,304.5,305.5,333,304,355,337,453.5,394.5,,,,,,,,,,,,
2019-08-23,386.5,510.5,417.5,398,297.5,299,334.5,307.5,345.5,329,453,389.5,,,,,,,,,,,,
2019-08-22,379,501,417,392,299,298.5,338,307.5,346,325.5,455,386.5,,,,,,,,,,,,
2019-08-21,364.5,492.5,415,390,291.5,289,340,303.5,346.5,336.5,460,373.5,,,,,,,,,,,,
2019-08-20,,,,,,,,,,,,,,,,,,,,,,,,
2019-08-19,,,,,,,,,,,,,,,,,,,,,,,,
2019-08-16,,,,,,,,,,,,,,,,,,,,,,,,
2019-08-15,,,,,,,,,,,,,,,,,,,,,,,,
2019-08-14,,,,,,,,,,,,,,,,,,,,,,,,
2019-08-13,,,,,,,,,,,,,,,,,,,,,,,,
2019-08-12,,,,,,,,,,,,,,,,,,,,,,,,
2019-08-09,,,,,,,,,,,,,,,,,,,,,,,,
2019-08-08,,,,,,,,,,,,,,,,,,,,,,,,
2019-08-07,,,,,,,,,,,,,,,,,,,,,,,,
2019-08-06,,,,,,,,,,,,,,,,,,,,,,,,
2019-08-05,,,,,,,,,,,,,,,,,,,,,,,,
2019-08-02,,,,,,,,,,,,,,,,,,,,,,,,
2019-08-01,,,,,,,,,,,,,,,,,,,,,,,,
2019-07-31,,,,,,,,,,,,,,,,,,,,,,,,
2019-07-30,,,,,,,,,,,,,,,,,,,,,,,,
2019-07-29,,,,,,,,,,,,,,,,,,,,,,,,
2019-07-26,,,,,,,,,,,,,,,,,,,,,,,,
2019-07-25,,,,,,,,,,,,,,,,,,,,,,,,
2019-07-24,,,,,,,,,,,,,,,,,,,,,,,,
2019-07-23,,,,,,,,,,,,,,,,,,,,,,,,
2019-07-22,,,,,,,,,,,,,,,,,,,,,,,,
2019-07-19,,,,,,,,,,,,,,,,,,,,,,,,
2019-07-18,,,,,,,,,,,,,,,,,,,,,,,,
2019-07-17,,,,,,,,,,,,,,,,,,,,,,,,
2019-07-16,,,,,,,,,,,,,,,,,,,,,,,,
2019-07-15,,,,,,,,,,,,,,,,,,,,,,,,
2019-07-12,,,,,,,,,,,,,,,,,,,,,,,,
2019-07-11,,,,,,,,,,,,,,,,,,,,,,,,
2019-07-10,,,,,,,,,,,,,,,,,,,,,,,,
2019-07-09,,,,,,,,,,,,,,,,,,,,,,,,
2019-07-08,,,,,,,,,,,,,,,,,,,,,,,,
2019-07-05,,,,,,,,,,,,,,,,,,,,,,,,
2019-07-04,,,,,,,,,,,,,,,,,,,,,,,,
2019-07-03,,,,,,,,,,,,,,,,,,,,,,,,
2019-07-02,,,,,,,,,,,,,,,,,,,,,,,,
2019-07-01,,,,,,,,,,,,,,,,,,,,,,,,
2019-06-28,,,,,,,,,,,,,,,,,,,,,,,,
2019-06-27,,,,,,,,,,,,,,,,,,,,,,,,
2019-06-26,,,,,,,,,,,,,,,,,,,,,,,,
2019-06-25,,,,,,,,,,,,,,,,,,,,,,,,
2019-06-24,,,,,,,,,,,,,,,,,,,,,,,,
2019-06-21,,,,,,,,,,,,,,,,,,,,,,,,
2019-06-20,,,,,,,,,,,,,,,,,,,,,,,,
2019-06-19,,,,,,,,,,,,,,,,,,,,,,,,
2019-06-18,,,,,,,,,,,,,,,,,,,,,,,,
2019-06-17,,,,,,,,,,,,,,,,,,,,,,,,
2019-06-14,,,,,,,,,,,,,,,,,,,,,,,,
2019-06-13,,,,,,,,,,,,,,,,,,,,,,,,
2019-06-12,,,,,,,,,,,,,,,,,,,,,,,,
2019-06-11,,,,,,,,,,,,,,,,,,,,,,,,
2019-06-10,,,,,,,,,,,,,,,,,,,,,,,,
2019-06-07,,,,,,,,,,,,,,,,,,,,,,,,
2019-06-06,,,,,,,,,,,,,,,,,,,,,,,,
2019-06-05,,,,,,,,,,,,,,,,,,,,,,,,
2019-06-04,,,,,,,,,,,,,,,,,,,,,,,,
2019-06-03,,,,,,,,,,,,,,,,,,,,,,,,
2019-05-31,,,,,,,,,,,,,,,,,,,,,,,,
2019-05-30,,,,,,,,,,,,,,,,,,,,,,,,
2019-05-29,,,,,,,,,,,,,,,,,,,,,,,,
2019-05-28,,,,,,,,,,,,,,,,,,,,,,,,
2019-05-27,,,,,,,,,,,,,,,,,,,,,,,,
2019-05-24,,,,,,,,,,,,,,,,,,,,,,,,
2019-05-23,,,,,,,,,,,,,,,,,,,,,,,,
2019-05-22,,,,,,,,,,,,,,,,,,,,,,,,
2019-05-21,,,,,,,,,,,,,,,,,,,,,,,,
2019-05-20,,,,,,,,,,,,,,,,,,,,,,,,
2019-05-17,,,,,,,,,,,,,,,,,,,,,,,,
2019-05-16,,,,,,,,,,,,,,,,,,,,,,,,
2019-05-15,,,,,,,,,,,,,,,,,,,,,,,,
2019-05-14,,,,,,,,,,,,,,,,,,,,,,,,
2019-05-13,,,,,,,,,,,,,,,,,,,,,,,,
2019-05-10,,,,,,,,,,,,,,,,,,,,,,,,
2019-05-09,,,,,,,,,,,,,,,,,,,,,,,,
2019-05-08,,,,,,,,,,,,,,,,,,,,,,,,
2019-05-07,,,,,,,,,,,,,,,,,,,,,,,,
2019-05-06,,,,,,,,,,,,,,,,,,,,,,,,
2019-05-03,,,,,,,,,,,,,,,,,,,,,,,,
2019-05-02,,,,,,,,,,,,,,,,,,,,,,,,
2019-05-01,,,,,,,,,,,,,,,,,,,,,,,,
2019-04-30,,,,,,,,,,,,,,,,,,,,,,,,
2019-04-29,,,,,,,,,,,,,,,,,,,,,,,,
2019-04-26,,,,,,,,,,,,,,,,,,,,,,,,
2019-04-25,,,,,,,,,,,,,,,,,,,,,,,,
2019-04-24,,,,,,,,,,,,,,,,,,,,,,,,
2019-04-23,,,,,,,,,,,,,,,,,,,,,,,,
2019-04-22,,,,,,,,,,,,,,,,,,,,,,,,
2019-04-18,,,,,,,,,,,,,,,,,,,,,,,,
2019-04-17,,,,,,,,,,,,,,,,,,,,,,,,
2019-04-16,,,,,,,,,,,,,,,,,,,,,,,,
2019-04-15,,,,,,,,,,,,,,,,,,,,,,,,
2019-04-12,,,,,,,,,,,,,,,,,,,,,,,,
2019-04-11,,,,,,,,,,,,,,,,,,,,,,,,
2019-04-10,,,,,,,,,,,,,,,,,,,,,,,,
2019-04-09,,,,,,,,,,,,,,,,,,,,,,,,
2019-04-08,,,,,,,,,,,,,,,,,,,,,,,,
2019-04-05,,,,,,,,,,,,,,,,,,,,,,,,
2019-04-04,,,,,,,,,,,,,,,,,,,,,,,,
2019-04-03,,,,,,,,,,,,,,,,,,,,,,,,
2019-04-02,,,,,,,,,,,,,,,,,,,,,,,,
2019-04-01,,,,,,,,,,,,,,,,,,,,,,,,
2019-03-29,,,,,,,,,,,,,,,,,,,,,,,,
2019-03-28,,,,,,,,,,,,,,,,,,,,,,,,
2019-03-27,,,,,,,,,,,,,,,,,,,,,,,,
2019-03-26,,,,,,,,,,,,,,,,,,,,,,,,
2019-03-25,,,,,,,,,,,,,,,,,,,,,,,,
2019-03-22,,,,,,,,,,,,,,,,,,,,,,,,
2019-03-21,,,,,,,,,,,,,,,,,,,,,,,,
2019-03-20,,,,,,,,,,,,,,,,,,,,,,,,
2019-03-19,,,,,,,,,,,,,,,,,,,,,,,,
2019-03-18,,,,,,,,,,,,,,,,,,,,,,,,
2019-03-15,,,,,,,,,,,,,,,,,,,,,,,,
2019-03-14,,,,,,,,,,,,,,,,,,,,,,,,
2019-03-13,,,,,,,,,,,,,,,,,,,,,,,,
2019-03-12,,,,,,,,,,,,,,,,,,,,,,,,
2019-03-11,,,,,,,,,,,,,,,,,,,,,,,,
2019-03-08,,,,,,,,,,,,,,,,,,,,,,,,
2019-03-07,,,,,,,,,,,,,,,,,,,,,,,,
2019-03-06,,,,,,,,,,,,,,,,,,,,,,,,
2019-03-05,,,,,,,,,,,,,,,,,,,,,,,,
2019-03-04,,,,,,,,,,,,,,,,,,,,,,,,
2019-03-01,,,,,,,,,,,,,,,,,,,,,,,,
2019-02-28,,,,,,,,,,,,,,,,,,,,,,,,
2019-02-27,,,,,,,,,,,,,,,,,,,,,,,,
2019-02-26,,,,,,,,,,,,,,,,,,,,,,,,
2019-02-25,,,,,,,,,,,,,,,,,,,,,,,,
2019-02-22,,,,,,,,,,,,,,,,,,,,,,,,
2019-02-21,,,,,,,,,,,,,,,,,,,,,,,,
2019-02-20,,,,,,,,,,,,,,,,,,,,,,,,
2019-02-19,,,,,,,,,,,,,,,,,,,,,,,,
2019-02-18,,,,,,,,,,,,,,,,,,,,,,,,
2019-02-15,,,,,,,,,,,,,,,,,,,,,,,,
2019-02-14,,,,,,,,,,,,,,,,,,,,,,,,
2019-02-13,,,,,,,,,,,,,,,,,,,,,,,,
2019-02-12,,,,,,,,,,,,,,,,,,,,,,,,
2019-02-11,,,,,,,,,,,,,,,,,,,,,,,,
2019-02-08,,,,,,,,,,,,,,,,,,,,,,,,
2019-02-07,,,,,,,,,,,,,,,,,,,,,,,,
2019-02-06,,,,,,,,,,,,,,,,,,,,,,,,
2019-02-05,,,,,,,,,,,,,,,,,,,,,,,,
2019-02-04,,,,,,,,,,,,,,,,,,,,,,,,
2019-02-01,,,,,,,,,,,,,,,,,,,,,,,,
2019-01-31,,,,,,,,,,,,,,,,,,,,,,,,
2019-01-30,,,,,,,,,,,,,,,,,,,,,,,,
2019-01-29,,,,,,,,,,,,,,,,,,,,,,,,
2019-01-28,,,,,,,,,,,,,,,,,,,,,,,,
2019-01-25,,,,,,,,,,,,,,,,,,,,,,,,
2019-01-24,,,,,,,,,,,,,,,,,,,,,,,,
2019-01-23,,,,,,,,,,,,,,,,,,,,,,,,
2019-01-22,,,,,,,,,,,,,,,,,,,,,,,,
2019-01-21,,,,,,,,,,,,,,,,,,,,,,,,
2019-01-18,,,,,,,,,,,,,,,,,,,,,,,,
2019-01-17,,,,,,,,,,,,,,,,,,,,,,,,
2019-01-16,,,,,,,,,,,,,,,,,,,,,,,,
2019-01-15,,,,,,,,,,,,,,,,,,,,,,,,
2019-01-14,,,,,,,,,,,,,,,,,,,,,,,,
2019-01-11,,,,,,,,,,,,,,,,,,,,,,,,
2019-01-10,,,,,,,,,,,,,,,,,,,,,,,,
2019-01-09,,,,,,,,,,,,,,,,,,,,,,,,
2019-01-08,,,,,,,,,,,,,,,,,,,,,,,,
2019-01-07,,,,,,,,,,,,,,,,,,,,,,,,
2019-01-04,,,,,,,,,,,,,,,,,,,,,,,,
2019-01-03,,,,,,,,,,,,,,,,,,,,,,,,
2019-01-02,,,,,,,,,,,,,,,,,,,,,,,,
