Date,SINGAPORE MGO,BUSAN MGO,HONGKONG MGO,TOKYO MGO,ROTERDAM MGO,ANTWERP MGO,NEWYORK MGO,HOUSTON MGO,LA LongBeach MGO,Balboa MGO,VALPARAISO MGO,SANTOS MGO,Callao MGO,Norfork MGO,FUJAIRAH MGO,SHANGHAI MGO,ALGECIRAS MGO,PIRAEUS MGO,ISTANBUL MGO,SEATTLE MGO,MALTA MGO,GENOA MGO,DURBAN MGO,COLOMBO MGO,STPETERS MGO,HAMBURG MGO,CHITTAGONG MGO,MONGLA MGO,NINGBO MGO,NANSHA MGO,SHEKOU MGO,QINGDAO MGO,TIANJIN MGO,XIAMEN MGO,PORTSAID MGO,VALENCIA MGO,LEHAVRE MGO,FELIXSTOWE MGO,SOUTHAMPTON MGO,JAKARTA MGO,SEMARANG MGO,SURABAYA MGO,CHENNAI MGO,INCHEON MGO,PORTKLANG MGO,BANGKOK MGO,LAEMCHABANG MGO,HOCHIMINH MGO,QUINHON MGO
2026-08-05,1107,1135,1127.5,879.5,1177,1176,1235.5,1141,1314,1278.5,1551,1340.5,1473.5,1318.5,1274.5,1172,1223,1312,1333,1287,1282.5,1295,2016.5,1365.5,1375,1106.5,1142,1149,1161,1115,1115,1163,1164,1117,1267,1227,1192,1195,1197,1123,1132,1129,1125,1123,1110,1121,1119,1121,1127
2026-08-04,1205,1190,1172.5,925.5,1190.5,1231,1240,1150.5,1346.5,1306,1556,1363.5,1480,1298.5,1322,1256.5,1240,1364,1350.5,1295,1258,1300,2101,1395,1375,1105,1240,1247,1259,1213,1213,1261,1262,1215,1280.5,1240.5,1205.5,1208.5,1210.5,1221,1230,1227,1223,1221,1208,1219,1217,1219,1225
2026-08-03,1201.5,1225.5,1193,962,1239,1262,1310,1210,1362,1367,1577,1333,1535.5,1373,1354,1270.5,1325,1416.5,1374,1333.5,1367,1300,2110,1405,1375,1163.5,1236.5,1243.5,1255.5,1209.5,1209.5,1257.5,1258.5,1211.5,1329,1289,1254,1257,1259,1217.5,1226.5,1223.5,1219.5,1217.5,1204.5,1215.5,1213.5,1215.5,1221.5
2026-07-31,1225.5,1258.5,1225.5,1050.5,1282,1276.5,1348,1240.5,1365,1380.5,1610,1286,1585,1447.5,1382.5,1284.5,1355,1405.5,1402,1325,1438.5,1400,2176.5,1428.5,1375,1198.5,1260.5,1267.5,1279.5,1233.5,1233.5,1281.5,1282.5,1235.5,1372,1332,1297,1300,1302,1241.5,1250.5,1247.5,1243.5,1241.5,1228.5,1239.5,1237.5,1239.5,1245.5
2026-07-30,1224.5,1256,1217.5,1047,1290.5,1283,1351.5,1236,1356.5,1388,1420.5,1245.5,1565,1443.5,1383,1272.5,1352.5,1430.5,1399.5,1320,1450,1340,2147,1426.5,1375,1202.5,1259.5,1266.5,1278.5,1232.5,1232.5,1280.5,1281.5,1234.5,1380.5,1340.5,1305.5,1308.5,1310.5,1240.5,1249.5,1246.5,1242.5,1240.5,1227.5,1238.5,1236.5,1238.5,1244.5
2026-07-29,1205.5,1230,1177.5,1030.5,1289,1268,1341,1247,1338,1388.5,1369.5,1271,1543,1497.5,1353.5,1257.5,1322.5,1388.5,1387,1285,1406.5,1340,2191,1438,1375,1195.5,1240.5,1247.5,1259.5,1213.5,1213.5,1261.5,1262.5,1215.5,1379,1339,1304,1307,1309,1221.5,1230.5,1227.5,1223.5,1221.5,1208.5,1219.5,1217.5,1219.5,1225.5
2026-07-28,1213.5,1187.5,1183,998.5,1256.5,1274,1324.5,1226,1295.5,1362,1320.5,1148,1516,1462.5,1353.5,1226,1291.5,1311,1349,1295,1381.5,1340,2191.5,1380,1375,1172,1248.5,1255.5,1267.5,1221.5,1221.5,1269.5,1270.5,1223.5,1346.5,1306.5,1271.5,1274.5,1276.5,1229.5,1238.5,1235.5,1231.5,1229.5,1216.5,1227.5,1225.5,1227.5,1233.5
2026-07-27,1232,1232,1213,1068.5,1249.5,1256,1327.5,1203.5,1335.5,1370,1418.5,1148,1511,1406.5,1412,1262.5,1297.5,1388,1339,1309,1373.5,1340,2196.5,1442,1375,1162,1267,1274,1286,1240,1240,1288,1289,1242,1339.5,1299.5,1264.5,1267.5,1269.5,1248,1257,1254,1250,1248,1235,1246,1244,1246,1252
2026-07-24,1282.5,1274.5,1258,1098.5,1260,1253,1357.5,1238.5,1418.5,1388,1371,1041,1523,1429,1463.5,1275.5,1332,1402.5,1378.5,1339,1389.5,1320,2196.5,1464,1375,1186,1317.5,1324.5,1336.5,1290.5,1290.5,1338.5,1339.5,1292.5,1350,1310,1275,1278,1280,1298.5,1307.5,1304.5,1300.5,1298.5,1285.5,1296.5,1294.5,1296.5,1302.5
2026-07-23,1261.5,1301.5,1254,1093,1260,1248.5,1327,1240,1403,1347.5,1329.5,957,1548,1414.5,1450,1267.5,1292.5,1382.5,1352,1319,1390,1320,2125,1454,1375,1185,1296.5,1303.5,1315.5,1269.5,1269.5,1317.5,1318.5,1271.5,1350,1310,1275,1278,1280,1277.5,1286.5,1283.5,1279.5,1277.5,1264.5,1275.5,1273.5,1275.5,1281.5
2026-07-22,1221.5,1230.5,1215,1113,1238.5,1233.5,1318.5,1236.5,1387.5,1333,1283.5,934,1530,1409.5,1419.5,1223.5,1302.5,1359.5,1342.5,1303,1361,1320,2070,1444.5,1375,1179.5,1256.5,1263.5,1275.5,1229.5,1229.5,1277.5,1278.5,1231.5,1328.5,1288.5,1253.5,1256.5,1258.5,1237.5,1246.5,1243.5,1239.5,1237.5,1224.5,1235.5,1233.5,1235.5,1241.5
2026-07-21,1199,1166.5,1165,1033,1204.5,1201.5,1325.5,1228,1377.5,1318,1277.5,927,1531,1396.5,1375,1186.5,1250,1331,1311.5,1298,1321,1310,2049,1462,1360,1143.5,1234,1241,1253,1207,1207,1255,1256,1209,1294.5,1254.5,1219.5,1222.5,1224.5,1215,1224,1221,1217,1215,1202,1213,1211,1213,1219
2026-07-20,1165,1201.5,1167.5,1026.5,1202.5,1184,1319.5,1218,1393,1323.5,1258,961,1559,1385.5,1357.5,1171,1260,1326,1308.5,1214,1311.5,1180,2165,1458,1360,1140.5,1200,1207,1219,1173,1173,1221,1222,1175,1292.5,1252.5,1217.5,1220.5,1222.5,1181,1190,1187,1183,1181,1168,1179,1177,1179,1185
2026-07-17,1119.5,1146,1112.5,1008.5,1170.5,1136,1254.5,1184,1363,1295,1199,954.5,1543.5,1378.5,1354.5,1164.5,1247,1300,1301,1209,1289.5,1180,2162,1465.5,1360,1144.5,1154.5,1161.5,1173.5,1127.5,1127.5,1175.5,1176.5,1129.5,1260.5,1220.5,1185.5,1188.5,1190.5,1135.5,1144.5,1141.5,1137.5,1135.5,1122.5,1133.5,1131.5,1133.5,1139.5
2026-07-16,1144,1112.5,1102.5,1050,1155.5,1121,1227.5,1195,1308.5,1281,1198,951,1498,1355.5,1345.5,1163,1210,1263.5,1282.5,1250,1255,1180,1925,1464,1345,1106.5,1179,1186,1198,1152,1152,1200,1201,1154,1245.5,1205.5,1170.5,1173.5,1175.5,1160,1169,1166,1162,1160,1147,1158,1156,1158,1164
2026-07-15,1159,1127,1146.5,1072,1155,1112.5,1268.5,1161.5,1306,1275,1198,963.5,1501.5,1354.5,1403.5,1180.5,1245,1254,1298.5,1245,1256,1180,1927.5,1474,1330,1138.5,1194,1201,1213,1167,1167,1215,1216,1169,1245,1205,1170,1173,1175,1175,1184,1181,1177,1175,1162,1173,1171,1173,1179
2026-07-14,1085,1077,1118,1025.5,1107.5,1078,1206,1121.5,1236,1233.5,1345,973.5,1497.5,1307.5,1335.5,1080,1255,1216.5,1252,1215,1244,1160,2142,1470.5,1315,1114,1120,1127,1139,1093,1093,1141,1142,1095,1197.5,1157.5,1122.5,1125.5,1127.5,1101,1110,1107,1103,1101,1088,1099,1097,1099,1105
2026-07-13,996,999.5,1048.5,901,1043,1027,1138.5,1067,1185,1164,1298,983,1427,1227.5,1277,1020.5,1105,1111,1164.5,1165,1139,1130,2137,1462.5,1300,1051.5,1031,1038,1050,1004,1004,1052,1053,1006,1133,1093,1058,1061,1063,1012,1021,1018,1014,1012,999,1010,1008,1010,1016
2026-07-10,976,986.5,1025,885.5,1017.5,990.5,1173.5,1073,1160.5,1151.5,1289,988.5,1392,1235.5,1259,1008.5,1093.5,1089,1135.5,1110,1102,1115,2168,1478,1285,1031,1011,1018,1030,984,984,1032,1033,986,1107.5,1067.5,1032.5,1035.5,1037.5,992,1001,998,994,992,979,990,988,990,996
2026-07-09,964,956.5,1030,891,980.5,922.5,1122.5,1052,1189.5,1157,1223.5,1000,1409,1248,1263.5,998.5,1122.5,1113.5,1140.5,1111.5,1143.5,1050,2132.5,1510,1285,1043.5,999,1006,1018,972,972,1020,1021,974,1070.5,1030.5,995.5,998.5,1000.5,980,989,986,982,980,967,978,976,978,984
2026-07-08,931,934,996,898.5,970,950,1077.5,968.5,1110,1110,1213.5,995,1369,1128,1213.5,972,1062.5,1086.5,1103,1091.5,1107,1050,2120,1506,1285,1011.5,966,973,985,939,939,987,988,941,1060,1020,985,988,990,947,956,953,949,947,934,945,943,945,951
2026-07-07,912,903,985.5,867.5,956.5,939.5,1061,940.5,1058.5,1075.5,1218,988.5,1338,1118,1193,964.5,1035,1047,1090.5,1076.5,1052,1030,2129.5,1528.5,1285,977.5,947,954,966,920,920,968,969,922,1046.5,1006.5,971.5,974.5,976.5,928,937,934,930,928,915,926,924,926,932
2026-07-06,905.5,908,991,887.5,928.5,922.5,1043,918.5,1040,1065.5,1205.5,982.5,1335.5,1102.5,1187,954,1010,1049.5,1063.5,1070,1046.5,1030,2121,1555.5,1285,972.5,940.5,947.5,959.5,913.5,913.5,961.5,962.5,915.5,1018.5,978.5,943.5,946.5,948.5,921.5,930.5,927.5,923.5,921.5,908.5,919.5,917.5,919.5,925.5
2026-07-03,890,912,1031,907.5,929,919,1041,908,1035,1061,1203,997.5,1305.5,1097.5,1188,967.5,1007.5,1031.5,1061,1065,1047,1020,2111,1576,1270,950.5,925,932,944,898,898,946,947,900,1019,979,944,947,949,906,915,912,908,906,893,904,902,904,910
2026-07-02,902.5,893.5,991,888,923.5,911,1044.5,925,1041.5,1059.5,1296.5,1026,1322.5,1102.5,1202,961.5,1026,1027,1048,1075,1040,1050,2128.5,1576,1255,950.5,937.5,944.5,956.5,910.5,910.5,958.5,959.5,912.5,1013.5,973.5,938.5,941.5,943.5,918.5,927.5,924.5,920.5,918.5,905.5,916.5,914.5,916.5,922.5
2026-07-01,896.5,901.5,1028,976,929,909,1049.5,936.5,1052,1081.5,1354.5,1140,1354.5,1138.5,1199.5,976.5,1004,1032,1044.5,1085,1033.5,1050,2125.5,1558,1240,968,931.5,938.5,950.5,904.5,904.5,952.5,953.5,906.5,1019,979,944,947,949,912.5,921.5,918.5,914.5,912.5,899.5,910.5,908.5,910.5,916.5
2026-06-30,902,909,1014,908.5,899,881,1039.5,937,1047,1091,1355,1140,1354.5,1136.5,1280.5,977.5,979,984,1010,1080,1000,999,2141.5,1594.5,1240,949.5,937,944,956,910,910,958,959,912,989,949,914,917,919,918,927,924,920,918,905,916,914,916,922
2026-06-29,894,911,973.5,932,883.5,873.5,1031.5,922,1051.5,1090,1354,1121,1353.5,1123.5,1315,961,974,1006.5,1000,1080,1015,999,2104.5,1582,1240,938.5,929,936,948,902,902,950,951,904,973.5,933.5,898.5,901.5,903.5,910,919,916,912,910,897,908,906,908,914
2026-06-26,882.5,896.5,958.5,941,875,864,1018,905.5,1009,1091.5,1261,1112,1346.5,1102.5,1338.5,960,985,995.5,969.5,1081.5,995,990,2045,1588.5,1240,936,917.5,924.5,936.5,890.5,890.5,938.5,939.5,892.5,965,925,890,893,895,898.5,907.5,904.5,900.5,898.5,885.5,896.5,894.5,896.5,902.5
2026-06-25,877.5,909,907.5,972,870.5,859,988.5,906.5,987,1083.5,1384,1109.5,1336,1092.5,1352.5,970,975,970.5,970,1061.5,990.5,1062,2062.5,1586,1225,931,912.5,919.5,931.5,885.5,885.5,933.5,934.5,887.5,960.5,920.5,885.5,888.5,890.5,893.5,902.5,899.5,895.5,893.5,880.5,891.5,889.5,891.5,897.5
2026-06-24,904.5,921,869,972.5,872.5,866.5,990.5,896,987.5,1095.5,1454,1118,1336,1101.5,1375,945,980,981.5,978.5,1061.5,988.5,1062,2075,1606,1210,924.5,939.5,946.5,958.5,912.5,912.5,960.5,961.5,914.5,962.5,922.5,887.5,890.5,892.5,920.5,929.5,926.5,922.5,920.5,907.5,918.5,916.5,918.5,924.5
2026-06-23,926,983,876,977,857,860.5,990,895,1013.5,1081,1438,1140.5,1340.5,1103.5,1388,985,948,1000,972,976.5,979.5,1062,2075.5,1607.5,1195,940.5,961,968,980,934,934,982,983,936,947,907,872,875,877,942,951,948,944,942,929,940,938,940,946
2026-06-22,936.5,960,881,995,902.5,884,1004,898,1031.5,1101.5,1470,1154.5,1355,1167.5,1415,966,997,1023,992.5,1041.5,1001.5,1160,2073,1622,1180,948.5,971.5,978.5,990.5,944.5,944.5,992.5,993.5,946.5,992.5,952.5,917.5,920.5,922.5,952.5,961.5,958.5,954.5,952.5,939.5,950.5,948.5,950.5,956.5
2026-06-19,913,980.5,889.5,981.5,892,895.5,999,898.5,1011.5,1108,1427.5,1106.5,1368.5,1142.5,1406,973.5,992.5,1019,993.5,1051.5,1007,1150,2079.5,1629.5,1165,959.5,948,955,967,921,921,969,970,923,982,942,907,910,912,929,938,935,931,929,916,927,925,927,933
2026-06-18,909.5,977.5,871.5,1056,876,872,1026,923.5,1087,1105,1443.5,1012,1338,1142.5,1403,964.5,962.5,1005.5,974.5,1051.5,977,1115,2054.5,1612,1165,934.5,944.5,951.5,963.5,917.5,917.5,965.5,966.5,919.5,966,926,891,894,896,925.5,934.5,931.5,927.5,925.5,912.5,923.5,921.5,923.5,929.5
2026-06-17,923,961,895,1036,897.5,900,1026,922,1084.5,1106,1417,1036,1338,1157.5,1395,974.5,1002.5,1025,1002,1055,1000.5,1115,2092.5,1642.5,1150,947.5,958,965,977,931,931,979,980,933,987.5,947.5,912.5,915.5,917.5,939,948,945,941,939,926,937,935,937,943
2026-06-16,951,963.5,916,1081,920,932.5,1068,954,1094.5,1147,1401.5,1083,1361,1194.5,1415,988.5,1002.5,1058,1024.5,1105,1058.5,1110,2096.5,1632.5,1135,1006,986,993,1005,959,959,1007,1008,961,1010,970,935,938,940,967,976,973,969,967,954,965,963,965,971
2026-06-15,973,977.5,933.5,1106.5,944.5,964,1099,983,1210.5,1220.5,1429,1177,1365.5,1210.5,1431.5,1019.5,1032.5,1102,1052.5,1136.5,1046,1110,2109,1672,1120,1019,1008,1015,1027,981,981,1029,1030,983,1034.5,994.5,959.5,962.5,964.5,989,998,995,991,989,976,987,985,987,993
2026-06-12,1048.5,1040.5,1023.5,1173.5,984.5,991,1113.5,1025,1201.5,1232,1407.5,1187,1373,1244,1518,1063,1080,1144,1099,1238.5,1128,1179,2086,1715,1005,1049.5,1083.5,1090.5,1102.5,1056.5,1056.5,1104.5,1105.5,1058.5,1074.5,1034.5,999.5,1002.5,1004.5,1064.5,1073.5,1070.5,1066.5,1064.5,1051.5,1062.5,1060.5,1062.5,1068.5
2026-06-11,1105,1069.5,1054,1196,1025,1043,1130,1065.5,1248,1265.5,1504,1207.5,1456.5,1278.5,1530,1101.5,1140,1164.5,1171.5,1250.5,1178,1199,2092,1775.5,990,1098,1140,1147,1159,1113,1113,1161,1162,1115,1115,1075,1040,1043,1045,1121,1130,1127,1123,1121,1108,1119,1117,1119,1125
2026-06-10,1112.5,1077,1045.5,1195.5,1048.5,1050.5,1154,1052.5,1285,1257,1499,1220.5,1459.5,1274,1509.5,1095,1145,1174.5,1173.5,1238.5,1170.5,1199,2152,1778,975,1098.5,1147.5,1154.5,1166.5,1120.5,1120.5,1168.5,1169.5,1122.5,1138.5,1098.5,1063.5,1066.5,1068.5,1128.5,1137.5,1134.5,1130.5,1128.5,1115.5,1126.5,1124.5,1126.5,1132.5
2026-06-09,1148,1095,1069,1243,1059.5,1062.5,1184,1071,1276.5,1276,1496,1255.5,1459.5,1260.5,1535.5,1133.5,1175,1173.5,1188,1236,1156,1203,2103,1803,960,1117,1183,1190,1202,1156,1156,1204,1205,1158,1149.5,1109.5,1074.5,1077.5,1079.5,1164,1173,1170,1166,1164,1151,1162,1160,1162,1168
2026-06-08,1162,1103,1105,1295,1094.5,1089.5,1198.5,1096.5,1295.5,1301.5,1508,1267.5,1479,1335.5,1552.5,1106,1230,1201,1222.5,1264.5,1244,,2132,1689,945,1144,1197,1204,1216,1170,1170,1218,1219,1172,1184.5,1144.5,1109.5,1112.5,1114.5,1178,1187,1184,1180,1178,1165,1176,1174,1176,1182
2026-06-05,1137,1104.5,1123.5,1300.5,1069,1066,1200.5,1102,1277.5,1324.5,1616,1291.5,1481.5,1375.5,1546.5,1154.5,1202.5,1187,1212,1259.5,1209,,2182.5,1699,930,1120.5,1172,1179,1191,1145,1145,1193,1194,1147,1159,1119,1084,1087,1089,1153,1162,1159,1155,1153,1140,1151,1149,1151,1157
2026-06-04,1182,1245.5,1162,1368.5,1097,1090.5,1208,1133.5,1323.5,1351.5,1590.5,1339.5,1471.5,1330.5,1583.5,1209.5,1255.5,1249.5,1241,1290.5,1247,,2011.5,1782,915,1140.5,1217,1224,1236,1190,1190,1238,1239,1192,1187,1147,1112,1115,1117,1198,1207,1204,1200,1198,1185,1196,1194,1196,1202
2026-06-03,1163,1125.5,1126,1342,1115.5,1088.5,1200,1154,1338,1350.5,1616.5,1391,1470.5,1320,1577,1192,1259.5,1242,1246,1259.5,1249.5,1350,2272.5,1795.5,900,1132,1198,1205,1217,1171,1171,1219,1220,1173,1205.5,1165.5,1130.5,1133.5,1135.5,1179,1188,1185,1181,1179,1166,1177,1175,1177,1183
2026-06-02,1133.5,1109.5,1129,1262,1063.5,1046,1204.5,1131,1296.5,1339,1670.5,1371,1453,1280,1520,1132,1160,1206,1225,1289.5,1181,1350,2135.5,1815,885,1102,1168.5,1175.5,1187.5,1141.5,1141.5,1189.5,1190.5,1143.5,1153.5,1113.5,1078.5,1081.5,1083.5,1149.5,1158.5,1155.5,1151.5,1149.5,1136.5,1147.5,1145.5,1147.5,1153.5
2026-06-01,1080,1075,1082,1224.5,1074.5,1067,1184.5,1106.5,1297,1343,1587.5,1376.5,1463.5,1279.5,1480,1130,1155,1200.5,1232,1285,1185,1350,2175.5,1798.5,885,1117,1115,1122,1134,1088,1088,1136,1137,1090,1164.5,1124.5,1089.5,1092.5,1094.5,1096,1105,1102,1098,1096,1083,1094,1092,1094,1100
2026-05-29,1061,1082.5,1079,1188.5,1055,1057,1168,1066.5,1280,1324.5,1585,1347.5,1443,1279.5,1555.5,1131.5,1137.5,1207,1239.5,1241.5,1158,1350,2123,1715,885,1092,1096,1103,1115,1069,1069,1117,1118,1071,1145,1105,1070,1073,1075,1077,1086,1083,1079,1077,1064,1075,1073,1075,1081
2026-05-28,1119,1097.5,1099.5,1241,1079,1088,1158,1101.5,1327.5,1354.5,1585,1368,1445.5,1294.5,1501.5,1213,1150,1237.5,1284.5,1241.5,1183.5,1350,2172,1741,885,1119.5,1154,1161,1173,1127,1127,1175,1176,1129,1169,1129,1094,1097,1099,1135,1144,1141,1137,1135,1122,1133,1131,1133,1139
2026-05-27,1105,1090,1123,1293.5,1084,1090.5,1222.5,1138.5,1328,1375,1585,1375,1481.5,1376,1482,1199.5,1180,1241,1306.5,1251.5,1183,1350,2137,1805.5,885,1128,1140,1147,1159,1113,1113,1161,1162,1115,1174,1134,1099,1102,1104,1121,1130,1127,1123,1121,1108,1119,1117,1119,1125
2026-05-26,1116.5,1099.5,1144.5,1237,1127,1138.5,1273,1161,1335,1406,1597,1349,1498,1366,1482,1215.5,1212.5,1253.5,1340.5,1243.5,1216,1350,2222.5,1770.5,870,1138.5,1151.5,1158.5,1170.5,1124.5,1124.5,1172.5,1173.5,1126.5,1217,1177,1142,1145,1147,1132.5,1141.5,1138.5,1134.5,1132.5,1119.5,1130.5,1128.5,1130.5,1136.5
2026-05-25,1086,1044.5,1131.5,1229.5,1114,1106.5,1260.5,1139.5,1336,1405,1573.5,1349,1667,1323.5,1497.5,1149,1287.5,1300.5,1334.5,1350,1223.5,1350,2260,1743.5,870,1188.5,1121,1128,1140,1094,1094,1142,1143,1096,1204,1164,1129,1132,1134,1102,1111,1108,1104,1102,1089,1100,1098,1100,1106
2026-05-22,1172.5,1204.5,1200.5,1308.5,1181,1173.5,1295.5,1200.5,1386.5,1411.5,1578.5,1372.5,1505.5,1387.5,1509,1251.5,1287.5,1280.5,1390,1355,1278,1350,2260,1776,870,1188.5,1207.5,1214.5,1226.5,1180.5,1180.5,1228.5,1229.5,1182.5,1271,1231,1196,1199,1201,1188.5,1197.5,1194.5,1190.5,1188.5,1175.5,1186.5,1184.5,1186.5,1192.5
2026-05-21,1205,1224,1234,1358.5,1206.5,1201.5,1300,1186.5,1359.5,1436.5,1569,1368.5,1499,1406.5,1522.5,1272,1304,1308,1415,1330,1314,1350,2296.5,1825,870,1204,1240,1247,1259,1213,1213,1261,1262,1215,1296.5,1256.5,1221.5,1224.5,1226.5,1221,1230,1227,1223,1221,1208,1219,1217,1219,1225
2026-05-20,1255.5,1260,1248,1288.5,1242.5,1231,1328.5,1215.5,1400,1449.5,1514,1375.5,1516.5,1409.5,1546.5,1300.5,1345,1355,1469.5,1339.5,1350,1330,2409,1896,870,1205,1290.5,1297.5,1309.5,1263.5,1263.5,1311.5,1312.5,1265.5,1332.5,1292.5,1257.5,1260.5,1262.5,1271.5,1280.5,1277.5,1273.5,1271.5,1258.5,1269.5,1267.5,1269.5,1275.5
2026-05-19,1256,1286.5,1265,1358.5,1227,1215.5,1332,1221.5,1402.5,1457,1648,1371,1525,1424,1577.5,1301,1352.5,1369.5,1475,1361.5,1356,1330,2385.5,1910,870,1223.5,1291,1298,1310,1264,1264,1312,1313,1266,1317,1277,1242,1245,1247,1272,1281,1278,1274,1272,1259,1270,1268,1270,1276
2026-05-18,1261.5,1284.5,1248,1421,1235.5,1226,1330,1243,1403.5,1445,1633,1397,1533.5,1384,1571,1284.5,1352.5,1373.5,1503,1361.5,1368.5,1330,2241,1881,870,1203,1296.5,1303.5,1315.5,1269.5,1269.5,1317.5,1318.5,1271.5,1325.5,1285.5,1250.5,1253.5,1255.5,1277.5,1286.5,1283.5,1279.5,1277.5,1264.5,1275.5,1273.5,1275.5,1281.5
2026-05-15,1237.5,1259,1246.5,1428,1200.5,1200,1324.5,1240.5,1464,1440.5,1631.5,1358.5,1529,1399,1549.5,1263.5,1317.5,1359,1518,1318.5,1355.5,1372,2322,1886,870,1199.5,1272.5,1279.5,1291.5,1245.5,1245.5,1293.5,1294.5,1247.5,1290.5,1250.5,1215.5,1218.5,1220.5,1253.5,1262.5,1259.5,1255.5,1253.5,1240.5,1251.5,1249.5,1251.5,1257.5
2026-05-14,1218.5,1277,1229,1392,1197,1201,1298,1220,1440,1436,1629,1352.5,1501.5,1402.5,1518,1262.5,1329.5,1342,1493,1318.5,1353,1400,2236.5,1886,870,1204.5,1253.5,1260.5,1272.5,1226.5,1226.5,1274.5,1275.5,1228.5,1287,1247,1212,1215,1217,1234.5,1243.5,1240.5,1236.5,1234.5,1221.5,1232.5,1230.5,1232.5,1238.5
2026-05-13,1231.5,1307,1226.5,1347,1225,1210.5,1297.5,1258.5,1445.5,1466,1635,1343,1541.5,1436.5,1545.5,1247,1335.5,1368.5,1495,1327.5,1359,1400,2311,1929,870,1205.5,1266.5,1273.5,1285.5,1239.5,1239.5,1287.5,1288.5,1241.5,1315,1275,1240,1243,1245,1247.5,1256.5,1253.5,1249.5,1247.5,1234.5,1245.5,1243.5,1245.5,1251.5
2026-05-12,1201.5,1309,1214,1325.5,1209.5,1191.5,1303,1235,1482.5,1464.5,1662,1424.5,1570.5,1420,1543,1268.5,1307,1364.5,1505,1333.5,1351.5,1400,2206.5,1954.5,870,1214.5,1236.5,1243.5,1255.5,1209.5,1209.5,1257.5,1258.5,1211.5,1299.5,1259.5,1224.5,1227.5,1229.5,1217.5,1226.5,1223.5,1219.5,1217.5,1204.5,1215.5,1213.5,1215.5,1221.5
2026-05-11,1196.5,1265,1191,1319,1216,1221.5,1220.5,1184.5,1438.5,1434.5,1654,1424.5,1550.5,1381.5,1509.5,1251,1320,1351,1491,1323.5,1355,1567,2200,1942,870,1183,1231.5,1238.5,1250.5,1204.5,1204.5,1252.5,1253.5,1206.5,1306,1266,1231,1234,1236,1212.5,1221.5,1218.5,1214.5,1212.5,1199.5,1210.5,1208.5,1210.5,1216.5
2026-05-08,1144.5,1215,1205,1228.5,1192.5,1208,1248,1170,1435.5,1404,1737,1411,1426.5,1384.5,1482.5,1241.5,1318.5,1391.5,1448.5,1426.5,1328,1567,1754.5,1976.5,870,1167.5,1179.5,1186.5,1198.5,1152.5,1152.5,1200.5,1201.5,1154.5,1282.5,1242.5,1207.5,1210.5,1212.5,1160.5,1169.5,1166.5,1162.5,1160.5,1147.5,1158.5,1156.5,1158.5,1164.5
2026-05-07,1182,1161,1232,1310,1163,1239,1214,1139,1391.5,1391,1766.5,1380.5,1396.5,1319.5,1450,1287,1320,1374,1444,1426.5,1296,1567,1753.5,1948,870,1181,1217,1224,1236,1190,1190,1238,1239,1192,1253,1213,1178,1181,1183,1198,1207,1204,1200,1198,1185,1196,1194,1196,1202
2026-05-06,1175,1268,1271,1329,1220,1255.5,1276,1238.5,1430,1429.5,1762,1378.5,1496,1354.5,1481,1322,1350,1406,1441.5,1426.5,1365,1567,1778.5,1950,893.5,1241,1210,1217,1229,1183,1183,1231,1232,1185,1310,1270,1235,1238,1240,1191,1200,1197,1193,1191,1178,1189,1187,1189,1195
2026-05-05,1258,1361.5,1360,1486.5,1312.5,1320,1298,1236,1431,1467.5,1773,1378.5,1616.5,1362.5,1553,1391.5,1502.5,1420,1500.5,1426.5,1469.5,1600,1762.5,1927.5,893.5,1299.5,1293,1300,1312,1266,1266,1314,1315,1268,1402.5,1362.5,1327.5,1330.5,1332.5,1274,1283,1280,1276,1274,1261,1272,1270,1272,1278
2026-05-04,1281.5,1377.5,1390,1492,1310.5,1314.5,1304,1223.5,1426.5,1456,1756.5,1422,1651.5,1364.5,1529,1405.5,1422.5,1436,1483,1432.5,1446.5,1600,2171.5,1873.5,893.5,1292,1316.5,1323.5,1335.5,1289.5,1289.5,1337.5,1338.5,1291.5,1400.5,1360.5,1325.5,1328.5,1330.5,1297.5,1306.5,1303.5,1299.5,1297.5,1284.5,1295.5,1293.5,1295.5,1301.5
2026-05-01,1287,1410.5,1340.5,1438,1338.5,1345,1315.5,1212,1428,1478,1703.5,1519.5,1670,1439,1547,1395,1462.5,1396.5,1473.5,1456.5,1484.5,1600,2810.5,1906.5,893.5,1264,1322,1329,1341,1295,1295,1343,1344,1297,1428.5,1388.5,1353.5,1356.5,1358.5,1303,1312,1309,1305,1303,1290,1301,1299,1301,1307
2026-04-30,1351.5,1449.5,1381.5,1485,1336.5,1325,1320.5,1257,1458,1491.5,1778.5,1446.5,1670,1414,1572,1417,1452.5,1448.5,1512.5,1456.5,1499.5,1560,2810.5,1906.5,893.5,1289.5,1386.5,1393.5,1405.5,1359.5,1359.5,1407.5,1408.5,1361.5,1426.5,1386.5,1351.5,1354.5,1356.5,1367.5,1376.5,1373.5,1369.5,1367.5,1354.5,1365.5,1363.5,1365.5,1371.5
2026-04-29,1292.5,1400.5,1309,1443.5,1303,1302.5,1321,1226,1440,1494,1739,1450,1671,1350,1525,1404.5,1472.5,1444.5,1460.5,1442.5,1462,1560,2810.5,1892,893.5,1267.5,1327.5,1334.5,1346.5,1300.5,1300.5,1348.5,1349.5,1302.5,1393,1353,1318,1321,1323,1308.5,1317.5,1314.5,1310.5,1308.5,1295.5,1306.5,1304.5,1306.5,1312.5
2026-04-28,1274.5,1404.5,1344,1504,1284,1277.5,1304.5,1205.5,1435,1458,1721.5,1452.5,1681.5,1353.5,1497,1404,1447.5,1434.5,1460,1407.5,1470.5,1500,2805,1915,893.5,1251.5,1309.5,1316.5,1328.5,1282.5,1282.5,1330.5,1331.5,1284.5,1374,1334,1299,1302,1304,1290.5,1299.5,1296.5,1292.5,1290.5,1277.5,1288.5,1286.5,1288.5,1294.5
2026-04-27,1318.5,1473.5,1369.5,1526,1288,1275,1306,1237,1440,1483.5,1742,1485,1683,1357.5,1514.5,1437,1457.5,1431.5,1469,1422.5,1467.5,1550,2815,1931.5,893.5,1230.5,1353.5,1360.5,1372.5,1326.5,1326.5,1374.5,1375.5,1328.5,1378,1338,1303,1306,1308,1334.5,1343.5,1340.5,1336.5,1334.5,1321.5,1332.5,1330.5,1332.5,1338.5
2026-04-24,1322.5,1439.5,1345.5,1565.5,1276.5,1249,1297.5,1206.5,1418.5,1483.5,1760.5,1491,1694,1223,1507,1405,1463.5,1400.5,1442.5,1397.5,1535.5,1550,2809,1971.5,928.5,1242,1357.5,1364.5,1376.5,1330.5,1330.5,1378.5,1379.5,1332.5,1366.5,1326.5,1291.5,1294.5,1296.5,1338.5,1347.5,1344.5,1340.5,1338.5,1325.5,1336.5,1334.5,1336.5,1342.5
2026-04-23,1295.5,1431.5,1280.5,1537,1220,1195.5,1267.5,1189.5,1466,1461,1760.5,1451,1669,1173,1466.5,1398,1413.5,1426,1414,1397.5,1456.5,1443,2809,1923.5,893.5,1202,1330.5,1337.5,1349.5,1303.5,1303.5,1351.5,1352.5,1305.5,1310,1270,1235,1238,1240,1311.5,1320.5,1317.5,1313.5,1311.5,1298.5,1309.5,1307.5,1309.5,1315.5
2026-04-22,1273,1467.5,1291,1593,1200.5,1173,1232,1182,1509.5,1437.5,1755,1461,1658,1098,1405,1322,1360,1402,1385,1371.5,1376.5,1443,2805,1981,870,1208,1308,1315,1327,1281,1281,1329,1330,1283,1290.5,1250.5,1215.5,1218.5,1220.5,1289,1298,1295,1291,1289,1276,1287,1285,1287,1293
2026-04-21,1178,1418.5,1240.5,1685,1149,1173,1178,1112.5,1468,1374,1755,1440.5,1643.5,1093,1334,1319,1266.5,1364.5,1337.5,1349.5,1304,1405,2762.5,2020,870,1162,1213,1220,1232,1186,1186,1234,1235,1188,1239,1199,1164,1167,1169,1194,1203,1200,1196,1194,1181,1192,1190,1192,1198
2026-04-20,1257.5,1483.5,1308.5,1797,1165,1196.5,1191.5,1076.5,1459.5,1355.5,1755,1547,1624,1043,1410,1426.5,1272.5,1396,1352.5,1291.5,1295,1405,2751.5,1973.5,870,1167,1292.5,1299.5,1311.5,1265.5,1265.5,1313.5,1314.5,1267.5,1255,1215,1180,1183,1185,1273.5,1282.5,1279.5,1275.5,1273.5,1260.5,1271.5,1269.5,1271.5,1277.5
2026-04-17,1357,1507,1406,1992.5,1212.5,1235,1278.5,1149,1487.5,1401.5,1740,1514,1687.5,1198,1468.5,1493,1310,1446,1365,1398.5,1320,1405,2838.5,1998.5,870,1231.5,1392,1399,1411,1365,1365,1413,1414,1367,1302.5,1262.5,1227.5,1230.5,1232.5,1373,1382,1379,1375,1373,1360,1371,1369,1371,1377
2026-04-16,1377,1528,1422,1992.5,1232.5,1264.5,1257.5,1190.5,1587.5,1454.5,1755,1496,1687.5,1265,1474,1512.5,1285.5,1458.5,1384,1398.5,1367.5,1405,2838.5,2084,870,1238,1412,1419,1431,1385,1385,1433,1434,1387,1322.5,1282.5,1247.5,1250.5,1252.5,1393,1402,1399,1395,1393,1380,1391,1389,1391,1397
2026-04-15,1395,1517.5,1443,1992.5,1230.5,1235,1248,1192.5,1616,1416.5,1775,,1677.5,1290,1470.5,1569.5,1312.5,1456.5,1354,1362.5,1368.5,1405,2907.5,2071.5,870,1228.5,1430,1437,1449,1403,1403,1451,1452,1405,1320.5,1280.5,1245.5,1248.5,1250.5,1411,1420,1417,1413,1411,1398,1409,1407,1409,1415
2026-04-14,1493,1584.5,1515.5,1852.5,1272.5,1249,1283.5,1234,1602.5,1424,1772.5,,1680,1310,1505,1768.5,1395,1495,1394.5,1441.5,1426,1405,2972.5,2191.5,870,1266.5,1528,1535,1547,1501,1501,1549,1550,1503,1362.5,1322.5,1287.5,1290.5,1292.5,1509,1518,1515,1511,1509,1496,1507,1505,1507,1513
2026-04-13,1585,1645,1593,1791,1318,1309,1291,1246,1591.5,1478.5,1757.5,1496,1778,1310,1564.5,1722.5,1365,1520,1445.5,1556.5,1421.5,1435,2977.5,2477,870,1297,1620,1627,1639,1593,1593,1641,1642,1595,1408,1368,1333,1336,1338,1601,1610,1607,1603,1601,1588,1599,1597,1599,1605
2026-04-10,1631.5,1632,1572,1791,1293.5,1305,1283.5,1213.5,1676.5,1452,1757.5,1496,1740.5,1400,1571.5,1716,1470.5,1481,1439,1581.5,1454.5,1400,3020,2477,870,1285.5,1666.5,1673.5,1685.5,1639.5,1639.5,1687.5,1688.5,1641.5,1383.5,1343.5,1308.5,1311.5,1313.5,1647.5,1656.5,1653.5,1649.5,1647.5,1634.5,1645.5,1643.5,1645.5,1651.5
2026-04-09,1576.5,1600,1572,1791,1323.5,1400,1323.5,1264.5,1676.5,1436.5,1750.5,1496,1765.5,1495,1597,1757,1442.5,1551.5,1393,1581.5,1439.5,1400,3075.5,2089.5,870,1285,1611.5,1618.5,1630.5,1584.5,1584.5,1632.5,1633.5,1586.5,1413.5,1373.5,1338.5,1341.5,1343.5,1592.5,1601.5,1598.5,1594.5,1592.5,1579.5,1590.5,1588.5,1590.5,1596.5
2026-04-08,1673,1695,1587.5,1791,1277,1310,1472.5,1304.5,1752.5,1468,1754,1496,1745.5,1530,1684.5,1768,1412.5,1497.5,1391.5,1651.5,1380.5,1455,3190,2136,970,1235,1708,1715,1727,1681,1681,1729,1730,1683,1367,1327,1292,1295,1297,1689,1698,1695,1691,1689,1676,1687,1685,1687,1693
2026-04-07,1905.5,1768,1677.5,1791,1500,1500,1486,1460,1722.5,1527,1791.5,1496,1820.5,1520,1738.5,2252.5,1717.5,1622.5,1655,1651.5,1699,1455,3337.5,2154.5,1505,1516.5,1940.5,1947.5,1959.5,1913.5,1913.5,1961.5,1962.5,1915.5,1590,1550,1515,1518,1520,1921.5,1930.5,1927.5,1923.5,1921.5,1908.5,1919.5,1917.5,1919.5,1925.5
2026-04-06,2064,1918,1896.5,1791,1443.5,,1478.5,1411,1772,1518.5,1716.5,1496,1776,1400,1801,2252.5,1637.5,1589,1612.5,1641.5,1631.5,1455,3287.5,2254.5,1505,1448.5,2099,2106,2118,2072,2072,2120,2121,2074,1533.5,1493.5,1458.5,1461.5,1463.5,2080,2089,2086,2082,2080,2067,2078,2076,2078,2084
2026-04-03,1901,1884.5,1796.5,1791,1414.5,,1322.5,1377.5,1550,1425.5,1716.5,1496,1862,1400,1898,1739.5,1637.5,1559,1650,1496.5,1621.5,1455,3317,2254.5,1505,1448.5,1936,1943,1955,1909,1909,1957,1958,1911,1504.5,1464.5,1429.5,1432.5,1434.5,1917,1926,1923,1919,1917,1904,1915,1913,1915,1921
2026-04-02,1901,1884.5,1796.5,1791,1414.5,1411.5,1322.5,1377.5,1550,1425.5,1716.5,1496,1862,1400,1898,1739.5,1637.5,1559,1650,1496.5,1621.5,1455,3317,2254.5,1505,1448.5,1936,1943,1955,1909,1909,1957,1958,1911,1504.5,1464.5,1429.5,1432.5,1434.5,1917,1926,1923,1919,1917,1904,1915,1913,1915,1921
2026-04-01,1836,1690,1619,1791,1331.5,1342.5,1422.5,1294.5,1594,1483,1716.5,1496,1749.5,1475,1705,1714,1507.5,1502.5,1487,1496.5,1498.5,1455,2560.5,2142.5,1505,1272,1871,1878,1890,1844,1844,1892,1893,1846,1421.5,1381.5,1346.5,1349.5,1351.5,1852,1861,1858,1854,1852,1839,1850,1848,1850,1856
2026-03-31,1867.5,1710.5,1592.5,1985,1368,1362,1428,1340,1574,1507.5,1700,1496,1801.5,1450,1735.5,1711,1572.5,1508,1515,1461.5,1537,1455,2524.5,2234.5,,1399,1902.5,1909.5,1921.5,1875.5,1875.5,1923.5,1924.5,1877.5,1458,1418,1383,1386,1388,1883.5,1892.5,1889.5,1885.5,1883.5,1870.5,1881.5,1879.5,1881.5,1887.5
2026-03-30,1845,1726,1594.5,2013,1388.5,1366,1389.5,1342.5,1604.5,1505,1877.5,1537,1836.5,1475,1757,1701,1633.5,1492,1570.5,1373.5,1602,1455,2207.5,2294.5,1505,1335,1880,1887,1899,1853,1853,1901,1902,1855,1478.5,1438.5,1403.5,1406.5,1408.5,1861,1870,1867,1863,1861,1848,1859,1857,1859,1865
2026-03-27,1738,1646.5,1497.5,1930,1285.5,1295.5,1431.5,1275,1468.5,1443.5,1552.5,1490,1946,1400,1710,1622.5,1543.5,1493,1462,1319.5,1487,1455,1623.5,2323.5,1305,1300.5,1773,1780,1792,1746,1746,1794,1795,1748,1375.5,1335.5,1300.5,1303.5,1305.5,1754,1763,1760,1756,1754,1741,1752,1750,1752,1758
2026-03-26,1673.5,1559,1490,1814,1331,1318,1346,1312,1480.5,1504,1527.5,1626,1606,1375,1621,1606,1437.5,1377,1407.5,1319.5,1459.5,,1903,2314,1015,1191,1708.5,1715.5,1727.5,1681.5,1681.5,1729.5,1730.5,1683.5,1421,1381,1346,1349,1351,1689.5,1698.5,1695.5,1691.5,1689.5,1676.5,1687.5,1685.5,1687.5,1693.5
2026-03-25,1661.5,1551,1468.5,1697,1261.5,1201.5,1289,1248.5,1386.5,1470.5,1727.5,1392,1596,1405,1566.5,1487,1362.5,1407.5,1368,1293.5,1426,,1898,2090,1015,1149,1696.5,1703.5,1715.5,1669.5,1669.5,1717.5,1718.5,1671.5,1351.5,1311.5,1276.5,1279.5,1281.5,1677.5,1686.5,1683.5,1679.5,1677.5,1664.5,1675.5,1673.5,1675.5,1681.5
2026-03-24,1784,1604.5,1541,1898,1334.5,1296.5,1356,1275.5,1306.5,1551.5,1627.5,1576,1571,1350,1640.5,1591,1582.5,1417.5,1417.5,1343.5,1475.5,,2334.5,2045,1058.5,1243,1819,1826,1838,1792,1792,1840,1841,1794,1424.5,1384.5,1349.5,1352.5,1354.5,1800,1809,1806,1802,1800,1787,1798,1796,1798,1804
2026-03-23,1940,1774,1601,2067.5,1397.5,1319.5,1368,1295,1338.5,1509,1652.5,1581,1616,1425,1792,1710,1582.5,1476.5,1468,1408.5,1591.5,,2334.5,2089,1058.5,1299,1975,1982,1994,1948,1948,1996,1997,1950,1487.5,1447.5,1412.5,1415.5,1417.5,1956,1965,1962,1958,1956,1943,1954,1952,1954,1960
2026-03-20,1822.5,1790,1592,1941.5,1358.5,1326,1453,1315.5,1358,1510.5,1407.5,1477,1566,1425,1744.5,1691.5,1537.5,1424.5,1444,1455.5,1491,,2337.5,2016,1228.5,1332,1857.5,1864.5,1876.5,1830.5,1830.5,1878.5,1879.5,1832.5,1448.5,1408.5,1373.5,1376.5,1378.5,1838.5,1847.5,1844.5,1840.5,1838.5,1825.5,1836.5,1834.5,1836.5,1842.5
2026-03-19,1873,1820.5,1633,2041.5,1287.5,1308,1353,1326.5,1344.5,1514,1407.5,1579,1576,1425,1797.5,1690,1597.5,1513.5,1455.5,1455.5,1537,,2183.5,2037.5,1058.5,1332.5,1908,1915,1927,1881,1881,1929,1930,1883,1377.5,1337.5,1302.5,1305.5,1307.5,1889,1898,1895,1891,1889,1876,1887,1885,1887,1893
2026-03-18,1777,1706.5,1470.5,1889.5,1193,1178,1305,1240.5,1283,1447.5,1372.5,1690,1528.5,1380,1642.5,1600.5,1387.5,1289.5,1293,1364.5,1380,,2167.5,1885,1058.5,1166,1812,1819,1831,1785,1785,1833,1834,1787,1283,1243,1208,1211,1213,1793,1802,1799,1795,1793,1780,1791,1789,1791,1797
2026-03-17,1807,1816,1514,1707,1179,1161.5,1258.5,1212,1271.5,1431.5,1364,1745,1459.5,1375,1651.5,1645,1325,1283,1303.5,1327.5,1378,,1966.5,1879,873.5,1177.5,1842,1849,1861,1815,1815,1863,1864,1817,1269,1229,1194,1197,1199,1823,1832,1829,1825,1823,1810,1821,1819,1821,1827
2026-03-16,1865.5,1791.5,1609,1790.5,1174.5,1170,1297,1201,1269.5,1453,1375,1715,1463.5,1475,1653.5,1621,1400,1284,1297,1331.5,1374.5,970,2264.5,1904,873.5,1162,1900.5,1907.5,1919.5,1873.5,1873.5,1921.5,1922.5,1875.5,1264.5,1224.5,1189.5,1192.5,1194.5,1881.5,1890.5,1887.5,1883.5,1881.5,1868.5,1879.5,1877.5,1879.5,1885.5
2026-03-13,1920,1813,1531,1739,1140.5,1119,1227.5,1128.5,1186.5,1448.5,1365.5,1769,1548.5,1375,1630,1681.5,1290.5,1186.5,1249.5,1347.5,1306,970,1690.5,1964.5,873.5,1194.5,1955,1962,1974,1928,1928,1976,1977,1930,1230.5,1190.5,1155.5,1158.5,1160.5,1936,1945,1942,1938,1936,1923,1934,1932,1934,1940
2026-03-12,1779.5,1792,1444,1677,1133,1111.5,1222.5,1132,1081.5,1452,1188.5,1910,1548.5,1337.5,1513.5,1606.5,1315.5,1237,1284,1227.5,1299,970,1662,1786.5,873.5,1202,1814.5,1821.5,1833.5,1787.5,1787.5,1835.5,1836.5,1789.5,1223,1183,1148,1151,1153,1795.5,1804.5,1801.5,1797.5,1795.5,1782.5,1793.5,1791.5,1793.5,1799.5
2026-03-11,1679.5,1673.5,1333,1595,1127.5,1120,1202.5,1077,1081.5,1323.5,1188.5,1911,1348.5,1337.5,1433.5,1529,1230.5,1253,1181.5,1227.5,1185,970,1632,1705,873.5,1162,1714.5,1721.5,1733.5,1687.5,1687.5,1735.5,1736.5,1689.5,1217.5,1177.5,1142.5,1145.5,1147.5,1695.5,1704.5,1701.5,1697.5,1695.5,1682.5,1693.5,1691.5,1693.5,1699.5
2026-03-10,1596,1526,1339.5,1541,1068,1060,1130,1115,1119.5,1246,1188.5,1373,1298.5,1332.5,1350.5,1464,1340.5,1098.5,1157,1188.5,1262,970,1479,1499.5,830,1122,1631,1638,1650,1604,1604,1652,1653,1606,1158,1118,1083,1086,1088,1612,1621,1618,1614,1612,1599,1610,1608,1610,1616
2026-03-09,1768,1550,1421,1603,1162.5,1109.5,1252.5,1222.5,1231.5,1334.5,1148.5,1046,1354,1256.5,1411,1375,1470.5,1250.5,1362.5,1198.5,1373.5,970,1479,1465.5,810,1122,1803,1810,1822,1776,1776,1824,1825,1778,1252.5,1212.5,1177.5,1180.5,1182.5,1784,1793,1790,1786,1784,1771,1782,1780,1782,1788
2026-03-06,1383,1269.5,1248,1283,1053.5,1006,1171.5,1138.5,1005,1195.5,1141.5,804,1237.5,1102.5,1202,1169,1239.5,1089,1137.5,1062.5,1171,970,1431,1280.5,810,1039,1418,1425,1437,1391,1391,1439,1440,1393,1143.5,1103.5,1068.5,1071.5,1073.5,1399,1408,1405,1401,1399,1386,1397,1395,1397,1403
2026-03-05,1157,1203.5,1149,1086.5,1026,987.5,1106.5,1016.5,1030,1088,1141.5,958,1237.5,1072.5,1160.5,1141.5,1144,1058,1133,1037.5,1167,970,1453,1136,810,1031,1192,1199,1211,1165,1165,1213,1214,1167,1116,1076,1041,1044,1046,1173,1182,1179,1175,1173,1160,1171,1169,1171,1177
2026-03-04,1039.5,1098.5,1047.5,1023.5,985.5,924.5,1054,946.5,927,1009,1134.5,874,1145,1072.5,1105,993.5,1106,1014.5,1089.5,987.5,1129,970,1400.5,993,810,964.5,1074.5,1081.5,1093.5,1047.5,1047.5,1095.5,1096.5,1049.5,1075.5,1035.5,1000.5,1003.5,1005.5,1055.5,1064.5,1061.5,1057.5,1055.5,1042.5,1053.5,1051.5,1053.5,1059.5
2026-03-03,967.5,999.5,916.5,1009.5,944.5,836.5,966.5,923,908,1006,1136.5,965,1070.5,992.5,1044.5,882,1057.5,1007.5,1112,916.5,1084,970,1395,887.5,710,932,1002.5,1009.5,1021.5,975.5,975.5,1023.5,1024.5,977.5,1034.5,994.5,959.5,962.5,964.5,983.5,992.5,989.5,985.5,983.5,970.5,981.5,979.5,981.5,987.5
2026-03-02,810.5,834,784.5,892,812,746,963.5,819.5,851,884,1100.5,927,1068,879.5,881,788.5,791.5,876,934,942.5,959,800,1337.5,796.5,710,752.5,845.5,852.5,864.5,818.5,818.5,866.5,867.5,820.5,902,862,827,830,832,826.5,835.5,832.5,828.5,826.5,813.5,824.5,822.5,824.5,830.5
2026-02-27,709.5,720,725,817,720,710.5,837.5,710,784,793,1100.5,850,939,879.5,777.5,730.5,791.5,796.5,800.5,830.5,836.5,800,1350,764.5,710,752.5,744.5,751.5,763.5,717.5,717.5,765.5,766.5,719.5,810,770,735,738,740,725.5,734.5,731.5,727.5,725.5,712.5,723.5,721.5,723.5,729.5
2026-02-26,708,721.5,721.5,812,718,722.5,819,706,768,795,1099.5,838,939,873.5,774,725.5,792.5,791.5,808,832.5,838.5,800,1350,757.5,710,737.5,743,750,762,716,716,764,765,718,808,768,733,736,738,724,733,730,726,724,711,722,720,722,728
2026-02-25,704,726,725,817.5,718.5,714.5,848.5,711,775.5,810.5,1096.5,845,944.5,882.5,774,730,802.5,788,804.5,838.5,845,805,1284.5,762,710,749.5,739,746,758,712,712,760,761,714,808.5,768.5,733.5,736.5,738.5,720,729,726,722,720,707,718,716,718,724
2026-02-24,710.5,718.5,724,849,715,708.5,832,709.5,776,800,1095,851,944.5,870.5,776.5,730.5,798.5,798,802.5,838.5,829.5,805,1269.5,756,710,748.5,745.5,752.5,764.5,718.5,718.5,766.5,767.5,720.5,805,765,730,733,735,726.5,735.5,732.5,728.5,726.5,713.5,724.5,722.5,724.5,730.5
2026-02-23,704.5,718.5,723.5,821,720,694,819.5,704,769.5,791.5,1095,848,940,829,768.5,722,788.5,778,799.5,811.5,840,785,1236,751.5,706.5,753,739.5,746.5,758.5,712.5,712.5,760.5,761.5,714.5,810,770,735,738,740,720.5,729.5,726.5,722.5,720.5,707.5,718.5,716.5,718.5,724.5
2026-02-20,712,712,728,829.5,713.5,699.5,814,695,767.5,783,1098,855,933.5,829,777.5,731.5,771.5,782,803,803,836,785,1333,776.5,706.5,756.5,747,754,766,720,720,768,769,722,803.5,763.5,728.5,731.5,733.5,728,737,734,730,728,715,726,724,726,732
2026-02-19,702.5,715.5,729,823.5,698,681,795,685.5,771.5,770.5,1095.5,836,933.5,789,771,748.5,781.5,767.5,796,795,830,775,1325.5,771,706.5,761,737.5,744.5,756.5,710.5,710.5,758.5,759.5,712.5,788,748,713,716,718,718.5,727.5,724.5,720.5,718.5,705.5,716.5,714.5,716.5,722.5
2026-02-18,671,682.5,690.5,806.5,679.5,645,778,660,795,752.5,1093.5,836,901,769,743.5,710,743.5,761,777.5,780,793,770,1328,745.5,706.5,717.5,706,713,725,679,679,727,728,681,769.5,729.5,694.5,697.5,699.5,687,696,693,689,687,674,685,683,685,691
2026-02-17,676.5,713,690.5,806.5,682,640,772,657.5,752.5,745,1092.5,836,887,774,745.5,710,741.5,760.5,780,775,788,780,1323.5,740.5,706.5,710.5,711.5,718.5,730.5,684.5,684.5,732.5,733.5,686.5,772,732,697,700,702,692.5,701.5,698.5,694.5,692.5,679.5,690.5,688.5,690.5,696.5
2026-02-16,670,693,690.5,796.5,675.5,648.5,769.5,654.5,752.5,742,1092.5,836,877,774,743,710,731.5,759.5,777.5,775,760.5,785,1323.5,740.5,716.5,705.5,705,712,724,678,678,726,727,680,765.5,725.5,690.5,693.5,695.5,686,695,692,688,686,673,684,682,684,690
2026-02-13,671.5,695,691.5,795,675.5,656.5,770,661,755,742.5,1092.5,836,882,769,743,705,723.5,757,778.5,775,743.5,785,1323.5,757,716.5,705.5,706.5,713.5,725.5,679.5,679.5,727.5,728.5,681.5,765.5,725.5,690.5,693.5,695.5,687.5,696.5,693.5,689.5,687.5,674.5,685.5,683.5,685.5,691.5
2026-02-12,683,702,705,807.5,688.5,684,772,668.5,775,747,1102.5,848,884.5,769,749.5,719,755.5,765.5,782.5,777,758,790,1328,766,716.5,721,718,725,737,691,691,739,740,693,778.5,738.5,703.5,706.5,708.5,699,708,705,701,699,686,697,695,697,703
2026-02-11,675,698.5,703.5,807.5,691.5,681,779.5,667,786,750,1108,847,907.5,769,750,710,743.5,766.5,782,777.5,753,788,1328,755.5,711.5,722.5,710,717,729,683,683,731,732,685,781.5,741.5,706.5,709.5,711.5,691,700,697,693,691,678,689,687,689,695
2026-02-10,678.5,685,695.5,807.5,690.5,681,774.5,659,782,745.5,1110,844,905.5,768.5,747,704.5,760.5,765,782.5,763,754,785,1324.5,745.5,706.5,719.5,713.5,720.5,732.5,686.5,686.5,734.5,735.5,688.5,780.5,740.5,705.5,708.5,710.5,694.5,703.5,700.5,696.5,694.5,681.5,692.5,690.5,692.5,698.5
2026-02-09,672,691.5,694.5,798,688.5,675.5,783.5,664.5,780.5,748.5,1096,836,901.5,769,746,704.5,739.5,768.5,775.5,766.5,741,785,1323.5,747,710,718,707,714,726,680,680,728,729,682,778.5,738.5,703.5,706.5,708.5,688,697,694,690,688,675,686,684,686,692
2026-02-06,674,694,700.5,792.5,694.5,689,761,657,787.5,739.5,1100.5,847,896,767.5,748.5,705.5,743,761,775.5,765.5,748,788,1333.5,749.5,710,719,709,716,728,682,682,730,731,684,784.5,744.5,709.5,712.5,714.5,690,699,696,692,690,677,688,686,688,694
2026-02-05,671.5,689.5,703,790,696,669,789,654.5,774,738.5,1102.5,824,901,769.5,755.5,705,739,771.5,773,767.5,760,788,1310.5,755,700,728,706.5,713.5,725.5,679.5,679.5,727.5,728.5,681.5,786,746,711,714,716,687.5,696.5,693.5,689.5,687.5,674.5,685.5,683.5,685.5,691.5
2026-02-04,672.5,686,699.5,783.5,693,665,790,664,770.5,736,1101.5,846,909,769,758,696.5,741,760.5,768,773.5,759.5,785,1310.5,760,710,724.5,707.5,714.5,726.5,680.5,680.5,728.5,729.5,682.5,783,743,708,711,713,688.5,697.5,694.5,690.5,688.5,675.5,686.5,684.5,686.5,692.5
2026-02-03,671,678.5,682.5,784,678,655.5,800.5,649.5,756.5,726,1091,841,901.5,769,739,692.5,718,737,758.5,766.5,745.5,780,1315.5,743.5,710,700,706,713,725,679,679,727,728,681,768,728,693,696,698,687,696,693,689,687,674,685,683,685,691
2026-02-02,678,683.5,687.5,788,676.5,678.5,807.5,666.5,752,735.5,1099,811,898.5,784,740,692.5,735,752,757.5,768.5,751.5,785,1315.5,745,710,714,713,720,732,686,686,734,735,688,766.5,726.5,691.5,694.5,696.5,694,703,700,696,694,681,692,690,692,698
2026-01-30,679,708.5,695.5,798.5,691.5,682.5,807.5,696.5,743,748,1099,827,901.5,854.5,753,698,769,751.5,772.5,790,782.5,790,1294.5,758.5,710,734,714,721,733,687,687,735,736,689,781.5,741.5,706.5,709.5,711.5,695,704,701,697,695,682,693,691,693,699
2026-01-29,680,704,691,799,689,678.5,807.5,690,750.5,761.5,1108,834,911.5,854,758,699,747,749.5,763.5,787,767.5,782,1294.5,750,710,722.5,715,722,734,688,688,736,737,690,779,739,704,707,709,696,705,702,698,696,683,694,692,694,700
2026-01-28,662.5,681,677.5,791.5,681,670,807.5,694.5,747.5,749,1109,834,941.5,773.5,747.5,678,736,735.5,757.5,783,736,782,1294.5,744.5,710,717,697.5,704.5,716.5,670.5,670.5,718.5,719.5,672.5,771,731,696,699,701,678.5,687.5,684.5,680.5,678.5,665.5,676.5,674.5,676.5,682.5
2026-01-27,649,669.5,665,766.5,675.5,666.5,791.5,702,726,733,1106,821,905,769.5,736,678,718,730.5,753.5,762.5,744.5,775,1300.5,739,710,701,684,691,703,657,657,705,706,659,765.5,725.5,690.5,693.5,695.5,665,674,671,667,665,652,663,661,663,669
2026-01-26,648.5,664,668,775.5,684.5,671,760,671.5,718.5,737,1107,834,910,756,735.5,675,733,731.5,755,752.5,750,775,1280.5,744,710,716,683.5,690.5,702.5,656.5,656.5,704.5,705.5,658.5,774.5,734.5,699.5,702.5,704.5,664.5,673.5,670.5,666.5,664.5,651.5,662.5,660.5,662.5,668.5
2026-01-23,642.5,660,667,775.5,666,656,718,651.5,711.5,712,1103,829,885,749,727,677.5,746.5,728,742,751.5,740,775,1279.5,739.5,710,704.5,677.5,684.5,696.5,650.5,650.5,698.5,699.5,652.5,756,716,681,684,686,658.5,667.5,664.5,660.5,658.5,645.5,656.5,654.5,656.5,662.5
2026-01-22,639,671.5,668.5,776,661,652.5,717,651,711.5,711,1106,817,875,749.5,731.5,670.5,735.5,717.5,736,752.5,728.5,750,1279.5,741.5,710,709.5,674,681,693,647,647,695,696,649,751,711,676,679,681,655,664,661,657,655,642,653,651,653,659
2026-01-21,628.5,666,659.5,770.5,660,650,720.5,645,711,717.5,1104,817,870,749.5,731.5,666,724.5,713,734.5,742,702.5,755,1283,734.5,710,703,663.5,670.5,682.5,636.5,636.5,684.5,685.5,638.5,750,710,675,678,680,644.5,653.5,650.5,646.5,644.5,631.5,642.5,640.5,642.5,648.5
2026-01-20,618.5,657.5,654,767.5,653.5,642.5,698,635,682.5,696.5,1091.5,818,869,752,722.5,660.5,697.5,707,729.5,679,691.5,740,1278.5,739,710,697,653.5,660.5,672.5,626.5,626.5,674.5,675.5,628.5,743.5,703.5,668.5,671.5,673.5,634.5,643.5,640.5,636.5,634.5,621.5,632.5,630.5,632.5,638.5
2026-01-19,617.5,649,656.5,779.5,650.5,641,695.5,636.5,687.5,697.5,1090.5,823,849,684,722.5,661,687.5,712.5,727.5,679,688.5,735,1278.5,737.5,708.5,698,652.5,659.5,671.5,625.5,625.5,673.5,674.5,627.5,740.5,700.5,665.5,668.5,670.5,633.5,642.5,639.5,635.5,633.5,620.5,631.5,629.5,631.5,637.5
2026-01-16,620,668,649,781.5,648.5,640.5,691,617.5,682,685.5,1087.5,817,836.5,684,721.5,668,679.5,699,714.5,674,690,730,1278.5,740.5,708.5,697.5,655,662,674,628,628,676,677,630,738.5,698.5,663.5,666.5,668.5,636,645,642,638,636,623,634,632,634,640
2026-01-15,629,664,650.5,719,647,637,693,617.5,692,683,1083.5,795,819,685.5,728,678.5,688.5,701.5,707,678,680.5,730,1278.5,739.5,708.5,692.5,664,671,683,637,637,685,686,639,737,697,662,665,667,645,654,651,647,645,632,643,641,643,649
2026-01-14,630.5,661.5,657.5,775,650.5,642.5,699,625.5,688,687.5,1074,795,826,684,729.5,675.5,698.5,700.5,718.5,678.5,687,725,1279.5,748.5,708.5,696,665.5,672.5,684.5,638.5,638.5,686.5,687.5,640.5,740.5,700.5,665.5,668.5,670.5,646.5,655.5,652.5,648.5,646.5,633.5,644.5,642.5,644.5,650.5
2026-01-13,616.5,644.5,644.5,789.5,637.5,637,686,617,680,669,1077,795,813,684,725,667,671.5,692.5,705,662.5,671,720,1271,764,708.5,682,651.5,658.5,670.5,624.5,624.5,672.5,673.5,626.5,727.5,687.5,652.5,655.5,657.5,632.5,641.5,638.5,634.5,632.5,619.5,630.5,628.5,630.5,636.5
2026-01-12,607.5,636,640,787.5,628,622,670,599.5,671,662.5,1075,775,798,682.5,719,657,658.5,687,692,660.5,664,711,1271,766,710,680,642.5,649.5,661.5,615.5,615.5,663.5,664.5,617.5,718,678,643,646,648,623.5,632.5,629.5,625.5,623.5,610.5,621.5,619.5,621.5,627.5
2026-01-09,607,639.5,632.5,787.5,626,624,671,604,677,657,1078,775,815,682.5,715.5,652,658.5,686.5,678.5,592,659,711,1286,748,710,676.5,642,649,661,615,615,663,664,617,716,676,641,644,646,623,632,629,625,623,610,621,619,621,627
2026-01-08,593.5,627,623,776,622.5,621.5,667.5,593,672,648,1073.5,775,785,680.5,711,646.5,644,684,689.5,583,645.5,690,1281.5,753,710,668,628.5,635.5,647.5,601.5,601.5,649.5,650.5,603.5,712.5,672.5,637.5,640.5,642.5,609.5,618.5,615.5,611.5,609.5,596.5,607.5,605.5,607.5,613.5
2026-01-07,603,630.5,619.5,773.5,619,616,665.5,594,679,650,1074.5,780,784,684,713,657.5,650,685,682.5,584,634.5,705,1301.5,753.5,710,670.5,638,645,657,611,611,659,660,613,709,669,634,637,639,619,628,625,621,619,606,617,615,617,623
2026-01-06,606.5,632.5,622,774.5,625,626.5,672,591.5,676.5,660.5,1074,780,798,687.5,715.5,656,687,690.5,698,592,646,705,1306.5,753.5,710,674.5,641.5,648.5,660.5,614.5,614.5,662.5,663.5,616.5,715,675,640,643,645,622.5,631.5,628.5,624.5,622.5,609.5,620.5,618.5,620.5,626.5
2026-01-05,603.5,623.5,623,773,625,627,678,601.5,681,666.5,1073,785,798,720.5,717,662,663,688.5,688,620,644,703,1316.5,752,713.5,675.5,638.5,645.5,657.5,611.5,611.5,659.5,660.5,613.5,715,675,640,643,645,619.5,628.5,625.5,621.5,619.5,606.5,617.5,615.5,617.5,623.5
2026-01-02,613.5,635.5,629,773,625.5,620.5,675,601.5,677,665,1075,780,792.5,707.5,716,663,668,681,699,631,658,705,1312.5,759,713.5,675,648.5,655.5,667.5,621.5,621.5,669.5,670.5,623.5,715.5,675.5,640.5,643.5,645.5,629.5,638.5,635.5,631.5,629.5,616.5,627.5,625.5,627.5,633.5
2026-01-01,616.5,643,625.5,776.5,624.5,,674.5,606,678.5,680.5,1078.5,790,796.5,709.5,718,660.5,707.5,677.5,693,640,664.5,720,1311,752,713.5,678,651.5,658.5,670.5,624.5,624.5,672.5,673.5,626.5,714.5,674.5,639.5,642.5,644.5,632.5,641.5,638.5,634.5,632.5,619.5,630.5,628.5,630.5,636.5
2025-12-31,615,643,625.5,776.5,622.5,623.5,674.5,602.5,678.5,680.5,1087.5,808,796.5,709.5,715,660.5,707.5,676,689,640,664.5,720,1311,752,713.5,678,650,657,669,623,623,671,672,625,712.5,672.5,637.5,640.5,642.5,631,640,637,633,631,618,629,627,629,635
2025-12-30,606.5,628,623.5,776.5,623.5,620.5,682,606.5,683.5,677.5,1085.5,813,802.5,709.5,713.5,671,648.5,688,678,640,666.5,720,1326.5,752.5,713.5,668.5,641.5,648.5,660.5,614.5,614.5,662.5,663.5,616.5,713.5,673.5,638.5,641.5,643.5,622.5,631.5,628.5,624.5,622.5,609.5,620.5,618.5,620.5,626.5
2025-12-29,602,623.5,632.5,773.5,605.5,619,684.5,620,672,682,1085.5,818,806,712,714.5,665.5,650.5,681.5,691.5,654,662.5,720,1326.5,760,713.5,672,637,644,656,610,610,658,659,612,695.5,655.5,620.5,623.5,625.5,618,627,624,620,618,605,616,614,616,622
2025-12-26,604.5,635,630.5,783.5,602.5,625,680.5,594.5,661.5,653,1087.5,803,799,721.5,718,669,662.5,680.5,686.5,657,662,720,1311,757.5,713.5,683,639.5,646.5,658.5,612.5,612.5,660.5,661.5,614.5,692.5,652.5,617.5,620.5,622.5,620.5,629.5,626.5,622.5,620.5,607.5,618.5,616.5,618.5,624.5
2025-12-25,614.5,635,634.5,783.5,605.5,,680.5,604.5,671.5,663,1087.5,813,799,721.5,718,663,662.5,680.5,686.5,657,662,720,1311,757.5,713.5,683,649.5,656.5,668.5,622.5,622.5,670.5,671.5,624.5,695.5,655.5,620.5,623.5,625.5,630.5,639.5,636.5,632.5,630.5,617.5,628.5,626.5,628.5,634.5
2025-12-24,614.5,635,634.5,783.5,605.5,613.5,680.5,604.5,671.5,663,1087.5,813,799,721.5,718,663,662.5,680.5,686.5,657,662,720,1311,757.5,713.5,683,649.5,656.5,668.5,622.5,622.5,670.5,671.5,624.5,695.5,655.5,620.5,623.5,625.5,630.5,639.5,636.5,632.5,630.5,617.5,628.5,626.5,628.5,634.5
2025-12-23,614,638.5,634,777.5,603,613.5,678,603.5,673.5,668,1091.5,818,799,703.5,716,655,654,676.5,686.5,648,653.5,720,1327.5,759.5,710,684.5,649,656,668,622,622,670,671,624,693,653,618,621,623,630,639,636,632,630,617,628,626,628,634
2025-12-22,615,632,625,779,602,609,675.5,597.5,668,669,1099.5,808,799,693,709.5,657,652,677,688,649,649,710,1327.5,758,710,670.5,650,657,669,623,623,671,672,625,692,652,617,620,622,631,640,637,633,631,618,629,627,629,635
2025-12-19,623,638,626.5,778.5,589,595,676.5,587,664.5,659,1088.5,792,796,693,707.5,658,660,681.5,674.5,654,644,710,1325.5,763,710,667.5,658,665,677,631,631,679,680,633,679,639,604,607,609,639,648,645,641,639,626,637,635,637,643
2025-12-18,619.5,644,630,780,594.5,596,686.5,607.5,665.5,666,1080.5,793,796,708,707.5,657.5,652,680,692.5,655,643.5,710,1325.5,763,710,665.5,654.5,661.5,673.5,627.5,627.5,675.5,676.5,629.5,684.5,644.5,609.5,612.5,614.5,635.5,644.5,641.5,637.5,635.5,622.5,633.5,631.5,633.5,639.5
2025-12-17,626.5,645.5,633.5,779.5,602,600.5,684,610,666.5,662,1069.5,851,795.5,707.5,704,660,655,689.5,691,661.5,647,705,1326.5,762,710,669,661.5,668.5,680.5,634.5,634.5,682.5,683.5,636.5,692,652,617,620,622,642.5,651.5,648.5,644.5,642.5,629.5,640.5,638.5,640.5,646.5
2025-12-16,627,641,639.5,762.5,602,609,688,599,666,665,1070.5,856,796,704,706.5,664.5,648.5,697,705,673,641,695,1333,759,710,669.5,662,669,681,635,635,683,684,637,692,652,617,620,622,643,652,649,645,643,630,641,639,641,647
2025-12-15,632,652.5,650,766,612.5,618,698,600.5,689.5,676.5,1077.5,866,822.5,702.5,713.5,668.5,665.5,710,715,711.5,656,695,1343.5,761,711.5,671.5,667,674,686,640,640,688,689,642,702.5,662.5,627.5,630.5,632.5,648,657,654,650,648,635,646,644,646,652
2025-12-12,638,658.5,652,779,626,628,725,613.5,694,689,1081,861,842.5,700.5,709.5,676.5,693,709.5,722.5,713.5,675.5,733,1343.5,757.5,711.5,692,673,680,692,646,646,694,695,648,716,676,641,644,646,654,663,660,656,654,641,652,650,652,658
2025-12-11,642.5,653.5,656,793.5,630,630,729,623,695.5,695,1087,861,842.5,754.5,710,680,683,713.5,738.5,716.5,677.5,733,1343.5,765.5,711.5,686,677.5,684.5,696.5,650.5,650.5,698.5,699.5,652.5,720,680,645,648,650,658.5,667.5,664.5,660.5,658.5,645.5,656.5,654.5,656.5,662.5
2025-12-10,655.5,659,662.5,792,635.5,637,729.5,629.5,702.5,699,1076,866,857,758,718,685.5,702,710.5,731,722.5,685.5,735,1343.5,765.5,726.5,693,690.5,697.5,709.5,663.5,663.5,711.5,712.5,665.5,725.5,685.5,650.5,653.5,655.5,671.5,680.5,677.5,673.5,671.5,658.5,669.5,667.5,669.5,675.5
2025-12-09,666.5,664.5,664,790,638.5,644.5,734.5,634,702,700,1073.5,791,855.5,720.5,719.5,697.5,701.5,708.5,729,732.5,691,735,1350,765.5,728.5,695.5,701.5,708.5,720.5,674.5,674.5,722.5,723.5,676.5,728.5,688.5,653.5,656.5,658.5,682.5,691.5,688.5,684.5,682.5,669.5,680.5,678.5,680.5,686.5
2025-12-08,671,661.5,669,805.5,647,643.5,739.5,645.5,712.5,719,1082.5,796,859,749,726.5,692,708.5,714,730.5,754,693.5,735,1351,770.5,728.5,703,706,713,725,679,679,727,728,681,737,697,662,665,667,687,696,693,689,687,674,685,683,685,691
2025-12-05,667.5,679,667,804.5,646,651,749,661.5,749,717,1082.5,816,861.5,765.5,723.5,687,716.5,709.5,732.5,748,704.5,735,1352.5,764,728.5,696.5,702.5,709.5,721.5,675.5,675.5,723.5,724.5,677.5,736,696,661,664,666,683.5,692.5,689.5,685.5,683.5,670.5,681.5,679.5,681.5,687.5
2025-12-04,659,660.5,667,798.5,649.5,655,739,654,745,714,1097,946,861.5,745.5,718.5,687.5,711,718.5,726.5,749,704.5,730,1344,757,728.5,698,694,701,713,667,667,715,716,669,739.5,699.5,664.5,667.5,669.5,675,684,681,677,675,662,673,671,673,679
2025-12-03,661.5,667.5,673,792,653,656.5,737,658,735,724,1087,946,862,760.5,721,697.5,714,712.5,741,755.5,708.5,750,1357.5,759.5,728.5,711,696.5,703.5,715.5,669.5,669.5,717.5,718.5,671.5,743,703,668,671,673,677.5,686.5,683.5,679.5,677.5,664.5,675.5,673.5,675.5,681.5
2025-12-02,671.5,673.5,679.5,802.5,657,668.5,754.5,665.5,749,725,1078.5,811,850,827,718.5,703.5,711.5,717.5,739.5,769,711,780,1359,758,728.5,712,706.5,713.5,725.5,679.5,679.5,727.5,728.5,681.5,747,707,672,675,677,687.5,696.5,693.5,689.5,687.5,674.5,685.5,683.5,685.5,691.5
2025-12-01,681,666.5,681.5,806.5,660.5,669,758.5,675.5,754,726,1073.5,816,850,827,717,716,727.5,688,748,769,722,780,1359,752,730,712,716,723,735,689,689,737,738,691,750.5,710.5,675.5,678.5,680.5,697,706,703,699,697,684,695,693,695,701
2025-11-28,672,666.5,679.5,814.5,660.5,667,755.5,676,749,726,1073.5,811,840,827,714.5,716.5,722.5,726.5,737.5,769,719,780,1358,740,730,711.5,707,714,726,680,680,728,729,682,750.5,710.5,675.5,678.5,680.5,688,697,694,690,688,675,686,684,686,692
2025-11-27,668,675,674,819,663,675,762.5,679.5,746.5,724,1075.5,806,845,827,713,713,716,730.5,738.5,769,710,740,1358,736.5,730,709,703,710,722,676,676,724,725,678,753,713,678,681,683,684,693,690,686,684,671,682,680,682,688
2025-11-26,673.5,678.5,679.5,811.5,672.5,682.5,757,676,743.5,727,1071.5,801,850,795,717.5,714.5,726,746,753.5,761,717.5,740,1358,736.5,730,712,708.5,715.5,727.5,681.5,681.5,729.5,730.5,683.5,762.5,722.5,687.5,690.5,692.5,689.5,698.5,695.5,691.5,689.5,676.5,687.5,685.5,687.5,693.5
2025-11-25,682.5,671.5,690.5,816.5,681,699.5,766,690.5,754.5,733.5,1073,792.5,855,797,724,707.5,748.5,752.5,771.5,775.5,730,760,1355,765,730,715.5,717.5,724.5,736.5,690.5,690.5,738.5,739.5,692.5,771,731,696,699,701,698.5,707.5,704.5,700.5,698.5,685.5,696.5,694.5,696.5,702.5
2025-11-24,698,702,699.5,820.5,695.5,707.5,773.5,703.5,768,752.5,1079,807.5,860,792,719.5,733,737.5,765.5,787,796.5,733.5,760,1375.5,770,730,720,733,740,752,706,706,754,755,708,785.5,745.5,710.5,713.5,715.5,714,723,720,716,714,701,712,710,712,718
2025-11-21,734.5,733.5,726,841.5,721.5,723.5,796,719.5,776.5,778.5,1089.5,822.5,885.5,813,730,746,762.5,782.5,793,821,743.5,760,1377.5,769.5,730,735.5,769.5,776.5,788.5,742.5,742.5,790.5,791.5,744.5,811.5,771.5,736.5,739.5,741.5,750.5,759.5,756.5,752.5,750.5,737.5,748.5,746.5,748.5,754.5
2025-11-20,760,768.5,744.5,839.5,741.5,745.5,799,740.5,786.5,793,1095,822.5,900.5,826,744,766.5,800,790,834,827,786,760,1380,787.5,730,756,795,802,814,768,768,816,817,770,831.5,791.5,756.5,759.5,761.5,776,785,782,778,776,763,774,772,774,780
2025-11-19,763,759,742.5,848,741,739.5,802,732.5,802.5,800.5,1109.5,974.5,909.5,825,751,756,825,790,837,831,826,760,1370,795.5,730,760,798,805,817,771,771,819,820,773,831,791,756,759,761,779,788,785,781,779,766,777,775,777,783
2025-11-18,743,754.5,729,836.5,742,730.5,805,726,812,803,1099.5,817.5,911,810,746.5,744,787,783,810.5,827,786,750,1364,766,723.5,755.5,778,785,797,751,751,799,800,753,832,792,757,760,762,759,768,765,761,759,746,757,755,757,763
2025-11-17,741.5,754.5,731,852.5,724,721.5,787.5,707,813,767,1100.5,812.5,891,788,738.5,747,772,780.5,792.5,814.5,769,770,1371,760.5,723.5,740,776.5,783.5,795.5,749.5,749.5,797.5,798.5,751.5,814,774,739,742,744,757.5,766.5,763.5,759.5,757.5,744.5,755.5,753.5,755.5,761.5
2025-11-14,739,748.5,721,851.5,723.5,719,760,703,804.5,758,1096,812.5,871.5,779,740.5,747,769,778,785,795,762.5,740,1369.5,753,723.5,737.5,774,781,793,747,747,795,796,749,813.5,773.5,738.5,741.5,743.5,755,764,761,757,755,742,753,751,753,759
2025-11-13,744,767.5,726.5,853,725.5,723.5,773,701.5,808.5,752.5,1098,802.5,881.5,780,737.5,751.5,762.5,773,778.5,803,761,785,1377,765,758.5,736,779,786,798,752,752,800,801,754,815.5,775.5,740.5,743.5,745.5,760,769,766,762,760,747,758,756,758,764
2025-11-12,753,758,732.5,852,726,726,784.5,695,823.5,771.5,1108,985.5,881.5,800,754.5,746.5,776.5,782,803.5,829,776,795,1377,763,776.5,755,788,795,807,761,761,809,810,763,816,776,741,744,746,769,778,775,771,769,756,767,765,767,773
2025-11-11,749,750.5,723.5,807.5,723.5,714,794,703,832.5,770.5,1099.5,817.5,889,792,745.5,741.5,780.5,781,804.5,827.5,768,800,1377.5,770,776.5,746,784,791,803,757,757,805,806,759,813.5,773.5,738.5,741.5,743.5,765,774,771,767,765,752,763,761,763,769
2025-11-10,750,747,722.5,812,713.5,713.5,779.5,692,822,761,1097.5,807.5,881.5,790,745,746,742.5,775,793,826,756.5,780,1372,736.5,776.5,737.5,785,792,804,758,758,806,807,760,803.5,763.5,728.5,731.5,733.5,766,775,772,768,766,753,764,762,764,770
2025-11-07,751,737,717,779,720.5,725,782.5,706.5,820,766.5,1081.5,817.5,873.5,766,744.5,744,819.5,773.5,796.5,821.5,813,780,1428,735,756.5,738,786,793,805,759,759,807,808,761,810.5,770.5,735.5,738.5,740.5,767,776,773,769,767,754,765,763,765,771
2025-11-06,734.5,728,705,814,707,714,777.5,694.5,816,765.5,1067.5,817.5,873.5,788,742,742,754.5,767.5,779,853.5,784.5,780,1428,734,756.5,741.5,769.5,776.5,788.5,742.5,742.5,790.5,791.5,744.5,797,757,722,725,727,750.5,759.5,756.5,752.5,750.5,737.5,748.5,746.5,748.5,754.5
2025-11-05,732.5,711.5,699,816.5,711.5,719.5,740.5,697,811,752.5,1057,822.5,873.5,756,746,729.5,757.5,765,778.5,853.5,766.5,780,1280.5,729,756.5,739.5,767.5,774.5,786.5,740.5,740.5,788.5,789.5,742.5,801.5,761.5,726.5,729.5,731.5,748.5,757.5,754.5,750.5,748.5,735.5,746.5,744.5,746.5,752.5
2025-11-04,734,706,703.5,820,703.5,707,750.5,677.5,793.5,748,1057,820,873.5,768,736.5,730,742,763.5,777,853.5,742,780,1253,725,756.5,733,769,776,788,742,742,790,791,744,793.5,753.5,718.5,721.5,723.5,750,759,756,752,750,737,748,746,748,754
2025-11-03,737,706,704.5,838.5,705,704.5,743,674.5,792,746,1057,825,864.5,738,747,727,750,762.5,790,864,744.5,795,1351.5,728,755,732,772,779,791,745,745,793,794,747,795,755,720,723,725,753,762,759,755,753,740,751,749,751,757
2025-10-31,735.5,719.5,692,827,709,707,735,669.5,782.5,749.5,1077.5,825,864,738,745,722.5,752.5,768,779.5,892.5,751,785,1358,723.5,755,724.5,770.5,777.5,789.5,743.5,743.5,791.5,792.5,745.5,799,759,724,727,729,751.5,760.5,757.5,753.5,751.5,738.5,749.5,747.5,749.5,755.5
2025-10-30,729,708.5,681.5,823.5,705.5,698,732.5,672.5,785,748.5,1083.5,810,859,738,741.5,715,751.5,760,777,892.5,745.5,785,1353,731,755,728,764,771,783,737,737,785,786,739,795.5,755.5,720.5,723.5,725.5,745,754,751,747,745,732,743,741,743,749
2025-10-29,730,711,682,818,689,689,730,671.5,787.5,747.5,1083.5,815,864,738,747.5,722.5,741.5,751.5,764,892.5,742.5,772,1353,734.5,755,734,765,772,784,738,738,786,787,740,779,739,704,707,709,746,755,752,748,746,733,744,742,744,750
2025-10-28,723,708.5,685,828,699.5,690.5,734,685,786.5,745,1077.5,818,864,733,759,727,755.5,750.5,760.5,885.5,749.5,742,1353,737,755,745,758,765,777,731,731,779,780,733,789.5,749.5,714.5,717.5,719.5,739,748,745,741,739,726,737,735,737,743
2025-10-27,721,707,685,811,693.5,683.5,730,676,792,747,1080.5,825,864,733,752.5,714.5,755.5,737,760,881.5,743,728,1353,742,755,746,756,763,775,729,729,777,778,731,783.5,743.5,708.5,711.5,713.5,737,746,743,739,737,724,735,733,735,741
2025-10-24,717.5,696.5,685,805.5,680,709.5,733.5,674,794.5,728,1077.5,819,863,729,752.5,704.5,759.5,751.5,751.5,866,734.5,728,1322,732,745,743.5,752.5,759.5,771.5,725.5,725.5,773.5,774.5,727.5,770,730,695,698,700,733.5,742.5,739.5,735.5,733.5,720.5,731.5,729.5,731.5,737.5
2025-10-23,691.5,686.5,665.5,795,662.5,667,712.5,670,782,715,1063.5,815,863,704,745.5,684,724.5,717.5,756.5,837,718,728,1322,735,745,717,726.5,733.5,745.5,699.5,699.5,747.5,748.5,701.5,752.5,712.5,677.5,680.5,682.5,707.5,716.5,713.5,709.5,707.5,694.5,705.5,703.5,705.5,711.5
2025-10-22,669,670.5,649,790.5,634,643,699.5,640,773,697.5,1057.5,799,830.5,702,729.5,669,690.5,709,725.5,831,681,728,1312,727.5,745,696.5,704,711,723,677,677,725,726,679,724,684,649,652,654,685,694,691,687,685,672,683,681,683,689
2025-10-21,665.5,667.5,644.5,786,627,650,691,629.5,766,690,1063,786.5,820.5,705,726.5,693,683,714,728,832,669.5,730,1223,733,755,690,700.5,707.5,719.5,673.5,673.5,721.5,722.5,675.5,717,677,642,645,647,681.5,690.5,687.5,683.5,681.5,668.5,679.5,677.5,679.5,685.5
2025-10-20,657,659,639,804.5,636.5,655.5,689,630.5,764,686.5,1063,786.5,820,705,719.5,669.5,681,718.5,734,841,667,730,1324.5,721.5,755,684,692,699,711,665,665,713,714,667,726.5,686.5,651.5,654.5,656.5,673,682,679,675,673,660,671,669,671,677
2025-10-17,656.5,654.5,640.5,803,639.5,649.5,682,629.5,751.5,685,1047,787.5,812,700,720.5,670,664,722.5,730.5,831.5,673,745,1336.5,721.5,755,687.5,691.5,698.5,710.5,664.5,664.5,712.5,713.5,666.5,729.5,689.5,654.5,657.5,659.5,672.5,681.5,678.5,674.5,672.5,659.5,670.5,668.5,670.5,676.5
2025-10-16,661.5,662.5,650,806,649.5,665,685,638.5,764.5,682,1039,791.5,822,715,722,675.5,685,732.5,743.5,837.5,680.5,745,1336.5,725,755,703,696.5,703.5,715.5,669.5,669.5,717.5,718.5,671.5,739.5,699.5,664.5,667.5,669.5,677.5,686.5,683.5,679.5,677.5,664.5,675.5,673.5,675.5,681.5
2025-10-15,660.5,662.5,649,785,652,666,688.5,643,767.5,684,1040,791.5,824,717,716,681.5,684,733,746,841.5,679,750,1347.5,724.5,755,710,695.5,702.5,714.5,668.5,668.5,716.5,717.5,670.5,742,702,667,670,672,676.5,685.5,682.5,678.5,676.5,663.5,674.5,672.5,674.5,680.5
2025-10-14,666,675,655,802,647,665,703,659.5,772,689,1047,781,831.5,735,719.5,686,690,740.5,751,848.5,689,755,1355.5,730.5,755,713.5,701,708,720,674,674,722,723,676,737,697,662,665,667,682,691,688,684,682,669,680,678,680,686
2025-10-13,672.5,670,661.5,814.5,655,667.5,708.5,662.5,776.5,709,1044,798,841,732,731.5,696.5,695,741,762,860,705,757,1364,730.5,755,725.5,707.5,714.5,726.5,680.5,680.5,728.5,729.5,682.5,745,705,670,673,675,688.5,697.5,694.5,690.5,688.5,675.5,686.5,684.5,686.5,692.5
2025-10-10,674.5,675.5,671.5,795.5,670,676,709,658,779,715.5,1046.5,795,841,740,733.5,694,711,748.5,765.5,865,709,755,1362.5,743.5,755,731,709.5,716.5,728.5,682.5,682.5,730.5,731.5,684.5,760,720,685,688,690,690.5,699.5,696.5,692.5,690.5,677.5,688.5,686.5,688.5,694.5
2025-10-09,681.5,681.5,675.5,799,676.5,680,713.5,661.5,783.5,727.5,1047,805,849,738,738,695.5,722,757,771.5,869,721,760,1355,740.5,755,722.5,716.5,723.5,735.5,689.5,689.5,737.5,738.5,691.5,766.5,726.5,691.5,694.5,696.5,697.5,706.5,703.5,699.5,697.5,684.5,695.5,693.5,695.5,701.5
2025-10-08,675.5,682,666,797.5,666.5,668,713,661.5,787,712,1046,808,851,745,738,700.5,715,751,773,872.5,713,779,1360,742,755,727,710.5,717.5,729.5,683.5,683.5,731.5,732.5,685.5,756.5,716.5,681.5,684.5,686.5,691.5,700.5,697.5,693.5,691.5,678.5,689.5,687.5,689.5,695.5
2025-10-07,679,680.5,667.5,795,665,656.5,718.5,660,782.5,712.5,1028,803,844,743,736.5,706.5,699.5,750,771.5,871,712,775,1358,760,755,719.5,714,721,733,687,687,735,736,689,755,715,680,683,685,695,704,701,697,695,682,693,691,693,699
2025-10-06,677,683.5,664.5,800.5,668.5,663,716.5,661,780,712.5,1020,801,841.5,740,734,703.5,702.5,753.5,775.5,872,719.5,775,1358,749,755,727.5,712,719,731,685,685,733,734,687,758.5,718.5,683.5,686.5,688.5,693,702,699,695,693,680,691,689,691,697
2025-10-03,671,685,661,802.5,657,664.5,718,664,782.5,713.5,1022,796,845,747,729,701,714.5,753.5,766,877.5,719.5,770,1363.5,744.5,755,726,706,713,725,679,679,727,728,681,747,707,672,675,677,687,696,693,689,687,674,685,683,685,691
2025-10-02,686,696.5,667.5,809,669,665.5,720.5,664,786.5,722.5,1009,801,845,754,730,703.5,724.5,763,777.5,878.5,725.5,770,1358,747,755,727,721,728,740,694,694,742,743,696,759,719,684,687,689,702,711,708,704,702,689,700,698,700,706
2025-10-01,694,692.5,670.5,808,678,672.5,732.5,677.5,798.5,724,1009,806,862.5,757,731.5,711.5,734.5,770,779.5,885,733,770,1356,739.5,751.5,739,729,736,748,702,702,750,751,704,768,728,693,696,698,710,719,716,712,710,697,708,706,708,714
2025-09-30,689,682.5,675.5,823.5,679,680,731.5,680,802.5,731,1013,804,865,769,731.5,721,729.5,764.5,766.5,888.5,744.5,775,1356,744.5,751.5,738,724,731,743,697,697,745,746,699,769,729,694,697,699,705,714,711,707,705,692,703,701,703,709
2025-09-29,700.5,695,683,837.5,686,690,733.5,694.5,796.5,743,1014.5,809,868,767,738,719.5,752.5,761.5,777.5,909,744,783,1361.5,742.5,751.5,743,735.5,742.5,754.5,708.5,708.5,756.5,757.5,710.5,776,736,701,704,706,716.5,725.5,722.5,718.5,716.5,703.5,714.5,712.5,714.5,720.5
2025-09-26,700,710.5,686.5,827,694,700.5,755.5,717.5,815.5,761,1005.5,822,868,767,743.5,717.5,752.5,775,788.5,909,754.5,783,1352.5,744,751.5,755,735,742,754,708,708,756,757,710,784,744,709,712,714,716,725,722,718,716,703,714,712,714,720
2025-09-25,692,693.5,678.5,822.5,688.5,690.5,743.5,692,806.5,747.5,1007.5,814,875,760,738,702.5,757.5,765,776,882,747,785,1352.5,746.5,751.5,751,727,734,746,700,700,748,749,702,778.5,738.5,703.5,706.5,708.5,708,717,714,710,708,695,706,704,706,712
2025-09-24,688,687,674,819.5,683.5,682.5,736,688,797.5,734,987,807.5,864.5,755,735,701,742.5,767,770.5,878,737,782,1362.5,746.5,751.5,733,723,730,742,696,696,744,745,698,773.5,733.5,698.5,701.5,703.5,704,713,710,706,704,691,702,700,702,708
2025-09-23,677.5,678.5,673,817.5,672.5,664,730.5,685.5,793.5,727,981,794.5,858,749,728.5,697.5,727,755.5,768,874.5,730,785,1361.5,742,751.5,733.5,712.5,719.5,731.5,685.5,685.5,733.5,734.5,687.5,762.5,722.5,687.5,690.5,692.5,693.5,702.5,699.5,695.5,693.5,680.5,691.5,689.5,691.5,697.5
2025-09-22,680,691.5,669.5,819,671,664.5,730,677.5,803.5,724.5,982,795.5,849.5,750,730,698.5,732,760,768.5,876.5,726,785,1361.5,742,751.5,722.5,715,722,734,688,688,736,737,690,761,721,686,689,691,696,705,702,698,696,683,694,692,694,700
2025-09-19,673,700.5,669.5,833.5,680.5,680,735,682,816.5,736,993,802.5,856,752,729.5,697,735,760,763.5,905,732,787,1349,737,751.5,738,708,715,727,681,681,729,730,683,770.5,730.5,695.5,698.5,700.5,689,698,695,691,689,676,687,685,687,693
2025-09-18,680,697,668.5,816.5,678.5,676.5,741,692,818.5,740,1001.5,811.5,858.5,761,734,706.5,752.5,761.5,774.5,890,738.5,765,1351,746.5,751.5,741.5,715,722,734,688,688,736,737,690,768.5,728.5,693.5,696.5,698.5,696,705,702,698,696,683,694,692,694,700
2025-09-17,683,693,665.5,815,682.5,681.5,744.5,688,818,741,1001.5,811.5,865.5,764,738,698,747.5,763,778.5,892,739,765,1356,742,751.5,740.5,718,725,737,691,691,739,740,693,772.5,732.5,697.5,700.5,702.5,699,708,705,701,699,686,697,695,697,703
2025-09-16,672.5,685,662,800,674.5,676.5,749.5,682.5,813.5,736,992.5,805,870.5,752,730,692.5,737.5,765,773,868.5,736,765,1306.5,752,751.5,736,707.5,714.5,726.5,680.5,680.5,728.5,729.5,682.5,764.5,724.5,689.5,692.5,694.5,688.5,697.5,694.5,690.5,688.5,675.5,686.5,684.5,686.5,692.5
2025-09-15,672.5,684,668,821,671.5,673,730.5,679,810.5,727,992.5,800,855.5,752,728,689,742.5,757.5,768,868.5,737,762,1296.5,747,751.5,731.5,707.5,714.5,726.5,680.5,680.5,728.5,729.5,682.5,761.5,721.5,686.5,689.5,691.5,688.5,697.5,694.5,690.5,688.5,675.5,686.5,684.5,686.5,692.5
2025-09-12,671.5,691.5,668.5,825.5,673,671,719,672.5,801,729,990.5,799,850.5,742,723,692.5,729.5,759.5,761,853.5,723,785,1300,744.5,751.5,730,706.5,713.5,725.5,679.5,679.5,727.5,728.5,681.5,763,723,688,691,693,687.5,696.5,693.5,689.5,687.5,674.5,685.5,683.5,685.5,691.5
2025-09-11,672.5,692.5,669.5,815.5,671,676.5,733.5,674,810.5,726,992.5,801,850.5,746,733.5,689,753.5,755,768.5,878.5,733.5,785,1300.5,739,751.5,732.5,707.5,714.5,726.5,680.5,680.5,728.5,729.5,682.5,761,721,686,689,691,688.5,697.5,694.5,690.5,688.5,675.5,686.5,684.5,686.5,692.5
2025-09-10,671.5,685,667.5,818.5,671,671,727.5,679,811.5,736.5,991.5,801,857,752,730,691.5,731.5,755,768.5,883.5,737.5,795,1299.5,746,751.5,732.5,706.5,713.5,725.5,679.5,679.5,727.5,728.5,681.5,761,721,686,689,691,687.5,696.5,693.5,689.5,687.5,674.5,685.5,683.5,685.5,691.5
2025-09-09,671,674,672,818,671,676.5,717,681.5,804,734.5,992,801,853.5,751,730,688,735,750.5,764.5,884.5,736,785,1299.5,739.5,751.5,729.5,706,713,725,679,679,727,728,681,761,721,686,689,691,687,696,693,689,687,674,685,683,685,691
2025-09-08,664,679.5,658.5,823.5,661.5,673,731,659.5,781.5,727,988,795,836.5,757,725.5,676,735,755.5,758.5,882.5,733.5,780,1294,739.5,751.5,736.5,699,706,718,672,672,720,721,674,751.5,711.5,676.5,679.5,681.5,680,689,686,682,680,667,678,676,678,684
2025-09-05,668,677.5,674,830.5,677,672,732,659,781.5,727.5,978,791,841.5,739,732.5,690.5,737,750.5,757,886.5,734,775,1294,744.5,736.5,732.5,703,710,722,676,676,724,725,678,767,727,692,695,697,684,693,690,686,684,671,682,680,682,688
2025-09-04,673.5,675.5,670.5,821,672.5,667.5,713.5,672,787,734.5,988,783,846.5,740,736.5,704.5,730,751,758,881.5,739,779,1291,742.5,736.5,735.5,708.5,715.5,727.5,681.5,681.5,729.5,730.5,683.5,762.5,722.5,687.5,690.5,692.5,689.5,698.5,695.5,691.5,689.5,676.5,687.5,685.5,687.5,693.5
2025-09-03,677,698.5,668,821,673.5,672.5,727,678.5,789,730.5,993,783,855,745,738.5,692.5,740,749,754,885.5,741.5,779,1298.5,744,736.5,742.5,712,719,731,685,685,733,734,687,763.5,723.5,688.5,691.5,693.5,693,702,699,695,693,680,691,689,691,697
2025-09-02,670.5,681,659.5,824,664,666,713,661,785,725,984.5,784,856,745,736.5,686,729.5,747,750.5,873.5,743,775,1295,734,736.5,736.5,705.5,712.5,724.5,678.5,678.5,726.5,727.5,680.5,754,714,679,682,684,686.5,695.5,692.5,688.5,686.5,673.5,684.5,682.5,684.5,690.5
2025-09-01,663,676.5,654.5,817.5,658.5,659,702.5,662.5,775,718.5,967.5,784,859,740,734,683,712.5,744,748.5,846.5,718.5,772,1280.5,739,736.5,738.5,698,705,717,671,671,719,720,673,748.5,708.5,673.5,676.5,678.5,679,688,685,681,679,666,677,675,677,683
2025-08-29,656.5,670,653.5,817.5,655.5,654,705.5,662,773,719,968,784,854,746,729.5,684.5,715,744,750,860.5,712,770,1289,742,736.5,737.5,691.5,698.5,710.5,664.5,664.5,712.5,713.5,666.5,745.5,705.5,670.5,673.5,675.5,672.5,681.5,678.5,674.5,672.5,659.5,670.5,668.5,670.5,676.5
2025-08-28,653.5,658.5,652.5,813.5,655,655,705.5,664,769,717,962.5,785,854,738,731,682,725,744.5,741.5,867.5,708.5,770,1287.5,742.5,736.5,734,688.5,695.5,707.5,661.5,661.5,709.5,710.5,663.5,745,705,670,673,675,669.5,678.5,675.5,671.5,669.5,656.5,667.5,665.5,667.5,673.5
2025-08-27,654,655.5,658.5,815,655.5,652.5,706,660.5,763,717,974.5,786,853.5,734,731.5,685,710,742,747.5,867.5,706,775,1292.5,745.5,736.5,735.5,689,696,708,662,662,710,711,664,745.5,705.5,670.5,673.5,675.5,670,679,676,672,670,657,668,666,668,674
2025-08-26,660,662.5,661,810,661,659,706,670,768.5,721.5,983.5,785.5,852.5,739,733,694.5,715,746,749.5,879.5,724.5,775,1345,744,736.5,734,695,702,714,668,668,716,717,670,751,711,676,679,681,676,685,682,678,676,663,674,672,674,680
2025-08-25,659.5,656.5,664,817.5,650,664.5,705,668,750.5,722.5,976.5,786.5,863,731,732,678.5,717,745.5,751,876.5,724,780,1350,743,754,736.5,694.5,701.5,713.5,667.5,667.5,715.5,716.5,669.5,740,700,665,668,670,675.5,684.5,681.5,677.5,675.5,662.5,673.5,671.5,673.5,679.5
2025-08-22,655,664.5,659,813,646,658,715.5,663,719.5,713,979.5,788.5,859,730,728,680,715,737.5,738,849.5,711,780,1341,739,736.5,735,690,697,709,663,663,711,712,665,736,696,661,664,666,671,680,677,673,671,658,669,667,669,675
2025-08-21,651.5,662.5,650.5,811.5,650.5,655,715,661,728.5,708,982.5,787.5,849,728,725,682,713,731.5,737,817.5,709.5,778,1344,742.5,736.5,734,686.5,693.5,705.5,659.5,659.5,707.5,708.5,661.5,740.5,700.5,665.5,668.5,670.5,667.5,676.5,673.5,669.5,667.5,654.5,665.5,663.5,665.5,671.5
2025-08-20,645,661,651,810.5,651,656,692,660,731,701.5,967.5,785.5,849,723,720.5,678.5,705,728,740.5,827.5,712,775,1344,741,736.5,731.5,680,687,699,653,653,701,702,655,741,701,666,669,671,661,670,667,663,661,648,659,657,659,665
2025-08-19,642.5,654,647.5,795.5,650,648.5,696.5,653.5,736.5,699,969.5,784.5,846,725,722,678.5,694,736.5,731,808.5,697,774,1339,758.5,736.5,731.5,677.5,684.5,696.5,650.5,650.5,698.5,699.5,652.5,740,700,665,668,670,658.5,667.5,664.5,660.5,658.5,645.5,656.5,654.5,656.5,662.5
2025-08-18,638.5,656.5,646,801.5,650,647,695,652,739.5,708,972.5,783.5,847.5,744,721,679,694,741,734,813,701,772,1344,753.5,736.5,731,673.5,680.5,692.5,646.5,646.5,694.5,695.5,648.5,740,700,665,668,670,654.5,663.5,660.5,656.5,654.5,641.5,652.5,650.5,652.5,658.5
2025-08-15,645.5,653.5,649,800.5,655,651.5,697.5,664,742.5,716.5,975,782.5,852,754,719,680,697.5,744.5,741.5,817.5,694.5,775,1348,750,736.5,740.5,680.5,687.5,699.5,653.5,653.5,701.5,702.5,655.5,745,705,670,673,675,661.5,670.5,667.5,663.5,661.5,648.5,659.5,657.5,659.5,665.5
2025-08-14,648,661,646,793,649.5,643.5,700.5,654.5,741.5,712,950.5,781.5,852,750,722,689,690.5,741,743,812.5,701.5,770,1360,752.5,740,720.5,683,690,702,656,656,704,705,658,739.5,699.5,664.5,667.5,669.5,664,673,670,666,664,651,662,660,662,668
2025-08-13,649,657,654,811,656.5,655,703,655.5,743.5,717,969,779.5,853,753,721,689,704.5,751.5,747.5,815.5,702,775,1360,736.5,740,727,684,691,703,657,657,705,706,659,746.5,706.5,671.5,674.5,676.5,665,674,671,667,665,652,663,661,663,669
2025-08-12,659.5,665.5,650.5,831,662,670.5,718.5,652.5,756,718,972.5,774.5,863.5,747,725.5,681.5,724,765,757.5,835.5,715,767,1410.5,744.5,741.5,736.5,694.5,701.5,713.5,667.5,667.5,715.5,716.5,669.5,752,712,677,680,682,675.5,684.5,681.5,677.5,675.5,662.5,673.5,671.5,673.5,679.5
2025-08-11,660,667.5,651.5,826.5,661,653,712.5,655,767,720.5,964.5,770.5,863.5,748,722,693,710,757.5,753.5,834.5,711.5,765,1333,744.5,738.5,723.5,695,702,714,668,668,716,717,670,751,711,676,679,681,676,685,682,678,676,663,674,672,674,680
2025-08-08,661,678,659.5,827,667.5,670,712,647.5,762,715.5,959.5,772.5,875,750,726.5,697,712.5,772,760.5,834.5,715,765,1418.5,744.5,738.5,734,696,703,715,669,669,717,718,671,757.5,717.5,682.5,685.5,687.5,677,686,683,679,677,664,675,673,675,681
2025-08-07,659,677.5,657,832.5,665,674.5,719.5,650.5,760.5,722.5,935.5,771.5,875,752,726.5,701.5,717.5,774.5,772.5,836.5,718.5,770,1211,746,736.5,735.5,694,701,713,667,667,715,716,669,755,715,680,683,685,675,684,681,677,675,662,673,671,673,679
2025-08-06,673,688.5,670.5,837,679.5,688,706.5,659,768,728,935,770.5,897.5,771,734,702.5,727.5,773,774.5,838.5,726.5,770,1211,746.5,730,743.5,708,715,727,681,681,729,730,683,769.5,729.5,694.5,697.5,699.5,689,698,695,691,689,676,687,685,687,693
2025-08-05,678,693.5,671.5,826.5,683.5,675,715,664.5,784.5,737.5,931,774.5,900,782,739,707,733.5,777.5,788.5,853,725,775,1197,723,730,740.5,713,720,732,686,686,734,735,688,773.5,733.5,698.5,701.5,703.5,694,703,700,696,694,681,692,690,692,698
2025-08-04,682.5,690.5,693.5,829,687.5,714.5,731,666,811.5,749,976,774.5,905.5,795,740,707,732.5,788,787,871,719,775,1201,738,735,745.5,717.5,724.5,736.5,690.5,690.5,738.5,739.5,692.5,777.5,737.5,702.5,705.5,707.5,698.5,707.5,704.5,700.5,698.5,685.5,696.5,694.5,696.5,702.5
2025-08-01,702,708.5,695,829.5,712,716.5,763,692,825,762,976,774.5,919,805,751.5,716,747.5,793,809.5,875,738,785,1166,762.5,736.5,770.5,737,744,756,710,710,758,759,712,802,762,727,730,732,718,727,724,720,718,705,716,714,716,722
2025-07-31,701.5,714,694,748.5,718,718.5,775,704.5,826.5,771,948,775.5,919,813,748,720,757.5,803.5,812,892,742.5,795,1166,759.5,736.5,771.5,736.5,743.5,755.5,709.5,709.5,757.5,758.5,711.5,808,768,733,736,738,717.5,726.5,723.5,719.5,717.5,704.5,715.5,713.5,715.5,721.5
2025-07-30,698,703.5,693.5,803,716,719,775.5,705.5,825.5,767.5,951,778.5,920.5,830,751,714,757.5,798.5,816,889,744.5,795,1151,756.5,746.5,768.5,733,740,752,706,706,754,755,708,806,766,731,734,736,714,723,720,716,714,701,712,710,712,718
2025-07-29,690,703,679.5,781,709,718,777,705.5,819,766,986,774.5,923.5,820,744,707,752.5,798.5,813.5,894.5,746,790,1141,760,746.5,766,725,732,744,698,698,746,747,700,799,759,724,727,729,706,715,712,708,706,693,704,702,704,710
2025-07-28,686,697.5,680,776.5,712.5,717,770,697,823,771,945,772.5,920.5,800,742.5,704,747.5,802,819,882.5,742,820,1131,760,746.5,772.5,721,728,740,694,694,742,743,696,802.5,762.5,727.5,730.5,732.5,702,711,708,704,702,689,700,698,700,706
2025-07-25,693.5,708,682.5,800.5,721,719,774.5,705.5,825,764.5,991,769.5,917,806,745,705,757.5,808.5,811,889,773.5,765,1131.5,763,740,770.5,728.5,735.5,747.5,701.5,701.5,749.5,750.5,703.5,811,771,736,739,741,709.5,718.5,715.5,711.5,709.5,696.5,707.5,705.5,707.5,713.5
2025-07-24,690,723,684,785.5,725,722.5,768.5,703,823,764,963.5,770.5,899.5,796,743.5,705.5,762.5,810.5,830,879,758.5,835,1135.5,754.5,736.5,770,725,732,744,698,698,746,747,700,815,775,740,743,745,706,715,712,708,706,693,704,702,704,710
2025-07-23,689.5,705.5,683.5,779.5,721.5,723,768.5,713.5,812,758,1008.5,772.5,901,795,742.5,707.5,762.5,802.5,831.5,885,758.5,765,1141,756,736.5,771.5,724.5,731.5,743.5,697.5,697.5,745.5,746.5,699.5,811.5,771.5,736.5,739.5,741.5,705.5,714.5,711.5,707.5,705.5,692.5,703.5,701.5,703.5,709.5
2025-07-22,693,712.5,689.5,809.5,724,724,765,719,812.5,760,1014.5,778.5,908.5,790,744.5,708,782.5,808.5,837.5,892.5,775,773,1141.5,757,736.5,775.5,728,735,747,701,701,749,750,703,814,774,739,742,744,709,718,715,711,709,696,707,705,707,713
2025-07-21,692.5,717,695,817,713.5,716.5,762.5,732.5,821.5,772,938.5,777.5,912.5,800,750,714,777.5,806,839.5,892,773,660,1133.5,750,736.5,779.5,727.5,734.5,746.5,700.5,700.5,748.5,749.5,702.5,803.5,763.5,728.5,731.5,733.5,708.5,717.5,714.5,710.5,708.5,695.5,706.5,704.5,706.5,712.5
2025-07-18,696,719.5,681,800.5,727.5,725,768,722.5,807,784.5,938.5,774.5,938,795,747.5,699.5,787.5,805,833.5,898.5,783,660,1168,748,736.5,789,731,738,750,704,704,752,753,706,817.5,777.5,742.5,745.5,747.5,712,721,718,714,712,699,710,708,710,716
2025-07-17,680.5,706.5,676,796.5,709,712,751.5,705.5,787.5,763,928.5,779.5,892,786,737.5,696.5,757.5,798.5,821.5,889.5,750,660,1186.5,748.5,736.5,763.5,715.5,722.5,734.5,688.5,688.5,736.5,737.5,690.5,799,759,724,727,729,696.5,705.5,702.5,698.5,696.5,683.5,694.5,692.5,694.5,700.5
2025-07-16,680.5,695,673,796.5,708,708.5,751.5,700,787.5,759.5,938.5,779.5,897,792,737.5,696.5,752.5,808,839,889.5,755.5,665,1188.5,743.5,736.5,766.5,715.5,722.5,734.5,688.5,688.5,736.5,737.5,690.5,798,758,723,726,728,696.5,705.5,702.5,698.5,696.5,683.5,694.5,692.5,694.5,700.5
2025-07-15,689.5,708.5,678.5,840,714,713.5,747.5,697.5,787.5,759,941,786,897,794,752,706.5,770,803,835,891.5,749,670,1188.5,747,736.5,761.5,724.5,731.5,743.5,697.5,697.5,745.5,746.5,699.5,804,764,729,732,734,705.5,714.5,711.5,707.5,705.5,692.5,703.5,701.5,703.5,709.5
2025-07-14,695,702.5,677.5,827,733.5,721.5,760.5,712,788.5,757,951,786,914.5,799,751,696,785,811,842,893.5,771,675,1393.5,746.5,736.5,764.5,730,737,749,703,703,751,752,705,823.5,783.5,748.5,751.5,753.5,711,720,717,713,711,698,709,707,709,715
2025-07-11,685,696.5,677.5,818.5,728,720,752,701.5,782.5,751,936,788,903.5,786,732.5,696.5,755,802,815.5,878.5,759.5,670,1393.5,734,736.5,757,720,727,739,693,693,741,742,695,818,778,743,746,748,701,710,707,703,701,688,699,697,699,705
2025-07-10,692.5,731.5,679.5,828.5,723,699,747,703,793.5,762.5,935.5,793,903.5,800,734,706.5,797.5,804.5,827,887.5,781,680,1362.5,746,736.5,759,727.5,734.5,746.5,700.5,700.5,748.5,749.5,702.5,813,773,738,741,743,708.5,717.5,714.5,710.5,708.5,695.5,706.5,704.5,706.5,712.5
2025-07-09,688.5,727,674.5,799.5,722.5,706.5,766.5,704.5,816,761.5,923.5,802,905.5,800,745.5,700,777.5,792.5,823.5,878.5,797,680,1365,730,736.5,762.5,723.5,730.5,742.5,696.5,696.5,744.5,745.5,698.5,812.5,772.5,737.5,740.5,742.5,704.5,713.5,710.5,706.5,704.5,691.5,702.5,700.5,702.5,708.5
2025-07-08,684,700,659.5,799.5,692.5,695,756,693,801,760,918.5,782,905.5,785,732.5,695.5,765,801.5,812.5,903.5,792.5,675,1305,725,736.5,749,719,726,738,692,692,740,741,694,782.5,742.5,707.5,710.5,712.5,700,709,706,702,700,687,698,696,698,704
2025-07-07,680.5,690,670.5,794.5,706,699,744,694,791,753.5,908.5,782,905.5,775,732,690.5,795,783,832.5,893.5,782.5,665,1305,719,736.5,761.5,715.5,722.5,734.5,688.5,688.5,736.5,737.5,690.5,796,756,721,724,726,696.5,705.5,702.5,698.5,696.5,683.5,694.5,692.5,694.5,700.5
2025-07-04,674.5,686.5,654.5,784.5,695,691,750.5,698.5,791,740,908.5,782,899.5,775,729.5,692,757.5,765,816,893.5,764.5,662,1325,721.5,738,750.5,709.5,716.5,728.5,682.5,682.5,730.5,731.5,684.5,785,745,710,713,715,690.5,699.5,696.5,692.5,690.5,677.5,688.5,686.5,688.5,694.5
2025-07-03,676,690,653,787,687.5,681,747.5,699,805,742.5,910,779,899.5,770,727,691,767.5,770,801,888.5,798.5,667,1325,725.5,736.5,744.5,711,718,730,684,684,732,733,686,777.5,737.5,702.5,705.5,707.5,692,701,698,694,692,679,690,688,690,696
2025-07-02,665.5,681,651,776.5,681,684.5,741,686,790,726.5,900,779,880,760,727.5,683,747.5,762.5,801,878.5,767,665,1325,717.5,730,741.5,700.5,707.5,719.5,673.5,673.5,721.5,722.5,675.5,771,731,696,699,701,681.5,690.5,687.5,683.5,681.5,668.5,679.5,677.5,679.5,685.5
2025-07-01,661,681,652.5,748,669.5,658,732,678,775,724,885,777,880,775,718,684,733,770.5,811.5,863.5,740.5,670,1319,708,727.5,734.5,696,703,715,669,669,717,718,671,759.5,719.5,684.5,687.5,689.5,677,686,683,679,677,664,675,673,675,681
2025-06-30,662,686,653,767.5,674.5,681,724.5,675,770,715,865,777,880,775,727.5,682,730,783.5,804,863.5,746,675,1319,718,736.5,720,697,704,716,670,670,718,719,672,764.5,724.5,689.5,692.5,694.5,678,687,684,680,678,665,676,674,676,682
2025-06-27,664,682.5,656,751,680,684,729.5,679,790.5,718,880,773,885,790,719.5,682,740,786,814,894.5,749,680,1316.5,720,737.5,727.5,699,706,718,672,672,720,721,674,770,730,695,698,700,680,689,686,682,680,667,678,676,678,684
2025-06-26,664,683.5,655.5,757,679,681.5,733,682.5,790.5,724,845,773,885,790,725,680,735,790.5,816.5,904.5,742.5,680,1316.5,727,737.5,720,699,706,718,672,672,720,721,674,769,729,694,697,699,680,689,686,682,680,667,678,676,678,684
2025-06-25,660.5,689,653.5,767,684.5,718.5,729,679,782.5,724,835,773,875.5,775,723.5,683,740,794,812,896.5,750.5,675,1361.5,715.5,737.5,716,695.5,702.5,714.5,668.5,668.5,716.5,717.5,670.5,774.5,734.5,699.5,702.5,704.5,676.5,685.5,682.5,678.5,676.5,663.5,674.5,672.5,674.5,680.5
2025-06-24,663,711,688,736.5,664,665,724.5,691,809.5,742.5,865,791,918.5,800,729,705,730,771.5,815.5,905,754.5,650,1351.5,731,736.5,682,698,705,717,671,671,719,720,673,754,714,679,682,684,679,688,685,681,679,666,677,675,677,683
2025-06-23,715.5,727.5,722,753.5,739,731,756,740,770.5,790.5,910,791,948.5,860,777,737,838,831.5,883,930,822,725,1366.5,726.5,738.5,763.5,750.5,757.5,769.5,723.5,723.5,771.5,772.5,725.5,829,789,754,757,759,731.5,740.5,737.5,733.5,731.5,718.5,729.5,727.5,729.5,735.5
2025-06-20,729,745.5,733,834.5,742,723.5,789,767,808.5,797.5,910,791,925,860,787,742.5,838,825.5,859,945,847.5,725,1392.5,737,741,764.5,764,771,783,737,737,785,786,739,832,792,757,760,762,745,754,751,747,745,732,743,741,743,749
2025-06-19,719.5,714,711,778.5,728,715,784,757.5,783.5,782.5,900,791,907.5,830,783.5,706.5,825,801.5,868.5,925,817.5,730,1362.5,743.5,736,747,754.5,761.5,773.5,727.5,727.5,775.5,776.5,729.5,818,778,743,746,748,735.5,744.5,741.5,737.5,735.5,722.5,733.5,731.5,733.5,739.5
2025-06-18,698,696,699,766,718.5,696,756.5,734.5,789.5,772.5,920,792,907.5,815,764,697,779,777.5,840.5,925,799,725,1342.5,744.5,735.5,739,733,740,752,706,706,754,755,708,808.5,768.5,733.5,736.5,738.5,714,723,720,716,714,701,712,710,712,718
2025-06-17,674,687.5,685.5,782.5,701.5,678,736.5,715.5,749.5,754.5,884.5,749,902.5,780,753,679.5,778,755,804.5,885,781.5,728,1342.5,746.5,735.5,730.5,709,716,728,682,682,730,731,684,791.5,751.5,716.5,719.5,721.5,690,699,696,692,690,677,688,686,688,694
2025-06-16,668,682,667.5,763,677.5,663,709.5,686.5,770.5,735.5,883.5,749,865,790,736.5,678,770,748,796.5,855,775,730,1339,742.5,725.5,721,703,710,722,676,676,724,725,678,767.5,727.5,692.5,695.5,697.5,684,693,690,686,684,671,682,680,682,688
2025-06-13,659.5,663.5,655.5,769,667,649.5,685,675.5,715.5,718.5,914.5,749,855,764,728,665.5,750,728,781.5,815,774,725,1339,734,722,712,694.5,701.5,713.5,667.5,667.5,715.5,716.5,669.5,757,717,682,685,687,675.5,684.5,681.5,677.5,675.5,662.5,673.5,671.5,673.5,679.5
2025-06-12,628.5,639,628.5,741.5,633,636,667.5,643.5,707.5,687,928.5,749,815,755,713.5,649,728,705,742.5,805,723,705,1333.5,722.5,722,683.5,663.5,670.5,682.5,636.5,636.5,684.5,685.5,638.5,723,683,648,651,653,644.5,653.5,650.5,646.5,644.5,631.5,642.5,640.5,642.5,648.5
2025-06-11,620,629,619.5,741,627.5,627,663,638,703,678.5,928.5,749,811.5,750,706.5,649,720,704.5,744,804.5,723.5,695,1341,734,722.5,679,655,662,674,628,628,676,677,630,717.5,677.5,642.5,645.5,647.5,636,645,642,638,636,623,634,632,634,640
2025-06-10,622,635.5,624,741.5,624.5,623.5,662.5,635,700,677,933.5,748.5,791,770,707,647,725,703.5,743.5,805,727,699,1341,729,726.5,681,657,664,676,630,630,678,679,632,714.5,674.5,639.5,642.5,644.5,638,647,644,640,638,625,636,634,636,642
2025-06-09,621,641,620,736.5,623.5,622,672.5,627.5,694,674,923.5,738.5,808,760,711.5,646,705,698.5,744,802.5,730,695,1251.5,730.5,728,684.5,656,663,675,629,629,677,678,631,713.5,673.5,638.5,641.5,643.5,637,646,643,639,637,624,635,633,635,641
2025-06-06,611,626.5,615,736,618.5,619.5,659,610,691,665,918.5,745.5,796,752,708.5,643,705,695.5,732,794.5,717.5,695,1255,733.5,727.5,669.5,646,653,665,619,619,667,668,621,708.5,668.5,633.5,636.5,638.5,627,636,633,629,627,614,625,623,625,631
2025-06-05,615,621.5,622,745,614.5,615.5,657.5,608,690.5,666,916.5,748.5,806.5,748,712,640.5,705,699,729.5,791.5,716,690,1255,734.5,723.5,671,650,657,669,623,623,671,672,625,704.5,664.5,629.5,632.5,634.5,631,640,637,633,631,618,629,627,629,635
2025-06-04,609.5,621.5,619.5,747.5,616.5,615,667,614.5,689,661.5,903.5,752.5,806.5,754,711,640,710,700,727.5,796.5,718.5,695,1247,727,716.5,664,644.5,651.5,663.5,617.5,617.5,665.5,666.5,619.5,706.5,666.5,631.5,634.5,636.5,625.5,634.5,631.5,627.5,625.5,612.5,623.5,621.5,623.5,629.5
2025-06-03,606.5,627,615.5,765.5,614.5,614,666.5,622,683.5,661.5,900.5,756.5,809,755,710.5,637.5,705,697.5,732,801.5,713.5,690,1247,736.5,712.5,663.5,641.5,648.5,660.5,614.5,614.5,662.5,663.5,616.5,704.5,664.5,629.5,632.5,634.5,622.5,631.5,628.5,624.5,622.5,609.5,620.5,618.5,620.5,626.5
2025-06-02,603.5,623.5,612.5,767.5,610,612,668,614.5,679.5,660.5,888.5,752.5,803.5,740,709,640,683,698,723.5,793,716.5,695,1249,742,716,663,638.5,645.5,657.5,611.5,611.5,659.5,660.5,613.5,700,660,625,628,630,619.5,628.5,625.5,621.5,619.5,606.5,617.5,615.5,617.5,623.5
2025-05-30,602.5,610.5,613,749.5,609,610,665,608,682,654,897.5,750.5,807.5,762,706,637.5,685,695.5,717.5,797.5,707.5,695,1244.5,731.5,716.5,659,637.5,644.5,656.5,610.5,610.5,658.5,659.5,612.5,699,659,624,627,629,618.5,627.5,624.5,620.5,618.5,605.5,616.5,614.5,616.5,622.5
2025-05-29,605,609,617.5,791.5,616,616,679.5,600,682.5,658,897.5,748.5,807.5,770,712,635.5,695,697,735,807.5,726.5,695,1220,733.5,720.5,666,640,647,659,613,613,661,662,615,706,666,631,634,636,621,630,627,623,621,608,619,617,619,625
2025-05-28,600.5,619.5,618,798.5,612.5,618,674.5,619,685,664.5,884,754.5,807.5,765,709,642,695,696.5,719,811.5,714.5,690,1210,743.5,722,660,635.5,642.5,654.5,608.5,608.5,656.5,657.5,610.5,702.5,662.5,627.5,630.5,632.5,616.5,625.5,622.5,618.5,616.5,603.5,614.5,612.5,614.5,620.5
2025-05-27,602,624,612,827,609.5,608.5,671.5,618.5,692.5,676,910,754.5,812,766,704.5,638.5,682.5,698,727.5,823.5,711.5,690,1195,741.5,722,658,637,644,656,610,610,658,659,612,699.5,659.5,624.5,627.5,629.5,618,627,624,620,618,605,616,614,616,622
2025-05-26,605,618,614,822.5,614.5,619.5,676.5,609.5,684.5,662,907,754.5,812,766,708,641,692.5,697.5,729,823.5,719,695,1276.5,733.5,722.5,663,640,647,659,613,613,661,662,615,704.5,664.5,629.5,632.5,634.5,621,630,627,623,621,608,619,617,619,625
2025-05-23,602.5,608.5,611.5,815,618.5,620.5,681,615.5,683.5,655.5,905,760.5,824.5,766,703.5,640.5,685,704,727,821.5,711,690,1238.5,741,726.5,665.5,637.5,644.5,656.5,610.5,610.5,658.5,659.5,612.5,708.5,668.5,633.5,636.5,638.5,618.5,627.5,624.5,620.5,618.5,605.5,616.5,614.5,616.5,622.5
2025-05-22,612.5,617.5,618,832.5,620,626,680.5,620.5,684,672.5,916.5,764.5,817,766,711,650,689.5,710,726,826.5,714,695,1209,743.5,727.5,664.5,647.5,654.5,666.5,620.5,620.5,668.5,669.5,622.5,710,670,635,638,640,628.5,637.5,634.5,630.5,628.5,615.5,626.5,624.5,626.5,632.5
2025-05-21,620,615.5,625,828,624,626.5,681.5,627,679.5,671,913.5,764.5,823.5,760,716,650.5,690.5,705,730.5,799,724,695,1205.5,745,727.5,672,655,662,674,628,628,676,677,630,714,674,639,642,644,636,645,642,638,636,623,634,632,634,640
2025-05-20,619,616.5,620.5,811.5,626,625,678,625.5,680.5,670,908.5,764.5,820.5,750,715.5,649.5,671,704.5,731.5,787,715,695,1232.5,741.5,724.5,668,654,661,673,627,627,675,676,629,716,676,641,644,646,635,644,641,637,635,622,633,631,633,639
2025-05-19,611.5,610,623.5,837.5,626,620.5,685.5,623.5,671.5,673.5,908.5,762.5,829,752,716.5,644,705,699.5,737,807.5,714,700,1207,748,725,672.5,646.5,653.5,665.5,619.5,619.5,667.5,668.5,621.5,716,676,641,644,646,627.5,636.5,633.5,629.5,627.5,614.5,625.5,623.5,625.5,631.5
2025-05-16,613,621.5,622.5,837.5,630.5,622.5,681.5,619.5,679,674.5,912.5,762.5,827,755,724,651.5,689,700,732,810.5,723.5,700,1290,772.5,715,674,648,655,667,621,621,669,670,623,720.5,680.5,645.5,648.5,650.5,629,638,635,631,629,616,627,625,627,633
2025-05-15,619,630,634.5,833,626,624.5,675.5,624,685.5,676.5,916.5,762.5,819.5,758,713.5,654.5,685,691.5,725,772.5,719.5,700,1335.5,768,715,668.5,654,661,673,627,627,675,676,629,716,676,641,644,646,635,644,641,637,635,622,633,631,633,639
2025-05-14,623,630.5,630,838.5,623,609.5,670,627,671,678.5,922.5,762.5,831,755,725,660.5,705,698,736,775,723.5,700,1228,766,710,674,658,665,677,631,631,679,680,633,713,673,638,641,643,639,648,645,641,639,626,637,635,637,643
2025-05-13,598,623.5,621.5,836,612.5,593.5,658,610.5,653.5,658,912.5,762,816.5,740,716.5,661.5,685.5,687.5,734.5,762.5,714.5,695,1206,772.5,710,668,633,640,652,606,606,654,655,608,702.5,662.5,627.5,630.5,632.5,614,623,620,616,614,601,612,610,612,618
2025-05-12,598.5,624,615.5,836,606.5,599.5,657,609.5,651.5,658.5,907.5,762,821.5,730,717.5,652,664.5,686,725.5,732.5,712,690,1206,768,708.5,664.5,633.5,640.5,652.5,606.5,606.5,654.5,655.5,608.5,696.5,656.5,621.5,624.5,626.5,614.5,623.5,620.5,616.5,614.5,601.5,612.5,610.5,612.5,618.5
2025-05-09,590.5,615,607.5,853.5,597,592.5,662,602.5,648,643.5,932.5,762,828.5,725,710,640.5,668.5,678.5,717,706.5,697.5,685,1214.5,760.5,708.5,669,625.5,632.5,644.5,598.5,598.5,646.5,647.5,600.5,687,647,612,615,617,606.5,615.5,612.5,608.5,606.5,593.5,604.5,602.5,604.5,610.5
2025-05-08,592.5,608.5,598,838.5,589,586.5,646.5,588,640,634.5,925,778,803.5,715,707,641.5,664.5,673.5,713,696.5,685,685,1172.5,756.5,713.5,658.5,627.5,634.5,646.5,600.5,600.5,648.5,649.5,602.5,679,639,604,607,609,608.5,617.5,614.5,610.5,608.5,595.5,606.5,604.5,606.5,612.5
2025-05-07,598.5,608,604.5,847.5,590.5,589.5,641.5,591,641,634,935,780,802,726,708.5,641,669.5,670.5,710,686.5,693,685,1169.5,761.5,713.5,659.5,633.5,640.5,652.5,606.5,606.5,654.5,655.5,608.5,680.5,640.5,605.5,608.5,610.5,614.5,623.5,620.5,616.5,614.5,601.5,612.5,610.5,612.5,618.5
2025-05-06,591.5,606,597.5,835,591.5,593.5,639,586.5,636,629,930,782,807,721,698,636.5,684.5,671,704.5,680.5,689,685,1169.5,766.5,728.5,655.5,626.5,633.5,645.5,599.5,599.5,647.5,648.5,601.5,681.5,641.5,606.5,609.5,611.5,607.5,616.5,613.5,609.5,607.5,594.5,605.5,603.5,605.5,611.5
2025-05-05,583.5,594.5,601,832,587.5,582,644,597,643.5,644,940,789,802,725,703.5,650.5,651.5,676.5,705.5,680.5,689,690,1165.5,776,728.5,637,618.5,625.5,637.5,591.5,591.5,639.5,640.5,593.5,677.5,637.5,602.5,605.5,607.5,599.5,608.5,605.5,601.5,599.5,586.5,597.5,595.5,597.5,603.5
2025-05-02,592.5,611,608,838.5,593.5,602,654,601.5,659.5,650.5,940,783,799,725,711,654.5,663.5,675,700.5,664.5,684,690,1155.5,766,728.5,661.5,627.5,634.5,646.5,600.5,600.5,648.5,649.5,602.5,683.5,643.5,608.5,611.5,613.5,608.5,617.5,614.5,610.5,608.5,595.5,606.5,604.5,606.5,612.5
2025-05-01,609,619.5,611,852.5,582.5,593,658.5,607,662,652,930,777,781.5,735,699,651,655,677,707,674.5,689,690,1137.5,765.5,728.5,648,644,651,663,617,617,665,666,619,672.5,632.5,597.5,600.5,602.5,625,634,631,627,625,612,623,621,623,629
2025-04-30,606,619.5,615,848,599.5,600.5,670.5,618,672.5,662,945,781,809,755,703,654.5,657,684,708.5,694.5,684.5,690,1137.5,767.5,728.5,662.5,641,648,660,614,614,662,663,616,689.5,649.5,614.5,617.5,619.5,622,631,628,624,622,609,620,618,620,626
2025-04-29,617,627,619.5,861,619.5,623,673.5,625,678,669,955,783,809,705,712.5,659.5,675,686.5,707,704.5,677,695,1142.5,763,723.5,674,652,659,671,625,625,673,674,627,709.5,669.5,634.5,637.5,639.5,633,642,639,635,633,620,631,629,631,637
2025-04-28,623,634,622.5,865,623.5,625,675.5,627.5,691,674.5,960,783,817,705,714,664,688,687,709.5,703.5,689.5,698,1148.5,771.5,722,675,658,665,677,631,631,679,680,633,713.5,673.5,638.5,641.5,643.5,639,648,645,641,639,626,637,635,637,643
2025-04-25,620,635,623.5,861.5,621.5,629,670,624,690.5,667,955,787,819,700,713,662,680,689.5,709.5,699.5,704.5,702,1147,761.5,712,684,655,662,674,628,628,676,677,630,711.5,671.5,636.5,639.5,641.5,636,645,642,638,636,623,634,632,634,640
2025-04-24,617,627,623.5,857.5,623.5,628.5,668,623,688.5,667,945,787,809,690,715.5,661,675,683,706.5,699.5,694.5,685,1157,773.5,712,671,652,659,671,625,625,673,674,627,713.5,673.5,638.5,641.5,643.5,633,642,639,635,633,620,631,629,631,637
2025-04-23,622.5,638,630.5,865,630,635,671.5,625,693,671,950,787,822,690,721,662,690,691,712,695,701,699,1275,773.5,712.5,679,657.5,664.5,676.5,630.5,630.5,678.5,679.5,632.5,720,680,645,648,650,638.5,647.5,644.5,640.5,638.5,625.5,636.5,634.5,636.5,642.5
2025-04-22,615.5,644.5,624.5,849,621.5,620,666.5,626.5,703,669.5,965,785.5,825,680,713,666,670,687.5,711.5,706.5,681.5,697,1277,774.5,712.5,671,650.5,657.5,669.5,623.5,623.5,671.5,672.5,625.5,711.5,671.5,636.5,639.5,641.5,631.5,640.5,637.5,633.5,631.5,618.5,629.5,627.5,629.5,635.5
2025-04-21,609.5,630.5,621,858.5,617,616,655,627.5,719.5,670,970,788.5,825,685,713,664,660,685.5,726.5,713.5,681.5,725,1263.5,766.5,707.5,674,644.5,651.5,663.5,617.5,617.5,665.5,666.5,619.5,707,667,632,635,637,625.5,634.5,631.5,627.5,625.5,612.5,623.5,621.5,623.5,629.5
2025-04-18,609,650.5,626,863,613,605,655,637.5,720.5,677,970,784.5,825,685,725.5,668,660,685.5,719,713.5,697.5,725,1263.5,781.5,707.5,674,644,651,663,617,617,665,666,619,703,663,628,631,633,625,634,631,627,625,612,623,621,623,629
2025-04-17,614.5,648.5,619,858,615,616,648.5,629.5,705.5,671.5,960,784.5,825,675,716.5,663.5,683.5,685.5,708,698.5,681.5,725,1254,766.5,707.5,677.5,649.5,656.5,668.5,622.5,622.5,670.5,671.5,624.5,705,665,630,633,635,630.5,639.5,636.5,632.5,630.5,617.5,628.5,626.5,628.5,634.5
2025-04-16,610.5,642.5,618.5,858.5,612.5,618.5,653.5,625.5,702.5,666.5,920,776.5,821.5,665,717.5,658.5,677.5,675.5,693.5,681.5,676,720,1259.5,762,707.5,679,645.5,652.5,664.5,618.5,618.5,666.5,667.5,620.5,702.5,662.5,627.5,630.5,632.5,626.5,635.5,632.5,628.5,626.5,613.5,624.5,622.5,624.5,630.5
2025-04-15,607.5,639,617,847,611.5,617,661.5,628,708,663,990,777.5,814,665,719.5,658,679.5,675,696.5,681.5,687,720,1173,770.5,703.5,680,642.5,649.5,661.5,615.5,615.5,663.5,664.5,617.5,701.5,661.5,626.5,629.5,631.5,623.5,632.5,629.5,625.5,623.5,610.5,621.5,619.5,621.5,627.5
2025-04-14,600,633,618,847.5,607.5,620.5,660.5,627,704,659.5,990,779.5,823.5,644,718,653.5,678.5,678.5,692,684.5,664.5,720,1176,753.5,702.5,678.5,635,642,654,608,608,656,657,610,697.5,657.5,622.5,625.5,627.5,616,625,622,618,616,603,614,612,614,620
2025-04-11,595.5,619.5,615,845.5,599.5,605.5,641.5,611,702.5,658,990,779.5,854,770,714,656.5,651.5,683,692.5,674,647.5,745,1096.5,763,702.5,662,630.5,637.5,649.5,603.5,603.5,651.5,652.5,605.5,689.5,649.5,614.5,617.5,619.5,611.5,620.5,617.5,613.5,611.5,598.5,609.5,607.5,609.5,615.5
2025-04-10,596,620,607,845.5,601,617,650.5,606.5,696.5,648.5,968.5,783.5,854,760,710.5,644.5,646.5,677.5,683.5,669,643.5,745,1109,754.5,707.5,653,631,638,650,604,604,652,653,606,691,651,616,619,621,612,621,618,614,612,599,610,608,610,616
2025-04-09,583.5,612,603,831.5,596,610.5,649.5,613,700.5,653,1029.5,781.5,816.5,750,701,663,649.5,676.5,694,685,615.5,735,1107,758,707.5,660.5,618.5,625.5,637.5,591.5,591.5,639.5,640.5,593.5,686,646,611,614,616,599.5,608.5,605.5,601.5,599.5,586.5,597.5,595.5,597.5,603.5
2025-04-08,601,636,613.5,865.5,617,628.5,654,629.5,705,673.5,1029.5,782.5,827.5,750,710,664,661.5,687.5,702.5,695,641,735,1172,754.5,716.5,683.5,636,643,655,609,609,657,658,611,707,667,632,635,637,617,626,623,619,617,604,615,613,615,621
2025-04-07,600.5,635,626,855.5,624.5,622,663,638.5,711.5,681,1034.5,790.5,832,775,715,679.5,665.5,688.5,697,709.5,634,740,1172,751.5,726,681,635.5,642.5,654.5,608.5,608.5,656.5,657.5,610.5,714.5,674.5,639.5,642.5,644.5,616.5,625.5,622.5,618.5,616.5,603.5,614.5,612.5,614.5,620.5
2025-04-04,630.5,653,658.5,856,635,626,686,655.5,728.5,699.5,1099.5,809.5,875.5,805,723,690.5,696.5,713,725,735.5,668.5,750,1321,752,721.5,677.5,665.5,672.5,684.5,638.5,638.5,686.5,687.5,640.5,725,685,650,653,655,646.5,655.5,652.5,648.5,646.5,633.5,644.5,642.5,644.5,650.5
2025-04-03,664.5,682,664,864.5,666.5,672,705.5,674.5,741,710.5,1114.5,819.5,875.5,820,741,700.5,714,730.5,736.5,735.5,698,765,1306.5,764,721.5,730.5,699.5,706.5,718.5,672.5,672.5,720.5,721.5,674.5,756.5,716.5,681.5,684.5,686.5,680.5,689.5,686.5,682.5,680.5,667.5,678.5,676.5,678.5,684.5
2025-04-02,668,690,673,869.5,674,670.5,714.5,687.5,739.5,721.5,1114.5,824.5,887,820,750.5,701.5,736,735,748,748.5,711,770,1340,768,721.5,731,703,710,722,676,676,724,725,678,764,724,689,692,694,684,693,690,686,684,671,682,680,682,688
2025-04-01,667.5,694,672,866,673.5,667.5,719,685.5,738,718.5,1114.5,821,883.5,820,748.5,699.5,725.5,736.5,746.5,739.5,714,775,1358,774.5,719.5,732.5,702.5,709.5,721.5,675.5,675.5,723.5,724.5,677.5,763.5,723.5,688.5,691.5,693.5,683.5,692.5,689.5,685.5,683.5,670.5,681.5,679.5,681.5,687.5
2025-03-31,661.5,687,665.5,853,663.5,660,720.5,683,733.5,716.5,1114.5,826,876.5,820,746.5,689.5,725.5,730,741,734.5,706,775,1361.5,776.5,718,733,696.5,703.5,715.5,669.5,669.5,717.5,718.5,671.5,753.5,713.5,678.5,681.5,683.5,677.5,686.5,683.5,679.5,677.5,664.5,675.5,673.5,675.5,681.5
2025-03-28,658,687,667,855,663,661,723.5,685,735.5,718.5,1129.5,826,886.5,820,747,688.5,724.5,733,736,734.5,703.5,774,1361.5,768,718,722,693,700,712,666,666,714,715,668,753,713,678,681,683,674,683,680,676,674,661,672,670,672,678
2025-03-27,654,688.5,668.5,849.5,652.5,650.5,719,681,734.5,715.5,1129.5,826,886.5,820,747,691.5,722,727.5,739,734.5,710,760,1361.5,773.5,717.5,726,689,696,708,662,662,710,711,664,742.5,702.5,667.5,670.5,672.5,670,679,676,672,670,657,668,666,668,674
2025-03-26,653,685.5,667,859,650.5,645,716,679.5,724.5,705.5,1129.5,816,886.5,815,747,689,724,731,730.5,729.5,709,738,1361.5,774.5,717.5,727.5,688,695,707,661,661,709,710,663,740.5,700.5,665.5,668.5,670.5,669,678,675,671,669,656,667,665,667,673
2025-03-25,649.5,679,661,846.5,647.5,641,709.5,672,720.5,706,1129.5,814,884,765,746,688.5,707,726.5,727,722.5,707,739,1356,779,717.5,721.5,684.5,691.5,703.5,657.5,657.5,705.5,706.5,659.5,737.5,697.5,662.5,665.5,667.5,665.5,674.5,671.5,667.5,665.5,652.5,663.5,661.5,663.5,669.5
2025-03-24,647,679,663,841,640.5,637,708.5,672,713,702,1129.5,814,881,765,743.5,684,705,721,723.5,715,699.5,739,1358,774.5,718,722,682,689,701,655,655,703,704,657,730.5,690.5,655.5,658.5,660.5,663,672,669,665,663,650,661,659,661,667
2025-03-21,644,670.5,661,840,631.5,630.5,698,665,703.5,703.5,1129.5,812,888,765,743.5,682,697.5,718,718.5,703,691,755,1359.5,777,717.5,710,679,686,698,652,652,700,701,654,721.5,681.5,646.5,649.5,651.5,660,669,666,662,660,647,658,656,658,664
2025-03-20,644,664,655,840,628,631,698.5,667,696.5,699.5,1119.5,802,873,765,742.5,678,703,715.5,710.5,698,693.5,759,1359.5,776.5,714,707.5,679,686,698,652,652,700,701,654,718,678,643,646,648,660,669,666,662,660,647,658,656,658,664
2025-03-19,642,664,650.5,835.5,623,627,697.5,666.5,687.5,701.5,1119.5,795,870,765,740,682,690,713,712,692.5,687,755,1359.5,768.5,716,708.5,677,684,696,650,650,698,699,652,713,673,638,641,643,658,667,664,660,658,645,656,654,656,662
2025-03-18,648,669.5,654,851.5,631,630.5,702.5,675.5,691.5,704,1119.5,795.5,877,765,744,686,706,715.5,715,690.5,694.5,755,1359,774.5,710.5,713,683,690,702,656,656,704,705,658,721,681,646,649,651,664,673,670,666,664,651,662,660,662,668
2025-03-17,645,662,654.5,847,629.5,629.5,704.5,666,687.5,698.5,1119.5,791.5,878,759,743,685.5,699.5,715.5,713,689.5,693.5,758,1362,772.5,711.5,716.5,680,687,699,653,653,701,702,655,719.5,679.5,644.5,647.5,649.5,661,670,667,663,661,648,659,657,659,665
2025-03-14,642,666.5,654.5,853.5,627,628,704.5,664,690,696,1119.5,782.5,842,805,741.5,685.5,693.5,714.5,713,685.5,685,755,1347,773.5,712,705,677,684,696,650,650,698,699,652,717,677,642,645,647,658,667,664,660,658,645,656,654,656,662
2025-03-13,643.5,668,654.5,857,629,629.5,706.5,667,687.5,699.5,1119.5,782.5,886.5,805,740.5,684.5,696.5,715.5,716,685.5,693,755,1381.5,776,715.5,710.5,678.5,685.5,697.5,651.5,651.5,699.5,700.5,653.5,719,679,644,647,649,659.5,668.5,665.5,661.5,659.5,646.5,657.5,655.5,657.5,663.5
2025-03-12,644,669,667,856.5,631.5,614,707,671.5,695.5,701.5,1119.5,784.5,887,805,738,683,695.5,721.5,715.5,690.5,699,757,1237,779.5,717.5,708,679,686,698,652,652,700,701,654,721.5,681.5,646.5,649.5,651.5,660,669,666,662,660,647,658,656,658,664
2025-03-11,640.5,665,664,847,631,633.5,704.5,669,698.5,701,1139.5,784.5,886.5,805,738.5,689.5,677,719.5,716,683.5,690.5,760,1360,760.5,717.5,706,675.5,682.5,694.5,648.5,648.5,696.5,697.5,650.5,721,681,646,649,651,656.5,665.5,662.5,658.5,656.5,643.5,654.5,652.5,654.5,660.5
2025-03-10,646,678,661.5,850.5,634,639,714.5,668.5,715,700,1139.5,784.5,884,805,742,689,696,727,733,676.5,696.5,762,1359.5,760,717.5,706,681,688,700,654,654,702,703,656,724,684,649,652,654,662,671,668,664,662,649,660,658,660,666
2025-03-07,645,661.5,658,852,632.5,643.5,709.5,664,721,713.5,1139.5,784.5,883,805,740,690,710,726,735,687,705.5,765,1359,783.5,721.5,705,680,687,699,653,653,701,702,655,722.5,682.5,647.5,650.5,652.5,661,670,667,663,661,648,659,657,659,665
2025-03-06,645,664,659,857.5,639.5,646.5,719,675.5,714.5,715.5,1139.5,784.5,888,805,740,690.5,710.5,738,740,682,698,765,1361,777,721.5,699,680,687,699,653,653,701,702,655,729.5,689.5,654.5,657.5,659.5,661,670,667,663,661,648,659,657,659,665
2025-03-05,649.5,673.5,663,859,646.5,658,737.5,681.5,732,724,1101,784.5,894.5,805,739,694.5,714.5,739,739.5,683.5,698.5,770,1359,782.5,722,713.5,684.5,691.5,703.5,657.5,657.5,705.5,706.5,659.5,736.5,696.5,661.5,664.5,666.5,665.5,674.5,671.5,667.5,665.5,652.5,663.5,661.5,663.5,669.5
2025-03-04,648.5,676,670.5,851.5,647,675,752,688.5,745,726.5,1104,786.5,901,879,738,699.5,714.5,744,740.5,712.5,696.5,770,1357.5,792,722,719,683.5,690.5,702.5,656.5,656.5,704.5,705.5,658.5,737,697,662,665,667,664.5,673.5,670.5,666.5,664.5,651.5,662.5,660.5,662.5,668.5
2025-03-03,660.5,685.5,683.5,873.5,661.5,667.5,759.5,698,755.5,740,1104,786.5,903.5,879,746.5,702,727.5,755.5,750,718.5,714,772,1358.5,794,722.5,725,695.5,702.5,714.5,668.5,668.5,716.5,717.5,670.5,751.5,711.5,676.5,679.5,681.5,676.5,685.5,682.5,678.5,676.5,663.5,674.5,672.5,674.5,680.5
2025-02-28,662.5,695.5,679.5,886,665.5,674.5,770,702,758.5,749.5,1063,781.5,908,810,749,694,729.5,753,754.5,734.5,712.5,772,1360,781.5,722.5,731,697.5,704.5,716.5,670.5,670.5,718.5,719.5,672.5,755.5,715.5,680.5,683.5,685.5,678.5,687.5,684.5,680.5,678.5,665.5,676.5,674.5,676.5,682.5
2025-02-27,665.5,684,684.5,868.5,665,676.5,758,699.5,758.5,737.5,1063,781.5,908,810,748,695.5,731.5,753,750,734.5,711,772,1361.5,784,722.5,728.5,700.5,707.5,719.5,673.5,673.5,721.5,722.5,675.5,755,715,680,683,685,681.5,690.5,687.5,683.5,681.5,668.5,679.5,677.5,679.5,685.5
2025-02-26,670,691,688.5,879,673,681.5,764.5,699,752.5,738,1063,781.5,907.5,810,753.5,711.5,738.5,764,754.5,731,721,775,1359.5,800,723,735.5,705,712,724,678,678,726,727,680,763,723,688,691,693,686,695,692,688,686,673,684,682,684,690
2025-02-25,681.5,705.5,692,886.5,676,685,769.5,717,778.5,750,1063,783.5,917.5,810,765.5,712.5,751.5,768,764.5,747.5,729,775,1356.5,800.5,722.5,742.5,716.5,723.5,735.5,689.5,689.5,737.5,738.5,691.5,766,726,691,694,696,697.5,706.5,703.5,699.5,697.5,684.5,695.5,693.5,695.5,701.5
2025-02-24,685.5,705,701,891.5,677.5,680,775.5,728,783,756,1064,783.5,921.5,810,769,717,751.5,773.5,761,730.5,732,775,1358,803.5,719.5,751,720.5,727.5,739.5,693.5,693.5,741.5,742.5,695.5,767.5,727.5,692.5,695.5,697.5,701.5,710.5,707.5,703.5,701.5,688.5,699.5,697.5,699.5,705.5
2025-02-21,694.5,711,709.5,885.5,687.5,684.5,781,732.5,795.5,762,1116.5,783.5,932.5,830,770,725,763,773,767.5,733.5,740.5,775,1367.5,792,718,759.5,729.5,736.5,748.5,702.5,702.5,750.5,751.5,704.5,777.5,737.5,702.5,705.5,707.5,710.5,719.5,716.5,712.5,710.5,697.5,708.5,706.5,708.5,714.5
2025-02-20,695,721,706.5,880,686.5,683.5,785.5,738.5,778.5,773,1116.5,783.5,932.5,830,773.5,727.5,766,771.5,774,733.5,736.5,732,1207.5,802,718,755.5,730,737,749,703,703,751,752,705,776.5,736.5,701.5,704.5,706.5,711,720,717,713,711,698,709,707,709,715
2025-02-19,692,707,704.5,880,680,682,769,726,796,759,1116.5,783.5,926,830,770.5,723.5,757,765.5,764,745.5,744.5,815,1128.5,807.5,718,757,727,734,746,700,700,748,749,702,770,730,695,698,700,708,717,714,710,708,695,706,704,706,712
2025-02-18,691.5,714.5,703,880,681,682.5,776.5,729,790.5,766,1112.5,785.5,926,855,769,721.5,762,762,774.5,742.5,737.5,810,1296.5,816.5,718,753.5,726.5,733.5,745.5,699.5,699.5,747.5,748.5,701.5,771,731,696,699,701,707.5,716.5,713.5,709.5,707.5,694.5,705.5,703.5,705.5,711.5
2025-02-17,689.5,713,703.5,880,675,680.5,779.5,725.5,787.5,763.5,1112.5,785.5,925.5,855,763.5,727,759,763,764,751,733.5,805,1256,824.5,718,751,724.5,731.5,743.5,697.5,697.5,745.5,746.5,699.5,765,725,690,693,695,705.5,714.5,711.5,707.5,705.5,692.5,703.5,701.5,703.5,709.5
2025-02-14,692.5,711.5,705.5,893.5,677,683,781.5,728.5,787,765.5,1112.5,779.5,933,855,768,727,762.5,761.5,765.5,746,734.5,810,1212.5,817.5,717.5,757,727.5,734.5,746.5,700.5,700.5,748.5,749.5,702.5,767,727,692,695,697,708.5,717.5,714.5,710.5,708.5,695.5,706.5,704.5,706.5,712.5
2025-02-13,693,713,707,888.5,679,680.5,784.5,727.5,785.5,760.5,1112.5,767.5,928,855,767,731.5,749.5,767.5,760.5,736,731,805,1257.5,817,717.5,742.5,728,735,747,701,701,749,750,703,769,729,694,697,699,709,718,715,711,709,696,707,705,707,713
2025-02-12,702.5,716,716,892.5,685.5,684.5,786,737.5,786,767,1112.5,764.5,929,870,776.5,736,765.5,768.5,770,751,749.5,809,1259.5,822,717.5,753.5,737.5,744.5,756.5,710.5,710.5,758.5,759.5,712.5,775.5,735.5,700.5,703.5,705.5,718.5,727.5,724.5,720.5,718.5,705.5,716.5,714.5,716.5,722.5
2025-02-11,707,717,711.5,898.5,681,676,788,740,779.5,763.5,1112.5,765.5,937,870,776.5,738.5,769,765.5,775,744.5,742.5,800,1258,823,713.5,754.5,742,749,761,715,715,763,764,717,771,731,696,699,701,723,732,729,725,723,710,721,719,721,727
2025-02-10,698,710,710.5,893.5,675.5,674,781,732,777,754,1112.5,765.5,934,870,761,736.5,741,761,767,733,739.5,799,1257.5,817,713,744.5,733,740,752,706,706,754,755,708,765.5,725.5,690.5,693.5,695.5,714,723,720,716,714,701,712,710,712,718
2025-02-07,690.5,702.5,707.5,897.5,667.5,672,775,725.5,771.5,751,1118.5,765.5,930,870,764,733,740,755.5,755,723,725,795,1256.5,814.5,708,739.5,725.5,732.5,744.5,698.5,698.5,746.5,747.5,700.5,757.5,717.5,682.5,685.5,687.5,706.5,715.5,712.5,708.5,706.5,693.5,704.5,702.5,704.5,710.5
2025-02-06,689,698,706,898,669,673,772,721.5,773,751,1118.5,760.5,930,870,767,733.5,735,756,762.5,722,715.5,795,1256.5,821.5,708,742.5,724,731,743,697,697,745,746,699,759,719,684,687,689,705,714,711,707,705,692,703,701,703,709
2025-02-05,696.5,712.5,711,902,677,678.5,772.5,724,775.5,759,1100.5,760.5,932.5,870,775.5,752.5,743,762,761,725.5,729.5,800,1259,818.5,708.5,745,731.5,738.5,750.5,704.5,704.5,752.5,753.5,706.5,767,727,692,695,697,712.5,721.5,718.5,714.5,712.5,699.5,710.5,708.5,710.5,716.5
2025-02-04,693.5,706.5,708.5,895.5,677.5,671.5,756.5,722,766.5,761.5,1093.5,761.5,940,870,772,763.5,740.5,764,771,735.5,730.5,796,1230,787.5,706,743.5,728.5,735.5,747.5,701.5,701.5,749.5,750.5,703.5,767.5,727.5,692.5,695.5,697.5,709.5,718.5,715.5,711.5,709.5,696.5,707.5,705.5,707.5,713.5
2025-02-03,703.5,724.5,721.5,909,681.5,679.5,769,729.5,773.5,767.5,1078.5,765.5,940,870,773,760.5,761.5,759,771.5,735.5,740,795,1230,781,706,754.5,738.5,745.5,757.5,711.5,711.5,759.5,760.5,713.5,771.5,731.5,696.5,699.5,701.5,719.5,728.5,725.5,721.5,719.5,706.5,717.5,715.5,717.5,723.5
2025-01-31,699.5,722.5,725.5,898.5,675,668,774.5,726.5,772.5,772,1076.5,761.5,955.5,870,772.5,752.5,744.5,760.5,756,723,731.5,795,1322.5,799.5,707.5,739.5,734.5,741.5,753.5,707.5,707.5,755.5,756.5,709.5,765,725,690,693,695,715.5,724.5,721.5,717.5,715.5,702.5,713.5,711.5,713.5,719.5
2025-01-30,716.5,728.5,728,889.5,675.5,677,774.5,728,788.5,764,1076.5,762.5,950.5,870,769.5,754,727,753,759,740,720.5,795,1166,795.5,711.5,740,751.5,758.5,770.5,724.5,724.5,772.5,773.5,726.5,765.5,725.5,690.5,693.5,695.5,732.5,741.5,738.5,734.5,732.5,719.5,730.5,728.5,730.5,736.5
2025-01-29,715.5,728.5,725,892.5,677,671,772.5,732.5,790.5,767.5,1073.5,763.5,947,870,770.5,754,737,752.5,756,739.5,724,800,1166,796.5,711.5,744.5,750.5,757.5,769.5,723.5,723.5,771.5,772.5,725.5,767,727,692,695,697,731.5,740.5,737.5,733.5,731.5,718.5,729.5,727.5,729.5,735.5
2025-01-28,716,729.5,725.5,880.5,688,691.5,777,731,792,770.5,1073.5,765.5,945.5,870,771,754,746,763.5,760.5,738.5,725,800,1161,804.5,709.5,751,751,758,770,724,724,772,773,726,778,738,703,706,708,732,741,738,734,732,719,730,728,730,736
2025-01-27,713.5,730,725.5,877,685,690.5,779.5,740.5,799.5,781.5,1064.5,768.5,951.5,870,772.5,754.5,745.5,771,760.5,753.5,737.5,800,1322.5,804.5,705.5,750.5,748.5,755.5,767.5,721.5,721.5,769.5,770.5,723.5,775,735,700,703,705,729.5,738.5,735.5,731.5,729.5,716.5,727.5,725.5,727.5,733.5
2025-01-24,724,733.5,729,860,696,702.5,783.5,756,790,785.5,1064.5,770.5,959.5,868,772.5,751,753.5,773,772,758.5,741.5,810,1329,826.5,709,762,759,766,778,732,732,780,781,734,786,746,711,714,716,740,749,746,742,740,727,738,736,738,744
2025-01-23,724.5,743.5,731,864,700.5,710,779,758.5,788.5,785,1066.5,773.5,979.5,871,775.5,756,750,779.5,777,760.5,736,815,1343,818.5,707.5,758.5,759.5,766.5,778.5,732.5,732.5,780.5,781.5,734.5,790.5,750.5,715.5,718.5,720.5,740.5,749.5,746.5,742.5,740.5,727.5,738.5,736.5,738.5,744.5
2025-01-22,730.5,752,733.5,870.5,705.5,703,786.5,769,803.5,791,1066.5,773.5,979,871,774,757.5,765,784.5,785,774.5,763,815,1284.5,815.5,703.5,769,765.5,772.5,784.5,738.5,738.5,786.5,787.5,740.5,795.5,755.5,720.5,723.5,725.5,746.5,755.5,752.5,748.5,746.5,733.5,744.5,742.5,744.5,750.5
2025-01-21,741,757,735.5,861,709,711.5,792.5,772,811,799,1062.5,775.5,981.5,874,778,763,772.5,791.5,804.5,783.5,774,810,1299,819.5,702.5,769,776,783,795,749,749,797,798,751,799,759,724,727,729,757,766,763,759,757,744,755,753,755,761
2025-01-20,756.5,767,746,880.5,724,719.5,800,777,814,804,1062.5,782.5,991.5,876,792,764.5,793.5,792.5,808,781,779.5,810,1298.5,819,702,776.5,791.5,798.5,810.5,764.5,764.5,812.5,813.5,766.5,814,774,739,742,744,772.5,781.5,778.5,774.5,772.5,759.5,770.5,768.5,770.5,776.5
2025-01-17,752.5,771,741.5,870,719.5,714,798.5,779.5,813.5,809.5,1062.5,782.5,984,876,791,763.5,794.5,790,811,781,783.5,810,1298.5,833,698.5,786,787.5,794.5,806.5,760.5,760.5,808.5,809.5,762.5,809.5,769.5,734.5,737.5,739.5,768.5,777.5,774.5,770.5,768.5,755.5,766.5,764.5,766.5,772.5
2025-01-16,748,746,729,879.5,712,705.5,792,774.5,810,809.5,1062.5,775.5,984,876,789.5,759,799.5,795,807,781,781.5,810,1299.5,813,697.5,788,783,790,802,756,756,804,805,758,802,762,727,730,732,764,773,770,766,764,751,762,760,762,768
2025-01-15,733,749,725.5,862,706.5,696,787,765.5,791,799,1057.5,737.5,958.5,855,782,753,783.5,779,797,761.5,771,800,1297,796.5,694.5,780.5,768,775,787,741,741,789,790,743,796.5,756.5,721.5,724.5,726.5,749,758,755,751,749,736,747,745,747,753
2025-01-14,741,754.5,729.5,860,707.5,694,784,759,786.5,788,1057.5,738,953.5,830,786,755,778.5,778.5,795,748,765.5,795,1298.5,779,688.5,778.5,776,783,795,749,749,797,798,751,797.5,757.5,722.5,725.5,727.5,757,766,763,759,757,744,755,753,755,761
2025-01-13,742.5,754,725,865.5,707,697.5,773,756.5,778,784.5,1057.5,738,955,800,785.5,747,794,778,804,745.5,779.5,798,1294.5,756.5,688,780.5,777.5,784.5,796.5,750.5,750.5,798.5,799.5,752.5,797,757,722,725,727,758.5,767.5,764.5,760.5,758.5,745.5,756.5,754.5,756.5,762.5
2025-01-10,707,724.5,703.5,851,682.5,679.5,748.5,734,763,759,1057.5,734,896.5,795,762.5,720,762,748,762.5,732,744,780,1187.5,754.5,688,753,742,749,761,715,715,763,764,717,772.5,732.5,697.5,700.5,702.5,723,732,729,725,723,710,721,719,721,727
2025-01-09,700.5,715.5,703,840,673,673,738.5,711,757.5,745.5,1047.5,731,901.5,790,755,721.5,737.5,741,754,722,720.5,775,1380.5,754.5,687,734.5,735.5,742.5,754.5,708.5,708.5,756.5,757.5,710.5,763,723,688,691,693,716.5,725.5,722.5,718.5,716.5,703.5,714.5,712.5,714.5,720.5
2025-01-08,704,717.5,698.5,851.5,678,671,737.5,712,757.5,744.5,1020,729,900.5,790,755.5,718,742.5,749,764,719.5,729,780,1346.5,757,686.5,735,739,746,758,712,712,760,761,714,768,728,693,696,698,720,729,726,722,720,707,718,716,718,724
2025-01-07,698.5,715,693.5,871.5,673.5,667.5,735,718.5,765,749.5,1020,727,898,790,756,713,730,745,748.5,720,729,775,1270,749.5,686.5,733.5,733.5,740.5,752.5,706.5,706.5,754.5,755.5,708.5,763.5,723.5,688.5,691.5,693.5,714.5,723.5,720.5,716.5,714.5,701.5,712.5,710.5,712.5,718.5
2025-01-06,702,717,702.5,866,666.5,663.5,724.5,716.5,750,743,1019,726,902,795,754.5,714,742,742.5,757,720,730,780,1415,753,691.5,737.5,737,744,756,710,710,758,759,712,756.5,716.5,681.5,684.5,686.5,718,727,724,720,718,705,716,714,716,722
2025-01-03,703,712,695.5,872.5,662,657,711.5,706,734,738.5,1019,725,888,795,758,712.5,737,741.5,751.5,686,734.5,770,1379.5,758.5,691.5,737,738,745,757,711,711,759,760,713,752,712,677,680,682,719,728,725,721,719,706,717,715,717,723
2025-01-02,694.5,703.5,689,870.5,663.5,663,711,699.5,723,731.5,1018,724,880.5,795,757,707.5,734.5,738,741,686,727.5,769,1321.5,751,691.5,739.5,729.5,736.5,748.5,702.5,702.5,750.5,751.5,704.5,753.5,713.5,678.5,681.5,683.5,710.5,719.5,716.5,712.5,710.5,697.5,708.5,706.5,708.5,714.5
2024-12-30,682,693.5,679,867,654.5,657.5,703,685,713,714.5,1013,721,880.5,790,750,701.5,719.5,729.5,759.5,681,716.5,765,1319,749.5,696.5,725,717,724,736,690,690,738,739,692,744.5,704.5,669.5,672.5,674.5,698,707,704,700,698,685,696,694,696,702
2024-12-27,672,692.5,680.5,865.5,653.5,653,670,681,703,710.5,1009,723,868.5,785,749.5,703,725.5,727.5,739,681,708.5,770,1321,744,700,724,707,714,726,680,680,728,729,682,743.5,703.5,668.5,671.5,673.5,688,697,694,690,688,675,686,684,686,692
2024-12-26,669,685,685.5,849.5,653,654,705,671,720.5,705.5,1015,726,868.5,783,747,705,720.5,730,749.5,716,707,765,1320,745,701,719,704,711,723,677,677,725,726,679,743,703,668,671,673,685,694,691,687,685,672,683,681,683,689
2024-12-25,673,685,676.5,848.5,651,,705,671,722.5,705.5,1004,728,868.5,783,747,705,720.5,730,734.5,716,707,765,1320,745,697,719,708,715,727,681,681,729,730,683,741,701,666,669,671,689,698,695,691,689,676,687,685,687,693
2024-12-24,673,685,676.5,848.5,651,654,705,671,722.5,705.5,1004,728,868.5,783,747,705,720.5,730,734.5,716,707,765,1320,745,697,719,708,715,727,681,681,729,730,683,741,701,666,669,671,689,698,695,691,689,676,687,685,687,693
2024-12-23,672,683.5,681,847.5,652.5,655,706,670,722,706.5,1004,731,863.5,781,747,704.5,718.5,729,743.5,716,713,760,1315,736.5,697.5,721.5,707,714,726,680,680,728,729,682,742.5,702.5,667.5,670.5,672.5,688,697,694,690,688,675,686,684,686,692
2024-12-20,677.5,690.5,673,846.5,649,651.5,710,675,722,706.5,1004,732,870.5,780,744,703.5,713.5,730.5,744,714.5,713,765,1317,738,701.5,719.5,712.5,719.5,731.5,685.5,685.5,733.5,734.5,687.5,739,699,664,667,669,693.5,702.5,699.5,695.5,693.5,680.5,691.5,689.5,691.5,697.5
2024-12-19,679.5,693,680,855,652,652.5,708,679,724,710.5,1004,733,870.5,780,747.5,703,730.5,733.5,743,719.5,713,760,1316.5,742,702.5,724,714.5,721.5,733.5,687.5,687.5,735.5,736.5,689.5,742,702,667,670,672,695.5,704.5,701.5,697.5,695.5,682.5,693.5,691.5,693.5,699.5
2024-12-18,679,691.5,680,840,651,652,710.5,678.5,720,710.5,999,735,874.5,775,748.5,702.5,729.5,727,736.5,719.5,715.5,760,1318,741,702.5,726,714,721,733,687,687,735,736,689,741,701,666,669,671,695,704,701,697,695,682,693,691,693,699
2024-12-17,682,685,682.5,848,648.5,649,707.5,675.5,719,705,1004.5,736.5,871.5,785,746.5,711,713,727.5,739.5,717.5,713,755,1298.5,737.5,698,719.5,717,724,736,690,690,738,739,692,738.5,698.5,663.5,666.5,668.5,698,707,704,700,698,685,696,694,696,702
2024-12-16,685.5,689,681.5,845,649.5,653.5,709,679.5,717,710,994.5,740.5,876.5,780,747.5,704.5,720,723,739,718,721.5,755,1289,746.5,698,723.5,720.5,727.5,739.5,693.5,693.5,741.5,742.5,695.5,739.5,699.5,664.5,667.5,669.5,701.5,710.5,707.5,703.5,701.5,688.5,699.5,697.5,699.5,705.5
2024-12-13,680.5,682.5,680,862,648.5,649,697,672.5,712.5,708.5,994.5,743.5,874.5,780,750,699,717.5,717.5,732,723,711,755,1294.5,746.5,698,718,715.5,722.5,734.5,688.5,688.5,736.5,737.5,690.5,738.5,698.5,663.5,666.5,668.5,696.5,705.5,702.5,698.5,696.5,683.5,694.5,692.5,694.5,700.5
2024-12-12,675,680,676.5,859.5,646,648,700,667,709,699,994.5,745.5,874.5,785,748.5,692.5,725.5,712.5,734,719,711,745,1239,745,697,712.5,710,717,729,683,683,731,732,685,736,696,661,664,666,691,700,697,693,691,678,689,687,689,695
2024-12-11,664.5,671.5,673,854.5,641.5,638,696,662.5,704.5,694.5,994.5,748.5,870,774,744.5,698,713.5,712,727,714.5,706.5,742,1282,743,693.5,715,699.5,706.5,718.5,672.5,672.5,720.5,721.5,674.5,731.5,691.5,656.5,659.5,661.5,680.5,689.5,686.5,682.5,680.5,667.5,678.5,676.5,678.5,684.5
2024-12-10,658.5,672,671,856,639,640.5,700.5,661,704,693.5,1001.5,749.5,863.5,770,743,699,709.5,712,726.5,717.5,699,740,1287.5,740.5,695,708.5,693.5,700.5,712.5,666.5,666.5,714.5,715.5,668.5,729,689,654,657,659,674.5,683.5,680.5,676.5,674.5,661.5,672.5,670.5,672.5,678.5
2024-12-09,661.5,672.5,671,855,644,655.5,698.5,656.5,699.5,692,991.5,754.5,863.5,765,744.5,695,706,709.5,723.5,707.5,699,740,1269,740.5,700,713.5,696.5,703.5,715.5,669.5,669.5,717.5,718.5,671.5,734,694,659,662,664,677.5,686.5,683.5,679.5,677.5,664.5,675.5,673.5,675.5,681.5
2024-12-06,660,672.5,674,844.5,646.5,650.5,699,656,706.5,691.5,991.5,747.5,863.5,766,745.5,697.5,702.5,715,728,717.5,694,745,1263.5,740.5,700.5,723,695,702,714,668,668,716,717,670,736.5,696.5,661.5,664.5,666.5,676,685,682,678,676,663,674,672,674,680
2024-12-05,665,680,684,848.5,649.5,649,696.5,666.5,707,703,991.5,749.5,863.5,772,744,704,702.5,717,734,722.5,701.5,745,1263.5,741.5,703,715,700,707,719,673,673,721,722,675,739.5,699.5,664.5,667.5,669.5,681,690,687,683,681,668,679,677,679,685
2024-12-04,668.5,685,683.5,849.5,654,655.5,699.5,674.5,724,711,987,752.5,883.5,770,752,703,716.5,722.5,739,732,708.5,745,1265,749,702,722,703.5,710.5,722.5,676.5,676.5,724.5,725.5,678.5,744,704,669,672,674,684.5,693.5,690.5,686.5,684.5,671.5,682.5,680.5,682.5,688.5
2024-12-03,663,680.5,680.5,844.5,650,655.5,701,677,728.5,714.5,987,753,877,764,747,694,705,715,732,735,703,750,1261,753.5,702,722,698,705,717,671,671,719,720,673,740,700,665,668,670,679,688,685,681,679,666,677,675,677,683
2024-12-02,668.5,679,682.5,837.5,653,666,700.5,677.5,725.5,710,992,755,877.5,772,746,699.5,707,717.5,742.5,731.5,710.5,745,1246.5,751,702.5,721.5,703.5,710.5,722.5,676.5,676.5,724.5,725.5,678.5,743,703,668,671,673,684.5,693.5,690.5,686.5,684.5,671.5,682.5,680.5,682.5,688.5
2024-11-29,672.5,675,684,829.5,656.5,666,700.5,676.5,724.5,712,992,759,877.5,772,746,702.5,713.5,722.5,734.5,731.5,710,740,1246.5,748,706.5,725,707.5,714.5,726.5,680.5,680.5,728.5,729.5,682.5,746.5,706.5,671.5,674.5,676.5,688.5,697.5,694.5,690.5,688.5,675.5,686.5,684.5,686.5,692.5
2024-11-28,670.5,673,679,829,659,663,705,672,723.5,711.5,992,758,867.5,772,744,699.5,703.5,726.5,733.5,731.5,705,740,1254,748,707,723.5,705.5,712.5,724.5,678.5,678.5,726.5,727.5,680.5,749,709,674,677,679,686.5,695.5,692.5,688.5,686.5,673.5,684.5,682.5,684.5,690.5
2024-11-27,674,679,680.5,825.5,663.5,674.5,704.5,677,728.5,714,992,761,867.5,782,748.5,702,730.5,727.5,738,741.5,714,740,1251.5,746.5,706.5,726.5,709,716,728,682,682,730,731,684,753.5,713.5,678.5,681.5,683.5,690,699,696,692,690,677,688,686,688,694
2024-11-26,678.5,684,686,816.5,676,677,705,682,727,715.5,995.5,762.5,869.5,775,753,704,725.5,722.5,744,745,728.5,745,1255.5,744.5,703.5,731.5,713.5,720.5,732.5,686.5,686.5,734.5,735.5,688.5,766,726,691,694,696,694.5,703.5,700.5,696.5,694.5,681.5,692.5,690.5,692.5,698.5
2024-11-25,683,690.5,695,824.5,685,678,705,678,729,714.5,1001.5,765.5,877,788,754.5,711,732,732,748.5,750,730.5,745,1238,749.5,702.5,734.5,718,725,737,691,691,739,740,693,775,735,700,703,705,699,708,705,701,699,686,697,695,697,703
2024-11-22,685.5,695,692,838,677.5,673,703.5,679,728,705.5,1001.5,761.5,878.5,785,755,712.5,734.5,728,748.5,757,729,750,1230.5,756.5,700,731,720.5,727.5,739.5,693.5,693.5,741.5,742.5,695.5,767.5,727.5,692.5,695.5,697.5,701.5,710.5,707.5,703.5,701.5,688.5,699.5,697.5,699.5,705.5
2024-11-21,680,684.5,681,831.5,674,672,703,678,723.5,701.5,980.5,764.5,888.5,780,753.5,705.5,717,727,730.5,747,722,750,1248.5,747.5,700.5,723.5,715,722,734,688,688,736,737,690,764,724,689,692,694,696,705,702,698,696,683,694,692,694,700
2024-11-20,680,683.5,688,831,676,664.5,697.5,671.5,723.5,700,979.5,764.5,883.5,780,751,708.5,728,723.5,739,742.5,718,755,1240.5,758.5,700.5,723,715,722,734,688,688,736,737,690,766,726,691,694,696,696,705,702,698,696,683,694,692,694,700
2024-11-19,669.5,679.5,678.5,824,668.5,665.5,698,670,724.5,707.5,979.5,765.5,885.5,776,749.5,700,746,720.5,737,743.5,712,740,1258.5,760.5,699.5,722,704.5,711.5,723.5,677.5,677.5,725.5,726.5,679.5,758.5,718.5,683.5,686.5,688.5,685.5,694.5,691.5,687.5,685.5,672.5,683.5,681.5,683.5,689.5
2024-11-18,655,668.5,666.5,823.5,663,665,693,661,718,700,979.5,769.5,893.5,770,746,696.5,709,715,731.5,741,698,735,1263.5,750,704.5,717.5,690,697,709,663,663,711,712,665,753,713,678,681,683,671,680,677,673,671,658,669,667,669,675
2024-11-15,661.5,668.5,673,834.5,661,691,697,666.5,721,697.5,967.5,773.5,878,777,746,696.5,710.5,714.5,730.5,739,696.5,740,1220.5,755,706.5,708,696.5,703.5,715.5,669.5,669.5,717.5,718.5,671.5,751,711,676,679,681,677.5,686.5,683.5,679.5,677.5,664.5,675.5,673.5,675.5,681.5
2024-11-14,665.5,671,670.5,837,663,663,697.5,666,720,705,967.5,775.5,878,770,743.5,691,717.5,713.5,734.5,734,700,745,1183,757,710,715,700.5,707.5,719.5,673.5,673.5,721.5,722.5,675.5,753,713,678,681,683,681.5,690.5,687.5,683.5,681.5,668.5,679.5,677.5,679.5,685.5
2024-11-13,666.5,674,671.5,834.5,662.5,684,699.5,656.5,717,701,967.5,777.5,880.5,775,742,691.5,716.5,718,737,734,709,750,1165,755.5,715.5,713,701.5,708.5,720.5,674.5,674.5,722.5,723.5,676.5,752.5,712.5,677.5,680.5,682.5,682.5,691.5,688.5,684.5,682.5,669.5,680.5,678.5,680.5,686.5
2024-11-12,663,676,676.5,828.5,663,676,700.5,658.5,712.5,710.5,967.5,775.5,886.5,780,746.5,696.5,710.5,716.5,737,735,697.5,750,1138,755,717.5,706,698,705,717,671,671,719,720,673,753,713,678,681,683,679,688,685,681,679,666,677,675,677,683
2024-11-11,681,681.5,683,832.5,669,686,700,658.5,716,715,972.5,779.5,882,795,753.5,703,713,729,734.5,733.5,703,740,1089,758.5,717.5,713.5,716,723,735,689,689,737,738,691,759,719,684,687,689,697,706,703,699,697,684,695,693,695,701
2024-11-08,685.5,685.5,686,845,676.5,690.5,713.5,671,722.5,731.5,977.5,780.5,912.5,795,758,704,721,737.5,740.5,753.5,704.5,745,1087.5,762,717.5,721,720.5,727.5,739.5,693.5,693.5,741.5,742.5,695.5,766.5,726.5,691.5,694.5,696.5,701.5,710.5,707.5,703.5,701.5,688.5,699.5,697.5,699.5,705.5
2024-11-07,688,681.5,688.5,848.5,677,686.5,711.5,676.5,722.5,731.5,977.5,781.5,925,715,758.5,699.5,722,729.5,736.5,755.5,703,745,1109.5,765,717.5,712.5,723,730,742,696,696,744,745,698,767,727,692,695,697,704,713,710,706,704,691,702,700,702,708
2024-11-06,689,685.5,690,856,678,689,707.5,684.5,719.5,729.5,977.5,782.5,922,705,764,705.5,724.5,724.5,737.5,753.5,706,748,1070.5,760.5,713.5,726.5,724,731,743,697,697,745,746,699,768,728,693,696,698,705,714,711,707,705,692,703,701,703,709
2024-11-05,690.5,691,690,854,685.5,684,702.5,676.5,723.5,730,987.5,784.5,931,690,765,699.5,730,727.5,742.5,755.5,714.5,760,1105,777.5,711.5,728.5,725.5,732.5,744.5,698.5,698.5,746.5,747.5,700.5,775.5,735.5,700.5,703.5,705.5,706.5,715.5,712.5,708.5,706.5,693.5,704.5,702.5,704.5,710.5
2024-11-04,687,692,685.5,849.5,683,666.5,699,668.5,714.5,724.5,977.5,790.5,928,680,770.5,701,723.5,719,739.5,751,713,735,1111.5,777.5,712.5,721.5,722,729,741,695,695,743,744,697,773,733,698,701,703,703,712,709,705,703,690,701,699,701,707
2024-11-01,672.5,687,669.5,854.5,669.5,671.5,697,659,710.5,723,977.5,792.5,908.5,685,758.5,692.5,727,713.5,729.5,756.5,707,730,1127.5,790,721,721,707.5,714.5,726.5,680.5,680.5,728.5,729.5,682.5,759.5,719.5,684.5,687.5,689.5,688.5,697.5,694.5,690.5,688.5,675.5,686.5,684.5,686.5,692.5
2024-10-31,652.5,675,662,838.5,661.5,662,690,650,704,711,977.5,791.5,908.5,675,752.5,690.5,690.5,709,724,746.5,692.5,725,1114,786.5,721,711,687.5,694.5,706.5,660.5,660.5,708.5,709.5,662.5,751.5,711.5,676.5,679.5,681.5,668.5,677.5,674.5,670.5,668.5,655.5,666.5,664.5,666.5,672.5
2024-10-30,654.5,661,663.5,830.5,651.5,651.5,684.5,648.5,708.5,697,977.5,800.5,908.5,760,753,681.5,690.5,705.5,717,731.5,673,722,1008.5,774,724.5,687.5,689.5,696.5,708.5,662.5,662.5,710.5,711.5,664.5,741.5,701.5,666.5,669.5,671.5,670.5,679.5,676.5,672.5,670.5,657.5,668.5,666.5,668.5,674.5
2024-10-29,645.5,656,646.5,832,651,655,671,647.5,707.5,687,978.5,800.5,903,765,749.5,682,686.5,709,719.5,723.5,671,725,999.5,770,726.5,700,680.5,687.5,699.5,653.5,653.5,701.5,702.5,655.5,741,701,666,669,671,661.5,670.5,667.5,663.5,661.5,648.5,659.5,657.5,659.5,665.5
2024-10-28,653,654,650,837,657,664,682,656,717,699.5,995.5,805.5,903,785,749,689.5,685.5,712.5,717,743.5,678.5,729,1002,771,723.5,731.5,688,695,707,661,661,709,710,663,747,707,672,675,677,669,678,675,671,669,656,667,665,667,673
2024-10-25,656,682.5,669.5,853,671.5,663.5,679.5,668,717,709.5,995.5,819.5,912.5,775,763,707.5,715,718,732,743.5,697.5,740,1006,785,726,731.5,691,698,710,664,664,712,713,666,761.5,721.5,686.5,689.5,691.5,672,681,678,674,672,659,670,668,670,676
2024-10-24,659,686,670,853,665.5,661.5,692.5,663,719,708.5,978.5,822.5,922.5,775,769.5,709.5,722.5,724,731,745.5,703.5,745,1000,790.5,719.5,734,694,701,713,667,667,715,716,669,755.5,715.5,680.5,683.5,685.5,675,684,681,677,675,662,673,671,673,679
2024-10-23,662.5,677,661.5,847,661.5,661.5,683.5,664,720.5,710.5,967.5,825.5,918.5,774,763.5,703,711,725,733,748,693,748,1005,787,719.5,724.5,697.5,704.5,716.5,670.5,670.5,718.5,719.5,672.5,751.5,711.5,676.5,679.5,681.5,678.5,687.5,684.5,680.5,678.5,665.5,676.5,674.5,676.5,682.5
2024-10-22,655.5,668,655,848.5,665,663,686.5,662.5,717,702.5,962.5,828,927,784,757.5,695,714.5,727.5,728,746,681.5,950,1012,780,719.5,729,690.5,697.5,709.5,663.5,663.5,711.5,712.5,665.5,755,715,680,683,685,671.5,680.5,677.5,673.5,671.5,658.5,669.5,667.5,669.5,675.5
2024-10-21,656.5,668.5,652.5,851,647,658.5,681,655,713.5,702.5,957.5,825,910.5,779,755.5,696,705.5,727.5,729.5,739,683,765,1035.5,779.5,727,722,691.5,698.5,710.5,664.5,664.5,712.5,713.5,666.5,737,697,662,665,667,672.5,681.5,678.5,674.5,672.5,659.5,670.5,668.5,670.5,676.5
2024-10-18,658,668,657,850.5,648,669.5,685.5,653,714,707,962.5,829,918,784,760,698.5,711,733,732.5,746.5,688.5,760,1013,760,721.5,720,693,700,712,666,666,714,715,668,738,698,663,666,668,674,683,680,676,674,661,672,670,672,678
2024-10-17,651.5,665.5,658,846,650.5,672.5,695.5,658.5,718,714,962.5,822,918,779,760.5,699.5,711.5,731,736.5,743.5,690.5,760,1026,762.5,721.5,720,686.5,693.5,705.5,659.5,659.5,707.5,708.5,661.5,740.5,700.5,665.5,668.5,670.5,667.5,676.5,673.5,669.5,667.5,654.5,665.5,663.5,665.5,671.5
2024-10-16,653.5,668.5,657.5,845.5,647.5,680,702,666.5,731,720.5,962.5,799,917.5,779,758.5,699,722.5,741.5,732.5,741,690,750,986.5,761.5,729.5,722,688.5,695.5,707.5,661.5,661.5,709.5,710.5,663.5,737.5,697.5,662.5,665.5,667.5,669.5,678.5,675.5,671.5,669.5,656.5,667.5,665.5,667.5,673.5
2024-10-15,663.5,680,673,843,659,683,708.5,676,751.5,733,967.5,825.5,918,799,762.5,709.5,716,743.5,735.5,754.5,696,760,993.5,756,728.5,728.5,698.5,705.5,717.5,671.5,671.5,719.5,720.5,673.5,749,709,674,677,679,679.5,688.5,685.5,681.5,679.5,666.5,677.5,675.5,677.5,683.5
2024-10-14,689,694.5,686.5,848.5,683.5,690,729,701.5,769,754,975,835.5,943.5,814,769,713,740.5,756,767,777.5,729.5,765,949.5,768.5,727.5,748,724,731,743,697,697,745,746,699,773.5,733.5,698.5,701.5,703.5,705,714,711,707,705,692,703,701,703,709
2024-10-11,696,696.5,690,885.5,685,682,727,704,765.5,754.5,975,838.5,943.5,804,775.5,711.5,747.5,754,770,776.5,739.5,770,916.5,777.5,727.5,752,731,738,750,704,704,752,753,706,775,735,700,703,705,712,721,718,714,712,699,710,708,710,716
2024-10-10,688,692.5,682,876.5,684.5,692,708.5,684.5,742.5,743,970,824.5,936.5,794,772.5,711.5,736,750.5,757,765.5,723.5,765,1009,765.5,727.5,740,723,730,742,696,696,744,745,698,774.5,734.5,699.5,702.5,704.5,704,713,710,706,704,691,702,700,702,708
2024-10-09,691.5,705.5,686.5,863.5,683,684.5,705.5,677.5,738,742,970,829.5,928.5,785.5,779,715,742,752,755.5,754.5,731.5,771,959,771,726.5,737.5,726.5,733.5,745.5,699.5,699.5,747.5,748.5,701.5,773,733,698,701,703,707.5,716.5,713.5,709.5,707.5,694.5,705.5,703.5,705.5,711.5
2024-10-08,695,707,696,868.5,691.5,691,707.5,687.5,752,753,960,833.5,936.5,795,787,715.5,739,762,763.5,769.5,739,781,939.5,782,713,749,730,737,749,703,703,751,752,705,781.5,741.5,706.5,709.5,711.5,711,720,717,713,711,698,709,707,709,715
2024-10-07,690,701,677,867.5,678.5,664.5,706,687.5,748.5,756.5,950,825.5,936.5,795,782.5,704,745,748.5,755,773,741.5,770,943.5,793,710.5,751,725,732,744,698,698,746,747,700,768.5,728.5,693.5,696.5,698.5,706,715,712,708,706,693,704,702,704,710
2024-10-04,676,684.5,671,867.5,665.5,663,687,685.5,740,739.5,950,832.5,942,795,783,694.5,740.5,737,753.5,747.5,742.5,765,939,791,710.5,737,711,718,730,684,684,732,733,686,755.5,715.5,680.5,683.5,685.5,692,701,698,694,692,679,690,688,690,696
2024-10-03,666,684.5,660.5,883,647.5,650,675,660.5,721.5,716,950,810.5,929,786.5,773,682.5,708.5,714.5,733,735.5,706.5,745,930,789,706.5,726,701,708,720,674,674,722,723,676,737.5,697.5,662.5,665.5,667.5,682,691,688,684,682,669,680,678,680,686
2024-10-02,656,670,656,876.5,635.5,627,673,661.5,719.5,705.5,950,812.5,919,771,771,682.5,723.5,720.5,729.5,735.5,716,750,939,780,705.5,709.5,691,698,710,664,664,712,713,666,725.5,685.5,650.5,653.5,655.5,672,681,678,674,672,659,670,668,670,676
2024-10-01,632.5,641,649.5,845.5,625,618,668,649,712.5,698.5,1000,803,897.5,757,747.5,677,695,714.5,715.5,733.5,678.5,735,927.5,786.5,706,692,667.5,674.5,686.5,640.5,640.5,688.5,689.5,642.5,715,675,640,643,645,648.5,657.5,654.5,650.5,648.5,635.5,646.5,644.5,646.5,652.5
2024-09-30,642,654,645,850.5,624.5,623,671,644,712,694.5,1002.5,809,901,761.5,759,675.5,696.5,713.5,715.5,721,692,745,934,776,705,694,677,684,696,650,650,698,699,652,714.5,674.5,639.5,642.5,644.5,658,667,664,660,658,645,656,654,656,662
2024-09-27,633,643,638.5,852.5,619.5,632,678,636.5,711.5,687.5,1002.5,801,898.5,758.5,763.5,676,695.5,712,711,715,686,740,925,777.5,705,692.5,668,675,687,641,641,689,690,643,709.5,669.5,634.5,637.5,639.5,649,658,655,651,649,636,647,645,647,653
2024-09-26,633,660,643,849,628.5,632,676,638.5,715.5,696,1002.5,809,908.5,771.5,768.5,688.5,678.5,713.5,712,710.5,681,745,920.5,768,706,697.5,668,675,687,641,641,689,690,643,718.5,678.5,643.5,646.5,648.5,649,658,655,651,649,636,647,645,647,653
2024-09-25,644,663,648,865,637.5,638.5,694.5,650.5,717.5,700.5,1002.5,819,914.5,775,785.5,685,712,707.5,727.5,731,695.5,740,908.5,776,693.5,707.5,679,686,698,652,652,700,701,654,727.5,687.5,652.5,655.5,657.5,660,669,666,662,660,647,658,656,658,664
2024-09-24,637,656.5,644,876,636.5,635,707,653,710.5,700.5,1017.5,820,924.5,770,789,687.5,713.5,714,724,725,698.5,735,909.5,799,701,699.5,672,679,691,645,645,693,694,647,726.5,686.5,651.5,654.5,656.5,653,662,659,655,653,640,651,649,651,657
2024-09-23,633.5,652.5,645.5,883.5,632.5,626.5,700,650,715,699.5,1017.5,825,917,758.5,781.5,687,702.5,703.5,715,727,693,725,925,791.5,706.5,708.5,668.5,675.5,687.5,641.5,641.5,689.5,690.5,643.5,722.5,682.5,647.5,650.5,652.5,649.5,658.5,655.5,651.5,649.5,636.5,647.5,645.5,647.5,653.5
2024-09-20,632,661.5,637,881,630,624,703,654.5,720.5,700,1017.5,818,915,766.5,782.5,690.5,704.5,701,712.5,728.5,693.5,720,915.5,804.5,706.5,701.5,667,674,686,640,640,688,689,642,720,680,645,648,650,648,657,654,650,648,635,646,644,646,652
2024-09-19,630,640,638,878.5,624.5,620,698,651.5,707,697.5,1017.5,810,915,690.5,779,680,707,700,708.5,724.5,694,715,907.5,794.5,706.5,694.5,665,672,684,638,638,686,687,640,714.5,674.5,639.5,642.5,644.5,646,655,652,648,646,633,644,642,644,650
2024-09-18,623,629.5,632.5,875,613.5,612.5,700.5,648.5,706,689,1017.5,810,915,700.5,776.5,675,690,707,696.5,721.5,682,715,922,783.5,702.5,677.5,658,665,677,631,631,679,680,633,703.5,663.5,628.5,631.5,633.5,639,648,645,641,639,626,637,635,637,643
2024-09-17,621.5,628.5,628,873.5,611,605.5,700.5,642,699,679,1017.5,815,914.5,690,774.5,677.5,691,698,696,717.5,673.5,715,909,803.5,709.5,670.5,656.5,663.5,675.5,629.5,629.5,677.5,678.5,631.5,701,661,626,629,631,637.5,646.5,643.5,639.5,637.5,624.5,635.5,633.5,635.5,641.5
2024-09-16,624,640,630,877,613,610.5,701,631.5,709,684,1036,813,899,694,774,680,677,697,700.5,711,678,745,907.5,811,707.5,674.5,659,666,678,632,632,680,681,634,703,663,628,631,633,640,649,646,642,640,627,638,636,638,644
2024-09-13,624.5,647,631.5,877,614.5,614.5,704.5,634.5,718.5,688,1036,816,906.5,692.5,774.5,680.5,683,703,705,718,678.5,750,907.5,809.5,706.5,683,659.5,666.5,678.5,632.5,632.5,680.5,681.5,634.5,704.5,664.5,629.5,632.5,634.5,640.5,649.5,646.5,642.5,640.5,627.5,638.5,636.5,638.5,644.5
2024-09-12,622,627,627.5,873.5,612.5,611,699.5,638.5,716,689,1026,812,914,681.5,776,681,685,696,703.5,718,673.5,745,905,810.5,706.5,683.5,657,664,676,630,630,678,679,632,702.5,662.5,627.5,630.5,632.5,638,647,644,640,638,625,636,634,636,642
2024-09-11,616.5,627,631,869,609.5,608.5,694,643.5,722.5,686,1024,805,913.5,689,773,680,679,714.5,697.5,714.5,670.5,755,896,814,706,687.5,651.5,658.5,670.5,624.5,624.5,672.5,673.5,626.5,699.5,659.5,624.5,627.5,629.5,632.5,641.5,638.5,634.5,632.5,619.5,630.5,628.5,630.5,636.5
2024-09-10,629,644,643.5,871,616.5,615.5,696,652.5,717.5,687.5,1024,821,927.5,688,775,697,693.5,706.5,710.5,723.5,688,750,907,810.5,706,695,664,671,683,637,637,685,686,639,706.5,666.5,631.5,634.5,636.5,645,654,651,647,645,632,643,641,643,649
2024-09-09,629.5,648.5,651.5,866.5,620,623.5,700.5,658,722,694.5,1024,810,933.5,689.5,780,702.5,717.5,701.5,720,731.5,701.5,760,907,822,706.5,693,664.5,671.5,683.5,637.5,637.5,685.5,686.5,639.5,710,670,635,638,640,645.5,654.5,651.5,647.5,645.5,632.5,643.5,641.5,643.5,649.5
2024-09-06,643.5,661.5,664,862.5,636.5,626.5,705,665,728,708.5,1024,808,946.5,713.5,778.5,709.5,702,723.5,724.5,735.5,699,765,927,820,702,711,678.5,685.5,697.5,651.5,651.5,699.5,700.5,653.5,726.5,686.5,651.5,654.5,656.5,659.5,668.5,665.5,661.5,659.5,646.5,657.5,655.5,657.5,663.5
2024-09-05,645.5,658.5,658,862.5,642.5,638.5,705,665.5,719,713,1036,803,946.5,719.5,780.5,717.5,713,720.5,735.5,737.5,702,775,922.5,820,702,715.5,680.5,687.5,699.5,653.5,653.5,701.5,702.5,655.5,732.5,692.5,657.5,660.5,662.5,661.5,670.5,667.5,663.5,661.5,648.5,659.5,657.5,659.5,665.5
2024-09-04,646,668.5,667.5,866.5,646.5,654,706.5,669,730.5,717,1036,805,945.5,719.5,787,728.5,712,735,741.5,738.5,706.5,770,954.5,821,708.5,713,681,688,700,654,654,702,703,656,736.5,696.5,661.5,664.5,666.5,662,671,668,664,662,649,660,658,660,666
2024-09-03,665,687.5,678,894.5,659,662,738.5,692,746,742,1036,819.5,977.5,755.5,785,734.5,736,741,750.5,772.5,740.5,775,981,829,713.5,733,700,707,719,673,673,721,722,675,749,709,674,677,679,681,690,687,683,681,668,679,677,679,685
2024-09-02,670.5,688,685.5,898,657,654,739.5,691.5,745,741.5,1036,814.5,977.5,755.5,784.5,733,737,741.5,760.5,772.5,731.5,780,989,830.5,713.5,737,705.5,712.5,724.5,678.5,678.5,726.5,727.5,680.5,747,707,672,675,677,686.5,695.5,692.5,688.5,686.5,673.5,684.5,682.5,684.5,690.5
2024-08-30,675.5,696.5,685,906,669,668.5,737,694.5,748.5,743,1036,822.5,977.5,755.5,796.5,737.5,744.5,751.5,761,775.5,742.5,790,998,820,699,747.5,710.5,717.5,729.5,683.5,683.5,731.5,732.5,685.5,759,719,684,687,689,691.5,700.5,697.5,693.5,691.5,678.5,689.5,687.5,689.5,695.5
2024-08-29,666,688.5,683,891,665.5,666,732.5,688.5,745,737.5,1036,815.5,977.5,757,796,735.5,732.5,753.5,760.5,765.5,727.5,785,1008.5,823.5,731.5,741,701,708,720,674,674,722,723,676,755.5,715.5,680.5,683.5,685.5,682,691,688,684,682,669,680,678,680,686
2024-08-28,676.5,693,693.5,883,675,677,738,691,742,734.5,1036,816,974,757.5,795.5,741.5,738.5,756,772,762.5,742.5,785,1015.5,830,709.5,747.5,711.5,718.5,730.5,684.5,684.5,732.5,733.5,686.5,765,725,690,693,695,692.5,701.5,698.5,694.5,692.5,679.5,690.5,688.5,690.5,696.5
2024-08-27,694,717.5,700.5,882,678.5,677,745,704,753,741,1046,827,992,764,808.5,745.5,752,764.5,775.5,771.5,755.5,780,1015,823.5,709.5,755,729,736,748,702,702,750,751,704,768.5,728.5,693.5,696.5,698.5,710,719,716,712,710,697,708,706,708,714
2024-08-26,688,712,698.5,871.5,661.5,665,743.5,703,731,741.5,1046,820,994,774.5,800.5,738.5,752,753.5,768,764.5,752.5,783,999,816,709.5,752.5,723,730,742,696,696,744,745,698,751.5,711.5,676.5,679.5,681.5,704,713,710,706,704,691,702,700,702,708
2024-08-23,674,699,688.5,870,653,647,733,686.5,718.5,731.5,1039.5,825,974.5,769.5,791,735.5,741.5,756,757.5,750.5,734,775,1005,821,709.5,746,709,716,728,682,682,730,731,684,743,703,668,671,673,690,699,696,692,690,677,688,686,688,694
2024-08-22,670,695,684.5,867,654.5,652,732.5,682.5,715.5,724.5,1032.5,822,964.5,739.5,781.5,737.5,727.5,753.5,762,750.5,724,780,1009,820,710,736.5,705,712,724,678,678,726,727,680,744.5,704.5,669.5,672.5,674.5,686,695,692,688,686,673,684,682,684,690
2024-08-21,675,697.5,686.5,877,654.5,655.5,733.5,691,718.5,731.5,1034.5,823,963,761.5,784.5,743,744.5,759.5,760.5,749,726.5,783,987.5,824.5,710,735,710,717,729,683,683,731,732,685,744.5,704.5,669.5,672.5,674.5,691,700,697,693,691,678,689,687,689,695
2024-08-20,677,699,692.5,881,665,666,736,699,722,733.5,1042.5,813,979,758.5,783,751,728,767.5,774.5,750,718,785,999.5,832.5,715.5,732,712,719,731,685,685,733,734,687,755,715,680,683,685,693,702,699,695,693,680,691,689,691,697
2024-08-19,690.5,708,701.5,869,681,682.5,755,709,735,746,1052.5,814,982,762,790,748,751,777,779.5,752.5,744.5,790,1017.5,825,715.5,764,725.5,732.5,744.5,698.5,698.5,746.5,747.5,700.5,771,731,696,699,701,706.5,715.5,712.5,708.5,706.5,693.5,704.5,702.5,704.5,710.5
2024-08-16,703,718.5,710.5,875.5,685,690.5,760,714,744,754.5,1053.5,810,982,762.5,799.5,763,769,784,796,761.5,762,795,1002.5,855,709,774,738,745,757,711,711,759,760,713,775,735,700,703,705,719,728,725,721,719,706,717,715,717,723
2024-08-15,705,730.5,715.5,883.5,686.5,688,754.5,712.5,742,754,1053.5,802,988,770.5,806,758,780.5,796,799.5,757.5,765,795,1023.5,852.5,709,774.5,740,747,759,713,713,761,762,715,776.5,736.5,701.5,704.5,706.5,721,730,727,723,721,708,719,717,719,725
2024-08-14,709,727.5,721.5,886,693.5,688.5,756.5,712.5,744.5,752.5,1053.5,802,987,768.5,807.5,770.5,774.5,781,800,759,764,800,1020.5,856,709,770,744,751,763,717,717,765,766,719,783.5,743.5,708.5,711.5,713.5,725,734,731,727,725,712,723,721,723,729
2024-08-13,714,730.5,719,875,697.5,690.5,754.5,716.5,744.5,751.5,1047.5,801,997.5,766,813.5,760,778,781.5,798,755.5,765.5,799,1019,840,709,767,749,756,768,722,722,770,771,724,787.5,747.5,712.5,715.5,717.5,730,739,736,732,730,717,728,726,728,734
2024-08-12,705.5,721,709,904.5,686.5,702.5,751,708.5,761.5,744.5,1052.5,789,996.5,760.5,804.5,750.5,767,776.5,789.5,745.5,753,794,1002.5,868.5,709,754.5,740.5,747.5,759.5,713.5,713.5,761.5,762.5,715.5,776.5,736.5,701.5,704.5,706.5,721.5,730.5,727.5,723.5,721.5,708.5,719.5,717.5,719.5,725.5
2024-08-09,691,719,704,902,688.5,701.5,747.5,701.5,781,741,1061.5,792,993,764.5,802.5,758,757.5,780,788.5,719,750.5,789,1008,849,709,752.5,726,733,745,699,699,747,748,701,778.5,738.5,703.5,706.5,708.5,707,716,713,709,707,694,705,703,705,711
2024-08-08,690,710.5,704.5,897,681,690.5,750,698.5,791.5,736.5,1061.5,781,993,764.5,798,742.5,768,777.5,788,749,756.5,785,1000,840,708.5,752,725,732,744,698,698,746,747,700,771,731,696,699,701,706,715,712,708,706,693,704,702,704,710
2024-08-07,682.5,701,698,886,679,685,753,692.5,795.5,734,1061.5,775,990,786.5,795,739,755,774.5,780,744.5,747.5,790,1006.5,850.5,708.5,759.5,717.5,724.5,736.5,690.5,690.5,738.5,739.5,692.5,769,729,694,697,699,698.5,707.5,704.5,700.5,698.5,685.5,696.5,694.5,696.5,702.5
2024-08-06,680,706,691.5,891,678,691,745,698.5,795,742.5,1052.5,773.5,983,785.5,799,753.5,745,767.5,783.5,738.5,736.5,808,1002.5,845,708,764.5,715,722,734,688,688,736,737,690,768,728,693,696,698,696,705,702,698,696,683,694,692,694,700
2024-08-05,690,719.5,706,898.5,688.5,713.5,765.5,701,789,747.5,1054.5,773.5,979.5,783.5,803,754.5,749,783,788.5,745.5,738,815,1019,853,712.5,768.5,725,732,744,698,698,746,747,700,778.5,738.5,703.5,706.5,708.5,706,715,712,708,706,693,704,702,704,710
2024-08-02,718,732,722,909.5,710,718,777.5,718.5,804,758.5,1054.5,779,1002,789.5,832.5,776.5,770.5,801,800,788.5,760.5,819,1014.5,863,712.5,794.5,753,760,772,726,726,774,775,728,800,760,725,728,730,734,743,740,736,734,721,732,730,732,738
2024-08-01,726,734.5,728.5,917,716,717,781.5,733.5,811.5,771.5,1046.5,804.5,1012.5,798.5,834.5,771.5,779,797,810.5,793.5,772,819,1012.5,859.5,711.5,798,761,768,780,734,734,782,783,736,806,766,731,734,736,742,751,748,744,742,729,740,738,740,746
2024-07-31,716.5,732,722.5,906.5,708,700.5,770,725.5,800,763,1067.5,777.5,997.5,789,828.5,767.5,762,802.5,791,774.5,761,815,1023.5,851,704.5,786.5,751.5,758.5,770.5,724.5,724.5,772.5,773.5,726.5,798,758,723,726,728,732.5,741.5,738.5,734.5,732.5,719.5,730.5,728.5,730.5,736.5
2024-07-30,717,730.5,718.5,909,710.5,709,773.5,719.5,792,758,1067.5,781.5,986,779.5,826,774,760.5,802.5,781,766.5,760.5,815,1026.5,836,717.5,782,752,759,771,725,725,773,774,727,800.5,760.5,725.5,728.5,730.5,733,742,739,735,733,720,731,729,731,737
2024-07-29,723,731.5,726,899.5,716,717,784,741,833.5,778,1070.5,866.5,993.5,794.5,829.5,776.5,778.5,801.5,791.5,784.5,768.5,820,1027.5,837.5,713.5,795.5,758,765,777,731,731,779,780,733,806,766,731,734,736,739,748,745,741,739,726,737,735,737,743
2024-07-26,730,740.5,727.5,902,718.5,717,792,750.5,842.5,787.5,1077.5,877.5,1011,784.5,829,783.5,787.5,808.5,793.5,797.5,773,822,1028,843.5,718,804,765,772,784,738,738,786,787,740,808.5,768.5,733.5,736.5,738.5,746,755,752,748,746,733,744,742,744,750
2024-07-25,723,737.5,724,899.5,720.5,726,793,748,841,790.5,1077.5,871.5,999,782,827,776,794.5,798,799,797.5,765.5,819,1013.5,844.5,718,803,758,765,777,731,731,779,780,733,810.5,770.5,735.5,738.5,740.5,739,748,745,741,739,726,737,735,737,743
2024-07-24,721,739,728.5,894.5,720.5,716.5,788.5,752.5,837,791,1057.5,870.5,1000.5,784,831.5,788,777.5,783.5,795.5,793.5,768,820,1016,865,718,812,756,763,775,729,729,777,778,731,810.5,770.5,735.5,738.5,740.5,737,746,743,739,737,724,735,733,735,741
2024-07-23,728,743.5,726,892,724.5,721,788.5,754.5,847.5,791,1080.5,877,1004,783,840,786,786,796.5,797.5,798,775.5,830,1007.5,833.5,721,795,763,770,782,736,736,784,785,738,814.5,774.5,739.5,742.5,744.5,744,753,750,746,744,731,742,740,742,748
2024-07-22,732.5,744.5,731,899,727,728.5,791.5,752.5,806.5,794,1025.5,895,1006,786.5,839,782.5,782,801,808.5,812,776,835,1022.5,837.5,720.5,803,767.5,774.5,786.5,740.5,740.5,788.5,789.5,742.5,817,777,742,745,747,748.5,757.5,754.5,750.5,748.5,735.5,746.5,744.5,746.5,752.5
2024-07-19,742,760,740,912,737.5,735.5,797,760.5,835.5,803,1030,895,1023.5,802.5,849,784.5,805,812,821.5,815,788,840,1046.5,842,728.5,826,777,784,796,750,750,798,799,752,827.5,787.5,752.5,755.5,757.5,758,767,764,760,758,745,756,754,756,762
2024-07-18,743.5,760,740.5,911,733,731,796.5,760.5,818.5,805,1030,898,1018.5,808.5,846.5,798,820,817,819.5,817,793,836,1054,834,722.5,810.5,778.5,785.5,797.5,751.5,751.5,799.5,800.5,753.5,823,783,748,751,753,759.5,768.5,765.5,761.5,759.5,746.5,757.5,755.5,757.5,763.5
2024-07-17,734.5,750,739.5,901.5,731.5,729.5,798,766,819.5,797.5,1025,888,1012,812.5,843,785,797,813,821,821.5,784,834,1056.5,845,723.5,804,769.5,776.5,788.5,742.5,742.5,790.5,791.5,744.5,821.5,781.5,746.5,749.5,751.5,750.5,759.5,756.5,752.5,750.5,737.5,748.5,746.5,748.5,754.5
2024-07-16,743,760,742.5,910,740,732,799.5,772,831,811.5,1009,894.5,1010,814,843.5,797,802.5,830.5,826.5,826.5,797,836,1059.5,841,719.5,807,778,785,797,751,751,799,800,753,830,790,755,758,760,759,768,765,761,759,746,757,755,757,763
2024-07-15,746.5,757,747.5,923.5,750,745,802,784,836.5,816,1009,815.5,1024.5,818.5,844,790.5,822.5,808.5,831,834.5,801.5,843,1050.5,835.5,719.5,813.5,781.5,788.5,800.5,754.5,754.5,802.5,803.5,756.5,840,800,765,768,770,762.5,771.5,768.5,764.5,762.5,749.5,760.5,758.5,760.5,766.5
2024-07-12,751.5,759.5,751,916.5,758.5,752,796.5,792,863.5,828,1009,812.5,1023.5,810.5,845.5,792.5,825,810,823.5,840,797,840,1009,845,723,824.5,786.5,793.5,805.5,759.5,759.5,807.5,808.5,761.5,848.5,808.5,773.5,776.5,778.5,767.5,776.5,773.5,769.5,767.5,754.5,765.5,763.5,765.5,771.5
2024-07-11,750,760,755,927,748.5,741.5,800.5,791.5,858.5,828.5,1009,898.5,1018.5,810.5,849.5,786.5,828,807,839,838,818.5,845,1052,860.5,723,826.5,785,792,804,758,758,806,807,760,838.5,798.5,763.5,766.5,768.5,766,775,772,768,766,753,764,762,764,770
2024-07-10,750.5,763,748.5,906.5,748,746,796,797,867,826.5,1008,894.5,1019,802.5,853.5,794.5,817,820.5,840,841.5,818.5,843,1053,851.5,713.5,818.5,785.5,792.5,804.5,758.5,758.5,806.5,807.5,760.5,838,798,763,766,768,766.5,775.5,772.5,768.5,766.5,753.5,764.5,762.5,764.5,770.5
2024-07-09,758.5,769,750.5,903,762.5,756.5,802,801.5,864.5,836,1008,899,1022,823.5,853,808,839.5,830,841,844.5,822.5,870,1056.5,859.5,704.5,824,793.5,800.5,812.5,766.5,766.5,814.5,815.5,768.5,852.5,812.5,777.5,780.5,782.5,774.5,783.5,780.5,776.5,774.5,761.5,772.5,770.5,772.5,778.5
2024-07-08,765,772.5,763,911.5,770,773,805.5,805,878.5,837.5,1008,907,1037.5,829.5,856.5,801.5,833.5,831,845.5,817,824.5,880,1074.5,876,707,835.5,800,807,819,773,773,821,822,775,860,820,785,788,790,781,790,787,783,781,768,779,777,779,785
2024-07-05,771.5,781,766.5,907,772.5,764.5,807.5,815,886.5,845,1004,913,1042.5,841.5,861,824,851.5,821.5,846,820,835.5,890,1082,877.5,707,848.5,806.5,813.5,825.5,779.5,779.5,827.5,828.5,781.5,862.5,822.5,787.5,790.5,792.5,787.5,796.5,793.5,789.5,787.5,774.5,785.5,783.5,785.5,791.5
2024-07-04,762,782.5,761.5,918,768,769,807.5,795,864.5,844,1004,909,1042.5,838,858,813.5,837.5,824,847,820,823.5,883,1099,875,731,852,797,804,816,770,770,818,819,772,858,818,783,786,788,778,787,784,780,778,765,776,774,776,782
2024-07-03,771,784,760,898,782,776,801.5,790.5,871,844,1004,907,1042.5,838,863,813.5,837.5,838,851,824,834,880,1091.5,880.5,773,853.5,806,813,825,779,779,827,828,781,872,832,797,800,802,787,796,793,789,787,774,785,783,785,791
2024-07-02,773,781,762.5,910,777.5,770.5,797,793,845,836,1004,910,1042.5,833.5,863.5,813,844,835,847,822,843.5,885,1050,868,773,849.5,808,815,827,781,781,829,830,783,867.5,827.5,792.5,795.5,797.5,789,798,795,791,789,776,787,785,787,793
2024-07-01,766,769,757.5,920,769,756.5,784,784.5,842,825.5,1004,908,1012.5,855.5,858.5,804.5,820,818,844,812,820.5,880,1056.5,883,735,834.5,801,808,820,774,774,822,823,776,859,819,784,787,789,782,791,788,784,782,769,780,778,780,786
2024-06-28,770.5,781,755,918.5,772,758,790,788,844,830.5,1004,908,1012.5,867.5,864,802.5,827,823.5,841.5,817,829,875,1066,885.5,739,838.5,805.5,812.5,824.5,778.5,778.5,826.5,827.5,780.5,862,822,787,790,792,786.5,795.5,792.5,788.5,786.5,773.5,784.5,782.5,784.5,790.5
2024-06-27,765,777.5,748.5,916.5,768,750,792,776.5,842,823,1004,898,1012.5,861.5,859,796,827,814.5,840.5,807,823,870,1061.5,875,751,837,800,807,819,773,773,821,822,775,858,818,783,786,788,781,790,787,783,781,768,779,777,779,785
2024-06-26,752.5,772,750.5,912.5,765,757,785,774,837,822,1004,897,997,819.5,855,798,822,817,841.5,807,814.5,840,1050,889.5,751,830.5,787.5,794.5,806.5,760.5,760.5,808.5,809.5,762.5,855,815,780,783,785,768.5,777.5,774.5,770.5,768.5,755.5,766.5,764.5,766.5,772.5
2024-06-25,758,774,749.5,896.5,766,765,785.5,784.5,841.5,824,1004,904.5,997,821,861.5,802.5,820,813.5,842.5,806,818.5,815,1064,885,751,832,793,800,812,766,766,814,815,768,856,816,781,784,786,774,783,780,776,774,761,772,770,772,778
2024-06-24,750.5,780,748,881,763,766,784.5,773.5,836,822.5,1025,897.5,997,821.5,851.5,791,820,814.5,848,805,823.5,810,1108,879.5,755,824.5,785.5,792.5,804.5,758.5,758.5,806.5,807.5,760.5,853,813,778,781,783,766.5,775.5,772.5,768.5,766.5,753.5,764.5,762.5,764.5,770.5
2024-06-21,751,775,748.5,887,771,752.5,788,766,833.5,770,1025,901.5,992.5,820,860.5,843.5,825,822.5,825,788,815,810,1038.5,855,710,829.5,786,793,805,759,759,807,808,761,861,821,786,789,791,767,776,773,769,767,754,765,763,765,771
2024-06-20,748,775,748.5,902.5,768,769,778,764.5,830.5,770,1025,898.5,997,817.5,860,843.5,825,810,825,790,815,860,1038.5,855,710,824.5,783,790,802,756,756,804,805,758,858,818,783,786,788,764,773,770,766,764,751,762,760,762,768
2024-06-19,745.5,755,738.5,898.5,766.5,763,782.5,766.5,839,770,1025,899.5,997,814.5,856,778.5,825,805.5,825,790,815,845,1018.5,865,710,813,780.5,787.5,799.5,753.5,753.5,801.5,802.5,755.5,856.5,816.5,781.5,784.5,786.5,761.5,770.5,767.5,763.5,761.5,748.5,759.5,757.5,759.5,765.5
2024-06-18,733,741.5,726.5,892,754.5,751.5,775.5,761,821,770,995,905,997,812.5,852.5,780,795,793.5,825,790,790,845,1011.5,865,710,807,768,775,787,741,741,789,790,743,844.5,804.5,769.5,772.5,774.5,749,758,755,751,749,736,747,745,747,753
2024-06-17,732.5,746.5,726.5,887.5,751,748,776.5,750.5,819,770,977.5,905,997,799.5,850,775,795,795.5,825,783,790,830,1016.5,865,710,810,767.5,774.5,786.5,740.5,740.5,788.5,789.5,742.5,841,801,766,769,771,748.5,757.5,754.5,750.5,748.5,735.5,746.5,744.5,746.5,752.5
2024-06-14,729,750,721.5,891.5,754,747,778,749,819.5,770,977.5,902,997,801.5,853,808.5,795,791,825,784,790,835,1018.5,860,710,818,764,771,783,737,737,785,786,739,844,804,769,772,774,745,754,751,747,745,732,743,741,743,749
2024-06-13,733,745,731.5,885,743,738,782.5,734.5,816.5,770,1027.5,904,995,793.5,859,813.5,795,780,825,779,790,825,1007.5,850,710,804,768,775,787,741,741,789,790,743,833,793,758,761,763,749,758,755,751,749,736,747,745,747,753
2024-06-12,728.5,755,716.5,891,740,734.5,757.5,726,795.5,767.5,1032.5,900,998,800.5,849.5,798.5,795,791,823.5,762.5,790,825,1003,840,710,806,763.5,770.5,782.5,736.5,736.5,784.5,785.5,738.5,830,790,755,758,760,744.5,753.5,750.5,746.5,744.5,731.5,742.5,740.5,742.5,748.5
2024-06-11,718.5,727,706.5,897.5,733,724,765,728,799,767.5,1027.5,932.5,995,787,840,746.5,780,779,823.5,767.5,775,815,1011,832.5,710,800,753.5,760.5,772.5,726.5,726.5,774.5,775.5,728.5,823,783,748,751,753,734.5,743.5,740.5,736.5,734.5,721.5,732.5,730.5,732.5,738.5
2024-06-10,706,762,721.5,886.5,726.5,709.5,750,725.5,783,767.5,1035.5,915.5,988.5,765.5,841,771.5,780,779,823.5,757.5,775,835,1021,882.5,710,780.5,741,748,760,714,714,762,763,716,816.5,776.5,741.5,744.5,746.5,722,731,728,724,722,709,720,718,720,726
2024-06-07,701.5,717,721.5,877.5,721,713,750,727,776.5,767.5,1035.5,922.5,981,765.5,833,776.5,785,765.5,823.5,755.5,775,834,986,882.5,710,775,736.5,743.5,755.5,709.5,709.5,757.5,758.5,711.5,811,771,736,739,741,717.5,726.5,723.5,719.5,717.5,704.5,715.5,713.5,715.5,721.5
2024-06-06,692.5,707,716.5,872,707.5,699.5,737,707,766,767.5,1024.5,913.5,963.5,765.5,826,766.5,785,765,823.5,745.5,775,829,956,862.5,710,766.5,727.5,734.5,746.5,700.5,700.5,748.5,749.5,702.5,797.5,757.5,722.5,725.5,727.5,708.5,717.5,714.5,710.5,708.5,695.5,706.5,704.5,706.5,712.5
2024-06-05,692.5,727,711.5,875.5,706.5,697,736.5,711,762,767.5,1025.5,878.5,953.5,770.5,827,821.5,785,801,823.5,743.5,775,825,986,862.5,710,768.5,727.5,734.5,746.5,700.5,700.5,748.5,749.5,702.5,796.5,756.5,721.5,724.5,726.5,708.5,717.5,714.5,710.5,708.5,695.5,706.5,704.5,706.5,712.5
2024-06-04,698.5,722,721.5,881,723,713.5,745.5,711.5,769.5,767.5,1027.5,890,953.5,754.5,843.5,811.5,785,779.5,823.5,749.5,775,820,1026,870,710,774.5,733.5,740.5,752.5,706.5,706.5,754.5,755.5,708.5,813,773,738,741,743,714.5,723.5,720.5,716.5,714.5,701.5,712.5,710.5,712.5,718.5
2024-06-03,717,767,726.5,893,736.5,759,761.5,736,784.5,767.5,1016,920,971,771,852,771.5,785,779,823.5,754.5,775,825,1021,850,710,782,752,759,771,725,725,773,774,727,826.5,786.5,751.5,754.5,756.5,733,742,739,735,733,720,731,729,731,737
2024-05-31,723,764,730,900.5,740.5,740,763.5,740.5,782.5,772.5,1018,922,971,812.5,855.5,828.5,790,797.5,828.5,756.5,775,853,1034,845,710,796,758,765,777,731,731,779,780,733,830.5,790.5,755.5,758.5,760.5,739,748,745,741,739,726,737,735,737,743
2024-05-30,731,757,753.5,918,749,752,777,752.5,789,786.5,1045,936,981,768.5,862.5,840,800,796,838.5,771.5,795,853,1052,845,710,797.5,766,773,785,739,739,787,788,741,839,799,764,767,769,747,756,753,749,747,734,745,743,745,751
2024-05-29,740,762,723.5,925,753.5,744.5,779,761,794,797.5,1098.5,946,984.5,774.5,866,810,800,800.5,838.5,773,795,853,1047,865,710,815.5,775,782,794,748,748,796,797,750,843.5,803.5,768.5,771.5,773.5,756,765,762,758,756,743,754,752,754,760
2024-05-28,729,753.5,710,906.5,747,738,775.5,763.5,793,799.5,1019.5,960,979,776,861.5,845,790,792.5,831.5,772.5,790,853,1043,865,710,794.5,764,771,783,737,737,785,786,739,837,797,762,765,767,745,754,751,747,745,732,743,741,743,749
2024-05-27,725.5,734.5,735,871.5,745,722.5,766.5,746.5,786.5,791.5,1022,955,970.5,762.5,857,805,790,797.5,831.5,762.5,790,847,1049,900,710,857,760.5,767.5,779.5,733.5,733.5,781.5,782.5,735.5,835,795,760,763,765,741.5,750.5,747.5,743.5,741.5,728.5,739.5,737.5,739.5,745.5
2024-05-24,722.5,734.5,735,878,731,723,780.5,749,786,791.5,1022,952,970.5,762.5,856,800,790,799,831.5,764.5,790,850,1049,900,710,842,757.5,764.5,776.5,730.5,730.5,778.5,779.5,732.5,821,781,746,749,751,738.5,747.5,744.5,740.5,738.5,725.5,736.5,734.5,736.5,742.5
2024-05-23,724,750.5,741.5,914.5,743,724.5,770,757,795.5,776.5,1022,982,980.5,788.5,859,813.5,800,820,836.5,761.5,795,,1049,900,710,844.5,759,766,778,732,732,780,781,734,833,793,758,761,763,740,749,746,742,740,727,738,736,738,744
2024-05-22,732.5,752.5,741.5,914.5,745.5,731,772.5,756.5,793.5,781.5,1035,960,966,784.5,868.5,813.5,800,825,841.5,774.5,795,,1049,900,710,857.5,767.5,774.5,786.5,740.5,740.5,788.5,789.5,742.5,835.5,795.5,760.5,763.5,765.5,748.5,757.5,754.5,750.5,748.5,735.5,746.5,744.5,746.5,752.5
2024-05-21,739,755,741.5,912,753,759.5,775,764,802,799.5,1085,997,971.5,788,872.5,806.5,800,819.5,840,770.5,795,,1063.5,911.5,710,840,774,781,793,747,747,795,796,749,843,803,768,771,773,755,764,761,757,755,742,753,751,753,759
2024-05-20,741,758.5,796.5,915,757,795,779,767,805,773.5,1085,1002,991,800,882,756.5,800,861,845,763.5,795,,1079,911.5,710,855.5,776,783,795,749,749,797,798,751,847,807,772,775,777,757,766,763,759,757,744,755,753,755,761
2024-05-17,732,748.5,741.5,912,758,757,779,760,801,773.5,1119,1000,974,794,877.5,816.5,800,811,845,763.5,795,,1074,876.5,710,825,767,774,786,740,740,788,789,742,848,808,773,776,778,748,757,754,750,748,735,746,744,746,752
2024-05-16,723.5,758.5,748.5,906.5,741.5,742.5,777.5,765.5,798.5,778.5,1119,998,974,767.5,874.5,830,810,805,838,763.5,790,,1037,876.5,710,826.5,758.5,765.5,777.5,731.5,731.5,779.5,780.5,733.5,831.5,791.5,756.5,759.5,761.5,739.5,748.5,745.5,741.5,739.5,726.5,737.5,735.5,737.5,743.5
2024-05-15,726.5,754.5,743.5,908,737,721,772.5,750,804,778.5,1180,999,974,767.5,881,815,810,818,838,763.5,790,,1022,906.5,710,827.5,761.5,768.5,780.5,734.5,734.5,782.5,783.5,736.5,827,787,752,755,757,742.5,751.5,748.5,744.5,742.5,729.5,740.5,738.5,740.5,746.5
2024-05-14,727,723.5,743.5,910.5,739.5,740.5,776.5,762.5,815.5,793.5,1180,1006,986.5,785.5,883,815,810,824,845,775.5,790,,1052,906.5,710,832,762,769,781,735,735,783,784,737,829.5,789.5,754.5,757.5,759.5,743,752,749,745,743,730,741,739,741,747
2024-05-13,733.5,753.5,728.5,921,737,738.5,791.5,758,816,793.5,1180,1004,986.5,785.5,878,830,810,809.5,845,775.5,790,,1052,906.5,710,823.5,768.5,775.5,787.5,741.5,741.5,789.5,790.5,743.5,827,787,752,755,757,749.5,758.5,755.5,751.5,749.5,736.5,747.5,745.5,747.5,753.5
2024-05-10,744,803,751.5,922,749.5,742,795,763.5,820.5,802.5,1180,1016,987,789.5,887.5,826.5,820,822.5,866.5,787.5,810,,1041.5,891.5,710,820.5,779,786,798,752,752,800,801,754,839.5,799.5,764.5,767.5,769.5,760,769,766,762,760,747,758,756,758,764
2024-05-09,742,776,731.5,912.5,733,737.5,794,753.5,820.5,793.5,1180,1013,1006,804,882,825,815,821,866.5,787.5,810,,1051.5,886.5,710,825,777,784,796,750,750,798,799,752,823,783,748,751,753,758,767,764,760,758,745,756,754,756,762
2024-05-08,730.5,761,736.5,912.5,734,737,796,762.5,822.5,792.5,1190,1013,1005.5,804,871.5,790,815,829,866.5,786.5,810,,1054,886.5,710,832.5,765.5,772.5,784.5,738.5,738.5,786.5,787.5,740.5,824,784,749,752,754,746.5,755.5,752.5,748.5,746.5,733.5,744.5,742.5,744.5,750.5
2024-05-07,736.5,758,735,913,730.5,738,796.5,770.5,830.5,790.5,1190,1019,1012,804,886.5,811.5,820,817,861.5,785.5,815,,1077,881.5,710,834.5,771.5,778.5,790.5,744.5,744.5,792.5,793.5,746.5,820.5,780.5,745.5,748.5,750.5,752.5,761.5,758.5,754.5,752.5,739.5,750.5,748.5,750.5,756.5
2024-05-06,737,770,740,914,753.5,780.5,803.5,764.5,827,784.5,1190,1017,1031,804,881.5,806.5,820,808.5,866.5,788.5,815,,1062,886.5,710,820.5,772,779,791,745,745,793,794,747,843.5,803.5,768.5,771.5,773.5,753,762,759,755,753,740,751,749,751,757
2024-05-03,732,752,740,912,739.5,765.5,807,767,830.5,787.5,1190,1024,1054.5,804,878.5,830,810,831,870,786.5,805,,1061.5,881.5,710,824.5,767,774,786,740,740,788,789,742,829.5,789.5,754.5,757.5,759.5,748,757,754,750,748,735,746,744,746,752
2024-05-02,747,776.5,775,916.5,738.5,740.5,813.5,762.5,831.5,787.5,1219,1027,1009.5,804,867.5,836.5,835,819,865,786.5,830,,1074.5,886.5,710,818.5,782,789,801,755,755,803,804,757,828.5,788.5,753.5,756.5,758.5,763,772,769,765,763,750,761,759,761,767
2024-05-01,782,796.5,775,925,750.5,767,809,777,843,826.5,1219,1060,1031.5,813,891.5,826.5,835,852.5,880,802.5,830,,1100,901.5,710,815,817,824,836,790,790,838,839,792,840.5,800.5,765.5,768.5,770.5,798,807,804,800,798,785,796,794,796,802
2024-04-30,771.5,796.5,775,935.5,759.5,756.5,809,787.5,855,826.5,1219,1065.5,1031.5,868,895,826.5,835,857.5,890,813.5,830,,1104,890,710,825,806.5,813.5,825.5,779.5,779.5,827.5,828.5,781.5,849.5,809.5,774.5,777.5,779.5,787.5,796.5,793.5,789.5,787.5,774.5,785.5,783.5,785.5,791.5
2024-04-29,770,794,790,936.5,762,763,810,796.5,874.5,827.5,1219,1075.5,1038,802.5,900,856.5,835,848.5,890,830.5,830,,1102,900,710,834,805,812,824,778,778,826,827,780,852,812,777,780,782,786,795,792,788,786,773,784,782,784,790
2024-04-26,775,789.5,790,932.5,759.5,755.5,812,794,870,823,1219,1078.5,1047,833,904.5,860,815,841.5,876.5,817.5,825,,1084,915,710,827,810,817,829,783,783,831,832,785,849.5,809.5,774.5,777.5,779.5,791,800,797,793,791,778,789,787,789,795
2024-04-25,778.5,805,790,923.5,748,748,813,792,877.5,824,1299,1072.5,1042,827,898,846.5,835,853,884.5,817.5,820,,1093.5,910,710,821,813.5,820.5,832.5,786.5,786.5,834.5,835.5,788.5,838,798,763,766,768,794.5,803.5,800.5,796.5,794.5,781.5,792.5,790.5,792.5,798.5
2024-04-24,770,797,785,925.5,754,751.5,815,795.5,886,833,1299,1079.5,1041.5,827,895,851.5,835,852.5,881.5,821.5,820,,1087,925,710,827.5,805,812,824,778,778,826,827,780,844,804,769,772,774,786,795,792,788,786,773,784,782,784,790
2024-04-23,773.5,794,791.5,922.5,756,795.5,815.5,798.5,887,830.5,1299,1079,1039.5,817.5,897,836.5,840,847.5,878.5,835.5,835,,1106.5,937.5,710,843,808.5,815.5,827.5,781.5,781.5,829.5,830.5,783.5,846,806,771,774,776,789.5,798.5,795.5,791.5,789.5,776.5,787.5,785.5,787.5,793.5
2024-04-22,762,803,781.5,915,751,768.5,816,802.5,899.5,834.5,1299,1086,1043,820.5,883.5,851.5,840,859.5,878.5,833.5,835,,1129,912.5,710,830.5,797,804,816,770,770,818,819,772,841,801,766,769,771,778,787,784,780,778,765,776,774,776,782
2024-04-19,767.5,824.5,788.5,911,751.5,767.5,831.5,796,891.5,819,1299,1086,1043,818,889,860,840,863,898.5,831.5,835,,1162.5,897.5,710,826.5,802.5,809.5,821.5,775.5,775.5,823.5,824.5,777.5,841.5,801.5,766.5,769.5,771.5,783.5,792.5,789.5,785.5,783.5,770.5,781.5,779.5,781.5,787.5
2024-04-18,779,803.5,788.5,913.5,764.5,755.5,837,807.5,886.5,843,1215,1096,1043,838.5,888.5,900,880,862.5,888.5,831.5,875,,1163.5,922.5,710,849.5,814,821,833,787,787,835,836,789,854.5,814.5,779.5,782.5,784.5,795,804,801,797,795,782,793,791,793,799
2024-04-17,808.5,808.5,808.5,928.5,789,789,841,812.5,897,864,1215,1119,1054,852,900,870,880,871,898.5,840.5,875,,1251,917.5,710,855,843.5,850.5,862.5,816.5,816.5,864.5,865.5,818.5,879,839,804,807,809,824.5,833.5,830.5,826.5,824.5,811.5,822.5,820.5,822.5,828.5
2024-04-16,804,816.5,810,928,797,807.5,844.5,814,905,865,1215,1124.5,1052.5,859,902.5,850,885,875.5,905,851.5,880,,1304,942.5,710,852,839,846,858,812,812,860,861,814,887,847,812,815,817,820,829,826,822,820,807,818,816,818,824
2024-04-15,808,821.5,795,917.5,792,808.5,852,851,907.5,868,1215,1123.5,1056,862.5,900,870,885,880.5,905,857.5,880,,1364,912.5,710,865,843,850,862,816,816,864,865,818,882,842,807,810,812,824,833,830,826,824,811,822,820,822,828
2024-04-12,818,829,810,926,813.5,794,857.5,837.5,905,873.5,1215,1128.5,1051,879.5,899.5,845,885,866,911.5,842.5,880,,1354,897.5,710,876.5,853,860,872,826,826,874,875,828,903.5,863.5,828.5,831.5,833.5,834,843,840,836,834,821,832,830,832,838
2024-04-11,809,821.5,815,920.5,806,811.5,855,829.5,907,868.5,1215,1137.5,1061,873.5,895,900,885,885,921.5,842.5,880,,1364,897.5,710,868.5,844,851,863,817,817,865,866,819,896,856,821,824,826,825,834,831,827,825,812,823,821,823,829
2024-04-10,816.5,829,810,918.5,805.5,808.5,857.5,828.5,899.5,873.5,1215,1131.5,1065.5,873.5,900,845,885,900.5,911.5,849.5,880,,1354,907.5,710,867.5,851.5,858.5,870.5,824.5,824.5,872.5,873.5,826.5,895.5,855.5,820.5,823.5,825.5,832.5,841.5,838.5,834.5,832.5,819.5,830.5,828.5,830.5,836.5
2024-04-09,809,827,826.5,919.5,808.5,799,860.5,838.5,901.5,870.5,1215,1136,1068.5,882.5,901,878.5,885,893.5,910,848.5,880,,1322,886.5,710,881.5,844,851,863,817,817,865,866,819,898.5,858.5,823.5,826.5,828.5,825,834,831,827,825,812,823,821,823,829
2024-04-08,812.5,822,816.5,941.5,812.5,789.5,864.5,840.5,903.5,882.5,1215,1141,1070,887.5,904.5,858.5,885,906,915,849.5,880,,1362,911.5,710,881.5,847.5,854.5,866.5,820.5,820.5,868.5,869.5,822.5,902.5,862.5,827.5,830.5,832.5,828.5,837.5,834.5,830.5,828.5,815.5,826.5,824.5,826.5,832.5
2024-04-05,808.5,822,803.5,938.5,819,818.5,855,839,902,875.5,1215,1146,1080.5,891,901,855,885,901.5,911.5,832.5,880,,1355,911.5,710,890,843.5,850.5,862.5,816.5,816.5,864.5,865.5,818.5,909,869,834,837,839,824.5,833.5,830.5,826.5,824.5,811.5,822.5,820.5,822.5,828.5
2024-04-04,805.5,822,810,932,807.5,799,863,836,904.5,872.5,1215,1136,1070.5,878.5,906,855,885,888,911.5,832.5,880,,1385.5,901.5,710,872,840.5,847.5,859.5,813.5,813.5,861.5,862.5,815.5,897.5,857.5,822.5,825.5,827.5,821.5,830.5,827.5,823.5,821.5,808.5,819.5,817.5,819.5,825.5
2024-04-03,801,825,810,928,805,798,858.5,833,896.5,875.5,1215,1137,1070,882,904,855,885,873.5,911.5,829.5,880,,1303,901.5,710,869.5,836,843,855,809,809,857,858,811,895,855,820,823,825,817,826,823,819,817,804,815,813,815,821
2024-04-02,784.5,805.5,775,919.5,790,806.5,844,814.5,882.5,871,1210,1135.5,1071,863.5,899.5,908.5,830,861.5,896.5,826.5,835,,1363,901.5,710,861,819.5,826.5,838.5,792.5,792.5,840.5,841.5,794.5,880,840,805,808,810,800.5,809.5,806.5,802.5,800.5,787.5,798.5,796.5,798.5,804.5
2024-04-01,781.5,811.5,795,906.5,772,,842.5,809.5,880,855,1210,1136.5,1066,840.5,906.5,838.5,830,851,891.5,806.5,835,,1296,911.5,710,855,816.5,823.5,835.5,789.5,789.5,837.5,838.5,791.5,862,822,787,790,792,797.5,806.5,803.5,799.5,797.5,784.5,795.5,793.5,795.5,801.5
2024-03-29,788,805.5,795,908.5,777.5,811,841.5,786.5,856,852,1210,1136.5,1064.5,842.5,901,838.5,830,845,891.5,805.5,835,,1296,911.5,710,855,823,830,842,796,796,844,845,798,867.5,827.5,792.5,795.5,797.5,804,813,810,806,804,791,802,800,802,808
2024-03-28,777,805.5,795,906.5,777.5,754.5,841.5,810.5,879,852,1210,1130.5,1064.5,842.5,893.5,838.5,830,851,891.5,805.5,835,,1296,911.5,710,855,812,819,831,785,785,833,834,787,867.5,827.5,792.5,795.5,797.5,793,802,799,795,793,780,791,789,791,797
2024-03-27,783,795.5,795,907,786,784.5,854.5,812.5,871,836,1210,1131.5,1050,847,895.5,838.5,830,856.5,886.5,801.5,835,,1404,911.5,710,875.5,818,825,837,791,791,839,840,793,876,836,801,804,806,799,808,805,801,799,786,797,795,797,803
2024-03-26,792.5,796.5,793.5,896.5,800,791.5,859.5,813.5,859.5,857,1210,1136,1070,867.5,897.5,833.5,865,866.5,891.5,801.5,865,,1373,897.5,710,878,827.5,834.5,846.5,800.5,800.5,848.5,849.5,802.5,890,850,815,818,820,808.5,817.5,814.5,810.5,808.5,795.5,806.5,804.5,806.5,812.5
2024-03-25,787,796,798.5,911.5,793.5,773,862,816.5,868.5,866,1210,1136,1072.5,871,888.5,848.5,865,875,886.5,811.5,865,,1458,897.5,710,884,822,829,841,795,795,843,844,797,883.5,843.5,808.5,811.5,813.5,803,812,809,805,803,790,801,799,801,807
2024-03-22,792,804.5,793.5,926.5,785.5,772,864,815.5,858,868.5,1210,1138,1072,868.5,889,845,870,877.5,886.5,791.5,865,,1432,937.5,710,868,827,834,846,800,800,848,849,802,875.5,835.5,800.5,803.5,805.5,808,817,814,810,808,795,806,804,806,812
2024-03-21,789,817,793.5,931.5,794.5,782.5,865.5,829.5,878,876.5,1219,1145,1062,867.5,898.5,840,880,880,891.5,791.5,875,,1393,937.5,710,878,824,831,843,797,797,845,846,799,884.5,844.5,809.5,812.5,814.5,805,814,811,807,805,792,803,801,803,809
2024-03-20,802,801.5,813.5,932,809,810,871,849.5,890.5,883.5,1219,1156,1070.5,868.5,900,855,880,885,901.5,801.5,875,,1386,932.5,710,877.5,837,844,856,810,810,858,859,812,899,859,824,827,829,818,827,824,820,818,805,816,814,816,822
2024-03-19,806.5,799.5,818.5,910.5,816.5,799,864.5,853.5,895.5,887,1219,1160,1076.5,888,899.5,858.5,892,891.5,905,811.5,890,,1339,920,710,882.5,841.5,848.5,860.5,814.5,814.5,862.5,863.5,816.5,906.5,866.5,831.5,834.5,836.5,822.5,831.5,828.5,824.5,822.5,809.5,820.5,818.5,820.5,826.5
2024-03-18,802,808.5,803.5,905,812.5,799,862.5,848.5,894.5,885,1219,1153,1077.5,888,898,858.5,892,879,900,815.5,890,,1409,920,710,883.5,837,844,856,810,810,858,859,812,902.5,862.5,827.5,830.5,832.5,818,827,824,820,818,805,816,814,816,822
2024-03-15,794,796.5,811.5,904,803,791,858.5,832,910.5,870,1219,1157,1037.5,875.5,905,843.5,865,872.5,885,,860,,1421.5,910,710,857,829,836,848,802,802,850,851,804,893,853,818,821,823,810,819,816,812,810,797,808,806,808,814
2024-03-14,789.5,793.5,786.5,905,792.5,794.5,861.5,825.5,896.5,870,1219,1151,1037.5,872,913,838.5,865,868,885,,860,,1390,915,710,861.5,824.5,831.5,843.5,797.5,797.5,845.5,846.5,799.5,882.5,842.5,807.5,810.5,812.5,805.5,814.5,811.5,807.5,805.5,792.5,803.5,801.5,803.5,809.5
2024-03-13,779.5,788.5,791.5,901,778.5,777.5,836,816,867,869.5,1219,1041,1045,868,893,838.5,865,852,890,837.5,860,,1483,930,710,863,814.5,821.5,833.5,787.5,787.5,835.5,836.5,789.5,868.5,828.5,793.5,796.5,798.5,795.5,804.5,801.5,797.5,795.5,782.5,793.5,791.5,793.5,799.5
2024-03-12,789.5,794.5,790,901.5,779,776,832,823,889.5,869.5,1219,1143,1045,847.5,893.5,833.5,855,855,890,837.5,850,,1453,935,710,862,824.5,831.5,843.5,797.5,797.5,845.5,846.5,799.5,869,829,794,797,799,805.5,814.5,811.5,807.5,805.5,792.5,803.5,801.5,803.5,809.5
2024-03-11,784.5,799.5,810,896,773,761.5,842,826.5,888.5,869.5,1219,1140,1060,837.5,889.5,848.5,855,850,890,837.5,850,,1453,935,710,848.5,819.5,826.5,838.5,792.5,792.5,840.5,841.5,794.5,863,823,788,791,793,800.5,809.5,806.5,802.5,800.5,787.5,798.5,796.5,798.5,804.5
2024-03-08,797,796.5,810,904,781.5,788.5,850,834,890.5,869.5,1219,1154,1090,859,887.5,838.5,880,858.5,890,837.5,875,,1366,925,710,862,832,839,851,805,805,853,854,807,871.5,831.5,796.5,799.5,801.5,813,822,819,815,813,800,811,809,811,817
2024-03-07,785.5,797.5,801.5,902,778.5,785,849,840.5,890.5,874.5,1213,1150,1100,853.5,885,843.5,850,861.5,895,837.5,850,,1371,925,710,857,820.5,827.5,839.5,793.5,793.5,841.5,842.5,795.5,868.5,828.5,793.5,796.5,798.5,801.5,810.5,807.5,803.5,801.5,788.5,799.5,797.5,799.5,805.5
2024-03-06,779.5,797.5,796.5,899,770,764.5,864,822,914.5,874.5,1213,1061,1100,859,892,848.5,850,860,895,837.5,850,,1381,925,710,859.5,814.5,821.5,833.5,787.5,787.5,835.5,836.5,789.5,860,820,785,788,790,795.5,804.5,801.5,797.5,795.5,782.5,793.5,791.5,793.5,799.5
2024-03-05,784,806.5,791.5,899.5,778.5,766,849,834,919,874.5,1213,1186,1100,907,895,856.5,860,861,895,837.5,860,,1409.5,925,710,859.5,819,826,838,792,792,840,841,794,868.5,828.5,793.5,796.5,798.5,800,809,806,802,800,787,798,796,798,804
2024-03-04,797.5,806.5,811.5,914.5,785.5,774,864,849,931.5,874.5,1213,1190,1100,891,899.5,851.5,860,869.5,895,837.5,860,,1387,920,710,869,832.5,839.5,851.5,805.5,805.5,853.5,854.5,807.5,875.5,835.5,800.5,803.5,805.5,813.5,822.5,819.5,815.5,813.5,800.5,811.5,809.5,811.5,817.5
2024-03-01,796,806.5,805,896.5,779.5,773.5,860,845.5,925.5,874.5,1213,1181,1112.5,878.5,888.5,868.5,860,864.5,905,837.5,860,,1291,905,710,862.5,831,838,850,804,804,852,853,806,869.5,829.5,794.5,797.5,799.5,812,821,818,814,812,799,810,808,810,816
2024-02-29,791.5,799,805,890,782.5,777,865.5,846.5,928,872.5,1205,1160,1112.5,889.5,887.5,845,860,860,900,837.5,870,,1263.5,920,710,890.5,826.5,833.5,845.5,799.5,799.5,847.5,848.5,801.5,872.5,832.5,797.5,800.5,802.5,807.5,816.5,813.5,809.5,807.5,794.5,805.5,803.5,805.5,811.5
2024-02-28,795.5,803,815,895.5,790,782,859,851,933,884.5,1205,1051.5,1109,889.5,885,855,860,866.5,905,834.5,870,,1340,891.5,710,878,830.5,837.5,849.5,803.5,803.5,851.5,852.5,805.5,880,840,805,808,810,811.5,820.5,817.5,813.5,811.5,798.5,809.5,807.5,809.5,815.5
2024-02-27,792.5,773,801.5,893.5,789,771,861.5,880,990,884,1205,1155,1114,897.5,875.5,848.5,890,867,901.5,842.5,870,,1298,891.5,710,868.5,827.5,834.5,846.5,800.5,800.5,848.5,849.5,802.5,879,839,804,807,809,808.5,817.5,814.5,810.5,808.5,795.5,806.5,804.5,806.5,812.5
2024-02-26,794,813,801.5,887,795,787,861.5,843.5,927,884,1205,1148,1114,866,884.5,853.5,890,862,901.5,842.5,870,,1288,906.5,710,877.5,829,836,848,802,802,850,851,804,885,845,810,813,815,810,819,816,812,810,797,808,806,808,814
2024-02-23,808.5,823.5,816.5,896.5,813,803.5,876,837,926,878,1195,1161,1132,866,887,860,890,866,908.5,826.5,870,,1277.5,906.5,710,882.5,843.5,850.5,862.5,816.5,816.5,864.5,865.5,818.5,903,863,828,831,833,824.5,833.5,830.5,826.5,824.5,811.5,822.5,820.5,822.5,828.5
2024-02-22,807,837.5,811.5,889.5,805.5,796,877.5,849.5,943,890,1175,1160,1132,868,891,851.5,890,877.5,908.5,826.5,870,,1267.5,906.5,710,883.5,842,849,861,815,815,863,864,817,895.5,855.5,820.5,823.5,825.5,823,832,829,825,823,810,821,819,821,827
2024-02-21,806,830.5,816.5,896.5,818.5,846.5,878,845.5,926,893,1175,1048.5,1126,887,886,866.5,890,885,908.5,824.5,870,,1277.5,951.5,710,890.5,841,848,860,814,814,862,863,816,908.5,868.5,833.5,836.5,838.5,822,831,828,824,822,809,820,818,820,826
2024-02-20,817,830.5,823.5,908,823,837.5,886,857.5,930.5,891.5,1155,1162,1121.5,901,890,883.5,875,885.5,910.5,809.5,870,,1315,948.5,710,892,852,859,871,825,825,873,874,827,913,873,838,841,843,833,842,839,835,833,820,831,829,831,837
2024-02-19,820,828,823.5,909.5,834.5,854.5,885,862,938,931.5,1155,1163,1092.5,902,890.5,878.5,875,883.5,913.5,797.5,870,,1258,938.5,710,889,855,862,874,828,828,876,877,830,924.5,884.5,849.5,852.5,854.5,836,845,842,838,836,823,834,832,834,840
2024-02-16,822,823,833.5,905.5,827,809.5,898,870.5,937.5,941.5,1170,1157,1105,895.5,891.5,895,875,891,913.5,797.5,870,,1255,938.5,710,892.5,857,864,876,830,830,878,879,832,917,877,842,845,847,838,847,844,840,838,825,836,834,836,842
2024-02-15,822.5,814,850,905.5,822,825,905,876.5,929,942.5,1170,1147,1105,908.5,888.5,888.5,895,883.5,900.5,797.5,890,,1138,933.5,710,878.5,857.5,864.5,876.5,830.5,830.5,878.5,879.5,832.5,912,872,837,840,842,838.5,847.5,844.5,840.5,838.5,825.5,836.5,834.5,836.5,842.5
2024-02-14,838.5,828,850,903.5,832,840,910.5,907,934.5,941.5,1170,942,1091,933.5,882,888.5,895,893.5,923.5,795.5,890,,1138,933.5,710,906.5,873.5,880.5,892.5,846.5,846.5,894.5,895.5,848.5,922,882,847,850,852,854.5,863.5,860.5,856.5,854.5,841.5,852.5,850.5,852.5,858.5
2024-02-13,844,837.5,820,921,837,,920.5,918.5,936,945,1196,,1076,937.5,888,873.5,900,892,932.5,808.5,890,,1188,923.5,710,903.5,879,886,898,852,852,900,901,854,927,887,852,855,857,860,869,866,862,860,847,858,856,858,864
2024-02-12,823.5,813.5,820,896,833.5,,922.5,907.5,902,940,1196,,1071.5,941,887.5,873.5,900,896.5,920.5,809.5,890,,1187,923.5,710,896.5,858.5,865.5,877.5,831.5,831.5,879.5,880.5,833.5,923.5,883.5,848.5,851.5,853.5,839.5,848.5,845.5,841.5,839.5,826.5,837.5,835.5,837.5,843.5
2024-02-09,819,819.5,820,896,827.5,782.5,902.5,906.5,901.5,922.5,1196,,1062,938,885.5,873.5,900,883.5,908.5,801.5,890,,1191,923.5,710,905.5,854,861,873,827,827,875,876,829,917.5,877.5,842.5,845.5,847.5,835,844,841,837,835,822,833,831,833,839
2024-02-08,818.5,812.5,820,916,804,795,888.5,865,890.5,891.5,1196,,1062,862,884,875,855,875,928.5,801.5,850,,1191,923.5,710,891.5,853.5,860.5,872.5,826.5,826.5,874.5,875.5,828.5,894,854,819,822,824,834.5,843.5,840.5,836.5,834.5,821.5,832.5,830.5,832.5,838.5
2024-02-07,814,815,810,908.5,797,797.5,881,855,873,887.5,1196,942,1052,868,888.5,865,855,856.5,908.5,791.5,850,,1190.5,933.5,710,882.5,849,856,868,822,822,870,871,824,887,847,812,815,817,830,839,836,832,830,817,828,826,828,834
2024-02-06,806.5,804,796.5,890,784.5,789,884,856,875,887.5,1219,1131,1047,868,885.5,850,855,863.5,908.5,785.5,850,,1198,913.5,710,874.5,841.5,848.5,860.5,814.5,814.5,862.5,863.5,816.5,874.5,834.5,799.5,802.5,804.5,822.5,831.5,828.5,824.5,822.5,809.5,820.5,818.5,820.5,826.5
2024-02-05,804.5,796,801.5,887.5,778,781,886,834.5,865.5,877.5,1219,1011,1044.5,855,884.5,860,855,864,908.5,781.5,850,,1214.5,913.5,710,870,839.5,846.5,858.5,812.5,812.5,860.5,861.5,814.5,868,828,793,796,798,820.5,829.5,826.5,822.5,820.5,807.5,818.5,816.5,818.5,824.5
2024-02-02,812.5,797.5,815,910,791.5,821.5,883.5,839,877.5,881,1219,1021,1052.5,840,902.5,848.5,860,881.5,918.5,784.5,860,,1220.5,938.5,710,885.5,847.5,854.5,866.5,820.5,820.5,868.5,869.5,822.5,881.5,841.5,806.5,809.5,811.5,828.5,837.5,834.5,830.5,828.5,815.5,826.5,824.5,826.5,832.5
2024-02-01,813,808,811.5,914.5,816,809,888,842,872.5,879,1255,1042,1070,878.5,907.5,848.5,900,889,933.5,784.5,890,,1220.5,938.5,710,902,848,855,867,821,821,869,870,823,906,866,831,834,836,829,838,835,831,829,816,827,825,827,833
2024-01-31,815.5,817.5,821.5,915.5,817,832.5,885,853.5,887.5,881,1255,996,1069,897,919.5,873.5,900,896.5,938.5,785.5,890,,1220.5,923.5,710,898,850.5,857.5,869.5,823.5,823.5,871.5,872.5,825.5,907,867,832,835,837,831.5,840.5,837.5,833.5,831.5,818.5,829.5,827.5,829.5,835.5
2024-01-30,818.5,830.5,828.5,930,814.5,814,884.5,849.5,881.5,883.5,1275,1048,1069.5,899,919,863.5,910,896.5,923.5,772.5,900,,1217.5,903.5,710,897,853.5,860.5,872.5,826.5,826.5,874.5,875.5,828.5,904.5,864.5,829.5,832.5,834.5,834.5,843.5,840.5,836.5,834.5,821.5,832.5,830.5,832.5,838.5
2024-01-29,820.5,815,818.5,930.5,811,791,885.5,852,889,878.5,1275,1057,1071.5,899,912.5,878.5,910,875.5,938.5,776.5,900,,1181.5,903.5,710,895,855.5,862.5,874.5,828.5,828.5,876.5,877.5,830.5,901,861,826,829,831,836.5,845.5,842.5,838.5,836.5,823.5,834.5,832.5,834.5,840.5
2024-01-26,805,796,806.5,936,796.5,790,882.5,820.5,883,855.5,1275,1047,1061.5,889.5,902,848.5,890,875.5,915,776.5,875,,1156.5,903.5,710,882.5,840,847,859,813,813,861,862,815,886.5,846.5,811.5,814.5,816.5,821,830,827,823,821,808,819,817,819,825
2024-01-25,784.5,787,775,919.5,786.5,789.5,877,816.5,883.5,871.5,1299,1031,1071.5,872.5,894,846.5,870,866,905,776.5,855,,1166.5,918.5,710,858.5,819.5,826.5,838.5,792.5,792.5,840.5,841.5,794.5,876.5,836.5,801.5,804.5,806.5,800.5,809.5,806.5,802.5,800.5,787.5,798.5,796.5,798.5,804.5
2024-01-24,780,779,785,913,777,784.5,868.5,808,883.5,855.5,1299,985,1066.5,852.5,894.5,841.5,870,860,895,767.5,855,,1151.5,928.5,710,847,815,822,834,788,788,836,837,790,867,827,792,795,797,796,805,802,798,796,783,794,792,794,800
2024-01-23,782.5,787.5,770,899,770.5,772.5,867.5,805,895.5,850.5,1299,1029,1084,843.5,894,841.5,870,849.5,895,765.5,865,,1156.5,926.5,710,844,817.5,824.5,836.5,790.5,790.5,838.5,839.5,792.5,860.5,820.5,785.5,788.5,790.5,798.5,807.5,804.5,800.5,798.5,785.5,796.5,794.5,796.5,802.5
2024-01-22,774,778.5,780,892,764,768.5,869.5,821.5,888,851.5,1299,1020,1048,,897.5,836.5,870,852.5,885,751.5,865,,1135,926.5,710,840.5,809,816,828,782,782,830,831,784,854,814,779,782,784,790,799,796,792,790,777,788,786,788,794
2024-01-19,780.5,781,773.5,886.5,766,767,869,802.5,896,838.5,1319,1021,1067,,901,830,855,851,880,751.5,850,,1129,921.5,710,838,815.5,822.5,834.5,788.5,788.5,836.5,837.5,790.5,856,816,781,784,786,796.5,805.5,802.5,798.5,796.5,783.5,794.5,792.5,794.5,800.5
2024-01-18,765,782.5,768.5,886.5,762.5,743.5,870,798,902,852.5,1325,1015,1057,,889.5,828.5,855,845.5,885,751.5,850,,1123.5,921.5,710,831.5,800,807,819,773,773,821,822,775,852.5,812.5,777.5,780.5,782.5,781,790,787,783,781,768,779,777,779,785
2024-01-17,776.5,778.5,783.5,889.5,764.5,770.5,864,794,897,843.5,1325,978,1053.5,,897,833.5,855,843,880,745.5,850,,1122,931.5,710,826.5,811.5,818.5,830.5,784.5,784.5,832.5,833.5,786.5,854.5,814.5,779.5,782.5,784.5,792.5,801.5,798.5,794.5,792.5,779.5,790.5,788.5,790.5,796.5
2024-01-16,774.5,786.5,775,892.5,766,746.5,847,802.5,902.5,821.5,1325,1019,1044.5,,899.5,830,845,838,898.5,761.5,840,,1102,917.5,710,839,809.5,816.5,828.5,782.5,782.5,830.5,831.5,784.5,856,816,781,784,786,790.5,799.5,796.5,792.5,790.5,777.5,788.5,786.5,788.5,794.5
2024-01-15,782,786.5,790,908,762.5,800.5,847,803.5,898,821.5,1325,1017,1044.5,,906,850,845,839.5,898.5,761.5,840,,1112,952.5,710,824.5,817,824,836,790,790,838,839,792,852.5,812.5,777.5,780.5,782.5,798,807,804,800,798,785,796,794,796,802
2024-01-12,774.5,790.5,765,933,769.5,772,857.5,807,902,825,1325,1017,1044.5,917,901,826.5,830,833,866,761.5,830,,1088,948.5,710,833.5,809.5,816.5,828.5,782.5,782.5,830.5,831.5,784.5,859.5,819.5,784.5,787.5,789.5,790.5,799.5,796.5,792.5,790.5,777.5,788.5,786.5,788.5,794.5
2024-01-11,760.5,771,760,907,746.5,740,847.5,797,900,825,1330,1006,1044.5,917,898.5,826.5,830,820,866,761.5,830,,1115,988.5,710,818.5,795.5,802.5,814.5,768.5,768.5,816.5,817.5,770.5,836.5,796.5,761.5,764.5,766.5,776.5,785.5,782.5,778.5,776.5,763.5,774.5,772.5,774.5,780.5
2024-01-10,756,770.5,780,907.5,748.5,747.5,822,789,876.5,816.5,1330,976,1055,917,895.5,816.5,830,827.5,903.5,777.5,830,,1133,988.5,710,822,791,798,810,764,764,812,813,766,838.5,798.5,763.5,766.5,768.5,772,781,778,774,772,759,770,768,770,776
2024-01-09,752.5,766,763.5,892,742.5,730,835.5,787.5,877.5,813,1330,1002,1038,917,894,823.5,825,814,891,777.5,818,,1111,948.5,710,814.5,787.5,794.5,806.5,760.5,760.5,808.5,809.5,762.5,832.5,792.5,757.5,760.5,762.5,768.5,777.5,774.5,770.5,768.5,755.5,766.5,764.5,766.5,772.5
2024-01-08,760,780,758.5,903.5,742,738,830,779.5,882.5,816.5,1330,999,1037,917,899,823.5,825,824,903.5,775,818,,1107,938.5,710,806,795,802,814,768,768,816,817,770,832,792,757,760,762,776,785,782,778,776,763,774,772,774,780
2024-01-05,761.5,777.5,773.5,901,747.5,734,826,774.5,887,811,1345,996,1038.5,917,899.5,826.5,840,820.5,898.5,801.5,845,,1063,953.5,710,815,796.5,803.5,815.5,769.5,769.5,817.5,818.5,771.5,837.5,797.5,762.5,765.5,767.5,777.5,786.5,783.5,779.5,777.5,764.5,775.5,773.5,775.5,781.5
2024-01-04,761.5,780.5,733.5,912.5,750,737,827,779,887,812,1369,978,1038.5,917,892,815,860,822.5,893.5,801.5,845,,1109,953.5,710,817.5,796.5,803.5,815.5,769.5,769.5,817.5,818.5,771.5,840,800,765,768,770,777.5,786.5,783.5,779.5,777.5,764.5,775.5,773.5,775.5,781.5
2024-01-03,744,783,763.5,906,742.5,732,817,771.5,886.5,811,1369,960,1045.5,917,885.5,830,860,819,898.5,803.5,845,,1106,943.5,710,806,779,786,798,752,752,800,801,754,832.5,792.5,757.5,760.5,762.5,760,769,766,762,760,747,758,756,758,764
2024-01-02,752.5,807,768.5,904,748,755.5,842,773,927.5,821.5,1369,958.5,1033.5,917,891.5,813.5,845,822,916.5,808,845,,1129.5,963.5,710,821,787.5,794.5,806.5,760.5,760.5,808.5,809.5,762.5,838,798,763,766,768,768.5,777.5,774.5,770.5,768.5,755.5,766.5,764.5,766.5,772.5
2024-01-01,746,802,758.5,912,756,791,844.5,774.5,877.5,821.5,1369,970.5,1058.5,917,893.5,893.5,845,852,916.5,808,845,,1104.5,953.5,710,827,781,788,800,754,754,802,803,756,846,806,771,774,776,762,771,768,764,762,749,760,758,760,766
2023-12-29,746,802,758.5,912,756,791,844.5,774.5,877.5,821.5,1369,947,1058.5,917,893.5,893.5,845,852,916.5,808,845,,1104.5,953.5,710,827,811,821,845,733,733,848,850,737,846,806,771,774,776,776,791,788,781,769,753,772,768,771,783
2023-12-28,763.5,803,756.5,912,766,792.5,842.5,778,873,819,1372,949,1098.5,921,902,846.5,870,859.5,901.5,808,860,,1096.5,958.5,710,828,828.5,838.5,862.5,750.5,750.5,865.5,867.5,754.5,856,816,781,784,786,793.5,808.5,805.5,798.5,786.5,770.5,789.5,785.5,788.5,800.5
2023-12-27,758,813,756.5,909.5,775,775,861.5,787.5,876.5,820,1372,1021,1104,921,909,841.5,870,860.5,911.5,818,860,,1107,966.5,710,833,823,833,857,745,745,860,862,749,865,825,790,793,795,788,803,800,793,781,765,784,780,783,795
2023-12-26,759.5,806.5,776.5,924.5,771.5,774,874.5,792,880,796.5,1372,1016,1098,907,909.5,841.5,870,853,895,825,860,,1118.5,966.5,710,839.5,824.5,834.5,858.5,746.5,746.5,861.5,863.5,750.5,861.5,821.5,786.5,789.5,791.5,789.5,804.5,801.5,794.5,782.5,766.5,785.5,781.5,784.5,796.5
2023-12-25,763.5,806.5,776.5,919.5,771.5,,865,799.5,888,796.5,1372,1014,1098,907,913.5,841.5,870,853,895,821.5,860,,1118.5,966.5,710,839.5,828.5,838.5,862.5,750.5,750.5,865.5,867.5,754.5,861.5,821.5,786.5,789.5,791.5,793.5,808.5,805.5,798.5,786.5,770.5,789.5,785.5,788.5,800.5
2023-12-22,763.5,806.5,776.5,919.5,771.5,775,865,799.5,888,796.5,1372,1014,1098,907,913.5,841.5,870,853,895,821.5,860,,1118.5,966.5,710,839.5,828.5,838.5,862.5,750.5,750.5,865.5,867.5,754.5,861.5,821.5,786.5,789.5,791.5,793.5,808.5,805.5,798.5,786.5,770.5,789.5,785.5,788.5,800.5
2023-12-21,768,796.5,781.5,920,767,782,879,801.5,892.5,810.5,1372,1013,1120.5,907,915,853.5,810,854,880,821.5,800,,1026.5,971.5,710,846,833,843,867,755,755,870,872,759,857,817,782,785,787,798,813,810,803,791,775,794,790,793,805
2023-12-20,772,791.5,776.5,928,772,771,869,805.5,887.5,810.5,1372,1015,1134.5,924,923,833.5,810,841,880,821.5,800,,1011.5,941.5,710,857.5,837,847,871,759,759,874,876,763,862,822,787,790,792,802,817,814,807,795,779,798,794,797,809
2023-12-19,764,791.5,761.5,932.5,763.5,768.5,869.5,789.5,882.5,796.5,1372,1002,1130.5,901,909.5,833.5,810,816,880,,800,,1006.5,910,672.5,832,829,839,863,751,751,866,868,755,853.5,813.5,778.5,781.5,783.5,794,809,806,799,787,771,790,786,789,801
2023-12-18,758.5,791.5,756.5,938.5,750,750,850,783,890,796.5,1372,1002,1140.5,902.5,916.5,828.5,810,810.5,880,807.5,800,,1291.5,905,672.5,835,823.5,833.5,857.5,745.5,745.5,860.5,862.5,749.5,840,800,765,768,770,788.5,803.5,800.5,793.5,781.5,765.5,784.5,780.5,783.5,795.5
2023-12-15,757,776,753.5,928,747,747.5,857.5,763.5,924,771.5,1380,1011,1129,878,910,815,825,819,906.5,805,825,,1167.5,945,672.5,815.5,822,832,856,744,744,859,861,748,837,797,762,765,767,787,802,799,792,780,764,783,779,782,794
2023-12-14,734.5,769,723.5,904.5,737,741.5,855,732,884.5,767.5,1380,998,1124,878,900,793.5,825,814.5,886.5,805,825,,1198.5,935,672.5,819,799.5,809.5,833.5,721.5,721.5,836.5,838.5,725.5,827,787,752,755,757,764.5,779.5,776.5,769.5,757.5,741.5,760.5,756.5,759.5,771.5
2023-12-13,722.5,743.5,748.5,902.5,724,744,858,719.5,929.5,759.5,1380,1000,1112,853,903,813.5,825,804.5,879.5,802,825,,1106,965,672.5,800,787.5,797.5,821.5,709.5,709.5,824.5,826.5,713.5,814,774,739,742,744,752.5,767.5,764.5,757.5,745.5,729.5,748.5,744.5,747.5,759.5
2023-12-12,740.5,762,743.5,899.5,740,741.5,855,706.5,928,734.5,1380,1001,1117,840,910.5,813.5,825,814.5,896.5,792,825,,1111,936.5,672.5,822,805.5,815.5,839.5,727.5,727.5,842.5,844.5,731.5,830,790,755,758,760,770.5,785.5,782.5,775.5,763.5,747.5,766.5,762.5,765.5,777.5
2023-12-11,734.5,757,743.5,897,745,743.5,883,729,936.5,771.5,1380,1006,1124,862,910.5,808.5,825,813,906.5,795,825,,1121,936.5,672.5,819,799.5,809.5,833.5,721.5,721.5,836.5,838.5,725.5,835,795,760,763,765,764.5,779.5,776.5,769.5,757.5,741.5,760.5,756.5,759.5,771.5
2023-12-08,734,756.5,743.5,889.5,746,746,884,726,931.5,777,1390,1010,1120,870,895,810,825,825,911.5,794,825,,1125.5,956.5,752.5,818.5,799,809,833,721,721,836,838,725,836,796,761,764,766,764,779,776,769,757,741,760,756,759,771
2023-12-07,741,763,760,891.5,754.5,749,884,733.5,941.5,777,1390,1073,1120,857.5,887.5,825,870,819.5,911.5,794,855,,1125.5,956.5,672.5,844,806,816,840,728,728,843,845,732,844.5,804.5,769.5,772.5,774.5,771,786,783,776,764,748,767,763,766,778
2023-12-06,751.5,777,760,907.5,771,792.5,903,737.5,948,780,1390,1064,1122.5,857.5,898,830,870,845,916.5,802,855,,1103,986.5,672.5,855,816.5,826.5,850.5,738.5,738.5,853.5,855.5,742.5,861,821,786,789,791,781.5,796.5,793.5,786.5,774.5,758.5,777.5,773.5,776.5,788.5
2023-12-05,756.5,756,721.5,898,775.5,789,902,757,955,816.5,1390,1072,1149,892.5,889.5,823.5,870,844.5,910,815,855,,1109,986.5,672.5,857,821.5,831.5,855.5,743.5,743.5,858.5,860.5,747.5,865.5,825.5,790.5,793.5,795.5,786.5,801.5,798.5,791.5,779.5,763.5,782.5,778.5,781.5,793.5
2023-12-04,765.5,781,786.5,907.5,776,803.5,912,779,957.5,816.5,1392,1070,1149,882.5,904,833.5,870,857,910,815,855,,1089,1056.5,672.5,853.5,830.5,840.5,864.5,752.5,752.5,867.5,869.5,756.5,866,826,791,794,796,795.5,810.5,807.5,800.5,788.5,772.5,791.5,787.5,790.5,802.5
2023-12-01,785.5,817,790,939,805,805,919.5,789.5,984.5,829.5,1392,1067,1159,852,927.5,856.5,860,862.5,923.5,846,855,,1064,991.5,672.5,878.5,850.5,860.5,884.5,772.5,772.5,887.5,889.5,776.5,895,855,820,823,825,815.5,830.5,827.5,820.5,808.5,792.5,811.5,807.5,810.5,822.5
2023-11-30,804.5,813,780,948.5,816,808.5,921.5,820,976.5,830.5,1392,1075,1169,924,921.5,870,870,867.5,903.5,846,870,,1085,986.5,672.5,882.5,869.5,879.5,903.5,791.5,791.5,906.5,908.5,795.5,906,866,831,834,836,834.5,849.5,846.5,839.5,827.5,811.5,830.5,826.5,829.5,841.5
2023-11-29,798,814,800,948,810.5,806,922.5,804.5,975.5,829.5,1392,1076,1162,909.5,920,865,870,876,913.5,854,870,,1084.5,990,672.5,880.5,863,873,897,785,785,900,902,789,900.5,860.5,825.5,828.5,830.5,828,843,840,833,821,805,824,820,823,835
2023-11-28,789,801,771.5,939.5,806,801.5,922.5,810,971,841.5,1393,1075,1159,910,915,850,870,869,926.5,885,870,,1081.5,990,672.5,868,854,864,888,776,776,891,893,780,896,856,821,824,826,819,834,831,824,812,796,815,811,814,826
2023-11-27,792,811,776.5,929,802,801.5,925,807,975.5,841.5,1393,1075,1161.5,906,910,845,870,870.5,926.5,880,870,,1086.5,985,672.5,873,857,867,891,779,779,894,896,783,892,852,817,820,822,822,837,834,827,815,799,818,814,817,829
2023-11-24,795,825,800,934,806.5,803,932.5,811.5,961.5,841.5,1393,1075,1156.5,890,917,863.5,870,864,946.5,890,870,,1126.5,995,672.5,878.5,860,870,894,782,782,897,899,786,896.5,856.5,821.5,824.5,826.5,825,840,837,830,818,802,821,817,820,832
2023-11-23,800,833,796.5,958,803,808.5,930.5,812,956,851.5,1393,1074,1156.5,890,922.5,880,885,866.5,956.5,890,880,,1134,990,672.5,874,865,875,899,787,787,902,904,791,893,853,818,821,823,830,845,842,835,823,807,826,822,825,837
2023-11-22,808,818,786.5,959,811.5,801.5,925.5,810.5,953.5,851.5,1393,1078,1156.5,890,930,880,885,868,956.5,890,880,,1141.5,975,672.5,869.5,873,883,907,795,795,910,912,799,901.5,861.5,826.5,829.5,831.5,838,853,850,843,831,815,834,830,833,845
2023-11-21,796.5,821,770,955.5,804,787.5,921.5,803,954.5,851.5,1395,1077,1161.5,905.5,923.5,886.5,870,854,961.5,890,865,,1131.5,971.5,672.5,864.5,861.5,871.5,895.5,783.5,783.5,898.5,900.5,787.5,894,854,819,822,824,826.5,841.5,838.5,831.5,819.5,803.5,822.5,818.5,821.5,833.5
2023-11-20,782.5,811,780,953.5,793.5,813,916.5,810,951,851.5,1395,1077,1181.5,881,910,871.5,870,856,961.5,890,865,,1106.5,1011.5,672.5,859,847.5,857.5,881.5,769.5,769.5,884.5,886.5,773.5,883.5,843.5,808.5,811.5,813.5,812.5,827.5,824.5,817.5,805.5,789.5,808.5,804.5,807.5,819.5
2023-11-17,779.5,805,766.5,947.5,777.5,796.5,916.5,809,961.5,861.5,1395,1082,1156.5,881,915,866.5,845,850.5,936.5,890,850,,1106.5,1011.5,672.5,850,844.5,854.5,878.5,766.5,766.5,881.5,883.5,770.5,867.5,827.5,792.5,795.5,797.5,809.5,824.5,821.5,814.5,802.5,786.5,805.5,801.5,804.5,816.5
2023-11-16,806.5,827,790,962.5,811.5,797.5,939,837,1006.5,886.5,1397,1080,1176.5,910,924,891.5,880,868.5,951.5,890,870,,1106.5,1006.5,672.5,886.5,871.5,881.5,905.5,793.5,793.5,908.5,910.5,797.5,901.5,861.5,826.5,829.5,831.5,836.5,851.5,848.5,841.5,829.5,813.5,832.5,828.5,831.5,843.5
2023-11-15,796.5,842,805,961,796.5,813.5,939,834.5,1004.5,886.5,1397,1080,1176.5,915,919,891.5,880,868.5,951.5,890,870,,1101.5,1001.5,672.5,854,861.5,871.5,895.5,783.5,783.5,898.5,900.5,787.5,886.5,846.5,811.5,814.5,816.5,826.5,841.5,838.5,831.5,819.5,803.5,822.5,818.5,821.5,833.5
2023-11-14,797.5,807,800,961,801.5,783.5,929,839.5,993.5,886.5,1397,1069,1181.5,902,921.5,881.5,880,873,951.5,890,870,,1096.5,1001.5,672.5,846.5,862.5,872.5,896.5,784.5,784.5,899.5,901.5,788.5,891.5,851.5,816.5,819.5,821.5,827.5,842.5,839.5,832.5,820.5,804.5,823.5,819.5,822.5,834.5
2023-11-13,774.5,784.5,780,940.5,788,796.5,925.5,828.5,988,873.5,1397,1069,1171.5,905,910.5,861.5,880,857,926.5,863,870,,1096.5,1006.5,672.5,843,839.5,849.5,873.5,761.5,761.5,876.5,878.5,765.5,878,838,803,806,808,804.5,819.5,816.5,809.5,797.5,781.5,800.5,796.5,799.5,811.5
2023-11-10,778.5,792,790,927,780.5,792.5,903,845.5,959,861.5,1397,1074,1168.5,868,925.5,866.5,880,874.5,936.5,855,870,,1061.5,1031.5,672.5,855.5,843.5,853.5,877.5,765.5,765.5,880.5,882.5,769.5,870.5,830.5,795.5,798.5,800.5,808.5,823.5,820.5,813.5,801.5,785.5,804.5,800.5,803.5,815.5
2023-11-09,785.5,788,801.5,931.5,789,847.5,920,837,957,876.5,1397,1077,1168.5,884,928,868.5,880,869.5,966.5,855,870,,1163.5,991.5,672.5,861,850.5,860.5,884.5,772.5,772.5,887.5,889.5,776.5,879,839,804,807,809,815.5,830.5,827.5,820.5,808.5,792.5,811.5,807.5,810.5,822.5
2023-11-08,805,827,811.5,941,806.5,857.5,915,860.5,999,891.5,1397,1080,1175,934,937,883.5,880,895.5,966.5,855,870,,1161,991.5,672.5,872,870,880,904,792,792,907,909,796,896.5,856.5,821.5,824.5,826.5,835,850,847,840,828,812,831,827,830,842
2023-11-07,834.5,839.5,845,956.5,836,844,924,884,995.5,891.5,1397,1070.5,1176.5,934,950,911.5,940,907,980,875,905,,1213.5,995,672.5,904,899.5,909.5,933.5,821.5,821.5,936.5,938.5,825.5,926,886,851,854,856,864.5,879.5,876.5,869.5,857.5,841.5,860.5,856.5,859.5,871.5
2023-11-06,844,875,845,951,849.5,865.5,934.5,894.5,1024.5,941.5,1397,1070.5,1206.5,949,953.5,906.5,940,918.5,995,905,905,,1201,1005,672.5,940.5,909,919,943,831,831,946,948,835,939.5,899.5,864.5,867.5,869.5,874,889,886,879,867,851,870,866,869,881
2023-11-03,866,880,855,971,876.5,862.5,936.5,912.5,1038,945.5,1397,1044.5,1226.5,961,977.5,920,935,925,999,922,905,,1248.5,1005,672.5,940.5,931,941,965,853,853,968,970,857,966.5,926.5,891.5,894.5,896.5,896,911,908,901,889,873,892,888,891,903
2023-11-02,854,873.5,841.5,977.5,862.5,843.5,946.5,902.5,1030.5,939.5,1397,1044.5,1226.5,970,972.5,910,915,914,999,922,905,,1223.5,1015,672.5,925,919,929,953,841,841,956,958,845,952.5,912.5,877.5,880.5,882.5,884,899,896,889,877,861,880,876,879,891
2023-11-01,848,869,861.5,977.5,854,837.5,944,891.5,1042,945.5,1397,1037.5,1212,958,970,915,915,912.5,999,922,905,,1207,1000,672.5,928.5,913,923,947,835,835,950,952,839,944,904,869,872,874,878,893,890,883,871,855,874,870,873,885
2023-10-31,853,855,850,957.5,852.5,872.5,956,880,1035,955,1397,1047.5,1230.5,966,963,911.5,945,895.5,1012,920,935,,1198.5,1005,672.5,937,918,928,952,840,840,955,957,844,942.5,902.5,867.5,870.5,872.5,883,898,895,888,876,860,879,875,878,890
2023-10-30,861,880,855,961,861,882.5,946,886.5,1045,955,1377,1058.5,1201.5,971,961,921.5,945,924.5,1012,920,935,,1198.5,1005,672.5,943.5,926,936,960,848,848,963,965,852,951,911,876,879,881,891,906,903,896,884,868,887,883,886,898
2023-10-27,878.5,891.5,853.5,964,878,907.5,954,902.5,1060,951.5,1377,1046.5,1210.5,946,957.5,915,945,948,1040,931,945,,1180.5,1005,672.5,952.5,943.5,953.5,977.5,865.5,865.5,980.5,982.5,869.5,968,928,893,896,898,908.5,923.5,920.5,913.5,901.5,885.5,904.5,900.5,903.5,915.5
2023-10-26,868,878.5,851.5,964,868.5,907.5,964.5,910,1063,956.5,1377,1048.5,1210.5,949.5,958,920,945,946,1005,931,955,,1190,1005,672.5,945,933,943,967,855,855,970,972,859,958.5,918.5,883.5,886.5,888.5,898,913,910,903,891,875,894,890,893,905
2023-10-25,863,901,856.5,943.5,865,907.5,976,923.5,1062,951.5,1377,1046.5,1216.5,949.5,947,920,945,957,1020,930,955,,1189,985,672.5,938.5,928,938,962,850,850,965,967,854,955,915,880,883,885,893,908,905,898,886,870,889,885,888,900
2023-10-24,877,908.5,875,943.5,871.5,907.5,980.5,927.5,1066,951.5,1377,1048,1226.5,952.5,951.5,911.5,975,971,1025,972,975,,1192,970,672.5,956,942,952,976,864,864,979,981,868,961.5,921.5,886.5,889.5,891.5,907,922,919,912,900,884,903,899,902,914
2023-10-23,897.5,922,870,956,896.5,,982.5,943.5,1071.5,971.5,1377,1041,1231.5,989,969.5,966.5,975,965,1030,980,975,,1167,1005,672.5,972.5,962.5,972.5,996.5,884.5,884.5,999.5,1001.5,888.5,986.5,946.5,911.5,914.5,916.5,927.5,942.5,939.5,932.5,920.5,904.5,923.5,919.5,922.5,934.5
2023-10-20,899,911,870,965,901,882.5,987,955.5,1084,1001.5,1377,983,1251.5,1006.5,978,966.5,975,971,1036.5,985,975,,1191,1005,672.5,971.5,964,974,998,886,886,1001,1003,890,991,951,916,919,921,929,944,941,934,922,906,925,921,924,936
2023-10-19,886.5,920,886.5,956.5,885,927.5,979.5,938.5,1080,981.5,1377,983,1231.5,1006.5,961,950,970,966,1036.5,985,965,,1191,1005,672.5,970,951.5,961.5,985.5,873.5,873.5,988.5,990.5,877.5,975,935,900,903,905,916.5,931.5,928.5,921.5,909.5,893.5,912.5,908.5,911.5,923.5
2023-10-18,903.5,915,881.5,964.5,896,892.5,987,945,1084,1001.5,1377,986,1238,982.5,964,960,970,955,1036.5,990,965,,1191,1135,672.5,977,968.5,978.5,1002.5,890.5,890.5,1005.5,1007.5,894.5,986,946,911,914,916,933.5,948.5,945.5,938.5,926.5,910.5,929.5,925.5,928.5,940.5
2023-10-17,897,914,900,966.5,893.5,927.5,982.5,951.5,1078.5,1004.5,1377,982,1236.5,990,959,953.5,965,956,1030,983,965,,1217.5,1135,672.5,971.5,962,972,996,884,884,999,1001,888,983.5,943.5,908.5,911.5,913.5,927,942,939,932,920,904,923,919,922,934
2023-10-16,911.5,918,895,966.5,908,902.5,984,958.5,1108,1006.5,1377,982,1254,1035,960,978.5,965,961.5,1030,980,965,,1205,980,672.5,966,976.5,986.5,1010.5,898.5,898.5,1013.5,1015.5,902.5,998,958,923,926,928,941.5,956.5,953.5,946.5,934.5,918.5,937.5,933.5,936.5,948.5
2023-10-13,889,911,875,954,894,,961.5,914,1132.5,958.5,1377,984,1236.5,986.5,954.5,920,955,939.5,1000,965,950,,1209.5,985,832.5,969,954,964,988,876,876,991,993,880,984,944,909,912,914,919,934,931,924,912,896,915,911,914,926
2023-10-12,883.5,911,875,946,871,902.5,961.5,896,1127.5,958.5,1377,977,1226.5,945.5,935.5,920,955,927,1000,965,950,,1209.5,985,832.5,937,948.5,958.5,982.5,870.5,870.5,985.5,987.5,874.5,961,921,886,889,891,913.5,928.5,925.5,918.5,906.5,890.5,909.5,905.5,908.5,920.5
2023-10-11,888.5,901,860,950.5,882,882.5,969,899,1146,973.5,1377,977,1219,933,941,950,955,937.5,1010,960,950,,1205,1000,672.5,926.5,953.5,963.5,987.5,875.5,875.5,990.5,992.5,879.5,972,932,897,900,902,918.5,933.5,930.5,923.5,911.5,895.5,914.5,910.5,913.5,925.5
2023-10-10,869.5,929,870,960,890,887.5,964.5,894.5,1144,993.5,1377,963,1219,967.5,927,923.5,895,921,1014.5,970,895,,1209.5,1003.5,672.5,935.5,934.5,944.5,968.5,856.5,856.5,971.5,973.5,860.5,980,940,905,908,910,899.5,914.5,911.5,904.5,892.5,876.5,895.5,891.5,894.5,906.5
2023-10-09,890.5,848.5,835,930,893,,929,872,1110,923.5,1377,959,1215,927.5,933,903.5,895,939,986.5,1000,895,,1177.5,1003.5,672.5,924.5,955.5,965.5,989.5,877.5,877.5,992.5,994.5,881.5,983,943,908,911,913,920.5,935.5,932.5,925.5,913.5,897.5,916.5,912.5,915.5,927.5
2023-10-06,848.5,848.5,835,930,867,,929,872.5,1110,923.5,1377,962,1202.5,927.5,918.5,903.5,895,932.5,986.5,1000,895,,1177.5,1003.5,672.5,909.5,913.5,923.5,947.5,835.5,835.5,950.5,952.5,839.5,957,917,882,885,887,878.5,893.5,890.5,883.5,871.5,855.5,874.5,870.5,873.5,885.5
2023-10-05,871.5,928.5,925,950,863,,995,917.5,1173,1013.5,1377,966,1202.5,927.5,943.5,993.5,985,962,1046.5,1000,985,,1207.5,1003.5,672.5,894,936.5,946.5,970.5,858.5,858.5,973.5,975.5,862.5,953,913,878,881,883,901.5,916.5,913.5,906.5,894.5,878.5,897.5,893.5,896.5,908.5
2023-10-04,928.5,928.5,925,977.5,921.5,,995,951.5,1173,1013.5,1377,973,1223.5,992.5,966,993.5,985,989,1046.5,1000,985,,1207.5,1003.5,672.5,956,993.5,1003.5,1027.5,915.5,915.5,1030.5,1032.5,919.5,1011.5,971.5,936.5,939.5,941.5,958.5,973.5,970.5,963.5,951.5,935.5,954.5,950.5,953.5,965.5
2023-10-03,939.5,958,945,1006.5,946.5,,1015,984.5,1193,1041.5,1377,981,1236.5,982.5,973,1003.5,1000,1013.5,1055,1030,1015,,1230.5,1003.5,672.5,995.5,1004.5,1014.5,1038.5,926.5,926.5,1041.5,1043.5,930.5,1036.5,996.5,961.5,964.5,966.5,969.5,984.5,981.5,974.5,962.5,946.5,965.5,961.5,964.5,976.5
2023-10-02,971,978,945,990.5,972,,1029,1007.5,1194,1046.5,1377,991,1239,1022.5,977.5,1003.5,1000,1025.5,1070,1060,1015,,1245.5,1003.5,672.5,1014.5,1036,1046,1070,958,958,1073,1075,962,1062,1022,987,990,992,1001,1016,1013,1006,994,978,997,993,996,1008
2023-09-29,973,985,945,990.5,984,967.5,1044,1030,1197,1036.5,1377,984,1251.5,1077.5,994,1003.5,1000,1031,1076.5,1110,1015,,1235,1003.5,672.5,1014.5,1038,1048,1072,960,960,1075,1077,964,1074,1034,999,1002,1004,1003,1018,1015,1008,996,980,999,995,998,1010
2023-09-28,959,969,950,990.5,967,957.5,1044,1022,1197,1036.5,1377,988,1241.5,1055.5,975.5,1015,1000,1015.5,1076.5,1110,1015,,1256,993.5,672.5,982,1024,1034,1058,946,946,1061,1063,950,1057,1017,982,985,987,989,1004,1001,994,982,966,985,981,984,996
2023-09-27,942,959,935,966.5,944.5,932.5,1044,1008.5,1197,1036.5,1377,998,1241.5,1037.5,969.5,970,1000,1023,1076.5,1110,1015,,1256,1008.5,672.5,992,1007,1017,1041,929,929,1044,1046,933,1034.5,994.5,959.5,962.5,964.5,972,987,984,977,965,949,968,964,967,979
2023-09-26,929.5,954.5,940,956,935,957.5,1044.5,1004,1206,1026.5,1377,990,1236.5,1027.5,965,966.5,1035,1019,1071.5,1095,1035,,1233.5,995,672.5,978,994.5,1004.5,1028.5,916.5,916.5,1031.5,1033.5,920.5,1025,985,950,953,955,959.5,974.5,971.5,964.5,952.5,936.5,955.5,951.5,954.5,966.5
2023-09-25,954.5,962,955,957,970,982.5,1052,1019.5,1231,1036.5,1377,999,1239,1056,980,966.5,1036,1029.5,1066.5,1162,1035,,1230,1015,672.5,1007.5,1019.5,1029.5,1053.5,941.5,941.5,1056.5,1058.5,945.5,1060,1020,985,988,990,984.5,999.5,996.5,989.5,977.5,961.5,980.5,976.5,979.5,991.5
2023-09-22,955,962,956.5,954.5,974.5,967.5,1064.5,1013,1257.5,1046.5,1375,997,1254,1094,982.5,993.5,1036,1036,1083.5,1180,1035,,1225.5,1005,672.5,1015.5,1020,1030,1054,942,942,1057,1059,946,1064.5,1024.5,989.5,992.5,994.5,985,1000,997,990,978,962,981,977,980,992
2023-09-21,948.5,967,958.5,956,971,967.5,1060.5,1019,1229.5,1056.5,1363,1011,1263.5,1103,975,986.5,1016,1022.5,1063.5,1180,1005,,1218.5,1005,672.5,1002,1013.5,1023.5,1047.5,935.5,935.5,1050.5,1052.5,939.5,1061,1021,986,989,991,978.5,993.5,990.5,983.5,971.5,955.5,974.5,970.5,973.5,985.5
2023-09-20,941,962,963.5,956,969.5,972.5,1063,1012,1237,1041.5,1363,1009,1249,1045,977,991.5,1016,1026.5,1063.5,1173,1005,,1236,1022.5,672.5,995,1006,1016,1040,928,928,1043,1045,932,1059.5,1019.5,984.5,987.5,989.5,971,986,983,976,964,948,967,963,966,978
2023-09-19,952,959.5,961.5,961.5,965.5,972.5,1053,1006.5,1232.5,1081.5,1363,1010,1257.5,1076,975.5,978.5,1056,1029,1076.5,1175,1050,,1218.5,1027.5,672.5,1000.5,1017,1027,1051,939,939,1054,1056,943,1055.5,1015.5,980.5,983.5,985.5,982,997,994,987,975,959,978,974,977,989
2023-09-18,968.5,972,961.5,967.5,975.5,1002.5,1074,1032,1257.5,1061.5,1363,1007,1261.5,1064.5,983.5,998.5,1056,1042.5,1076.5,1267,1050,,1202.5,1022.5,672.5,1012.5,1033.5,1043.5,1067.5,955.5,955.5,1070.5,1072.5,959.5,1065.5,1025.5,990.5,993.5,995.5,998.5,1013.5,1010.5,1003.5,991.5,975.5,994.5,990.5,993.5,1005.5
2023-09-15,981,975,971.5,981,995.5,982.5,1068,1035.5,1263.5,1061.5,1363,1007,1271.5,1069.5,986,1031.5,1056,1040,1076.5,1267,1050,,1163.5,1022.5,672.5,1035,1046,1056,1080,968,968,1083,1085,972,1085.5,1045.5,1010.5,1013.5,1015.5,1011,1026,1023,1016,1004,988,1007,1003,1006,1018
2023-09-14,963.5,979,945,978.5,990,982.5,1058,1026,1245.5,1081.5,1360,998,1254,1098,984.5,1018.5,1036,1037.5,1066.5,1267,1030,,1160,1022.5,672.5,1031.5,1028.5,1038.5,1062.5,950.5,950.5,1065.5,1067.5,954.5,1080,1040,1005,1008,1010,993.5,1008.5,1005.5,998.5,986.5,970.5,989.5,985.5,988.5,1000.5
2023-09-13,955,953,960,964.5,973,982.5,1042,1008,1240.5,1061.5,1350,991,1244,1085,971,988.5,1036,1027.5,1056.5,1267,1030,,1158,1017.5,672.5,1017.5,1020,1030,1054,942,942,1057,1059,946,1063,1023,988,991,993,985,1000,997,990,978,962,981,977,980,992
2023-09-12,959,967,945,964.5,968.5,972.5,1062,1012,1215,1038.5,1350,994,1234,1068,974.5,991.5,1031,1025.5,1066.5,1230,1025,,1150.5,1012.5,672.5,1024,1024,1034,1058,946,946,1061,1063,950,1058.5,1018.5,983.5,986.5,988.5,989,1004,1001,994,982,966,985,981,984,996
2023-09-11,949,947,945,956.5,970,952.5,1022,1005.5,1195,1038.5,1317,985,1201.5,1046,971.5,996.5,1030,1016,1066.5,1230,1025,,1158,1001.5,672.5,1010,1014,1024,1048,936,936,1051,1053,940,1060,1020,985,988,990,979,994,991,984,972,956,975,971,974,986
2023-09-08,940.5,950,941.5,961.5,951.5,932.5,987,980,1190,1008.5,1317,987,1201.5,1046,961.5,978.5,995,996,1036.5,1230,995,,1155,992.5,672.5,1000.5,1005.5,1015.5,1039.5,927.5,927.5,1042.5,1044.5,931.5,1041.5,1001.5,966.5,969.5,971.5,970.5,985.5,982.5,975.5,963.5,947.5,966.5,962.5,965.5,977.5
2023-09-07,931,957,931.5,976.5,922,932.5,989,964,1203,1008.5,1317,987,1196.5,1029.5,956,978.5,990,988,1026.5,1230,985,,1151,992.5,672.5,982,996,1006,1030,918,918,1033,1035,922,1012,972,937,940,942,961,976,973,966,954,938,957,953,956,968
2023-09-06,935.5,937,941.5,976.5,942,932.5,984,961.5,1178,1008.5,1317,988,1196.5,1011,952.5,998.5,990,981,1026.5,1230,985,,1161,997.5,672.5,985,1000.5,1010.5,1034.5,922.5,922.5,1037.5,1039.5,926.5,1032,992,957,960,962,965.5,980.5,977.5,970.5,958.5,942.5,961.5,957.5,960.5,972.5
2023-09-05,919.5,921,961.5,972.5,930,927.5,982,967.5,1181.5,994.5,1285,998,1175.5,1011,942.5,990,974.5,975.5,1035,1230,975,,1162.5,1002.5,672.5,980.5,984.5,994.5,1018.5,906.5,906.5,1021.5,1023.5,910.5,1020,980,945,948,950,949.5,964.5,961.5,954.5,942.5,926.5,945.5,941.5,944.5,956.5
2023-09-04,913.5,921,946.5,968.5,922,927.5,978,957.5,1178,991.5,1285,995,1170.5,994.5,947.5,965,974.5,975.5,1010,1185,975,,1152.5,977.5,672.5,976,978.5,988.5,1012.5,900.5,900.5,1015.5,1017.5,904.5,1012,972,937,940,942,943.5,958.5,955.5,948.5,936.5,920.5,939.5,935.5,938.5,950.5
2023-09-01,916.5,909,966.5,959.5,918,,978,953.5,1162,991.5,1275,997,1180.5,994.5,944,966.5,974.5,978,1010,1185,975,,1152.5,1022.5,672.5,984,981.5,991.5,1015.5,903.5,903.5,1018.5,1020.5,907.5,1008,968,933,936,938,946.5,961.5,958.5,951.5,939.5,923.5,942.5,938.5,941.5,953.5
2023-08-31,907,904,951.5,966.5,902.5,942.5,976,948,1166.5,994.5,1275,1008,1180.5,1016,948,966.5,984.5,972.5,1005,1185,985,,1162.5,1022.5,672.5,978,972,982,1006,894,894,1009,1011,898,992.5,952.5,917.5,920.5,922.5,937,952,949,942,930,914,933,929,932,944
2023-08-30,924,919,956.5,964.5,927.5,947.5,981,970,1163,991.5,1275,1007,1179,1016,951.5,966.5,984.5,984,1010,1170,985,,1152.5,1011.5,672.5,986,989,999,1023,911,911,1026,1028,915,1017.5,977.5,942.5,945.5,947.5,954,969,966,959,947,931,950,946,949,961
2023-08-29,924,915.5,975,966,928,947.5,985,961.5,1128,1006.5,1229,1002,1179,1016,948.5,935,984.5,978.5,1013.5,1170,985,,1160,1011.5,672.5,985.5,989,999,1023,911,911,1026,1028,915,1018,978,943,946,948,954,969,966,959,947,931,950,946,949,961
2023-08-28,931,943,930,986,932.5,937.5,974.5,956.5,1102,1006.5,1229,1005,1166.5,1027,976.5,965,984.5,981.5,1013.5,1160,985,,1160,1016.5,672.5,998.5,996,1006,1030,918,918,1033,1035,922,1022.5,982.5,947.5,950.5,952.5,961,976,973,966,954,938,957,953,956,968
2023-08-25,908.5,913,915,956,924.5,937.5,964,940,1080.5,1013.5,1219,1006,1136.5,1020,959,978.5,954.5,946,1011.5,1116,955,,1166,1016.5,672.5,982.5,973.5,983.5,1007.5,895.5,895.5,1010.5,1012.5,899.5,1014.5,974.5,939.5,942.5,944.5,938.5,953.5,950.5,943.5,931.5,915.5,934.5,930.5,933.5,945.5
2023-08-24,895.5,909,908.5,948.5,909.5,937.5,962.5,940.5,1081.5,993.5,1205,1001,1131.5,1000.5,948,911.5,949.5,999,996.5,1116,950,,1179.5,1021.5,672.5,969,960.5,970.5,994.5,882.5,882.5,997.5,999.5,886.5,999.5,959.5,924.5,927.5,929.5,925.5,940.5,937.5,930.5,918.5,902.5,921.5,917.5,920.5,932.5
2023-08-23,892,909,898.5,946,902,922.5,969,937.5,1079,978.5,1205,984,1133.5,994,952.5,941.5,949.5,996.5,996.5,1110,950,,1162,1021.5,672.5,973,957,967,991,879,879,994,996,883,992,952,917,920,922,922,937,934,927,915,899,918,914,917,929
2023-08-22,892,896.5,896.5,952.5,899.5,927.5,965.5,942,1076.5,975,1175,976,1128.5,994,949,930,970,968,991.5,1115,965,,1166.5,991.5,672.5,969.5,957,967,991,879,879,994,996,883,989.5,949.5,914.5,917.5,919.5,922,937,934,927,915,899,918,914,917,929
2023-08-21,907.5,919,896.5,965,914.5,922.5,973,952,1079,985,1175,979,1131.5,999,959,965,970,971.5,996.5,1115,965,,1151.5,991.5,672.5,977.5,972.5,982.5,1006.5,894.5,894.5,1009.5,1011.5,898.5,1004.5,964.5,929.5,932.5,934.5,937.5,952.5,949.5,942.5,930.5,914.5,933.5,929.5,932.5,944.5
2023-08-18,897,915.5,881.5,966.5,903,907.5,971,942.5,1074,965,1154,977,1085,987,954,968.5,970,968,990,1045,970,,1162.5,991.5,672.5,960.5,962,972,996,884,884,999,1001,888,993,953,918,921,923,927,942,939,932,920,904,923,919,922,934
2023-08-17,889.5,906.5,891.5,960,895.5,897.5,965,930.5,1070,985,1115,978,1085,974,947,955,970,946,995,1045,965,,1164.5,991.5,672.5,952.5,954.5,964.5,988.5,876.5,876.5,991.5,993.5,880.5,985.5,945.5,910.5,913.5,915.5,919.5,934.5,931.5,924.5,912.5,896.5,915.5,911.5,914.5,926.5
2023-08-16,896,899,891.5,962.5,886,902.5,964.5,931.5,1064,965,1115,977,1079,974,943.5,935,970,965,990,1022,965,,1177,991.5,672.5,950.5,961,971,995,883,883,998,1000,887,976,936,901,904,906,926,941,938,931,919,903,922,918,921,933
2023-08-15,915,920,901.5,971.5,892.5,922.5,962,923,1066,961.5,1095,798,1084,985,964,948.5,970,984,1003.5,1019,965,,1152,981.5,672.5,971,980,990,1014,902,902,1017,1019,906,982.5,942.5,907.5,910.5,912.5,945,960,957,950,938,922,941,937,940,952
2023-08-14,920,925,901.5,971.5,899,922.5,971,943,1061,971.5,1095,806,1098.5,982,965,948.5,970,979.5,993.5,1035,965,,1147,981.5,672.5,966,985,995,1019,907,907,1022,1024,911,989,949,914,917,919,950,965,962,955,943,927,946,942,945,957
2023-08-11,923.5,923,925,982,909,902.5,981.5,949.5,1054.5,988.5,1070,812,1101,1013,968,946.5,955,978,1003.5,1035,950,,1143,981.5,672.5,959,988.5,998.5,1022.5,910.5,910.5,1025.5,1027.5,914.5,999,959,924,927,929,953.5,968.5,965.5,958.5,946.5,930.5,949.5,945.5,948.5,960.5
2023-08-10,944,931,923.5,964,916,902.5,975.5,952.5,1052.5,963.5,1045,805,1101,1008.5,976.5,1006.5,955,983,1003.5,1035,950,,1163,981.5,672.5,965,1009,1019,1043,931,931,1046,1048,935,1006,966,931,934,936,974,989,986,979,967,951,970,966,969,981
2023-08-09,902,896,883.5,956.5,901.5,905,963,941.5,1036,963.5,1045,802,1099,991,951.5,946.5,955,950.5,1003.5,1035,950,,1148,981.5,692.5,952,967,977,1001,889,889,1004,1006,893,991.5,951.5,916.5,919.5,921.5,932,947,944,937,925,909,928,924,927,939
2023-08-08,887,909.5,891.5,915.5,872,907.5,944.5,923,1026.5,955,1045,805,1099,948.5,940.5,928.5,955,956,989,1010,950,,1141,990,692.5,935.5,952,962,986,874,874,989,991,878,962,922,887,890,892,917,932,929,922,910,894,913,909,912,924
2023-08-07,897,902,906.5,938.5,891.5,907.5,932,920.5,969,955,1045,811,1084,972.5,949,948.5,955,955.5,987,1010,950,,1131,985,692.5,960,962,972,996,884,884,999,1001,888,981.5,941.5,906.5,909.5,911.5,927,942,939,932,920,904,923,919,922,934
2023-08-04,904,908.5,885,949.5,901.5,907.5,924,919,950,958.5,1039,808,1082.5,974,954,960,965,957.5,983.5,1002,960,,1114,990,692.5,955.5,969,979,1003,891,891,1006,1008,895,991.5,951.5,916.5,919.5,921.5,934,949,946,939,927,911,930,926,929,941
2023-08-03,897.5,909.5,900,992.5,876.5,890,920,912.5,958,953.5,1009,819,1090,948,937.5,908.5,940,957,978.5,1002,940,,1120.5,985,692.5,961.5,962.5,972.5,996.5,884.5,884.5,999.5,1001.5,888.5,966.5,926.5,891.5,894.5,896.5,927.5,942.5,939.5,932.5,920.5,904.5,923.5,919.5,922.5,934.5
2023-08-02,902,912,885,989.5,889.5,887.5,920,922,955,953.5,1009,824,1065,963,947,943.5,940,928,953.5,1002,940,,1098,990,692.5,945.5,967,977,1001,889,889,1004,1006,893,979.5,939.5,904.5,907.5,909.5,932,947,944,937,925,909,928,924,927,939
2023-08-01,885.5,889,855,972.5,879,887.5,918.5,898,939,903.5,999,830,1052.5,965,935,911.5,910,930.5,946.5,920,905,,1097,1018.5,692.5,932,950.5,960.5,984.5,872.5,872.5,987.5,989.5,876.5,969,929,894,897,899,915.5,930.5,927.5,920.5,908.5,892.5,911.5,907.5,910.5,922.5
2023-07-31,866.5,879,820,956.5,853,832.5,908.5,874,934,903.5,999,832,1052.5,925,914,906.5,910,905.5,946.5,920,905,,1072,998.5,692.5,902.5,931.5,941.5,965.5,853.5,853.5,968.5,970.5,857.5,943,903,868,871,873,896.5,911.5,908.5,901.5,889.5,873.5,892.5,888.5,891.5,903.5
2023-07-28,854,881,811.5,930.5,859.5,837.5,899.5,862,897,903.5,999,833,1075,925,903.5,901.5,860,891.5,906.5,920,860,,1068,938.5,,893,919,929,953,841,841,956,958,845,949.5,909.5,874.5,877.5,879.5,884,899,896,889,877,861,880,876,879,891
2023-07-27,841.5,846,781.5,914,837.5,797.5,879.5,839,892,903.5,999,830,1075,883,888.5,871.5,860,882.5,906.5,920,860,,1049.5,938.5,,872,906.5,916.5,940.5,828.5,828.5,943.5,945.5,832.5,927.5,887.5,852.5,855.5,857.5,871.5,886.5,883.5,876.5,864.5,848.5,867.5,863.5,866.5,878.5
2023-07-26,823.5,812.5,781.5,917.5,807,837.5,882,826.5,884.5,828.5,999,828,1065.5,883,873.5,871.5,860,861.5,876.5,890,860,,1137,938.5,,864.5,888.5,898.5,922.5,810.5,810.5,925.5,927.5,814.5,897,857,822,825,827,853.5,868.5,865.5,858.5,846.5,830.5,849.5,845.5,848.5,860.5
2023-07-25,820,822.5,761.5,899.5,814.5,832.5,867,826.5,874.5,828.5,1003,829,1065.5,865,875.5,861.5,860,861,876.5,890,860,,1062,905,,848,885,895,919,807,807,922,924,811,904.5,864.5,829.5,832.5,834.5,850,865,862,855,843,827,846,842,845,857
2023-07-24,808.5,802,751.5,912,801,797.5,847,803.5,862,828.5,1003,825,1049,881,864,841.5,860,849,876.5,890,860,,1042,905,,851.5,873.5,883.5,907.5,795.5,795.5,910.5,912.5,799.5,891,851,816,819,821,838.5,853.5,850.5,843.5,831.5,815.5,834.5,830.5,833.5,845.5
2023-07-21,788,780.5,731.5,913.5,776.5,772.5,821,780,845.5,814,1003,822,1041.5,858,847.5,826.5,800,824.5,827.5,875,790,,1029,920,,831.5,853,863,887,775,775,890,892,779,866.5,826.5,791.5,794.5,796.5,818,833,830,823,811,795,814,810,813,825
2023-07-20,779.5,777.5,718.5,899.5,767.5,767.5,830,778,849.5,824,1003,820,1035.5,833,845,830,800,820,827.5,875,790,,1015,920,,820,844.5,854.5,878.5,766.5,766.5,881.5,883.5,770.5,857.5,817.5,782.5,785.5,787.5,809.5,824.5,821.5,814.5,802.5,786.5,805.5,801.5,804.5,816.5
2023-07-19,771.5,767.5,723.5,911.5,758,747.5,815,773,839.5,824,999,820,1032.5,837,838.5,810,800,808,827.5,875,790,,1050,900,,811,836.5,846.5,870.5,758.5,758.5,873.5,875.5,762.5,848,808,773,776,778,801.5,816.5,813.5,806.5,794.5,778.5,797.5,793.5,796.5,808.5
2023-07-18,767.5,748.5,745,879.5,748.5,747.5,807,768.5,834.5,824,999,816,1032.5,815,835.5,798.5,800,804.5,827.5,875,790,,1023,905,,797,832.5,842.5,866.5,754.5,754.5,869.5,871.5,758.5,838.5,798.5,763.5,766.5,768.5,797.5,812.5,809.5,802.5,790.5,774.5,793.5,789.5,792.5,804.5
2023-07-17,759.5,773.5,720,882.5,747.5,,812,778.5,839.5,824,999,821,1044,809,841.5,803.5,800,814,827.5,875,790,,1023,915,,802.5,824.5,834.5,858.5,746.5,746.5,861.5,863.5,750.5,837.5,797.5,762.5,765.5,767.5,789.5,804.5,801.5,794.5,782.5,766.5,785.5,781.5,784.5,796.5
2023-07-14,768.5,753.5,730,895,760.5,767.5,796,772.5,854.5,824,999,820,1044,835,844,813.5,800,810,827.5,875,795,,1023,915,,810.5,833.5,843.5,867.5,755.5,755.5,870.5,872.5,759.5,850.5,810.5,775.5,778.5,780.5,798.5,813.5,810.5,803.5,791.5,775.5,794.5,790.5,793.5,805.5
2023-07-13,767,770.5,725,900,759.5,767.5,796,764,865.5,808,999,819,1044,824,846,811.5,800,814.5,838.5,875,795,,1024.5,915,,803,832,842,866,754,754,869,871,758,849.5,809.5,774.5,777.5,779.5,797,812,809,802,790,774,793,789,792,804
2023-07-12,761,758,720,884.5,758,762.5,796,764.5,838,804,999,806,1049.5,822,831.5,806.5,800,804.5,827.5,895,795,,1006,885,,793.5,826,836,860,748,748,863,865,752,848,808,773,776,778,791,806,803,796,784,768,787,783,786,798
2023-07-11,746.5,743,721.5,870.5,743.5,762.5,788.5,749,853.5,802.5,999,809,1047.5,808,824,796.5,785,798.5,831.5,880,780,,1009,896.5,,787,811.5,821.5,845.5,733.5,733.5,848.5,850.5,737.5,833.5,793.5,758.5,761.5,763.5,776.5,791.5,788.5,781.5,769.5,753.5,772.5,768.5,771.5,783.5
2023-07-10,750.5,747,701.5,872.5,743,,782,745.5,827,794.5,999,808,1041.5,802,823.5,797.5,785,779.5,821.5,865,780,,1010,896.5,,781.5,815.5,825.5,849.5,737.5,737.5,852.5,854.5,741.5,833,793,758,761,763,780.5,795.5,792.5,785.5,773.5,757.5,776.5,772.5,775.5,787.5
2023-07-07,736.5,734,691.5,865,730.5,730,752.5,736,806.5,765,999,805,1037.5,789,817.5,786.5,785,773,818.5,839,780,,1013,896.5,,766.5,801.5,811.5,835.5,723.5,723.5,838.5,840.5,727.5,820.5,780.5,745.5,748.5,750.5,766.5,781.5,778.5,771.5,759.5,743.5,762.5,758.5,761.5,773.5
2023-07-06,731,729,706.5,865,724,722.5,755.5,737,810.5,795,1010,811,1037.5,789,815,816.5,780,777.5,818.5,839,775,,998,896.5,,762,796,806,830,718,718,833,835,722,814,774,739,742,744,761,776,773,766,754,738,757,753,756,768
2023-07-05,722,714,686.5,848,722.5,707.5,747,734.5,808,765,1010,819,1036.5,793,810,796.5,780,770,818.5,843,775,,998,841.5,,760.5,787,797,821,709,709,824,826,713,812.5,772.5,737.5,740.5,742.5,752,767,764,757,745,729,748,744,747,759
2023-07-04,722.5,717,698.5,843.5,705,717.5,751,724,806,765,1010,822,1036.5,772.5,809,768.5,770,767,805,828,770,,991.5,861.5,,751,787.5,797.5,821.5,709.5,709.5,824.5,826.5,713.5,795,755,720,723,725,752.5,767.5,764.5,757.5,745.5,729.5,748.5,744.5,747.5,759.5
2023-07-03,719,722,688.5,877,713,717.5,751,724,806,765,1010,817,1036.5,772.5,811.5,788.5,770,760,805,828,770,,991.5,861.5,,748.5,784,794,818,706,706,821,823,710,803,763,728,731,733,749,764,761,754,742,726,745,741,744,756
2023-06-30,717.5,721.5,690,871,709,710,741,717,799,765,1010,811,1036.5,771,813,781.5,745,757,805,828,745,,983.5,861.5,,744,782.5,792.5,816.5,704.5,704.5,819.5,821.5,708.5,799,759,724,727,729,747.5,762.5,759.5,752.5,740.5,724.5,743.5,739.5,742.5,754.5
2023-06-29,708.5,712.5,697,862.5,702.5,697.5,739,716.5,798.5,765,1010,812,1036.5,771,801,778.5,745,747,805,828,745,,987.5,876.5,,740,773.5,783.5,807.5,695.5,695.5,810.5,812.5,699.5,792.5,752.5,717.5,720.5,722.5,738.5,753.5,750.5,743.5,731.5,715.5,734.5,730.5,733.5,745.5
2023-06-28,711,720,677,863.5,701.5,697.5,745,721,800,765,1010,822,1042,761,797.5,778.5,745,750,805,818,745,,970,861.5,,735,776,786,810,698,698,813,815,702,791.5,751.5,716.5,719.5,721.5,741,756,753,746,734,718,737,733,736,748
2023-06-27,728,721,678,867,720,717.5,739,718,795,765,1065,825,1042,758,814,805,745,753.5,808.5,815,740,,991,873.5,,753.5,793,803,827,715,715,830,832,719,810,770,735,738,740,758,773,770,763,751,735,754,750,753,765
2023-06-26,708.5,696,683,878,704,707.5,747,723,800,765,1065,824,1042,758,816,780,745,752.5,808.5,817,740,,986,873.5,,748,773.5,783.5,807.5,695.5,695.5,810.5,812.5,699.5,794,754,719,722,724,738.5,753.5,750.5,743.5,731.5,715.5,734.5,730.5,733.5,745.5
2023-06-23,722,691,692,887,702,707.5,762,723.5,806,778.5,1065,824,1047,786,815,786.5,745,757,805,815,740,,990,878.5,,750.5,787,797,821,709,709,824,826,713,792,752,717,720,722,752,767,764,757,745,729,748,744,747,759
2023-06-22,736,717,697,902.5,733.5,750,772,738,806,778.5,1065,824,1047,786,831.5,795,745,766,810,815,740,,987,918.5,,768.5,801,811,835,723,723,838,840,727,823.5,783.5,748.5,751.5,753.5,766,781,778,771,759,743,762,758,761,773
2023-06-21,728,717,697,896.5,723.5,726,772,747,806,778.5,1065,821,1047,788,826,795,745,756,810,815,740,,987,918.5,,756.5,793,803,827,715,715,830,832,719,813.5,773.5,738.5,741.5,743.5,758,773,770,763,751,735,754,750,753,765
2023-06-20,736.5,747,735,884,718,740,781,736.5,792.5,775,1065,823,1038,790,823.5,785,760,753.5,818,820,755,,999,936.5,,754.5,801.5,811.5,835.5,723.5,723.5,838.5,840.5,727.5,808,768,733,736,738,766.5,781.5,778.5,771.5,759.5,743.5,762.5,758.5,761.5,773.5
2023-06-19,740.5,742,715,893,741,707.5,781,743,792.5,775,1065,816,1038,803.5,850.5,825,760,766,818,820,755,,1029,941.5,,768.5,805.5,815.5,839.5,727.5,727.5,842.5,844.5,731.5,831,791,756,759,761,770.5,785.5,782.5,775.5,763.5,747.5,766.5,762.5,765.5,777.5
2023-06-16,726.5,732,695,916.5,724,702.5,761,727,777.5,775,1065,817,1031,778,850,810,760,757.5,818,820,755,,1019,936.5,,756,791.5,801.5,825.5,713.5,713.5,828.5,830.5,717.5,814,774,739,742,744,756.5,771.5,768.5,761.5,749.5,733.5,752.5,748.5,751.5,763.5
2023-06-15,701.5,727,672,926.5,686.5,730,764,739.5,769,755,1065,813,1031,778,818.5,785,740,741.5,786,820,740,,999,896.5,,725,766.5,776.5,800.5,688.5,688.5,803.5,805.5,692.5,776.5,736.5,701.5,704.5,706.5,731.5,746.5,743.5,736.5,724.5,708.5,727.5,723.5,726.5,738.5
2023-06-14,706,707,687,929,692,677.5,739,722.5,769,755,1065,812,1031,778,846,785,740,745.5,783,810,740,,999,896.5,,730,771,781,805,693,693,808,810,697,782,742,707,710,712,736,751,748,741,729,713,732,728,731,743
2023-06-13,694.5,687.5,669,897,680.5,667.5,747.5,727,776.5,760.5,1060,807,1030,771,869,750,720,740.5,777,805,725,,991.5,890,,712,759.5,769.5,793.5,681.5,681.5,796.5,798.5,685.5,770.5,730.5,695.5,698.5,700.5,724.5,739.5,736.5,729.5,717.5,701.5,720.5,716.5,719.5,731.5
2023-06-12,702,705,684,900,674.5,687.5,732.5,710.5,766.5,748.5,1060,806,1025,761,831,770,720,742,795,790,725,,1001.5,865,,721.5,767,777,801,689,689,804,806,693,764.5,724.5,689.5,692.5,694.5,732,747,744,737,725,709,728,724,727,739
2023-06-09,716,717.5,689,927,690,711.5,738,714.5,777.5,748.5,1060,803,1040,768,837,780,740,740.5,795,815,735,,999,875,,728.5,781,791,815,703,703,818,820,707,780,740,705,708,710,746,761,758,751,739,723,742,738,741,753
2023-06-08,718,719.5,685.5,915.5,692.5,697.5,739,728,767,753.5,1070,803,1040,768,846.5,796.5,735,747,805,815,730,,991,1005,,733,783,793,817,705,705,820,822,709,782.5,742.5,707.5,710.5,712.5,748,763,760,753,741,725,744,740,743,755
2023-06-07,710,712,683,913.5,688.5,685,743.5,723.5,762,753.5,1070,800,1040,763.5,838,796.5,735,739.5,795,815,730,,1028.5,890,,734,775,785,809,697,697,812,814,701,778.5,738.5,703.5,706.5,708.5,740,755,752,745,733,717,736,732,735,747
2023-06-06,695,720,691,909,684,685,738.5,713,756,755.5,1070,801,1040,753,835,773.5,710,743.5,800,810,710,,996.5,985,,731.5,760,770,794,682,682,797,799,686,774,734,699,702,704,725,740,737,730,718,702,721,717,720,732
2023-06-05,716,740,677,926.5,692,672.5,733.5,713,753.5,760.5,1070,796,1040,761,849.5,778.5,710,742,795,805,710,,996.5,960,,742.5,781,791,815,703,703,818,820,707,782,742,707,710,712,746,761,758,751,739,723,742,738,741,753
2023-06-02,688,690,661,894,674.5,652,718.5,709.5,741,725.5,1070,785,1025,756,835.5,778.5,710,733,787,792,710,,966.5,920,,726.5,753,763,787,675,675,790,792,679,764.5,724.5,689.5,692.5,694.5,718,733,730,723,711,695,714,710,713,725
2023-06-01,679.5,695,651,883.5,654.5,645.5,703.5,684.5,736,725.5,1070,776,1025,721,822,743.5,710,727,787,792,710,,961.5,785,,684.5,744.5,754.5,778.5,666.5,666.5,781.5,783.5,670.5,744.5,704.5,669.5,672.5,674.5,709.5,724.5,721.5,714.5,702.5,686.5,705.5,701.5,704.5,716.5
2023-05-31,684,689.5,666,875,657,677.5,701.5,697.5,755,718.5,1070,781,1025,719.5,828.5,763.5,710,721,785,785,710,,991.5,880,685,706,749,759,783,671,671,786,788,675,747,707,672,675,677,714,729,726,719,707,691,710,706,709,721
2023-05-30,700.5,701.5,683.5,884.5,669,666.5,708.5,709,749,750.5,1090,791,1025,755,855.5,791.5,725,742,800,785,730,,1010,781.5,685,729.5,765.5,775.5,799.5,687.5,687.5,802.5,804.5,691.5,759,719,684,687,689,730.5,745.5,742.5,735.5,723.5,707.5,726.5,722.5,725.5,737.5
2023-05-29,711.5,724,681,898.5,671.5,687.5,741,725,784.5,748.5,1090,788,1025,758,868.5,791.5,725,732.5,805,794,730,,1000,851.5,685,733,776.5,786.5,810.5,698.5,698.5,813.5,815.5,702.5,761.5,721.5,686.5,689.5,691.5,741.5,756.5,753.5,746.5,734.5,718.5,737.5,733.5,736.5,748.5
2023-05-26,703,704,685.5,887.5,675,662,741,725,784.5,748.5,1090,790,1025,758,862,791.5,725,735,805,794,730,,1005,866.5,685,730,768,778,802,690,690,805,807,694,765,725,690,693,695,733,748,745,738,726,710,729,725,728,740
2023-05-25,709,719,692.5,891,680.5,676.5,756,720.5,770.5,763.5,1090,798,1025,748,872.5,796.5,740,751.5,805,794,735,,990,866.5,685,718,774,784,808,696,696,811,813,700,770.5,730.5,695.5,698.5,700.5,739,754,751,744,732,716,735,731,734,746
2023-05-24,704.5,704,690,903.5,683,667.5,731,723,753.5,763.5,1090,795,1025,763,868.5,791.5,740,760,805,794,735,,1005,896.5,685,740.5,769.5,779.5,803.5,691.5,691.5,806.5,808.5,695.5,773,733,698,701,703,734.5,749.5,746.5,739.5,727.5,711.5,730.5,726.5,729.5,741.5
2023-05-23,696.5,688.5,676,888.5,678.5,676.5,751.5,715.5,753.5,763.5,1090,795,1025,754,854.5,775,735,747,803.5,794,730,,1005,866.5,685,711.5,761.5,771.5,795.5,683.5,683.5,798.5,800.5,687.5,768.5,728.5,693.5,696.5,698.5,726.5,741.5,738.5,731.5,719.5,703.5,722.5,718.5,721.5,733.5
2023-05-22,694.5,701,676,890.5,680,692.5,734,721.5,751,763.5,1090,792,1025,748.5,872.5,765,735,753,808.5,794,730,,1000,886.5,685,725,759.5,769.5,793.5,681.5,681.5,796.5,798.5,685.5,770,730,695,698,700,724.5,739.5,736.5,729.5,717.5,701.5,720.5,716.5,719.5,731.5
2023-05-19,705.5,706.5,693,891,685.5,680,747.5,721,749.5,771.5,1090,795,1030,748.5,886,766.5,750,749,815,800,745,,1020,896.5,685,730,770.5,780.5,804.5,692.5,692.5,807.5,809.5,696.5,775.5,735.5,700.5,703.5,705.5,735.5,750.5,747.5,740.5,728.5,712.5,731.5,727.5,730.5,742.5
2023-05-18,695.5,712.5,694.5,895,687.5,681.5,723.5,719,758.5,766.5,1090,797,1030,758,875,801.5,720,762,805,800,700,,1008.5,886.5,685,717.5,760.5,770.5,794.5,682.5,682.5,797.5,799.5,686.5,777.5,737.5,702.5,705.5,707.5,725.5,740.5,737.5,730.5,718.5,702.5,721.5,717.5,720.5,732.5
2023-05-17,689,717.5,702,886.5,664,674.5,718.5,711,753.5,776.5,1090,803,1040,758,866,771.5,720,750,795,800,700,,998.5,911.5,685,719,754,764,788,676,676,791,793,680,754,714,679,682,684,719,734,731,724,712,696,715,711,714,726
2023-05-16,686.5,697.5,672,905,674,663.5,711,712.5,741,752.5,1148,910,1030,749,871,791.5,720,748.5,795,800,700,,1013.5,883.5,675,722.5,751.5,761.5,785.5,673.5,673.5,788.5,790.5,677.5,764,724,689,692,694,716.5,731.5,728.5,721.5,709.5,693.5,712.5,708.5,711.5,723.5
2023-05-15,674,690,672,903.5,657.5,664.5,711,707,731,761.5,1148,907,1055,743,880.5,781.5,720,751.5,785,790,700,,1003.5,938.5,670,710.5,739,749,773,661,661,776,778,665,747.5,707.5,672.5,675.5,677.5,704,719,716,709,697,681,700,696,699,711
2023-05-12,683.5,702,676,931,665,668.5,699.5,714,725.5,761.5,1148,900,1055,748,877,788.5,730,749,800,795,700,,996.5,943.5,670,721.5,748.5,758.5,782.5,670.5,670.5,785.5,787.5,674.5,755,715,680,683,685,713.5,728.5,725.5,718.5,706.5,690.5,709.5,705.5,708.5,720.5
2023-05-11,685.5,707,688.5,938,685,715,704.5,708,727.5,761.5,1148,902,1055,756,911.5,808.5,725,750,795,795,685,,1010,953.5,670,724,750.5,760.5,784.5,672.5,672.5,787.5,789.5,676.5,775,735,700,703,705,715.5,730.5,727.5,720.5,708.5,692.5,711.5,707.5,710.5,722.5
2023-05-10,685,707,691,925,685,703.5,707,714.5,730,761.5,1148,894,1055,762,917.5,798.5,725,740,800,800,685,,1010,953.5,670,722.5,750,760,784,672,672,787,789,676,775,735,700,703,705,715,730,727,720,708,692,711,707,710,722
2023-05-09,688.5,702,682.5,930,680,697,711,705.5,725,756.5,1148,900,1055,753.5,906.5,838.5,695,733.5,783.5,800,685,,980,878.5,660,729,753.5,763.5,787.5,675.5,675.5,790.5,792.5,679.5,770,730,695,698,700,718.5,733.5,730.5,723.5,711.5,695.5,714.5,710.5,713.5,725.5
2023-05-08,675,697,685,942,665.5,687,710.5,700.5,724,741.5,1148,900,1050,753,924.5,818.5,695,723,776.5,795,685,,1000,933.5,660,721.5,740,750,774,662,662,777,779,666,755.5,715.5,680.5,683.5,685.5,705,720,717,710,698,682,701,697,700,712
2023-05-05,665.5,689,650,954,655,659.5,704,676,703,738.5,1180,892,1070,753,905.5,826.5,695,712,760,740,685,,998.5,893.5,660,704.5,730.5,740.5,764.5,652.5,652.5,767.5,769.5,656.5,745,705,670,673,675,695.5,710.5,707.5,700.5,688.5,672.5,691.5,687.5,690.5,702.5
2023-05-04,656,695,641,954,644,652.5,698,671.5,700,768.5,1180,891,1070,713,910,805,695,722,790,740,685,,991.5,873.5,655,690,721,731,755,643,643,758,760,647,734,694,659,662,664,686,701,698,691,679,663,682,678,681,693
2023-05-03,671.5,710,686,931,643.5,692.5,713,688,715,768.5,1180,889,1072.5,716.5,935,820,695,737,790,740,685,,1021.5,908.5,645,699,736.5,746.5,770.5,658.5,658.5,773.5,775.5,662.5,733.5,693.5,658.5,661.5,663.5,701.5,716.5,713.5,706.5,694.5,678.5,697.5,693.5,696.5,708.5
2023-05-02,693,717.5,699.5,938.5,679,652.5,723.5,704,742.5,768.5,1189,894,1072.5,752,970,845,730,743,798.5,742,730,,1011.5,925,645,728,758,768,792,680,680,795,797,684,769,729,694,697,699,723,738,735,728,716,700,719,715,718,730
2023-05-01,695,719.5,692,923.5,687,732,735.5,717,762.5,768.5,1189,894,1077.5,752,971.5,830,730,768.5,828.5,760,730,,1066.5,915,637,741.5,760,770,794,682,682,797,799,686,777,737,702,705,707,725,740,737,730,718,702,721,717,720,732
2023-04-28,693.5,721,692,923.5,677.5,692.5,728,718,737,758.5,1189,981,1087.5,757,972,830,730,755.5,808.5,755,730,,1066.5,915,637,740.5,758.5,768.5,792.5,680.5,680.5,795.5,797.5,684.5,767.5,727.5,692.5,695.5,697.5,723.5,738.5,735.5,728.5,716.5,700.5,719.5,715.5,718.5,730.5
2023-04-27,698.5,718,704,926.5,693,697.5,745,729,762,783.5,1189,973,1087.5,757,971.5,833.5,770,777,838.5,755,770,,1031.5,910,637,749.5,763.5,773.5,797.5,685.5,685.5,800.5,802.5,689.5,783,743,708,711,713,728.5,743.5,740.5,733.5,721.5,705.5,724.5,720.5,723.5,735.5
2023-04-26,722,744,719,930,711.5,729,756,732,772,783.5,1189,973,1087.5,775,988.5,853.5,770,786.5,848.5,760,770,,1096.5,935,640,759.5,787,797,821,709,709,824,826,713,801.5,761.5,726.5,729.5,731.5,752,767,764,757,745,729,748,744,747,759
2023-04-25,731.5,751,719.5,933.5,732.5,721,774,747.5,775.5,826.5,1189,975,1097.5,805,993.5,861.5,765,797.5,848.5,780,770,,1096.5,915,640,773,796.5,806.5,830.5,718.5,718.5,833.5,835.5,722.5,822.5,782.5,747.5,750.5,752.5,761.5,776.5,773.5,766.5,754.5,738.5,757.5,753.5,756.5,768.5
2023-04-24,722.5,750,717,921,724.5,,767.5,749,798,826.5,1189,975,1097.5,794,995.5,861.5,765,802,848.5,780,770,,1096.5,920,645,773.5,787.5,797.5,821.5,709.5,709.5,824.5,826.5,713.5,814.5,774.5,739.5,742.5,744.5,752.5,767.5,764.5,757.5,745.5,729.5,748.5,744.5,747.5,759.5
2023-04-21,717.5,751.5,713,908,721,,775,744,812.5,843.5,1199,975,1097.5,804.5,994.5,845,765,809.5,878.5,785,770,,1086.5,925,650,797,782.5,792.5,816.5,704.5,704.5,819.5,821.5,708.5,811,771,736,739,741,747.5,762.5,759.5,752.5,740.5,724.5,743.5,739.5,742.5,754.5
2023-04-20,726.5,774.5,723.5,912,734.5,766.5,771,758.5,832.5,833.5,1199,975,1097.5,817.5,1000.5,876.5,810,809,858.5,785,800,,1073.5,960,650,792.5,791.5,801.5,825.5,713.5,713.5,828.5,830.5,717.5,824.5,784.5,749.5,752.5,754.5,756.5,771.5,768.5,761.5,749.5,733.5,752.5,748.5,751.5,763.5
2023-04-19,739.5,767,741,926.5,756,784,812,777,859.5,843.5,1199,990,1096.5,853,1013.5,881.5,810,826.5,878.5,805,800,,1113.5,976.5,645,806.5,804.5,814.5,838.5,726.5,726.5,841.5,843.5,730.5,846,806,771,774,776,769.5,784.5,781.5,774.5,762.5,746.5,765.5,761.5,764.5,776.5
2023-04-18,746.5,774,747.5,928,757.5,784,810,792,852.5,833.5,1215,995,1096.5,853,1024,891.5,845,829.5,873.5,805,840,,1105,966.5,645,813.5,811.5,821.5,845.5,733.5,733.5,848.5,850.5,737.5,847.5,807.5,772.5,775.5,777.5,776.5,791.5,788.5,781.5,769.5,753.5,772.5,768.5,771.5,783.5
2023-04-17,760.5,770,750,933,770.5,782.5,829,831.5,870,863.5,1215,994,1128.5,855,1038.5,886.5,845,853,898.5,830,840,,1115,961.5,645,837,825.5,835.5,859.5,747.5,747.5,862.5,864.5,751.5,860.5,820.5,785.5,788.5,790.5,790.5,805.5,802.5,795.5,783.5,767.5,786.5,782.5,785.5,797.5
2023-04-14,764,782,754,939,772,779,829,806.5,871,863.5,1245,1001,1124.5,855,1048,903.5,845,855,898.5,830,840,,1115,971.5,645,835,829,839,863,751,751,866,868,755,862,822,787,790,792,794,809,806,799,787,771,790,786,789,801
2023-04-13,761,798,755.5,943,782,782.5,842,826,870,863.5,1285,993,1124.5,858.5,1051.5,901.5,845,868,908.5,830,840,,1113,976.5,645,853.5,826,836,860,748,748,863,865,752,872,832,797,800,802,791,806,803,796,784,768,787,783,786,798
2023-04-12,760,778,753,940.5,779,812.5,832,814.5,870,863.5,1285,981,1124.5,858.5,1053,901.5,845,853.5,908.5,830,840,,1108,981.5,645,848.5,825,835,859,747,747,862,864,751,869,829,794,797,799,790,805,802,795,783,767,786,782,785,797
2023-04-11,760.5,795,758.5,933.5,774.5,778.5,840,826,868.5,863.5,1285,969,1124.5,861,1056.5,890,850,845,903.5,830,845,,1106,995,645,852,825.5,835.5,859.5,747.5,747.5,862.5,864.5,751.5,864.5,824.5,789.5,792.5,794.5,790.5,805.5,802.5,795.5,783.5,767.5,786.5,782.5,785.5,797.5
2023-04-10,770,810,786,925,754,,845.5,821,879,893.5,1285,971,1138.5,872.5,1063.5,890,850,848,908.5,840,845,,1131,995,645,888,835,845,869,757,757,872,874,761,844,804,769,772,774,800,815,812,805,793,777,796,792,795,807
2023-04-07,770,810,786,925,754,,845.5,821,879,893.5,1297,976,1111.5,872.5,1058.5,890,850,848,908.5,840,845,,1131,995,640,888,835,845,869,757,757,872,874,761,844,804,769,772,774,800,815,812,805,793,777,796,792,795,807
2023-04-06,774,810,786,926,792,777.5,845.5,821,879,893.5,1297,976,1111.5,872.5,1066,890,850,844.5,908.5,840,845,,1131,995,640,888,839,849,873,761,761,876,878,765,882,842,807,810,812,804,819,816,809,797,781,800,796,799,811
2023-04-05,777,799.5,771.5,933.5,779.5,802.5,835.5,810.5,884,893.5,1297,970,1111.5,872.5,1067.5,890,850,850,898.5,872,845,,1146,1020,660,868.5,842,852,876,764,764,879,881,768,869.5,829.5,794.5,797.5,799.5,807,822,819,812,800,784,803,799,802,814
2023-04-04,782,809,783,935,780,798.5,842.5,822.5,885,893.5,1337,972,1186.5,886,1076.5,888.5,865,847.5,896.5,870,860,,1190,1020,670,873,847,857,881,769,769,884,886,773,870,830,795,798,800,812,827,824,817,805,789,808,804,807,819
2023-04-03,779.5,794,765,946,798,809,835,804,880,893.5,1337,969,1128.5,888,1081,908.5,865,847,906.5,880,860,,1085,1020,670,867,844.5,854.5,878.5,766.5,766.5,881.5,883.5,770.5,888,848,813,816,818,809.5,824.5,821.5,814.5,802.5,786.5,805.5,801.5,804.5,816.5
2023-03-31,744.5,773.5,737,898.5,749.5,747,832,777,873.5,880,1337,961,1137,854,1033.5,853.5,835,824.5,893.5,875,810,,1078,955,670,815,809.5,819.5,843.5,731.5,731.5,846.5,848.5,735.5,839.5,799.5,764.5,767.5,769.5,774.5,789.5,786.5,779.5,767.5,751.5,770.5,766.5,769.5,781.5
2023-03-30,744,773.5,751.5,904,750,746.5,828.5,791,870.5,880,1335,957,1137,854,1031.5,853.5,845,813.5,883.5,875,825,,1080.5,955,675,818,809,819,843,731,731,846,848,735,840,800,765,768,770,774,789,786,779,767,751,770,766,769,781
2023-03-29,750.5,781,759,924.5,765,760,837,832,878,880,1335,953,1137,881,1045.5,873.5,845,822,893.5,869,825,,1100.5,980,675,816.5,815.5,825.5,849.5,737.5,737.5,852.5,854.5,741.5,855,815,780,783,785,780.5,795.5,792.5,785.5,773.5,757.5,776.5,772.5,775.5,787.5
2023-03-28,746.5,776.5,770.5,942,765.5,756.5,842.5,833.5,888.5,898,1345,943,1135,881,1046,860,820,827.5,896.5,873,815,,1112.5,955,675,823.5,811.5,821.5,845.5,733.5,733.5,848.5,850.5,737.5,855.5,815.5,780.5,783.5,785.5,776.5,791.5,788.5,781.5,769.5,753.5,772.5,768.5,771.5,783.5
2023-03-27,736,768,748,919.5,753.5,763.5,837.5,828.5,881,890,1345,933,1140,881,1033,865,820,817.5,896.5,870,815,,1072.5,980,675,810.5,801,811,835,723,723,838,840,727,843.5,803.5,768.5,771.5,773.5,766,781,778,771,759,743,762,758,761,773
2023-03-24,743,775.5,759,934,759.5,755.5,837,828.5,880.5,883.5,1345,938,1150,881,1047,845,830,827.5,893.5,860,825,,1058,945,675,823.5,808,818,842,730,730,845,847,734,849.5,809.5,774.5,777.5,779.5,773,788,785,778,766,750,769,765,768,780
2023-03-23,740,789,768,935.5,763.5,746.5,842,826,868.5,878.5,1353,938.5,1150,881,1054.5,913.5,855,832,913.5,860,835,,1056,955,675,820.5,805,815,839,727,727,842,844,731,853.5,813.5,778.5,781.5,783.5,770,785,782,775,763,747,766,762,765,777
2023-03-22,736,798.5,748,936,762,743.5,832,813,871,878.5,1353,982.5,1150,867.5,1061.5,853.5,855,827,928.5,860,835,,1076,955,675,830,801,811,835,723,723,838,840,727,852,812,777,780,782,766,781,778,771,759,743,762,758,761,773
2023-03-21,723,767.5,751,935,754,747.5,832,811.5,864,868.5,1373,982.5,1150,848,1042,840,825,847,913.5,860,820,,1041,996.5,675,811,788,798,822,710,710,825,827,714,844,804,769,772,774,753,768,765,758,746,730,749,745,748,760
2023-03-20,720,770,746,922,753.5,753,827,806.5,859,878.5,1373,978.5,1145,869,1043.5,870,825,825,928.5,855,820,,1091,1036.5,675,822.5,785,795,819,707,707,822,824,711,843.5,803.5,768.5,771.5,773.5,750,765,762,755,743,727,746,742,745,757
2023-03-17,731.5,788,758,935.5,764.5,764,829.5,809.5,854.5,879.5,1371,974.5,1140,858,1051,856.5,825,834,943.5,870,820,,1141,1006.5,680,823.5,796.5,806.5,830.5,718.5,718.5,833.5,835.5,722.5,854.5,814.5,779.5,782.5,784.5,761.5,776.5,773.5,766.5,754.5,738.5,757.5,753.5,756.5,768.5
2023-03-16,728.5,790.5,750,920.5,726,747.5,824.5,813.5,837,885.5,1371,973.5,1140,823,1057.5,841.5,850,846,945.5,870,845,,1154,961.5,680,820.5,793.5,803.5,827.5,715.5,715.5,830.5,832.5,719.5,816,776,741,744,746,758.5,773.5,770.5,763.5,751.5,735.5,754.5,750.5,753.5,765.5
2023-03-15,755.5,817,785,941.5,760.5,747.5,837,819.5,837,879.5,1371,984.5,1140,842,1070.5,891.5,850,862,968.5,870,845,,1144,971.5,680,826,820.5,830.5,854.5,742.5,742.5,857.5,859.5,746.5,850.5,810.5,775.5,778.5,780.5,785.5,800.5,797.5,790.5,778.5,762.5,781.5,777.5,780.5,792.5
2023-03-14,767,820.5,782,948,772,783.5,843.5,841.5,882,898.5,1371,983.5,1170,890,1070,876.5,875,876.5,974.5,890,870,,1173.5,985,680,822,832,842,866,754,754,869,871,758,862,822,787,790,792,797,812,809,802,790,774,793,789,792,804
2023-03-13,777.5,828,802,940.5,781.5,780,846,824,885,903.5,1371,993.5,1170,857,1075,926.5,875,875,981.5,900,870,,1190,955,680,844,842.5,852.5,876.5,764.5,764.5,879.5,881.5,768.5,871.5,831.5,796.5,799.5,801.5,807.5,822.5,819.5,812.5,800.5,784.5,803.5,799.5,802.5,814.5
2023-03-10,755.5,816.5,783,925.5,754,766.5,841,812.5,879,896.5,1370,1002.5,1160,883,1121.5,885,835,854.5,970.5,900,850,,1158,990,680,850,820.5,830.5,854.5,742.5,742.5,857.5,859.5,746.5,844,804,769,772,774,785.5,800.5,797.5,790.5,778.5,762.5,781.5,777.5,780.5,792.5
2023-03-09,787.5,827.5,794.5,946,795,795,859.5,832.5,865,901.5,1370,1001.5,1160,878,1050.5,918.5,905,883,987.5,900,910,,1146.5,1000,680,851,852.5,862.5,886.5,774.5,774.5,889.5,891.5,778.5,885,845,810,813,815,817.5,832.5,829.5,822.5,810.5,794.5,813.5,809.5,812.5,824.5
2023-03-08,796.5,845,802,953.5,804,799.5,878,852.5,908,906.5,1370,992.5,1165,888,1093.5,918.5,905,883.5,970.5,910,910,,1161.5,975,680,866,861.5,871.5,895.5,783.5,783.5,898.5,900.5,787.5,894,854,819,822,824,826.5,841.5,838.5,831.5,819.5,803.5,822.5,818.5,821.5,833.5
2023-03-07,814.5,861.5,820,972,818,821,889.5,880,941,916.5,1370,984,1195,923,1123.5,973.5,925,903.5,983.5,930,910,,1233.5,973.5,680,881,879.5,889.5,913.5,801.5,801.5,916.5,918.5,805.5,908,868,833,836,838,844.5,859.5,856.5,849.5,837.5,821.5,840.5,836.5,839.5,851.5
2023-03-06,818.5,864,830,973.5,822,836.5,907,890,946,936.5,1370,989.5,1205,917,1136,908.5,925,903.5,993.5,950,910,,1183.5,1113.5,670,883,883.5,893.5,917.5,805.5,805.5,920.5,922.5,809.5,912,872,837,840,842,848.5,863.5,860.5,853.5,841.5,825.5,844.5,840.5,843.5,855.5
2023-03-03,804.5,835.5,816,955.5,814,813.5,910.5,865.5,945,933.5,1382,989.5,1215,917,1111.5,950,920,893,980,940,900,,1175.5,1103.5,670,882.5,869.5,879.5,903.5,791.5,791.5,906.5,908.5,795.5,904,864,829,832,834,834.5,849.5,846.5,839.5,827.5,811.5,830.5,826.5,829.5,841.5
2023-03-02,805,849.5,833,970.5,820,814.5,906.5,845.5,945,928.5,1382,989.5,1215,929,1121.5,946.5,890,904,990,940,885,,1171.5,1108.5,630,898.5,870,880,904,792,792,907,909,796,910,870,835,838,840,835,850,847,840,828,812,831,827,830,842
2023-03-01,802,834.5,810.5,954.5,797.5,791,896.5,835.5,940,928.5,1382,989.5,1210,913,1114,951.5,890,893.5,970,925,885,,1216.5,1118.5,630,875,867,877,901,789,789,904,906,793,887.5,847.5,812.5,815.5,817.5,832,847,844,837,825,809,828,824,827,839
2023-02-28,795.5,842,808,943,793,777.5,874,825.5,955,908.5,1389,1004.5,1200,913,1094,926.5,890,887,970,925,885,,1201.5,1051.5,630,870.5,860.5,870.5,894.5,782.5,782.5,897.5,899.5,786.5,883,843,808,811,813,825.5,840.5,837.5,830.5,818.5,802.5,821.5,817.5,820.5,832.5
2023-02-27,792,822,808,939,792,777.5,874,825.5,955,908.5,1389,1007.5,1200,902,1119,946.5,890,875,970,925,885,,1196.5,1091.5,630,869.5,857,867,891,779,779,894,896,783,882,842,807,810,812,822,837,834,827,815,799,818,814,817,829
2023-02-24,780.5,811,804,939,770,783,868,782,959,893.5,1389,1015.5,1190,878,1109,910,875,870,976.5,925,865,,1143.5,1096.5,630,855.5,845.5,855.5,879.5,767.5,767.5,882.5,884.5,771.5,860,820,785,788,790,810.5,825.5,822.5,815.5,803.5,787.5,806.5,802.5,805.5,817.5
2023-02-23,774,807,799.5,883,765,771.5,868.5,817,955,893.5,1399,1003.5,1190,883,1084,901.5,880,865,976.5,925,,,1203.5,1111.5,630,820.5,839,849,873,761,761,876,878,765,855,815,780,783,785,804,819,816,809,797,781,800,796,799,811
2023-02-22,789,822,827,944,782.5,781.5,881,822,960,893.5,1399,1003.5,1190,898,1109,956.5,880,881.5,976.5,925,,,1193.5,1121.5,630,869,854,864,888,776,776,891,893,780,872.5,832.5,797.5,800.5,802.5,819,834,831,824,812,796,815,811,814,826
2023-02-21,784.5,831,823.5,960.5,779,786,881,851.5,975,931.5,1399,1003.5,1205,901,1099.5,960,880,884.5,991.5,925,885,,1161.5,1156.5,630,870,849.5,859.5,883.5,771.5,771.5,886.5,888.5,775.5,869,829,794,797,799,814.5,829.5,826.5,819.5,807.5,791.5,810.5,806.5,809.5,821.5
2023-02-20,793.5,856,811,968,771,777.5,871.5,812.5,940,896.5,1399,1003.5,1205,878,1126.5,970,880,888.5,986.5,935,885,,1256.5,1116.5,640,861.5,858.5,868.5,892.5,780.5,780.5,895.5,897.5,784.5,861,821,786,789,791,823.5,838.5,835.5,828.5,816.5,800.5,819.5,815.5,818.5,830.5
2023-02-17,806,850,831,960,778.5,793.5,884,812.5,940,931.5,1405,995.5,1205.5,878,1117.5,956.5,910,883.5,996.5,935,885,,1266.5,1096.5,640,865,871,881,905,793,793,908,910,797,868.5,828.5,793.5,796.5,798.5,836,851,848,841,829,813,832,828,831,843
2023-02-16,823.5,865,852,977.5,799.5,826.5,900.5,852.5,975,931.5,1405,1008.5,1205.5,931,1112.5,956.5,930,898.5,1006.5,935,885,,1213.5,1101.5,640,887,888.5,898.5,922.5,810.5,810.5,925.5,927.5,814.5,889.5,849.5,814.5,817.5,819.5,853.5,868.5,865.5,858.5,846.5,830.5,849.5,845.5,848.5,860.5
2023-02-15,831,859,857,956,817,803.5,913,862.5,985,931.5,1405,1012.5,1215.5,931,1125,996.5,930,896,996.5,935,885,,1233.5,1173.5,650,886,896,906,930,818,818,933,935,822,907,867,832,835,837,861,876,873,866,854,838,857,853,856,868
2023-02-14,826,859,862.5,965,815.5,796.5,936,913,1030.5,948.5,1420,1006.5,1205.5,938,1134,976.5,915,894,1005,940,885,,1237.5,1163.5,680,891.5,891,901,925,813,813,928,930,817,905.5,865.5,830.5,833.5,835.5,856,871,868,861,849,833,852,848,851,863
2023-02-13,823.5,864,855,968,805.5,817,931,916.5,1023.5,948.5,1420,994.5,1202.5,931,1149,996.5,915,890,990,940,885,,1265,1113.5,680,879.5,888.5,898.5,922.5,810.5,810.5,925.5,927.5,814.5,895.5,855.5,820.5,823.5,825.5,853.5,868.5,865.5,858.5,846.5,830.5,849.5,845.5,848.5,860.5
2023-02-10,822.5,875,855,971.5,804.5,850.5,914.5,908,1022.5,915,1420,997.5,1228.5,929,1127,983.5,915,884.5,990.5,935,885,,1268.5,1103.5,680,881.5,887.5,897.5,921.5,809.5,809.5,924.5,926.5,813.5,894.5,854.5,819.5,822.5,824.5,852.5,867.5,864.5,857.5,845.5,829.5,848.5,844.5,847.5,859.5
2023-02-09,825.5,891,857,907.5,799,834,939.5,928,1022.5,965,1420,1002.5,1228.5,914,1145,968.5,915,890,990.5,935,885,,1338.5,1108.5,700,872,890.5,900.5,924.5,812.5,812.5,927.5,929.5,816.5,889,849,814,817,819,855.5,870.5,867.5,860.5,848.5,832.5,851.5,847.5,850.5,862.5
2023-02-08,839.5,861,847,962,831.5,776.5,939.5,928,1022.5,965,1420,1009.5,1228.5,958,1160,1013.5,915,896,990.5,935,885,,1238.5,1108.5,700,882,904.5,914.5,938.5,826.5,826.5,941.5,943.5,830.5,921.5,881.5,846.5,849.5,851.5,869.5,884.5,881.5,874.5,862.5,846.5,865.5,861.5,864.5,876.5
2023-02-07,809,831.5,836,996.5,793.5,800,931.5,918.5,1002,936,1437,1098.5,1258.5,919,1116,1000,915,870.5,971.5,938,860,,1271.5,1080,750,863.5,874,884,908,796,796,911,913,800,883.5,843.5,808.5,811.5,813.5,839,854,851,844,832,816,835,831,834,846
2023-02-06,815.5,877.5,856,984,788,797.5,1023.5,938,1045,1065,1437,1113.5,1224.5,917.5,1107,985,915,883,983.5,1005,860,,1256.5,1070,790,854.5,880.5,890.5,914.5,802.5,802.5,917.5,919.5,806.5,878,838,803,806,808,845.5,860.5,857.5,850.5,838.5,822.5,841.5,837.5,840.5,852.5
2023-02-03,844.5,887.5,903,1007.5,825.5,871.5,1023.5,938,1045,1065,1437,1137,1305.5,948.5,1144,1016.5,915,916,1003.5,1005,915,,1243.5,1100,790,893,909.5,919.5,943.5,831.5,831.5,946.5,948.5,835.5,915.5,875.5,840.5,843.5,845.5,874.5,889.5,886.5,879.5,867.5,851.5,870.5,866.5,869.5,881.5
2023-02-02,861.5,944.5,918.5,1019.5,829.5,881.5,1023.5,997,1045,1065,1437,1120.5,1305.5,963,1139,1003.5,965,931,1048.5,1005,955,,1250,1250,790,896,926.5,936.5,960.5,848.5,848.5,963.5,965.5,852.5,919.5,879.5,844.5,847.5,849.5,891.5,906.5,903.5,896.5,884.5,868.5,887.5,883.5,886.5,898.5
2023-02-01,901.5,914.5,951,1013.5,897,933.5,1023.5,997,1045,1065,1437,1114.5,1305.5,1007,1174,1068.5,965,966,1048.5,1005,955,,1270,1125,790,953,966.5,976.5,1000.5,888.5,888.5,1003.5,1005.5,892.5,987,947,912,915,917,931.5,946.5,943.5,936.5,924.5,908.5,927.5,923.5,926.5,938.5
2023-01-31,888,906.5,929,1022.5,879.5,924.5,1090.5,1035.5,1154.5,1089,1427,1115.5,1334.5,1018,1155,1053.5,1000,963,1060.5,1038,995,,1220,1103.5,800,933.5,953,963,987,875,875,990,992,879,969.5,929.5,894.5,897.5,899.5,918,933,930,923,911,895,914,910,913,925
2023-01-30,910.5,966.5,968,1037.5,913,948,1090.5,1035.5,1154.5,1089,1427,1121.5,1334.5,1046,1165,1063.5,1000,979,1060.5,1038,995,,1260,1108.5,810,976,975.5,985.5,1009.5,897.5,897.5,1012.5,1014.5,901.5,1003,963,928,931,933,940.5,955.5,952.5,945.5,933.5,917.5,936.5,932.5,935.5,947.5
2023-01-27,939,957.5,978,1050.5,950.5,948,1090.5,1035.5,1154.5,1089,1427,1117.5,1334.5,1101,1177,1063.5,1015,1002.5,1110.5,1038,995,,1270,1118.5,810,1006,1004,1014,1038,926,926,1041,1043,930,1040.5,1000.5,965.5,968.5,970.5,969,984,981,974,962,946,965,961,964,976
2023-01-26,927,923,991,1038,933.5,949,1077.5,1037,1096.5,1104,1427,1113.5,1334.5,1110,1193,1090,1085,995.5,1105.5,1038,1040,,1272.5,1118.5,820,990.5,992,1002,1026,914,914,1029,1031,918,1023.5,983.5,948.5,951.5,953.5,957,972,969,962,950,934,953,949,952,964
2023-01-25,938.5,947,1006,1034,942.5,963,1066.5,1028,1095.5,1114,1427,1100.5,1350.5,1105,1218,1090,1085,1032,1135.5,1037,1040,,1272.5,1118.5,830,1027,1003.5,1013.5,1037.5,925.5,925.5,1040.5,1042.5,929.5,1032.5,992.5,957.5,960.5,962.5,968.5,983.5,980.5,973.5,961.5,945.5,964.5,960.5,963.5,975.5
2023-01-24,923,943,1006,1021.5,980,978,1077.5,1049.5,1106.5,1108.5,1419,1095.5,1351.5,1143,1219,1090,1075,1042,1145.5,1028,1065,,1272.5,1103.5,830,1052,988,998,1022,910,910,1025,1027,914,1070,1030,995,998,1000,953,968,965,958,946,930,949,945,948,960
2023-01-23,910.5,928,1006,1019,962.5,939,1060.5,1039.5,1124.5,1118.5,1419,1091.5,1336.5,1131,1212,1090,1075,1021,1125.5,1047,1065,,1272.5,1103.5,830,1035.5,975.5,985.5,1009.5,897.5,897.5,1012.5,1014.5,901.5,1052.5,1012.5,977.5,980.5,982.5,940.5,955.5,952.5,945.5,933.5,917.5,936.5,932.5,935.5,947.5
2023-01-20,953,929,1006,1016,936,928,1035,1015.5,1081.5,1085,1425,1092,1302.5,1102,1185,1090,1045,1005.5,1101.5,980,1025,,1272.5,1103.5,830,985,1018,1028,1052,940,940,1055,1057,944,1026,986,951,954,956,983,998,995,988,976,960,979,975,978,990
2023-01-19,931.5,926,986,1026.5,913.5,900.5,1035,1015.5,1096.5,1070,1425,1116.5,1302.5,1072.5,1172,1066.5,1045,994,1096.5,980,1015,,1205.5,1093.5,830,952,996.5,1006.5,1030.5,918.5,918.5,1033.5,1035.5,922.5,1003.5,963.5,928.5,931.5,933.5,961.5,976.5,973.5,966.5,954.5,938.5,957.5,953.5,956.5,968.5
2023-01-18,945.5,932,981,1019,905.5,920.5,1020,1005.5,1081.5,1075,1425,1110.5,1283.5,1072.5,1167,1066.5,1045,993.5,1086.5,965,1015,,1240.5,1118.5,850,977,1010.5,1020.5,1044.5,932.5,932.5,1047.5,1049.5,936.5,995.5,955.5,920.5,923.5,925.5,975.5,990.5,987.5,980.5,968.5,952.5,971.5,967.5,970.5,982.5
2023-01-17,927.5,931.5,966,998.5,897.5,908.5,1019,996,1063,1064,1415,1111.5,1283.5,1046,1170.5,1060,1030,985,1084,965,970,,1234,1105,850,972,992.5,1002.5,1026.5,914.5,914.5,1029.5,1031.5,918.5,987.5,947.5,912.5,915.5,917.5,957.5,972.5,969.5,962.5,950.5,934.5,953.5,949.5,952.5,964.5
2023-01-16,918,922.5,956,1026,908,897.5,997,1027,1084,1097,1415,1111.5,1286.5,1046,1142.5,1060,1030,975,1092,940,970,,1224,1090,850,980,983,993,1017,905,905,1020,1022,909,998,958,923,926,928,948,963,960,953,941,925,944,940,943,955
2023-01-13,907,911.5,954,1068.5,898,888.5,987,1027,1044,1087,1413,1106.5,1278.5,1046,1145.5,1040,1030,965.5,1082,940,960,,1224,1085,850,1008,972,982,1006,894,894,1009,1011,898,988,948,913,916,918,937,952,949,942,930,914,933,929,932,944
2023-01-12,889.5,904,935.5,668,876.5,868.5,974,1001,1043,1034,1413,1093.5,1278.5,1043,1178.5,1010,990,955.5,1079,940,930,,1141.5,1080,850,962,954.5,964.5,988.5,876.5,876.5,991.5,993.5,880.5,966.5,926.5,891.5,894.5,896.5,919.5,934.5,931.5,924.5,912.5,896.5,915.5,911.5,914.5,926.5
2023-01-11,863.5,874.5,923,1047.5,862,856.5,972,956.5,1044,1032,1413,1033.5,1271.5,1043,1140,1020,990,935.5,1032,938,930,,1201.5,1065,850,922,928.5,938.5,962.5,850.5,850.5,965.5,967.5,854.5,952,912,877,880,882,893.5,908.5,905.5,898.5,886.5,870.5,889.5,885.5,888.5,900.5
2023-01-10,857,885,915.5,1009,838,825.5,956,935.5,1019.5,1026.5,1409,1022.5,1256.5,1004,1147.5,1011.5,995,929,1030.5,928,930,,1172.5,1086.5,850,912.5,922,932,956,844,844,959,961,848,928,888,853,856,858,887,902,899,892,880,864,883,879,882,894
2023-01-09,867.5,885.5,943,1000,841,832,964,924,1013.5,998.5,1409,1061.5,1266.5,982.5,1140,1026.5,995,922.5,1025.5,923,930,,1210,1081.5,855,912,932.5,942.5,966.5,854.5,854.5,969.5,971.5,858.5,931,891,856,859,861,897.5,912.5,909.5,902.5,890.5,874.5,893.5,889.5,892.5,904.5
2023-01-06,856.5,888.5,930,1000,828,835.5,950,923.5,980,983.5,1409,1039.5,1258.5,982.5,1120.5,1026.5,970,915,1056.5,910,885,,1210,1076.5,855,900.5,921.5,931.5,955.5,843.5,843.5,958.5,960.5,847.5,918,878,843,846,848,886.5,901.5,898.5,891.5,879.5,863.5,882.5,878.5,881.5,893.5
2023-01-05,868.5,881.5,934,998.5,846.5,865.5,976,923.5,1005,1048.5,1395,1032.5,1258.5,972.5,1128.5,1041.5,1035,916,1036.5,910,1030,,1166.5,1071.5,855,901.5,933.5,943.5,967.5,855.5,855.5,970.5,972.5,859.5,936.5,896.5,861.5,864.5,866.5,898.5,913.5,910.5,903.5,891.5,875.5,894.5,890.5,893.5,905.5
2023-01-04,872,894,939,1011,850.5,928.5,970,933.5,1020,1043.5,1395,1044.5,1255.5,1018,1131,1036.5,1035,943,1046.5,905,1030,,1211.5,1063.5,855,911.5,937,947,971,859,859,974,976,863,940.5,900.5,865.5,868.5,870.5,902,917,914,907,895,879,898,894,897,909
2023-01-03,922.5,950,960.5,1078.5,895.5,924,980,965.5,1030.5,1050.5,1379,1050.5,1263.5,1188,1164,1050,1035,962.5,1069.5,910,1030,,1250,1098.5,855,960.5,987.5,997.5,1021.5,909.5,909.5,1024.5,1026.5,913.5,985.5,945.5,910.5,913.5,915.5,952.5,967.5,964.5,957.5,945.5,929.5,948.5,944.5,947.5,959.5
2023-01-02,920.5,950,953,941,903,,1010,928.5,1048.5,1029.5,1379,1074.5,1301.5,1118,1163,1050,1035,959,1055.5,925,1030,,1255,1088.5,855,952,985.5,995.5,1019.5,907.5,907.5,1022.5,1024.5,911.5,993,953,918,921,923,950.5,965.5,962.5,955.5,943.5,927.5,946.5,942.5,945.5,957.5
2022-12-30,926.5,950,953,941,896,893.5,1010,928.5,1048.5,1029.5,1379,1090.5,1281.5,1118,1163,1050,1035,962.5,1055.5,925,1030,,1255,1088.5,855,952,991.5,1001.5,1025.5,913.5,913.5,1028.5,1030.5,917.5,986,946,911,914,916,956.5,971.5,968.5,961.5,949.5,933.5,952.5,948.5,951.5,963.5
2022-12-29,926,955,928,941,886,887,1010,928.5,1048.5,1029.5,1379,1079.5,1281.5,1098.5,1158,1040,1035,955.5,1055.5,925,1030,,1205,1083.5,855,943.5,991,1001,1025,913,913,1028,1030,917,976,936,901,904,906,956,971,968,961,949,933,952,948,951,963
2022-12-28,933.5,945,933,1062.5,909,900,1010,928.5,1048.5,1029.5,1389,1077.5,1281.5,1108,1183,1060,1035,954.5,1055.5,925,1030,,1215,1103.5,855,955,998.5,1008.5,1032.5,920.5,920.5,1035.5,1037.5,924.5,999,959,924,927,929,963.5,978.5,975.5,968.5,956.5,940.5,959.5,955.5,958.5,970.5
2022-12-27,934.5,924.5,911,1089,905,865,940,908.5,925,975,1389,1096.5,1281.5,1002,1164,1020,995,952.5,1033.5,870,985,,1198.5,1113.5,855,978,999.5,1009.5,1033.5,921.5,921.5,1036.5,1038.5,925.5,995,955,920,923,925,964.5,979.5,976.5,969.5,957.5,941.5,960.5,956.5,959.5,971.5
2022-12-26,916,924.5,911,1064.5,863,,940,908.5,925,975,1389,1105.5,1281.5,1002,1164,1020,995,940.5,1033.5,870,985,,1198.5,1113.5,855,929.5,981,991,1015,903,903,1018,1020,907,953,913,878,881,883,946,961,958,951,939,923,942,938,941,953
2022-12-23,916,924.5,911,1064.5,863,855,940,908.5,925,975,1420,1096.5,1261.5,1002,1164,1020,995,937,1033.5,870,985,,1198.5,1113.5,845,929.5,981,991,1015,903,903,1018,1020,907,953,913,878,881,883,946,961,958,951,939,923,942,938,941,953
2022-12-22,913.5,914.5,909,968.5,868,858.5,945,910.5,965,980,1420,1093.5,1261.5,1002,1153,996.5,995,935,1028.5,870,985,,1220,1123.5,845,931.5,978.5,988.5,1012.5,900.5,900.5,1015.5,1017.5,904.5,958,918,883,886,888,943.5,958.5,955.5,948.5,936.5,920.5,939.5,935.5,938.5,950.5
2022-12-21,906.5,924.5,904,986.5,858.5,860.5,945,910.5,965,980,1420,1085.5,1294.5,1002,1148,1011.5,995,939,1028.5,870,985,,1240,1095,845,920.5,971.5,981.5,1005.5,893.5,893.5,1008.5,1010.5,897.5,948.5,908.5,873.5,876.5,878.5,936.5,951.5,948.5,941.5,929.5,913.5,932.5,928.5,931.5,943.5
2022-12-20,900.5,900.5,900.5,1001.5,856,868.5,945,910.5,965,980,1415,1071.5,1294.5,1002,1137,991.5,995,935.5,1028.5,870,985,,1225,1125,845,916.5,965.5,975.5,999.5,887.5,887.5,1002.5,1004.5,891.5,946,906,871,874,876,930.5,945.5,942.5,935.5,923.5,907.5,926.5,922.5,925.5,937.5
2022-12-19,947.5,923,898,991.5,870,882,940,908.5,925,975,1415,1078.5,1311.5,1002,1137,1021.5,995,946.5,1033.5,852,985,,1195,1185,855,930,1012.5,1022.5,1046.5,934.5,934.5,1049.5,1051.5,938.5,960,920,885,888,890,977.5,992.5,989.5,982.5,970.5,954.5,973.5,969.5,972.5,984.5
2022-12-16,967.5,924.5,953,968.5,888,831,972,904,955.5,977,1435,1055.5,1315.5,1018,1120,1018.5,1000,954.5,1056.5,814,995,,1168.5,1135,855,933.5,1032.5,1042.5,1066.5,954.5,954.5,1069.5,1071.5,958.5,978,938,903,906,908,997.5,1012.5,1009.5,1002.5,990.5,974.5,993.5,989.5,992.5,1004.5
2022-12-15,947,945.5,970,981,893,831,973,905,967.5,967,1450,1066.5,1315.5,998,1165,1018.5,985,959,1027.5,814,990,,1168.5,1135,845,938.5,1012,1022,1046,934,934,1049,1051,938,983,943,908,911,913,977,992,989,982,970,954,973,969,972,984
2022-12-14,922.5,904.5,940,958.5,874.5,831,972,904,955.5,977,1450,1080.5,1320.5,998,1145,1018.5,985,939,1011.5,813,990,,1168.5,1135,845,932,987.5,997.5,1021.5,909.5,909.5,1024.5,1026.5,913.5,964.5,924.5,889.5,892.5,894.5,952.5,967.5,964.5,957.5,945.5,929.5,948.5,944.5,947.5,959.5
2022-12-13,882,899.5,905,976.5,845,795,980,878,901.5,958,1450,1073.5,1315.5,978,1120,1008.5,910,917,984.5,786,905,,1198.5,1141.5,845,890,947,957,981,869,869,984,986,873,935,895,860,863,865,912,927,924,917,905,889,908,904,907,919
2022-12-12,862,864.5,865,974.5,794,787.5,1010,880.5,1031.5,915,1450,1086.5,1287.5,928,1092,1008.5,910,898,946.5,765,905,,1198.5,1141.5,855,834.5,927,937,961,849,849,964,966,853,884,844,809,812,814,892,907,904,897,885,869,888,884,887,899
2022-12-09,879.5,879,879.5,971.5,801.5,761,1010,880.5,1031.5,915,1450,1092.5,1297.5,928,1143,1020,910,895.5,946.5,765,905,,1261.5,1141.5,870,849,944.5,954.5,978.5,866.5,866.5,981.5,983.5,870.5,891.5,851.5,816.5,819.5,821.5,909.5,924.5,921.5,914.5,902.5,886.5,905.5,901.5,904.5,916.5
2022-12-08,878.5,849,887.5,975.5,802,774,945,820,896.5,905,1450,1089.5,1297.5,948,1088,1035,1035,893,966.5,765,1020,,1231.5,1141.5,870,833,943.5,953.5,977.5,865.5,865.5,980.5,982.5,869.5,892,852,817,820,822,908.5,923.5,920.5,913.5,901.5,885.5,904.5,900.5,903.5,915.5
2022-12-07,903,869,912.5,979,811.5,797,940,840.5,901.5,905,1450,1086.5,1212.5,981,1093,1035,1035,926.5,996.5,840,1020,,1231.5,1141.5,870,866.5,968,978,1002,890,890,1005,1007,894,901.5,861.5,826.5,829.5,831.5,933,948,945,938,926,910,929,925,928,940
2022-12-06,925.5,926,942.5,988.5,848.5,859,1010,875.5,1031.5,1010,1450,1196.5,1287.5,952,1138.5,1035,1035,953,1086.5,990,1020,,1231.5,1141.5,870,886,990.5,1000.5,1024.5,912.5,912.5,1027.5,1029.5,916.5,938.5,898.5,863.5,866.5,868.5,955.5,970.5,967.5,960.5,948.5,932.5,951.5,947.5,950.5,962.5
2022-12-05,967,939,945,1004.5,895.5,890,1010,875.5,1031.5,1010,1450,1185.5,1287.5,1032,1143,1100,1035,991,1086.5,990,1020,,1261.5,1151.5,870,944.5,1032,1042,1066,954,954,1069,1071,958,985.5,945.5,910.5,913.5,915.5,997,1012,1009,1002,990,974,993,989,992,1004
2022-12-02,973.5,988,954,1064.5,913.5,,975.5,911.5,1052.5,1006.5,1460,1185.5,1344,1098,1128,1075,1030,1005.5,1113.5,1068,1020,,1286.5,1151.5,870,935,1038.5,1048.5,1072.5,960.5,960.5,1075.5,1077.5,964.5,1003.5,963.5,928.5,931.5,933.5,1003.5,1018.5,1015.5,1008.5,996.5,980.5,999.5,995.5,998.5,1010.5
2022-12-01,981.5,901,956,1069.5,909,,1060.5,935.5,1088.5,1039.5,1499,1164.5,1344,1098,1151,1045,990,1016,1086.5,1068,995,,1281.5,1151.5,870,965.5,1046.5,1056.5,1080.5,968.5,968.5,1083.5,1085.5,972.5,999,959,924,927,929,1011.5,1026.5,1023.5,1016.5,1004.5,988.5,1007.5,1003.5,1006.5,1018.5
2022-11-30,963.5,901,936,1054.5,889.5,872,1045.5,911.5,1087.5,1019.5,1499,1161.5,1309,1098,1141,1045,990,1003,1041.5,1108,995,,1281.5,1151.5,929.5,952.5,1028.5,1038.5,1062.5,950.5,950.5,1065.5,1067.5,954.5,979.5,939.5,904.5,907.5,909.5,993.5,1008.5,1005.5,998.5,986.5,970.5,989.5,985.5,988.5,1000.5
2022-11-29,958,901,921,1038.5,867.5,862.5,1045.5,911.5,1087.5,1019.5,1520,1146.5,1309,1063,1141,1045,990,992,1041.5,1108,995,,1281.5,1141.5,929.5,920,1023,1033,1057,945,945,1060,1062,949,957.5,917.5,882.5,885.5,887.5,988,1003,1000,993,981,965,984,980,983,995
2022-11-28,967.5,943,912,1073,861,849,1050.5,891.5,1067.5,1006.5,1520,1152.5,1314,1068,1128,1070,990,977,1073.5,1168,995,,1301.5,1141.5,929.5,901.5,1032.5,1042.5,1066.5,954.5,954.5,1069.5,1071.5,958.5,951,911,876,879,881,997.5,1012.5,1009.5,1002.5,990.5,974.5,993.5,989.5,992.5,1004.5
2022-11-25,998.5,997,948,1038.5,887,883,1118.5,947.5,1086.5,990,1520,1160.5,1343.5,1068,1103,1150,1035,999,1125,1210,1030,,1311.5,1141.5,929.5,951,1063.5,1073.5,1097.5,985.5,985.5,1100.5,1102.5,989.5,977,937,902,905,907,1028.5,1043.5,1040.5,1033.5,1021.5,1005.5,1024.5,1020.5,1023.5,1035.5
2022-11-24,1000,972,949,1048.5,876.5,881,1118.5,947.5,1086.5,1030,1535,1151,1343.5,1068,1213,1160,1045,1012,1125,1210,1040,,1311.5,1141.5,929.5,941.5,1065,1075,1099,987,987,1102,1104,991,966.5,926.5,891.5,894.5,896.5,1030,1045,1042,1035,1023,1007,1026,1022,1025,1037
2022-11-23,1027.5,972,974,1082,917,912,1118.5,947.5,1086.5,1030,1535,1165,1343.5,1068,1213,1160,1045,1014.5,1125,1210,1040,,1311.5,1141.5,929.5,973.5,1092.5,1102.5,1126.5,1014.5,1014.5,1129.5,1131.5,1018.5,1007,967,932,935,937,1057.5,1072.5,1069.5,1062.5,1050.5,1034.5,1053.5,1049.5,1052.5,1064.5
2022-11-22,1023,980,974,1078,921.5,898,1143.5,942.5,1080,1068.5,1550,1164,1368.5,1121,1218,1115,1065,994,1128.5,1215,1065,,1311.5,1141.5,929.5,983.5,1088,1098,1122,1010,1010,1125,1127,1014,1011.5,971.5,936.5,939.5,941.5,1053,1068,1065,1058,1046,1030,1049,1045,1048,1060
2022-11-21,1030,975,969,1109,923.5,914.5,1148.5,942.5,1080,1073.5,1550,1160,1363.5,1118,1213,1115,1065,1021.5,1128.5,1215,1065,,1311.5,1141.5,929.5,988.5,1095,1105,1129,1017,1017,1132,1134,1021,1013.5,973.5,938.5,941.5,943.5,1060,1075,1072,1065,1053,1037,1056,1052,1055,1067
2022-11-18,1051,1002,1024,1118,932,924,1122,968.5,1154.5,1100.5,1555,1136,1404.5,1156,1224,1133.5,1075,1042,1140.5,1193,1065,,1295,1181.5,929.5,981.5,1116,1126,1150,1038,1038,1153,1155,1042,1022,982,947,950,952,1081,1096,1093,1086,1074,1058,1077,1073,1076,1088
2022-11-17,1062.5,1023,1034,1125.5,954,941,1167,974.5,1139.5,1102.5,1555,1166,1404.5,1183,1254,1163.5,1105,1072,1140.5,1193,1100,,1320,1181.5,929.5,990,1127.5,1137.5,1161.5,1049.5,1049.5,1164.5,1166.5,1053.5,1044,1004,969,972,974,1092.5,1107.5,1104.5,1097.5,1085.5,1069.5,1088.5,1084.5,1087.5,1099.5
2022-11-16,1067.5,1037,1054,1115.5,976.5,957.5,1182,988.5,1154.5,1130.5,1555,1170,1441.5,1213,1264,1163.5,1105,1068.5,1180.5,1212,1100,,1320,1181.5,855,1007,1132.5,1142.5,1166.5,1054.5,1054.5,1169.5,1171.5,1058.5,1066.5,1026.5,991.5,994.5,996.5,1097.5,1112.5,1109.5,1102.5,1090.5,1074.5,1093.5,1089.5,1092.5,1104.5
2022-11-15,1056,972,1005,1110,969.5,938,1231.5,994.5,1174.5,1139.5,1559,1170,1466.5,1263,1225,1178.5,1095,1041,1166.5,1213,1100,,1313.5,1145,880,991.5,1121,1131,1155,1043,1043,1158,1160,1047,1059.5,1019.5,984.5,987.5,989.5,1086,1101,1098,1091,1079,1063,1082,1078,1081,1093
2022-11-14,1060.5,1080,1025,1120.5,989,1003,1216.5,1050.5,1138.5,1186.5,1559,1153,1346.5,1261,1317,1178.5,1095,1043.5,1196.5,1230,1100,,1313.5,1145,880,1013.5,1125.5,1135.5,1159.5,1047.5,1047.5,1162.5,1164.5,1051.5,1079,1039,1004,1007,1009,1090.5,1105.5,1102.5,1095.5,1083.5,1067.5,1086.5,1082.5,1085.5,1097.5
2022-11-11,1069,1035,1025,1108,992,975,1216.5,1050.5,1138.5,1186.5,1522,1214,1491.5,1387,1257,1178.5,1080,1049,1196.5,1230,1125,,1323.5,1165,880,1021.5,1134,1144,1168,1056,1056,1171,1173,1060,1082,1042,1007,1010,1012,1099,1114,1111,1104,1092,1076,1095,1091,1094,1106
2022-11-10,1047.5,1025,998,1091,979.5,975.5,1246.5,1056.5,1208.5,1163.5,1522,1296.5,1491.5,1338,1237,1163.5,1120,1068,1201.5,1230,1125,,1323.5,1165,880,998,1112.5,1122.5,1146.5,1034.5,1034.5,1149.5,1151.5,1038.5,1069.5,1029.5,994.5,997.5,999.5,1077.5,1092.5,1089.5,1082.5,1070.5,1054.5,1073.5,1069.5,1072.5,1084.5
2022-11-09,1069,1025,1018,1121.5,1004.5,1005.5,1261.5,1108.5,1168.5,1226.5,1522,1173.5,1503.5,1368,1257,1163.5,1120,1101,1241.5,1240,1125,,1323.5,1165,880,1046.5,1134,1144,1168,1056,1056,1171,1173,1060,1094.5,1054.5,1019.5,1022.5,1024.5,1099,1114,1111,1104,1092,1076,1095,1091,1094,1106
2022-11-08,1075.5,1035,1037,1122.5,1049,1032,1278.5,1133,1185,1250.5,1522,1192.5,1543.5,1383,1251.5,1168.5,1165,1113,1272.5,1260,1165,,1328.5,1241.5,880,1059.5,1140.5,1150.5,1174.5,1062.5,1062.5,1177.5,1179.5,1066.5,1139,1099,1064,1067,1069,1105.5,1120.5,1117.5,1110.5,1098.5,1082.5,1101.5,1097.5,1100.5,1112.5
2022-11-07,1063.5,1028,1037,1111.5,1065,1042.5,1288.5,1143,1195,1248.5,1522,1204.5,1623.5,1386,1261.5,1168.5,1165,1112,1285.5,1260,1165,,1328.5,1241.5,865,1072.5,1128.5,1138.5,1162.5,1050.5,1050.5,1165.5,1167.5,1054.5,1155,1115,1080,1083,1085,1093.5,1108.5,1105.5,1098.5,1086.5,1070.5,1089.5,1085.5,1088.5,1100.5
2022-11-04,1068.5,1042,1031.5,1127,1066,991,1293.5,1116.5,1192.5,1287.5,1520,1182.5,1601.5,1393,1247,1170,1160,1112.5,1245.5,1228,1165,,1340,1230,865,1088,1133.5,1143.5,1167.5,1055.5,1055.5,1170.5,1172.5,1059.5,1156,1116,1081,1084,1086,1098.5,1113.5,1110.5,1103.5,1091.5,1075.5,1094.5,1090.5,1093.5,1105.5
2022-11-03,1047.5,1027,1018.5,1151,1017,995,1288.5,1096.5,1187.5,1229.5,1522,1178.5,1601.5,1288,1237,1165,1210,1111,1285.5,1228,1200,,1345,1230,865,1033.5,1112.5,1122.5,1146.5,1034.5,1034.5,1149.5,1151.5,1038.5,1107,1067,1032,1035,1037,1077.5,1092.5,1089.5,1082.5,1070.5,1054.5,1073.5,1069.5,1072.5,1084.5
2022-11-02,1050.5,1012,1003.5,1134.5,1000,1035,1293.5,1116.5,1192.5,1212.5,1522,1178.5,1614.5,1213,1227,1165,1210,1094,1245.5,1231,1200,,1345,1230,865,1025,1115.5,1125.5,1149.5,1037.5,1037.5,1152.5,1154.5,1041.5,1090,1050,1015,1018,1020,1080.5,1095.5,1092.5,1085.5,1073.5,1057.5,1076.5,1072.5,1075.5,1087.5
2022-11-01,1071.5,1037,1033.5,1150,1002.5,1030.5,1287,1105,1192.5,1195.5,1536,1156.5,1612.5,1201,1243.5,1165,1210,1101,1245.5,1222,1200,,1385,1255,865,1065.5,1136.5,1146.5,1170.5,1058.5,1058.5,1173.5,1175.5,1062.5,1092.5,1052.5,1017.5,1020.5,1022.5,1101.5,1116.5,1113.5,1106.5,1094.5,1078.5,1097.5,1093.5,1096.5,1108.5
2022-10-31,1078.5,1033.5,1036.5,1101.5,1028,1061,1297,1120,1212.5,1210.5,1536,1137.5,1616.5,1442,1257,1183.5,1210,1143.5,1275.5,1253,1200,,1437.5,1286.5,850,1067,1143.5,1153.5,1177.5,1065.5,1065.5,1180.5,1182.5,1069.5,1118,1078,1043,1046,1048,1108.5,1123.5,1120.5,1113.5,1101.5,1085.5,1104.5,1100.5,1103.5,1115.5
2022-10-28,1079.5,1073.5,1046.5,1121.5,1060.5,1061,1306.5,1178.5,1255,1141.5,1536,1147.5,1586,1424,1262,1213.5,1210,1153,1283,1270,1200,,1397.5,1286.5,850,1075.5,1144.5,1154.5,1178.5,1066.5,1066.5,1181.5,1183.5,1070.5,1150.5,1110.5,1075.5,1078.5,1080.5,1109.5,1124.5,1121.5,1114.5,1102.5,1086.5,1105.5,1101.5,1104.5,1116.5
2022-10-27,1061.5,1038.5,1036.5,1101.5,1044.5,1061,1306.5,1158.5,1255,1201.5,1517,1142.5,1586,1358,1272,1173.5,1200,1159.5,1283,1270,1160,,1397.5,1286.5,850,1075.5,1126.5,1136.5,1160.5,1048.5,1048.5,1163.5,1165.5,1052.5,1134.5,1094.5,1059.5,1062.5,1064.5,1091.5,1106.5,1103.5,1096.5,1084.5,1068.5,1087.5,1083.5,1086.5,1098.5
2022-10-26,1053.5,1033.5,1021.5,1086.5,1029,1045,1261.5,1128,1270,1201.5,1517,1145.5,1576,1284,1262,1173.5,1200,1155,1300,1245,1160,,1397.5,1286.5,870,1048,1118.5,1128.5,1152.5,1040.5,1040.5,1155.5,1157.5,1044.5,1119,1079,1044,1047,1049,1083.5,1098.5,1095.5,1088.5,1076.5,1060.5,1079.5,1075.5,1078.5,1090.5
2022-10-25,1033,1035,1016.5,1107,1015,1048,1240,1183,1271.5,1246.5,1520,1152.5,1514,1281,1295,1168.5,1160,1147,1297,1378,1160,,1417.5,1201.5,870,1058,1098,1108,1132,1020,1020,1135,1137,1024,1105,1065,1030,1033,1035,1063,1078,1075,1068,1056,1040,1059,1055,1058,1070
2022-10-24,1039,1035,1001.5,1112,1040.5,1023,1240,1183,1271.5,1246.5,1520,1169.5,1514,1268,1295,1168.5,1160,1156,1297,1378,1160,,1417.5,1201.5,870,1062,1104,1114,1138,1026,1026,1141,1143,1030,1130.5,1090.5,1055.5,1058.5,1060.5,1069,1084,1081,1074,1062,1046,1065,1061,1064,1076
2022-10-21,1034.5,1054,1001.5,1134.5,1012,1072,1155,1053.5,1207.5,1185.5,1520,1164.5,1494,1202,1255,1168.5,1160,1170,1276,1378,1160,,1417.5,1201.5,870,1050.5,1099.5,1109.5,1133.5,1021.5,1021.5,1136.5,1138.5,1025.5,1102,1062,1027,1030,1032,1064.5,1079.5,1076.5,1069.5,1057.5,1041.5,1060.5,1056.5,1059.5,1071.5
2022-10-20,1061,1035,1041.5,1167.5,1055.5,1074,1193,1141,1278.5,1246.5,1520,1151.5,1494,1278,1295,1173.5,1200,1186,1115,1378,1180,,1417.5,1291.5,870,1094,1126,1136,1160,1048,1048,1163,1165,1052,1145.5,1105.5,1070.5,1073.5,1075.5,1091,1106,1103,1096,1084,1068,1087,1083,1086,1098
2022-10-19,1045,1014,1011.5,1143.5,1050.5,1058,1245,1160.5,1287.5,1245.5,1520,1153.5,1497,1268,1265,1173.5,1200,1174.5,1301,1378,1180,,1417.5,1291.5,870,1074,1110,1120,1144,1032,1032,1147,1149,1036,1140.5,1100.5,1065.5,1068.5,1070.5,1075,1090,1087,1080,1068,1052,1071,1067,1070,1082
2022-10-18,1068,1084,1045.5,1154,1084.5,1061.5,1265.5,1239,1278.5,1301.5,1479,1153.5,1599,1333,1283.5,1158.5,1200,1149,1305.5,1408,1180,,1401.5,1221.5,920,1118,1133,1143,1167,1055,1055,1170,1172,1059,1174.5,1134.5,1099.5,1102.5,1104.5,1098,1113,1110,1103,1091,1075,1094,1090,1093,1105
2022-10-17,1055.5,1060,1033,1149,1078.5,1047,1280.5,1248,1335.5,1338.5,1479,1150.5,1529,1323,1269.5,1173.5,1200,1162,1300.5,1408,1180,,1401.5,1201.5,920,1113,1120.5,1130.5,1154.5,1042.5,1042.5,1157.5,1159.5,1046.5,1168.5,1128.5,1093.5,1096.5,1098.5,1085.5,1100.5,1097.5,1090.5,1078.5,1062.5,1081.5,1077.5,1080.5,1092.5
2022-10-14,1078,1083.5,1048,1172,1077.5,1061.5,1280,1247.5,1383.5,1330,1479,1146.5,1550,1301,1296,1158.5,1240,1167.5,1306.5,1405,1180,,1401.5,1221.5,920,1121.5,1143,1153,1177,1065,1065,1180,1182,1069,1167.5,1127.5,1092.5,1095.5,1097.5,1108,1123,1120,1113,1101,1085,1104,1100,1103,1115
2022-10-13,1069.5,1050.5,1028.5,1158,1090.5,1046.5,1295,1255,1293.5,1330,1425,1166.5,1550,1298,1286,1163.5,1315,1163.5,1321.5,1405,1185,,1419.5,1221.5,920,1121,1134.5,1144.5,1168.5,1056.5,1056.5,1171.5,1173.5,1060.5,1180.5,1140.5,1105.5,1108.5,1110.5,1099.5,1114.5,1111.5,1104.5,1092.5,1076.5,1095.5,1091.5,1094.5,1106.5
2022-10-12,1055.5,1072,1060.5,1137.5,1072.5,1035,1265,1225,1353.5,1330,1425,1166.5,1532.5,1297,1311.5,1138.5,1315,1179.5,1346.5,1370,1185,,1364.5,1271.5,920,1180,1120.5,1130.5,1154.5,1042.5,1042.5,1157.5,1159.5,1046.5,1162.5,1122.5,1087.5,1090.5,1092.5,1085.5,1100.5,1097.5,1090.5,1078.5,1062.5,1081.5,1077.5,1080.5,1092.5
2022-10-11,1074,1081,1057,1113.5,1040,1099.5,1254,1205.5,1359.5,1279,1425,1169.5,1497.5,1258,1325.5,1223.5,1315,1219,1324,1370,1185,,1344.5,1266.5,920,1119.5,1139,1149,1173,1061,1061,1176,1178,1065,1130,1090,1055,1058,1060,1104,1119,1116,1109,1097,1081,1100,1096,1099,1111
2022-10-10,1107.5,1121.5,1082,1135,1121,1115.5,1297,1263.5,1320.5,1362,1425,1163.5,1432.5,1328,1302,1228.5,1315,1233.5,1392,1323,1185,,1364.5,1271.5,920,1214,1172.5,1182.5,1206.5,1094.5,1094.5,1209.5,1211.5,1098.5,1211,1171,1136,1139,1141,1137.5,1152.5,1149.5,1142.5,1130.5,1114.5,1133.5,1129.5,1132.5,1144.5
2022-10-07,1087,1084.5,1062,1129,1094.5,1042,1212,1188.5,1320.5,1252,1425,1167.5,1432.5,1303,1310,1205,1300,1162,1252,1323,1280,,1338.5,1279,920,1187.5,1152,1162,1186,1074,1074,1189,1191,1078,1184.5,1144.5,1109.5,1112.5,1114.5,1117,1132,1129,1122,1110,1094,1113,1109,1112,1124
2022-10-06,1041,1051.5,1011,1106.5,1049,1025,1177,1094,1226.5,1200,1430.5,1165.5,1432.5,1153,1308,1088.5,1200,1147,1282,1323,1180,,1313.5,1285,917.5,1105.5,1106,1116,1140,1028,1028,1143,1145,1032,1139,1099,1064,1067,1069,1071,1086,1083,1076,1064,1048,1067,1063,1066,1078
2022-10-05,991,1014,966,1076,1016,1215,1147,1084,1280.5,1202,1430.5,1180.5,1421.5,1148,1268,1088.5,1200,1103.5,1252,1276,1180,,1338.5,1260,917.5,1090.5,1056,1066,1090,978,978,1093,1095,982,1106,1066,1031,1034,1036,1021,1036,1033,1026,1014,998,1017,1013,1016,1028
2022-10-04,955.5,967,941,1098.5,984,990,1115.5,1019.5,1221.5,1165.5,1430.5,1168.5,1361.5,1093,1248,1085,1090,1070,1197,1226,1080,,1311.5,1259,917.5,1058,1020.5,1030.5,1054.5,942.5,942.5,1057.5,1059.5,946.5,1074,1034,999,1002,1004,985.5,1000.5,997.5,990.5,978.5,962.5,981.5,977.5,980.5,992.5
2022-10-03,927,953,931,1107.5,963,990,1039.5,981.5,1218.5,1095.5,1430.5,1125.5,1336.5,1062,1238,1085,1090,1036,1157,1184,1080,,1311.5,1259,921.5,1025.5,992,1002,1026,914,914,1029,1031,918,1053,1013,978,981,983,957,972,969,962,950,934,953,949,952,964
2022-09-30,933,990.5,929,1133,947.5,990,1048.5,994,1156.5,1106.5,1430.5,1128.5,1370,1062,1269.5,1083.5,1090,1037,1141.5,1170,1080,,1311.5,1271.5,921.5,1025.5,998,1008,1032,920,920,1035,1037,924,1037.5,997.5,962.5,965.5,967.5,963,978,975,968,956,940,959,955,958,970
2022-09-29,934.5,950.5,924,1138.5,986.5,975,1043.5,979,1141.5,1106.5,1455.5,1135.5,1370,1088,1237.5,1075,1050,1018,1152.5,1170,1020,,1330,1268,921.5,1052,999.5,1009.5,1033.5,921.5,921.5,1036.5,1038.5,925.5,1076.5,1036.5,1001.5,1004.5,1006.5,964.5,979.5,976.5,969.5,957.5,941.5,960.5,956.5,959.5,971.5
2022-09-28,899.5,928,908,1104.5,964,975,1048.5,974,1116.5,1101.5,1455.5,1136.5,1340,1088,1215,1060,1050,983.5,1141.5,1145,1020,,1330,1220,861.5,993,964.5,974.5,998.5,886.5,886.5,1001.5,1003.5,890.5,1054,1014,979,982,984,929.5,944.5,941.5,934.5,922.5,906.5,925.5,921.5,924.5,936.5
2022-09-27,882,922,903.5,1104.5,946.5,925,1052.5,961,1127,1089.5,1460.5,1136.5,1335,1078,1212.5,1043.5,1035,991,1129,1131,1020,,1295,1196,861.5,987.5,947,957,981,869,869,984,986,873,1036.5,996.5,961.5,964.5,966.5,912,927,924,917,905,889,908,904,907,919
2022-09-26,896.5,942.5,921,1094,963.5,980,1045.5,949,1127,1065.5,1460.5,1162.5,1312,1056,1232,1073.5,1035,1023.5,1162,1131,1020,,1310,1226,861.5,1004.5,961.5,971.5,995.5,883.5,883.5,998.5,1000.5,887.5,1053.5,1013.5,978.5,981.5,983.5,926.5,941.5,938.5,931.5,919.5,903.5,922.5,918.5,921.5,933.5
2022-09-23,926,987.5,948,1060.5,1002.5,1020,1165.5,987,1233.5,1104,1464.5,1174.5,1348,1053,1232,1095,1055,1044.5,1193.5,1168,1035,,1293.5,1229,891.5,1020.5,991,1001,1025,913,913,1028,1030,917,1092.5,1052.5,1017.5,1020.5,1022.5,956,971,968,961,949,933,952,948,951,963
2022-09-22,949,986.5,979,1063,999,998.5,1090.5,1016,1111.5,1106,1473.5,1174.5,1348,1178,1287.5,1115,1050,1033,1201.5,1168,1030,,1326.5,1279,892,1034.5,1014,1024,1048,936,936,1051,1053,940,1089,1049,1014,1017,1019,979,994,991,984,972,956,975,971,974,986
2022-09-21,950.5,985,979,1080,999.5,966,1125.5,971,1091.5,1081,1473.5,1174.5,1323,1091,1290,1080,1050,1033,1201.5,1248,1030,,1341.5,1259,890,1039,1015.5,1025.5,1049.5,937.5,937.5,1052.5,1054.5,941.5,1089.5,1049.5,1014.5,1017.5,1019.5,980.5,995.5,992.5,985.5,973.5,957.5,976.5,972.5,975.5,987.5
2022-09-20,912,967.5,969,1052,1022.5,943.5,1175.5,966,1248.5,1094,1466.5,1160.5,1331,1093,1250,1025,1050,1029.5,1236.5,1193,1030,,1321.5,1245,910,1016,977,987,1011,899,899,1014,1016,903,1112.5,1072.5,1037.5,1040.5,1042.5,942,957,954,947,935,919,938,934,937,949
2022-09-19,881.5,952,939,1086,984,1033.5,1165.5,956,1233.5,1124,1466.5,1217.5,1316,1038,1220,1025,1050,1055,1193.5,1183,1030,,1336.5,1145,847.5,991,946.5,956.5,980.5,868.5,868.5,983.5,985.5,872.5,1074,1034,999,1002,1004,911.5,926.5,923.5,916.5,904.5,888.5,907.5,903.5,906.5,918.5
2022-09-16,891,960,939,1113,1007,1048.5,1175.5,1000,1221.5,1123.5,1496.5,1232.5,1335,1058,1195.5,1081.5,1065,1093,1180,1250,1035,,1333.5,1145,838.5,1034.5,956,966,990,878,878,993,995,882,1097,1057,1022,1025,1027,921,936,933,926,914,898,917,913,916,928
2022-09-15,923,986,977,1170.5,976,960,1175.5,1000,1221.5,1143.5,1483.5,1242.5,1335,1068,1246,1105,1190,1109.5,1225,1250,1205,,1355,1201,887,1016,988,998,1022,910,910,1025,1027,914,1066,1026,991,994,996,953,968,965,958,946,930,949,945,948,960
2022-09-14,1005,1015,997,1141.5,1016.5,1060,1184.5,1064.5,1228,1156.5,1483.5,1241.5,1391,1128,1263,1135,1190,1105.5,1215,1255,1205,,1405,1341,887,1018,1070,1080,1104,992,992,1107,1109,996,1106.5,1066.5,1031.5,1034.5,1036.5,1035,1050,1047,1040,1028,1012,1031,1027,1030,1042
2022-09-13,1053,1090,1052,1190,1077,1060,1209.5,1094.5,1238,1186.5,1493.5,1255.5,1406,1171,1338,1135,1190,1126,1250,1270,1205,,1405,1231,887,1118,1118,1128,1152,1040,1040,1155,1157,1044,1167,1127,1092,1095,1097,1083,1098,1095,1088,1076,1060,1079,1075,1078,1090
2022-09-12,1042,1070,1032,1157,1081,1060,1241.5,1112.5,1229,1186.5,1493.5,1245.5,1406,1198,1318,1135,1190,1115,1285,1260,1205,,1405,1231,872,1132.5,1107,1117,1141,1029,1029,1144,1146,1033,1171,1131,1096,1099,1101,1072,1087,1084,1077,1065,1049,1068,1064,1067,1079
2022-09-09,1027,1065,1023,1145.5,1063.5,1060,1230,1095.5,1235,1183.5,1496.5,1233.5,1419,1178,1303,1135,1200,1112,1282.5,1228,1205,,1405,1341,868.5,1113,1092,1102,1126,1014,1014,1129,1131,1018,1153.5,1113.5,1078.5,1081.5,1083.5,1057,1072,1069,1062,1050,1034,1053,1049,1052,1064
2022-09-08,1031,1051,1030,1150.5,1063,1098.5,1225,1090.5,1225,1171.5,1496.5,1231.5,1419,1168,1303,1145,1200,1117,1287.5,1228,1205,,1405,1341,857.5,1103,1096,1106,1130,1018,1018,1133,1135,1022,1153,1113,1078,1081,1083,1061,1076,1073,1066,1054,1038,1057,1053,1056,1068
2022-09-07,1042,1055,1035,1139.5,1080.5,1098.5,1230,1095.5,1235,1183.5,1496.5,1231.5,1293,1150,1308,1145,1200,1115,1282.5,1238,1205,,1405,1341,882.5,1132.5,1107,1117,1141,1029,1029,1144,1146,1033,1170.5,1130.5,1095.5,1098.5,1100.5,1072,1087,1084,1077,1065,1049,1068,1064,1067,1079
2022-09-06,1063,1119,1072,1168.5,1094,1138.5,1234.5,1102,1259.5,1181.5,1491,1244.5,1443,1175,1335.5,1195,1235,1131,1288,1270,1230,,1415,1282,909,1155.5,1128,1138,1162,1050,1050,1165,1167,1054,1184,1144,1109,1112,1114,1093,1108,1105,1098,1086,1070,1089,1085,1088,1100
2022-09-05,1068,1069,1072,1153,1113,1138.5,1226.5,1119,1221.5,1173.5,1491,1240,1435,1200,1318.5,1160,1235,1139,1330,1270,1230,,1435,1277,884,1165,1133,1143,1167,1055,1055,1170,1172,1059,1203,1163,1128,1131,1133,1098,1113,1110,1103,1091,1075,1094,1090,1093,1105
2022-09-02,1041,1038,1051,1138.5,1098.5,1193.5,1226.5,1119,1201.5,1163.5,1491,1237,1445,1200,1307.5,1146.5,1180,1132,1305,1270,1150,,1418.5,1264.5,881.5,1167.5,1106,1116,1140,1028,1028,1143,1145,1032,1188.5,1148.5,1113.5,1116.5,1118.5,1071,1086,1083,1076,1064,1048,1067,1063,1066,1078
2022-09-01,1056.5,1079,1064,1153,1063,1143.5,1236.5,1129,1241.5,1158.5,1491,1241.5,1445,1188,1319.5,1180,1230,1169.5,1305,1270,1225,,1358.5,1266,896.5,1131,1121.5,1131.5,1155.5,1043.5,1043.5,1158.5,1160.5,1047.5,1153,1113,1078,1081,1083,1086.5,1101.5,1098.5,1091.5,1079.5,1063.5,1082.5,1078.5,1081.5,1093.5
2022-08-31,1099.5,1124,1109,1207.5,1144.5,1143.5,1261.5,1154,1246.5,1228.5,1491,1270,1430,1278,1357,1225,1230,1176,1305,1275,1225,,1448.5,1286,871.5,1191,1164.5,1174.5,1198.5,1086.5,1086.5,1201.5,1203.5,1090.5,1234.5,1194.5,1159.5,1162.5,1164.5,1129.5,1144.5,1141.5,1134.5,1122.5,1106.5,1125.5,1121.5,1124.5,1136.5
2022-08-30,1137,1143.5,1131,1224.5,1177,1183.5,1268.5,1181,1257.5,1243.5,1490,1274,1480,1293,1375.5,1243.5,1300,1215,1305,1325,1295,,1481.5,1282.5,889,1208.5,1202,1212,1236,1124,1124,1239,1241,1128,1267,1227,1192,1195,1197,1167,1182,1179,1172,1160,1144,1163,1159,1162,1174
2022-08-29,1152.5,1152.5,1137,1203.5,1181,1183.5,1293.5,1186,1284.5,1288.5,1490,1262.5,1525,1306,1402,1243.5,1300,1209.5,1340,1335,1295,,1396.5,1267.5,889,1235,1217.5,1227.5,1251.5,1139.5,1139.5,1254.5,1256.5,1143.5,1271,1231,1196,1199,1201,1182.5,1197.5,1194.5,1187.5,1175.5,1159.5,1178.5,1174.5,1177.5,1189.5
2022-08-26,1163,1211.5,1146,1195,1186,1208.5,1325.5,1226,1298,1320.5,1490,1256.5,1526.5,1348,1413.5,1263.5,1300,1194.5,1354,1298,1295,,1361.5,1297.5,881.5,1223.5,1228,1238,1262,1150,1150,1265,1267,1154,1276,1236,1201,1204,1206,1193,1208,1205,1198,1186,1170,1189,1185,1188,1200
2022-08-25,1157,1154.5,1141,1206,1212.5,1130,1270.5,1167,1278,1275.5,1490,1258.5,1526.5,1368,1404.5,1221.5,1250,1184,1321,1298,1245,,1378.5,1324,906.5,1230.5,1222,1232,1256,1144,1144,1259,1261,1148,1302.5,1262.5,1227.5,1230.5,1232.5,1187,1202,1199,1192,1180,1164,1183,1179,1182,1194
2022-08-24,1124.5,1124.5,1116,1181,1155.5,1130,1245.5,1145.5,1188,1255.5,1490,1259.5,1181,1273,1378,1201.5,1250,1160,1264,1253,1245,,1350.5,1294,873,1189.5,1189.5,1199.5,1223.5,1111.5,1111.5,1226.5,1228.5,1115.5,1245.5,1205.5,1170.5,1173.5,1175.5,1154.5,1169.5,1166.5,1159.5,1147.5,1131.5,1150.5,1146.5,1149.5,1161.5
2022-08-23,1089.5,1082.5,1085,1156,1124,1090,1170,1121.5,1148.5,1208.5,1509,1243.5,1464,1233,1364.5,1165,1140,1134.5,1230.5,1218,1140,,1298.5,1278,896.5,1171,1154.5,1164.5,1188.5,1076.5,1076.5,1191.5,1193.5,1080.5,1214,1174,1139,1142,1144,1119.5,1134.5,1131.5,1124.5,1112.5,1096.5,1115.5,1111.5,1114.5,1126.5
2022-08-22,1054,1047.5,1045,1170,1101,1090,1160,1101.5,1125.5,1188.5,1509,1237,1439,1233,1352,1145,1140,1098,1215.5,1213,1140,,1288.5,1278,896.5,1138,1119,1129,1153,1041,1041,1156,1158,1045,1191,1151,1116,1119,1121,1084,1099,1096,1089,1077,1061,1080,1076,1079,1091
2022-08-19,1041.5,1049.5,1035,1112,1082,1045,1146.5,1054.5,1093.5,1155.5,1515,1242.5,1467.5,1228,1349,1133.5,1140,1101,1206.5,1195,1140,,1282.5,1294,910.5,1124.5,1106.5,1116.5,1140.5,1028.5,1028.5,1143.5,1145.5,1032.5,1172,1132,1097,1100,1102,1071.5,1086.5,1083.5,1076.5,1064.5,1048.5,1067.5,1063.5,1066.5,1078.5
2022-08-18,1022.5,1026,1018,1160,1083.5,1015,1146.5,1072,1118.5,1182.5,1515,1241.5,1467.5,1182,1341,1098.5,1140,1069,1221.5,1195,1140,,1291.5,1314,901.5,1122,1087.5,1097.5,1121.5,1009.5,1009.5,1124.5,1126.5,1013.5,1173.5,1133.5,1098.5,1101.5,1103.5,1052.5,1067.5,1064.5,1057.5,1045.5,1029.5,1048.5,1044.5,1047.5,1059.5
2022-08-17,1002.5,1010.5,1008,1148,1046,1015,1146.5,1052.5,1093.5,1155.5,1515,1252.5,1432.5,1182,1331,1098.5,1140,1091.5,1206.5,1115,1140,,1306.5,1344,895.5,1086,1067.5,1077.5,1101.5,989.5,989.5,1104.5,1106.5,993.5,1136,1096,1061,1064,1066,1032.5,1047.5,1044.5,1037.5,1025.5,1009.5,1028.5,1024.5,1027.5,1039.5
2022-08-16,1011,1013,1008,1082,1036,1030,1148.5,1057.5,1098.5,1152.5,1515,1261.5,1432.5,1179,1331,1108.5,1140,1121.5,1184.5,1115,1140,,1257.5,1357,894,1082,1076,1086,1110,998,998,1113,1115,1002,1126,1086,1051,1054,1056,1041,1056,1053,1046,1034,1018,1037,1033,1036,1048
2022-08-15,1012,1025.5,1018,1072,1037.5,1030,1146.5,1052.5,1093.5,1155.5,1515,1259.5,1422.5,1159,1346,1138.5,1140,1063.5,1206.5,1130,1140,,1292.5,1397,919,1081.5,1077,1087,1111,999,999,1114,1116,1003,1127.5,1087.5,1052.5,1055.5,1057.5,1042,1057,1054,1047,1035,1019,1038,1034,1037,1049
2022-08-12,1020.5,1042,1002,1138,1044.5,1050,1118.5,1045,1025.5,1155.5,1515,1258,1432,1224,1365,1121.5,1175,1070.5,1185.5,1098,1170,,1321.5,1390.5,924,1091.5,1085.5,1095.5,1119.5,1007.5,1007.5,1122.5,1124.5,1011.5,1134.5,1094.5,1059.5,1062.5,1064.5,1050.5,1065.5,1062.5,1055.5,1043.5,1027.5,1046.5,1042.5,1045.5,1057.5
2022-08-11,996,1004,995.5,1163,1040.5,988,1123.5,1075,1090.5,1155.5,1485,1293.5,1432,1187.5,1323,1096.5,1120,1059.5,1158.5,1098,1115,,1283,1356,941.5,1096.5,1061,1071,1095,983,983,1098,1100,987,1130.5,1090.5,1055.5,1058.5,1060.5,1026,1041,1038,1031,1019,1003,1022,1018,1021,1033
2022-08-10,967,960.5,978,1147,998,988,1118.5,1050,1065.5,1125.5,1485,1309,1417,1195,1338,1091.5,1120,1031,1185.5,1068,1115,,1299.5,1381,941.5,1048.5,1032,1042,1066,954,954,1069,1071,958,1088,1048,1013,1016,1018,997,1012,1009,1002,990,974,993,989,992,1004
2022-08-09,955.5,943.5,940.5,1156.5,997,980,1105.5,1028,1078.5,1140.5,1485,1309,1427,1182.5,1298.5,1065,1115,1067.5,1174,1092,1115,,1270.5,1397.5,941.5,1073,1020.5,1030.5,1054.5,942.5,942.5,1057.5,1059.5,946.5,1087,1047,1012,1015,1017,985.5,1000.5,997.5,990.5,978.5,962.5,981.5,977.5,980.5,992.5
2022-08-08,954.5,1023.5,953,1148.5,990,980,1125.5,1003,1068.5,1105.5,1485,1286.5,1406,1129.5,1312,1095,1115,1050.5,1182,1082,1115,,1279,1397.5,941.5,1053.5,1019.5,1029.5,1053.5,941.5,941.5,1056.5,1058.5,945.5,1080,1040,1005,1008,1010,984.5,999.5,996.5,989.5,977.5,961.5,980.5,976.5,979.5,991.5
2022-08-05,982,1026,985,1170.5,1016.5,1005,1133.5,1029,1050,1145.5,1485,1279.5,1427.5,1230,1336.5,1115,1160,1052,1216.5,1085,1155,,1274,1410,924,1058,1047,1057,1081,969,969,1084,1086,973,1106.5,1066.5,1031.5,1034.5,1036.5,1012,1027,1024,1017,1005,989,1008,1004,1007,1019
2022-08-04,1032,1054,992.5,1184,1058,1100,1153.5,1035,1095,1157.5,1495,1316.5,1427.5,1230,1222.5,1120,1190,1100.5,1223.5,1085,1190,,1333,1408,939,1087.5,1097,1107,1131,1019,1019,1134,1136,1023,1148,1108,1073,1076,1078,1062,1077,1074,1067,1055,1039,1058,1054,1057,1069
2022-08-03,1009.5,1046.5,1005,1220.5,1062,1100,1188.5,1075,1050,1180.5,1495,1329.5,1426,1288,1325,1115,1190,1120.5,1216.5,1080,1190,,1318,1413,949,1133,1074.5,1084.5,1108.5,996.5,996.5,1111.5,1113.5,1000.5,1152,1112,1077,1080,1082,1039.5,1054.5,1051.5,1044.5,1032.5,1016.5,1035.5,1031.5,1034.5,1046.5
2022-08-02,1030,1044.5,1016,1168.5,1022,1100,1200.5,1086,1035.5,1200,1525,1346.5,1417,1278,1334,1160,1300,1140.5,1225.5,1103,1290,,1288,1449,1006,1116,1095,1105,1129,1017,1017,1132,1134,1021,1112,1072,1037,1040,1042,1060,1075,1072,1065,1053,1037,1056,1052,1055,1067
2022-08-01,1060.5,1073,1051,1163.5,1095,1100,1205.5,1104.5,1075.5,1207,1525,1340.5,1434,1323,1354,1195,1300,1179.5,1260.5,1278,1290,,1363,1474,1042.5,1173,1125.5,1135.5,1159.5,1047.5,1047.5,1162.5,1164.5,1051.5,1185,1145,1110,1113,1115,1090.5,1105.5,1102.5,1095.5,1083.5,1067.5,1086.5,1082.5,1085.5,1097.5
2022-07-29,1088,1122.5,1064,1275,1108,1115,1170,1150.5,1070,1230.5,1539,1333.5,1480,1373,1370,1213.5,1300,1183,1268,1345,1290,,1360,1461,1027.5,1202.5,1153,1163,1187,1075,1075,1190,1192,1079,1198,1158,1123,1126,1128,1118,1133,1130,1123,1111,1095,1114,1110,1113,1125
2022-07-28,1088,1083.5,1050,1203.5,1147.5,1110,1252,1148.5,1112,1240.5,1539,1311.5,1480,1368,1355.5,1205,1255,1188,1288,1345,1245,,1403,1478,1027.5,1248,1153,1163,1187,1075,1075,1190,1192,1079,1237.5,1197.5,1162.5,1165.5,1167.5,1118,1133,1130,1123,1111,1095,1114,1110,1113,1125
2022-07-27,1054,1082.5,1040,1213,1100,1110,1240,1148.5,1130,1250.5,1539,1298.5,1468,1368,1347,1205,1255,,1268,1336,1245,,1343,1488,1027.5,1179.5,1119,1129,1153,1041,1041,1156,1158,1045,1190,1150,1115,1118,1120,1084,1099,1096,1089,1077,1061,1080,1076,1079,1091
2022-07-26,1043.5,1077,1026,1238.5,1099.5,1100,1186.5,1147,1166.5,1242,1539,1287,1450,1368,1354.5,1176.5,1220,1191.5,1251.5,1335,1220,,1324,1475.5,1054,1195,1108.5,1118.5,1142.5,1030.5,1030.5,1145.5,1147.5,1034.5,1189.5,1149.5,1114.5,1117.5,1119.5,1073.5,1088.5,1085.5,1078.5,1066.5,1050.5,1069.5,1065.5,1068.5,1080.5
2022-07-25,1032.5,1076,1011,1254,1088.5,1100,1206.5,1138.5,1145.5,1235,1539,1277.5,1440,1368,1354.5,1211.5,1220,1175,1263.5,1333,1220,,1354,1475.5,1054,1160,1097.5,1107.5,1131.5,1019.5,1019.5,1134.5,1136.5,1023.5,1178.5,1138.5,1103.5,1106.5,1108.5,1062.5,1077.5,1074.5,1067.5,1055.5,1039.5,1058.5,1054.5,1057.5,1069.5
2022-07-22,1040,1089.5,1037,1220.5,1089.5,1100,1258.5,1143,1146.5,1225,1539,1272.5,1425,1368,1353,1231.5,1220,1182,1301.5,1365,1220,,1354,1475.5,1026.5,1164.5,1105,1115,1139,1027,1027,1142,1144,1031,1179.5,1139.5,1104.5,1107.5,1109.5,1070,1085,1082,1075,1063,1047,1066,1062,1065,1077
2022-07-21,1087,1098.5,1066,1230,1095.5,1115,1268.5,1155.5,1136.5,1271,1475,1283.5,1425,1302,1386,1260,1300,1217,1270.5,1365,1295,,1355,1526,1052.5,1190,1152,1162,1186,1074,1074,1189,1191,1078,1185.5,1145.5,1110.5,1113.5,1115.5,1117,1132,1129,1122,1110,1094,1113,1109,1112,1124
2022-07-20,1086.5,1118.5,1086,1251.5,1126,1115,1273.5,1167.5,1156.5,1275,1475,1291.5,1437,1313,1401,1265,1300,,1301.5,1345,1295,,1375,1515,992.5,1219,1151.5,1161.5,1185.5,1073.5,1073.5,1188.5,1190.5,1077.5,1216,1176,1141,1144,1146,1116.5,1131.5,1128.5,1121.5,1109.5,1093.5,1112.5,1108.5,1111.5,1123.5
2022-07-19,1093.5,1155.5,1106.5,1252,1136,1165,1275,1179.5,1158,1272,1495,1297.5,1445,1319,1411.5,1223.5,1310,1224.5,1294,1485,1295,,1384,1538,1047.5,1211,1158.5,1168.5,1192.5,1080.5,1080.5,1195.5,1197.5,1084.5,1226,1186,1151,1154,1156,1123.5,1138.5,1135.5,1128.5,1116.5,1100.5,1119.5,1115.5,1118.5,1130.5
2022-07-18,1113,1172,1094,1242.5,1169,1165,1278,1174.5,1156,1275,1495,1289.5,1471,1338,1395,1298.5,1310,1234.5,1313,1501,1295,,1394,1423,1042.5,1250.5,1178,1188,1212,1100,1100,1215,1217,1104,1259,1219,1184,1187,1189,1143,1158,1155,1148,1136,1120,1139,1135,1138,1150
2022-07-15,1093,1171.5,1070,1246,1131,1130,1202.5,1154.5,1142,1262.5,1495,1276.5,1466.5,1328,1388,1316.5,1315,1222.5,1358.5,1493,1300,,1415,1489,1030,1238,1158,1168,1192,1080,1080,1195,1197,1084,1221,1181,1146,1149,1151,1123,1138,1135,1128,1116,1100,1119,1115,1118,1130
2022-07-14,1119.5,1212.5,1101.5,1237,1136,1145,1211.5,1153.5,1152,1269.5,1499,1289.5,1456.5,1318,1407,1315,1340,,1318.5,1493,1310,,1431.5,1554.5,1072.5,1237.5,1184.5,1194.5,1218.5,1106.5,1106.5,1221.5,1223.5,1110.5,1226,1186,1151,1154,1156,1149.5,1164.5,1161.5,1154.5,1142.5,1126.5,1145.5,1141.5,1144.5,1156.5
2022-07-13,1119.5,1180,1089,1239.5,1142.5,1145,1222.5,1186.5,1182,1262.5,1499,1287.5,1461.5,1368,1402,1310,1340,1214,1313.5,1523,1310,,1361.5,1459.5,1089,1256.5,1184.5,1194.5,1218.5,1106.5,1106.5,1221.5,1223.5,1110.5,1232.5,1192.5,1157.5,1160.5,1162.5,1149.5,1164.5,1161.5,1154.5,1142.5,1126.5,1145.5,1141.5,1144.5,1156.5
2022-07-12,1134,1190,1122.5,1281,1171,1160,1248.5,1160,1170.5,1260.5,1599,1301.5,1461.5,1343,1453,1330,1340,1249,1325,1518,1350,,1451.5,1534,1089,1268,1199,1209,1233,1121,1121,1236,1238,1125,1261,1221,1186,1189,1191,1164,1179,1176,1169,1157,1141,1160,1156,1159,1171
2022-07-11,1155.5,1198,1175,1292,1185,1160,1338.5,1184.5,1195.5,1265.5,1599,1272,1481.5,1354.5,1459,1405,1340,1238.5,1332,1548,1350,,1461.5,1564,1009,1281.5,1220.5,1230.5,1254.5,1142.5,1142.5,1257.5,1259.5,1146.5,1275,1235,1200,1203,1205,1185.5,1200.5,1197.5,1190.5,1178.5,1162.5,1181.5,1177.5,1180.5,1192.5
2022-07-08,1151.5,1181,1216,1237,1159,1115,1293.5,1141.5,1158.5,1248,1599,1251,1482.5,1398.5,1428.5,1411.5,1315,1257.5,1268.5,1540,1310,,1418.5,1486,1045,1259,1216.5,1226.5,1250.5,1138.5,1138.5,1253.5,1255.5,1142.5,1249,1209,1174,1177,1179,1181.5,1196.5,1193.5,1186.5,1174.5,1158.5,1177.5,1173.5,1176.5,1188.5
2022-07-07,1086.5,1084,1103,1265,1129,1150,1333.5,1161.5,1200.5,1273,1599,1244.5,1482.5,1454,1370,1358.5,1440,1278.5,1348.5,1540,1430,,1455,1442,1027.5,1168.5,1151.5,1161.5,1185.5,1073.5,1073.5,1188.5,1190.5,1077.5,1219,1179,1144,1147,1149,1116.5,1131.5,1128.5,1121.5,1109.5,1093.5,1112.5,1108.5,1111.5,1123.5
2022-07-06,1164.5,1169,1193,1249,1160.5,1150,1293.5,1141.5,1158.5,1273,1609,1254,1513.5,1383,1441,1358.5,1440,1286,1333.5,1505,1430,,1455,1442,1071.5,1245.5,1229.5,1239.5,1263.5,1151.5,1151.5,1266.5,1268.5,1155.5,1250.5,1210.5,1175.5,1178.5,1180.5,1194.5,1209.5,1206.5,1199.5,1187.5,1171.5,1190.5,1186.5,1189.5,1201.5
2022-07-05,1256,1289,1279,1322.5,1229,1240,1329.5,1164.5,1209.5,1292,1609,1274,1623.5,1513,1529,1463.5,1440,1354,1383.5,1508,1430,,1508.5,1526,1131.5,1328,1321,1331,1355,1243,1243,1358,1360,1247,1319,1279,1244,1247,1249,1286,1301,1298,1291,1279,1263,1282,1278,1281,1293
2022-07-04,1271,1263,1264,1381.5,1251,1240,1380.5,1295,1307.5,1352,1609,1271,1566.5,1553,1482,1468.5,1440,1370,1385.5,1586,1475,,1533.5,1526,1116.5,1332,1336,1346,1370,1258,1258,1373,1375,1262,1341,1301,1266,1269,1271,1301,1316,1313,1306,1294,1278,1297,1293,1296,1308
2022-07-01,1258,1346.5,1276,1383.5,1269,1285,1370.5,1325,1307.5,1372,1587,1289,1638.5,1553,1494,1501.5,1430,1392,1385.5,1586,1470,,1530,1565,1116.5,1372,1323,1333,1357,1245,1245,1360,1362,1249,1359,1319,1284,1287,1289,1288,1303,1300,1293,1281,1265,1284,1280,1283,1295
2022-06-30,1278.5,1318.5,1248,1421.5,1251,1320,1400.5,1286,1287.5,1352,1587,1292,1638.5,1623,1504,1406.5,1445,1367,1395.5,1586,1495,,1520,1525,1116.5,1353,1343.5,1353.5,1377.5,1265.5,1265.5,1380.5,1382.5,1269.5,1341,1301,1266,1269,1271,1308.5,1323.5,1320.5,1313.5,1301.5,1285.5,1304.5,1300.5,1303.5,1315.5
2022-06-29,1332,1346.5,1295,1491.5,1288,1320,1440.5,1323,1327.5,1382,1587,1294,1623.5,1633,1504,1501.5,1445,1407,1420.5,1671,1495,,1530,1565,1161.5,1358,1397,1407,1431,1319,1319,1434,1436,1323,1378,1338,1303,1306,1308,1362,1377,1374,1367,1355,1339,1358,1354,1357,1369
2022-06-28,1357.5,1379.5,1319.5,1501,1314,1291.5,1499.5,1357,1386.5,1406.5,1589,1293,1637.5,1613,1508.5,1530,1525,1408,1448.5,1670,1565,,1568.5,1609.5,1166.5,1398,1422.5,1432.5,1456.5,1344.5,1344.5,1459.5,1461.5,1348.5,1404,1364,1329,1332,1334,1387.5,1402.5,1399.5,1392.5,1380.5,1364.5,1383.5,1379.5,1382.5,1394.5
2022-06-27,1365.5,1367.5,1343.5,1405,1329,1291.5,1505.5,1357.5,1388.5,1423,1589,1289,1644.5,1613.5,1519.5,1485,1525,1442,1468.5,1656,1565,,1473.5,1529.5,1166.5,1417,1430.5,1440.5,1464.5,1352.5,1352.5,1467.5,1469.5,1356.5,1419,1379,1344,1347,1349,1395.5,1410.5,1407.5,1400.5,1388.5,1372.5,1391.5,1387.5,1390.5,1402.5
2022-06-24,1373,1376.5,1332,1419.5,1340,1306.5,1560.5,1354.5,1462,1478.5,1589,1331.5,1655.5,1613.5,1457,1471.5,1525,1452,1465.5,1614,1565,,1520,1532,1194,1413,1438,1448,1472,1360,1360,1475,1477,1364,1430,1390,1355,1358,1360,1403,1418,1415,1408,1396,1380,1399,1395,1398,1410
2022-06-23,1360.5,1336.5,1359,1397.5,1332,1316.5,1482.5,1363.5,1379,1418.5,1589,1311,1655.5,1623,1549.5,1445,1525,1399.5,1451.5,1614,1355,,1470,1572,1199,1442,1425.5,1435.5,1459.5,1347.5,1347.5,1462.5,1464.5,1351.5,1422,1382,1347,1350,1352,1390.5,1405.5,1402.5,1395.5,1383.5,1367.5,1386.5,1382.5,1385.5,1397.5
2022-06-22,1362,1344.5,1349,1407,1321,1316.5,1501.5,1393.5,1479,1427.5,1589,1313,1673.5,1588,1545.5,1445,1525,1407.5,1462.5,1622,1355,,1470,1572,1246,1427,1427,1437,1461,1349,1349,1464,1466,1353,1411,1371,1336,1339,1341,1392,1407,1404,1397,1385,1369,1388,1384,1387,1399
2022-06-21,1406.5,1361.5,1337.5,1391,1360.5,1316.5,1490.5,1370,1469,1393,1559,1309,1662.5,1618,1563.5,1445,1525,1408.5,1498.5,1612,1355,,1470,1570,1246,1466,1471.5,1481.5,1505.5,1393.5,1393.5,1508.5,1510.5,1397.5,1450.5,1410.5,1375.5,1378.5,1380.5,1436.5,1451.5,1448.5,1441.5,1429.5,1413.5,1432.5,1428.5,1431.5,1443.5
2022-06-20,1357.5,1339.5,1334,1343,1330.5,1367.5,1560.5,1355.5,1462,1480,1559,1200.5,1669,1612,1477,1445,1525,1429,1495.5,1622,1565,,1470,1550,1233.5,1436,1422.5,1432.5,1456.5,1344.5,1344.5,1459.5,1461.5,1348.5,1420.5,1380.5,1345.5,1348.5,1350.5,1387.5,1402.5,1399.5,1392.5,1380.5,1364.5,1383.5,1379.5,1382.5,1394.5
2022-06-17,1392.5,1377.5,1366,1381.5,1344,1357.5,1560.5,1355.5,1462,1455,1559,1211.5,1669,,1537.5,1536.5,1525,1386,1495.5,1622,1565,,1473.5,1597,1230.5,1462.5,1457.5,1467.5,1491.5,1379.5,1379.5,1494.5,1496.5,1383.5,1434,1394,1359,1362,1364,1422.5,1437.5,1434.5,1427.5,1415.5,1399.5,1418.5,1414.5,1417.5,1429.5
2022-06-16,1379.5,1358.5,1307,1399.5,1344.5,1357.5,1541.5,1401.5,1467,1445,1547,1211.5,1669,,1532.5,1431.5,1525,1372,1455.5,1622,1395,,1473.5,1604.5,1260.5,1437.5,1444.5,1454.5,1478.5,1366.5,1366.5,1481.5,1483.5,1370.5,1434.5,1394.5,1359.5,1362.5,1364.5,1409.5,1424.5,1421.5,1414.5,1402.5,1386.5,1405.5,1401.5,1404.5,1416.5
2022-06-15,1357.5,1357.5,1292,1389.5,1338.5,1357.5,1540.5,1396.5,1462,1452,1547,1207.5,1602,,1538.5,1431.5,1525,1386,1495.5,1618,1565,,1473.5,1597,1176.5,1437.5,1422.5,1432.5,1456.5,1344.5,1344.5,1459.5,1461.5,1348.5,1428.5,1388.5,1353.5,1356.5,1358.5,1387.5,1402.5,1399.5,1392.5,1380.5,1364.5,1383.5,1379.5,1382.5,1394.5
2022-06-14,1400,1358.5,1332,1346.5,1378.5,1510,1540.5,1366.5,1457,1443,1447,1211.5,1608.5,,1542,1425,1575,1392.5,1468.5,1608,1590,,1471.5,1597,1166.5,1417.5,1465,1475,1499,1387,1387,1502,1504,1391,1468.5,1428.5,1393.5,1396.5,1398.5,1430,1445,1442,1435,1423,1407,1426,1422,1425,1437
2022-06-13,1332,1350.5,1317,1327.5,1318.5,1510,1535.5,1362.5,1432,1413,1447,1238.5,1605.5,,1527,1425,1575,1380.5,1473.5,1543,1590,,1471.5,1597,1176.5,1417.5,1397,1407,1431,1319,1319,1434,1436,1323,1408.5,1368.5,1333.5,1336.5,1338.5,1362,1377,1374,1367,1355,1339,1358,1354,1357,1369
2022-06-10,1335,1359,1301,1327.5,1363.5,1367.5,1558.5,1370.5,1480,1447,1447,1259.5,1652.5,,1550,1441.5,1595,1387,1461,1558,1600,,1471.5,1631,1196.5,1487.5,1400,1410,1434,1322,1322,1437,1439,1326,1453.5,1413.5,1378.5,1381.5,1383.5,1365,1380,1377,1370,1358,1342,1361,1357,1360,1372
2022-06-09,1328.5,1356.5,1258,1331.5,1357,1367.5,1565.5,1340,1419,1438,1445,1262.5,1644,,1565.5,1396.5,1500,1399,1470,1558,1455,,1500,1546,1187,1392.5,1393.5,1403.5,1427.5,1315.5,1315.5,1430.5,1432.5,1319.5,1447,1407,1372,1375,1377,1358.5,1373.5,1370.5,1363.5,1351.5,1335.5,1354.5,1350.5,1353.5,1365.5
2022-06-08,1350.5,1340.5,1257.5,1312.5,1387.5,1367.5,1548.5,1345,1480,1425.5,1445,1246.5,1644,,1543.5,1396.5,1500,1401,1481,1528,1545,,1500,1671,1175,1424.5,1415.5,1425.5,1449.5,1337.5,1337.5,1452.5,1454.5,1341.5,1477.5,1437.5,1402.5,1405.5,1407.5,1380.5,1395.5,1392.5,1385.5,1373.5,1357.5,1376.5,1372.5,1375.5,1387.5
2022-06-07,1346,1350.5,1240,1340.5,1361,1367.5,1542.5,1323.5,1402.5,1410,1445,1273.5,1640,,1534,1421.5,1420,1335,1474,1520,1455,,1457.5,1436,1196.5,1429.5,1411,1421,1445,1333,1333,1448,1450,1337,1451,1411,1376,1379,1381,1376,1391,1388,1381,1369,1353,1372,1368,1371,1383
2022-06-06,1311.5,1352.5,1235,1294,1302.5,1225,1550.5,1322,1381.5,1432,1445,1272,1618,,1479,1406.5,1420,1333.5,1477,1503,1410,,1460,1450,1166.5,1372.5,1376.5,1386.5,1410.5,1298.5,1298.5,1413.5,1415.5,1302.5,1392.5,1352.5,1317.5,1320.5,1322.5,1341.5,1356.5,1353.5,1346.5,1334.5,1318.5,1337.5,1333.5,1336.5,1348.5
2022-06-03,1279,1342.5,1230,1334.5,1308.5,1225,1514.5,1371,1615.5,1362,1445,1274,1372,,1531,1406.5,1420,1274.5,1417,1463,1410,,1460,1450,1166.5,1317.5,1344,1354,1378,1266,1266,1381,1383,1270,1398.5,1358.5,1323.5,1326.5,1328.5,1309,1324,1321,1314,1302,1286,1305,1301,1304,1316
2022-06-02,1257.5,1277.5,1165,1298.5,1253.5,1225,1505.5,1268.5,1365.5,1376,1445,1277,1372,,1451,1321.5,1400,1254.5,1412,1463,1395,,1400,1450,1166.5,1317.5,1322.5,1332.5,1356.5,1244.5,1244.5,1359.5,1361.5,1248.5,1343.5,1303.5,1268.5,1271.5,1273.5,1287.5,1302.5,1299.5,1292.5,1280.5,1264.5,1283.5,1279.5,1282.5,1294.5
2022-06-01,1250,1277.5,1175,1273.5,1253,1225,1494.5,1285,1200,1362,1445,1289,1577,,1451,1321.5,1400,1254.5,1412,1433,1395,,1400,1450,1183,1317.5,1315,1325,1349,1237,1237,1352,1354,1241,1343,1303,1268,1271,1273,1280,1295,1292,1285,1273,1257,1276,1272,1275,1287
2022-05-31,1271,1276.5,1207,1266,1258.5,1225,1495.5,1294,1200,1350.5,1445,1291,1573,,1473.5,1271.5,1400,1252.5,1428.5,1443,1395,,1437.5,1409,1128,1362,1336,1346,1370,1258,1258,1373,1375,1262,1348.5,1308.5,1273.5,1276.5,1278.5,1301,1316,1313,1306,1294,1278,1297,1293,1296,1308
2022-05-30,1232,1273,1172.5,1226,1213.5,1226.5,1475.5,1211,1200,1270.5,1445,1285,1560,,1451.5,1321.5,1400,1241.5,1278.5,1408,1395,,1400,1424,1091,1285,1297,1307,1331,1219,1219,1334,1336,1223,1303.5,1263.5,1228.5,1231.5,1233.5,1262,1277,1274,1267,1255,1239,1258,1254,1257,1269
2022-05-27,1192.5,1313,1144.5,1209.5,1170,1211.5,1475.5,1211,1200,1255.5,1445,1272,1560,,1426.5,1351.5,1360,1201.5,1273.5,1408,1350,,1430,1399,1098,1265,1257.5,1267.5,1291.5,1179.5,1179.5,1294.5,1296.5,1183.5,1260,1220,1185,1188,1190,1222.5,1237.5,1234.5,1227.5,1215.5,1199.5,1218.5,1214.5,1217.5,1229.5
2022-05-26,1154.5,1264,1151.5,1204.5,1148.5,1141.5,1481.5,1202,1200,1264.5,1445,1262,1560,,1392,1271.5,1300,1196,1348.5,1408,1250,,1430,1399,1058,1230,1219.5,1229.5,1253.5,1141.5,1141.5,1256.5,1258.5,1145.5,1238.5,1198.5,1163.5,1166.5,1168.5,1184.5,1199.5,1196.5,1189.5,1177.5,1161.5,1180.5,1176.5,1179.5,1191.5
2022-05-25,1140,1258,1149,1244.5,1151,1141.5,1475.5,1180,1200,1255.5,1445,1268,1500,,1391.5,1271.5,1300,1186.5,1268.5,1351,1250,,1430,1399,1048,1230,1205,1215,1239,1127,1127,1242,1244,1131,1241,1201,1166,1169,1171,1170,1185,1182,1175,1163,1147,1166,1162,1165,1177
2022-05-24,1127.5,1258.5,1162.5,1301.5,1100.5,1070,1473,1222,1200,1264.5,1489,1271,1463,,1359,1265,1285,1166,1285,1350,1295,,1380,1406,1044,1179,1192.5,1202.5,1226.5,1114.5,1114.5,1229.5,1231.5,1118.5,1190.5,1150.5,1115.5,1118.5,1120.5,1157.5,1172.5,1169.5,1162.5,1150.5,1134.5,1153.5,1149.5,1152.5,1164.5
2022-05-23,1109,1305.5,1184.5,1275.5,1098.5,1105,1470,1178,1200,1257.5,1489,1251,1458,,1373.5,1225,1285,1168,1301,1376,1295,,1435,1426,1034,1175,1174,1184,1208,1096,1096,1211,1213,1100,1188.5,1148.5,1113.5,1116.5,1118.5,1139,1154,1151,1144,1132,1116,1135,1131,1134,1146
2022-05-20,1140,1282,1178.5,1306.5,1097,1105,1396,1135.5,1200,1281.5,1489,1241,1458,,1379.5,1265,1275,1195.5,1238.5,1343,1285,,1435,1426,991,1165,1205,1215,1239,1127,1127,1242,1244,1131,1187,1147,1112,1115,1117,1170,1185,1182,1175,1163,1147,1166,1162,1165,1177
2022-05-19,1093,1267,1147.5,1333.5,1067.5,1110,1520,1233,1310,1237.5,1489,1232,1458,,1329,1265,1290,1155,1289.5,1343,1305,,1390,1346,1021,1135,1158,1168,1192,1080,1080,1195,1197,1084,1157.5,1117.5,1082.5,1085.5,1087.5,1123,1138,1135,1128,1116,1100,1119,1115,1118,1130
2022-05-18,1145,1282,1165,1270,1136.5,1140,1516,1230,1310,1281.5,1489,1230,1456,,1379.5,1265,1290,1175.5,1273.5,1362,1305,,1435,1426,1090,1215,1210,1220,1244,1132,1132,1247,1249,1136,1226.5,1186.5,1151.5,1154.5,1156.5,1175,1190,1187,1180,1168,1152,1171,1167,1170,1182
2022-05-17,1169,1260.5,1161,1263.5,1156.5,1095,1530.5,1224,1320,1302,1489,1207,1503,,1377,1301.5,1305,1177,1318.5,1383,1305,,1426.5,1417,1089,1257.5,1234,1244,1268,1156,1156,1271,1273,1160,1246.5,1206.5,1171.5,1174.5,1176.5,1199,1214,1211,1204,1192,1176,1195,1191,1194,1206
2022-05-16,1164.5,1269.5,1172,1230,1140.5,1215,1555.5,1267,1320,1352,1489,1198,1523,,1351,1301.5,1305,1187,1345.5,1398,1305,,1381.5,1417,966,1243.5,1229.5,1239.5,1263.5,1151.5,1151.5,1266.5,1268.5,1155.5,1230.5,1190.5,1155.5,1158.5,1160.5,1194.5,1209.5,1206.5,1199.5,1187.5,1171.5,1190.5,1186.5,1189.5,1201.5
2022-05-13,1149,1272.5,1155,1218,1154,1235,1655.5,1332.5,1330,1382,1489,1189,1520,,1320.5,1281.5,1310,1166.5,1336.5,1365,1310,,1351.5,1417,938,1228.5,1214,1224,1248,1136,1136,1251,1253,1140,1244,1204,1169,1172,1174,1179,1194,1191,1184,1172,1156,1175,1171,1174,1186
2022-05-12,1159,1240,1130,1200,1112.5,1218.5,1578.5,1313,1330,1374,1489,1194,1520,,1336.5,1260,1310,1164.5,1336.5,1365,1310,,1361.5,1442.5,973,1228.5,1224,1234,1258,1146,1146,1261,1263,1150,1202.5,1162.5,1127.5,1130.5,1132.5,1189,1204,1201,1194,1182,1166,1185,1181,1184,1196
2022-05-11,1154.5,1250.5,1166,1181,1163.5,1288.5,1655.5,1315,1330,1382,1489,1191,1513,,1326.5,1300,1310,1170,1336.5,1370,1310,,1331.5,1391.5,941,1263.5,1219.5,1229.5,1253.5,1141.5,1141.5,1256.5,1258.5,1145.5,1253.5,1213.5,1178.5,1181.5,1183.5,1184.5,1199.5,1196.5,1189.5,1177.5,1161.5,1180.5,1176.5,1179.5,1191.5
2022-05-10,1162.5,1259,1174,1156,1147,1348.5,1665.5,1375.5,1330,1391.5,1455,1192,1504,,1371.5,1260,1275,1166.5,1391,1362,1270,,1346.5,1401.5,943,1200.5,1227.5,1237.5,1261.5,1149.5,1149.5,1264.5,1266.5,1153.5,1237,1197,1162,1165,1167,1192.5,1207.5,1204.5,1197.5,1185.5,1169.5,1188.5,1184.5,1187.5,1199.5
2022-05-09,1209.5,1242,1199,1181,1194.5,1293.5,1665.5,1393,1330,1391.5,1455,1111,1504,,1347.5,1315,1275,1241,1391,1362,1270,,1331.5,1401.5,1014,1243.5,1274.5,1284.5,1308.5,1196.5,1196.5,1311.5,1313.5,1200.5,1284.5,1244.5,1209.5,1212.5,1214.5,1239.5,1254.5,1251.5,1244.5,1232.5,1216.5,1235.5,1231.5,1234.5,1246.5
2022-05-06,1234,1312,1219,1267.5,1258.5,1348.5,1655.5,1390,1404,1517,1455,1126,1516,,1374,1320,1380,1247.5,1433.5,1422,1380,,1331.5,1461.5,1054,1288.5,1299,1309,1333,1221,1221,1336,1338,1225,1348.5,1308.5,1273.5,1276.5,1278.5,1264,1279,1276,1269,1257,1241,1260,1256,1259,1271
2022-05-05,1244,1273.5,1240,1277,1276.5,1400,1695.5,1358,1454,1477,1455,1125,1516,,1370.5,1338.5,1385,1262.5,1428.5,1422,1380,,1341.5,1506.5,1056,1343.5,1309,1319,1343,1231,1231,1346,1348,1235,1366.5,1326.5,1291.5,1294.5,1296.5,1274,1289,1286,1279,1267,1251,1270,1266,1269,1281
2022-05-04,1222.5,1262,1175,1261,1311,1310,1705.5,1365,1454,1482,1455,1123,1556,,1370,1283.5,1385,1240,1433.5,1428,1380,,1276.5,1465,1051,1363.5,1287.5,1297.5,1321.5,1209.5,1209.5,1324.5,1326.5,1213.5,1401,1361,1326,1329,1331,1252.5,1267.5,1264.5,1257.5,1245.5,1229.5,1248.5,1244.5,1247.5,1259.5
2022-05-03,1228.5,1233.5,1157,1318.5,1353.5,1420,1588.5,1324,1374,1469.5,1445,1121,1548,,1348.5,1288.5,1370,1187,1389.5,1383,1335,,1341.5,1372.5,1123,1338.5,1293.5,1303.5,1327.5,1215.5,1215.5,1330.5,1332.5,1219.5,1443.5,1403.5,1368.5,1371.5,1373.5,1258.5,1273.5,1270.5,1263.5,1251.5,1235.5,1254.5,1250.5,1253.5,1265.5
2022-05-02,1194,1227,1162,1286.5,1309.5,1355,1608.5,1354,1374,1376.5,1445,1144,1558,,1343,1273.5,1370,1205.5,1411.5,1398,1335,,1341.5,1372.5,1115,1323.5,1259,1269,1293,1181,1181,1296,1298,1185,1399.5,1359.5,1324.5,1327.5,1329.5,1224,1239,1236,1229,1217,1201,1220,1216,1219,1231
2022-04-29,1198.5,1212,1162,1286.5,1317,1355,1638.5,1411,1374,1422.5,1439,1124,1604,,1351,1273.5,1370,1194.5,1461.5,1310,1335,,1341.5,1372.5,1063,1303.5,1263.5,1273.5,1297.5,1185.5,1185.5,1300.5,1302.5,1189.5,1407,1367,1332,1335,1337,1228.5,1243.5,1240.5,1233.5,1221.5,1205.5,1224.5,1220.5,1223.5,1235.5
2022-04-28,1188.5,1192,1151,1220.5,1264.5,1336.5,1442.5,1387,1374,1408.5,1439,1123,1604,,1320.5,1240,1335,1171.5,1371.5,1310,1335,,1341.5,1366,1053,1248.5,1253.5,1263.5,1287.5,1175.5,1175.5,1290.5,1292.5,1179.5,1354.5,1314.5,1279.5,1282.5,1284.5,1218.5,1233.5,1230.5,1223.5,1211.5,1195.5,1214.5,1210.5,1213.5,1225.5
2022-04-27,1143.5,1188.5,1146,1204.5,1246.5,1336.5,1388.5,1294,1374,1382.5,1439,1134,1604,,1318,1240,1335,1159,1341.5,1310,1335,,1341.5,1366,1013,1248.5,1208.5,1218.5,1242.5,1130.5,1130.5,1245.5,1247.5,1134.5,1336.5,1296.5,1261.5,1264.5,1266.5,1173.5,1188.5,1185.5,1178.5,1166.5,1150.5,1169.5,1165.5,1168.5,1180.5
2022-04-26,1077.5,1139.5,1140.5,1088,1230,1318.5,1334.5,1320,1209,1357,1385,1152,1577,,1311,1226.5,1245,1136.5,1335,1337,1201.5,,1341.5,1326.5,966,1248.5,1142.5,1152.5,1176.5,1064.5,1064.5,1179.5,1181.5,1068.5,1320,1280,1245,1248,1250,1107.5,1122.5,1119.5,1112.5,1100.5,1084.5,1103.5,1099.5,1102.5,1114.5
2022-04-25,1118,1152,1098,1356,1207,1318.5,1330.5,1243,1209,1317,1385,1210,1567,,1303.5,1226.5,1245,1157,1321,1280,1201.5,,1341.5,1356.5,1029,1248.5,1183,1193,1217,1105,1105,1220,1222,1109,1297,1257,1222,1225,1227,1148,1163,1160,1153,1141,1125,1144,1140,1143,1155
2022-04-22,1163,1165,1163,1356,1284,1331.5,1347,1315.5,1219,1327,1385,1210,1567,,1284,1245,1295,1159.5,1232,1298,1251.5,,1351.5,1381.5,1043,1248.5,1228,1238,1262,1150,1150,1265,1267,1154,1374,1334,1299,1302,1304,1193,1208,1205,1198,1186,1170,1189,1185,1188,1200
2022-04-21,1184,1170,1168.5,1146,1307,1345,1327,1313.5,1226,1312,1385,1210,1567,,1320,1236.5,1320,1166,1347,1298,1251.5,,1378.5,1377.5,1033,1268.5,1249,1259,1283,1171,1171,1286,1288,1175,1397,1357,1322,1325,1327,1214,1229,1226,1219,1207,1191,1210,1206,1209,1221
2022-04-20,1183,1148.5,1160.5,1166,1310.5,1325,1347,1307,1219,1327,1385,1203,1468,,1236.5,1276.5,1320,1149.5,1232,1291,1251.5,,1298.5,1387.5,993,1281.5,1248,1258,1282,1170,1170,1285,1287,1174,1400.5,1360.5,1325.5,1328.5,1330.5,1213,1228,1225,1218,1206,1190,1209,1205,1208,1220
2022-04-19,1216,1167,1185.5,1164,1270,1345,1315,1272,1233,1276,1380,1177,1463,,1257,1216.5,1200,1175.5,1327,1287,1251.5,,1533.5,1482.5,992,1281.5,1281,1291,1315,1203,1203,1318,1320,1207,1360,1320,1285,1288,1290,1246,1261,1258,1251,1239,1223,1242,1238,1241,1253
2022-04-18,1142.5,1196.5,1151.5,1101,1183,1140,1337,1279,1237,1298,1380,1197,1478,,1298,1211.5,1200,1140.5,1267,1280,1251.5,,1268.5,1262.5,1071,1184,1207.5,1217.5,1241.5,1129.5,1129.5,1244.5,1246.5,1133.5,1273,1233,1198,1201,1203,1172.5,1187.5,1184.5,1177.5,1165.5,1149.5,1168.5,1164.5,1167.5,1179.5
2022-04-15,1142.5,1168.5,1151.5,1101,1183,1140,1326,1298,1224,1243,1380,1197,1420,,1270,1211.5,1200,1134.5,1261,1268,1251.5,,1268.5,1262.5,986,1184,1207.5,1217.5,1241.5,1129.5,1129.5,1244.5,1246.5,1133.5,1273,1233,1198,1201,1203,1172.5,1187.5,1184.5,1177.5,1165.5,1149.5,1168.5,1164.5,1167.5,1179.5
2022-04-14,1136.5,1168.5,1119,1101,1183,1140,1326,1298,1224,1243,1380,1197,1420,,1270,1211.5,1200,1134.5,1261,1268,1251.5,,1268.5,1262.5,986,1184,1201.5,1211.5,1235.5,1123.5,1123.5,1238.5,1240.5,1127.5,1273,1233,1198,1201,1203,1166.5,1181.5,1178.5,1171.5,1159.5,1143.5,1162.5,1158.5,1161.5,1173.5
2022-04-13,1089,1122.5,1069,1153,1160.5,1140,1286,1222,1185,1198,1380,1208,1443,,1223,1211.5,1200,1115.5,1227,1230,1251.5,,1268.5,1262.5,961,1168,1154,1164,1188,1076,1076,1191,1193,1080,1250.5,1210.5,1175.5,1178.5,1180.5,1119,1134,1131,1124,1112,1096,1115,1111,1114,1126
2022-04-12,1072,1105,1052.5,1161,1090.5,1121.5,1267.5,1191,1173.5,1196,1410,1194,1393,,1229,1171.5,1200,1097,1232.5,1196,1231.5,,1181.5,1219,936,1119,1137,1147,1171,1059,1059,1174,1176,1063,1180.5,1140.5,1105.5,1108.5,1110.5,1102,1117,1114,1107,1095,1079,1098,1094,1097,1109
2022-04-11,1053.5,1132,1026,1193,1080.5,1121.5,1229.5,1155,1143.5,1163,1410,1183,1370,,1211.5,1171.5,1200,1113.5,1175,1165,1251.5,,1181.5,1211.5,965,1120,1118.5,1128.5,1152.5,1040.5,1040.5,1155.5,1157.5,1044.5,1170.5,1130.5,1095.5,1098.5,1100.5,1083.5,1098.5,1095.5,1088.5,1076.5,1060.5,1079.5,1075.5,1078.5,1090.5
2022-04-08,1091,1137.5,1025,1149,1049.5,1133.5,1255,1160,1130,1203,1410,1185,1380,,1179,1148.5,1190,1106.5,1212,1199,1245,,1181.5,1205.5,924.5,1120,1156,1166,1190,1078,1078,1193,1195,1082,1139.5,1099.5,1064.5,1067.5,1069.5,1121,1136,1133,1126,1114,1098,1117,1113,1116,1128
2022-04-07,1072.5,1123,1021,1158,1075.5,1140,1231,1155,1132,1183,1410,1196,1380,,1171.5,1205,1270,1124,1207.5,1199,1223,,1175,1204,977,1130,1137.5,1147.5,1171.5,1059.5,1059.5,1174.5,1176.5,1063.5,1165.5,1125.5,1090.5,1093.5,1095.5,1102.5,1117.5,1114.5,1107.5,1095.5,1079.5,1098.5,1094.5,1097.5,1109.5
2022-04-06,1113.5,1165.5,1070.5,1169,1168,1140,1255,1160,1130,1203,1410,1210,1404,,1255,1195,1270,1147,1249,1200,1275,,1255,1229.5,999.5,1195,1178.5,1188.5,1212.5,1100.5,1100.5,1215.5,1217.5,1104.5,1258,1218,1183,1186,1188,1143.5,1158.5,1155.5,1148.5,1136.5,1120.5,1139.5,1135.5,1138.5,1150.5
2022-04-05,1147.5,1128.5,1068,1377,1240.5,1165,1268,1155.5,1144.5,1214,1410,1215,1270,,1277.5,1195,1290,1172.5,1256,1230,1278.5,,1255,1244.5,1029.5,1203,1212.5,1222.5,1246.5,1134.5,1134.5,1249.5,1251.5,1138.5,1330.5,1290.5,1255.5,1258.5,1260.5,1177.5,1192.5,1189.5,1182.5,1170.5,1154.5,1173.5,1169.5,1172.5,1184.5
2022-04-04,1089.5,1124.5,1055,1362.5,1147,1165,1244,1144.5,1144.5,1182,1410,1195,1270,,1244,1195,1290,1186.5,1220,1226,1263.5,,1255,1229.5,987,1215,1154.5,1164.5,1188.5,1076.5,1076.5,1191.5,1193.5,1080.5,1237,1197,1162,1165,1167,1119.5,1134.5,1131.5,1124.5,1112.5,1096.5,1115.5,1111.5,1114.5,1126.5
2022-04-01,1060.5,1082.5,1031,1375,1098,1100,1198.5,1107,1188.5,1178,1332,1186,1263,,1227.5,1195,1230,1135.5,1197,1232,1221.5,,1255,1229.5,975,1165,1125.5,1135.5,1159.5,1047.5,1047.5,1162.5,1164.5,1051.5,1188,1148,1113,1116,1118,1090.5,1105.5,1102.5,1095.5,1083.5,1067.5,1086.5,1082.5,1085.5,1097.5
2022-03-31,1056,1099,1033,1386.5,1106,1123.5,1283.5,1198,1128.5,1178,1332,1183,1263,,1232,1205,1255,1128.5,1183,1232,1261.5,,1296.5,1261.5,1004.5,1114,1121,1131,1155,1043,1043,1158,1160,1047,1196,1156,1121,1124,1126,1086,1101,1098,1091,1079,1063,1082,1078,1081,1093
2022-03-30,1093.5,1105,1043,980,1136.5,1123.5,1223.5,1218.5,1148.5,1218,1332,1183,1262,,1240,1165,1255,1101,1233,1252,1281.5,,1246.5,1202,1004.5,1160,1158.5,1168.5,1192.5,1080.5,1080.5,1195.5,1197.5,1084.5,1226.5,1186.5,1151.5,1154.5,1156.5,1123.5,1138.5,1135.5,1128.5,1116.5,1100.5,1119.5,1115.5,1118.5,1130.5
2022-03-29,1103,1126.5,1066.5,1132,1152.5,1140,1221,1219.5,1203.5,1192,1330,1173,1353,,1255,1175,1345,1084,1306,1318,1281.5,,1231.5,1216,1059.5,1315,1168,1178,1202,1090,1090,1205,1207,1094,1242.5,1202.5,1167.5,1170.5,1172.5,1133,1148,1145,1138,1126,1110,1129,1125,1128,1140
2022-03-28,1129,1146.5,1084,1145,1197,1140,1221,1239.5,1203.5,1202,1330,1176,1353,,1270,1175,1345,1149,1276,1318,1176.5,,1231.5,1231,1158.5,1275,1194,1204,1228,1116,1116,1231,1233,1120,1287,1247,1212,1215,1217,1159,1174,1171,1164,1152,1136,1155,1151,1154,1166
2022-03-25,1130,1193.5,1006,1147.5,1242,1193.5,1289.5,1267.5,1196.5,1217,1330,1170,1448,,1282.5,1208.5,1250,1140.5,1301,1422,1266.5,,1223.5,1302.5,1158.5,1335,1195,1205,1229,1117,1117,1232,1234,1121,1332,1292,1257,1260,1262,1160,1175,1172,1165,1153,1137,1156,1152,1155,1167
2022-03-24,1146.5,1193.5,1056,1147.5,1275,1193.5,1289.5,1267.5,1196.5,1217,1330,1155,1448,,1282.5,1208.5,1250,1140.5,1301,1422,1266.5,,1223.5,1302.5,1168.5,1375,1211.5,1221.5,1245.5,1133.5,1133.5,1248.5,1250.5,1137.5,1365,1325,1290,1293,1295,1176.5,1191.5,1188.5,1181.5,1169.5,1153.5,1172.5,1168.5,1171.5,1183.5
2022-03-23,1105.5,1128.5,1038.5,1135,1192,1163.5,1086.5,1109.5,1036.5,1106.5,1330,1144,1043,,1206.5,1208.5,1250,1090.5,1125,1012,1216.5,,1223.5,1262.5,1108.5,1337.5,1170.5,1180.5,1204.5,1092.5,1092.5,1207.5,1209.5,1096.5,1282,1242,1207,1210,1212,1135.5,1150.5,1147.5,1140.5,1128.5,1112.5,1131.5,1127.5,1130.5,1142.5
2022-03-22,1111,1149.5,1058.5,1125.5,1201.5,1113.5,1193.5,1279.5,1141.5,1144,1310,1134,1398,,1293,1138.5,1250,1136,1259,1367,1181.5,,1163.5,1189.5,1088.5,1279.5,1176,1186,1210,1098,1098,1213,1215,1102,1291.5,1251.5,1216.5,1219.5,1221.5,1141,1156,1153,1146,1134,1118,1137,1133,1136,1148
2022-03-21,1096.5,1118.5,1051,1132,1152,1113.5,1178.5,1240,1137.5,1134.5,1310,1118,1378,,1201,1138.5,1250,1114,1210,1363,1181.5,,1163.5,1189.5,1003.5,1183.5,1161.5,1171.5,1195.5,1083.5,1083.5,1198.5,1200.5,1087.5,1242,1202,1167,1170,1172,1126.5,1141.5,1138.5,1131.5,1119.5,1103.5,1122.5,1118.5,1121.5,1133.5
2022-03-18,1018,1043,999,1126.5,1056,1073.5,1055.5,1186.5,1013.5,1139,1310,1110,1348,,1162.5,1036.5,1150,1073.5,1157,1288,1131.5,,1138.5,1189.5,993.5,1178.5,1083,1093,1117,1005,1005,1120,1122,1009,1146,1106,1071,1074,1076,1048,1063,1060,1053,1041,1025,1044,1040,1043,1055
2022-03-17,961,994,983,1102,975.5,1005,1125.5,1139,1155.5,1087,1259,1100,1348,,1161,1036.5,1030,988.5,1088,1288,1095,,1125,1197.5,868.5,1071,1026,1036,1060,948,948,1063,1065,952,1065.5,1025.5,990.5,993.5,995.5,991,1006,1003,996,984,968,987,983,986,998
2022-03-16,933,1002.5,982.5,1063,933.5,965,1015.5,1108,1108.5,1047.5,1259,1099,1289,,1160,1041.5,1030,990.5,1118,1188,1095,,1125,995,838,986,998,1008,1032,920,920,1035,1037,924,1023.5,983.5,948.5,951.5,953.5,963,978,975,968,956,940,959,955,958,970
2022-03-15,953,1025,941.5,1130,953,1070,1078.5,1114.5,1083.5,1087,1110,1113,1286,,1165,1041.5,1150,1004,1120.5,1193,1136.5,,1245,1181,901,986,1018,1028,1052,940,940,1055,1057,944,1043,1003,968,971,973,983,998,995,988,976,960,979,975,978,990
2022-03-14,1035.5,1092,1034,1145,1071.5,1070,1138.5,1204.5,1148.5,1142,1110,1121,1301,,1149,1041.5,1150,1140,1169,1258,1211.5,,1245,1181,746,1139,1100.5,1110.5,1134.5,1022.5,1022.5,1137.5,1139.5,1026.5,1161.5,1121.5,1086.5,1089.5,1091.5,1065.5,1080.5,1077.5,1070.5,1058.5,1042.5,1061.5,1057.5,1060.5,1072.5
2022-03-11,1111,996.5,1049,1180,1142.5,1071.5,1150,1209.5,1215,1179,1110,1116,,,1119.5,996.5,1165,1159,1172.5,,1210,,1040,1104.5,779,1159,1176,1186,1210,1098,1098,1213,1215,1102,1232.5,1192.5,1157.5,1160.5,1162.5,1141,1156,1153,1146,1134,1118,1137,1133,1136,1148
2022-03-10,1207.5,1230,1241,1185.5,1264.5,1156.5,1077,1282.5,921,1235.5,1110,1096,,,1210,1016.5,930,1305,1127.5,,1175,,1090,1215,1073,1199,1272.5,1282.5,1306.5,1194.5,1194.5,1309.5,1311.5,1198.5,1354.5,1314.5,1279.5,1282.5,1284.5,1237.5,1252.5,1249.5,1242.5,1230.5,1214.5,1233.5,1229.5,1232.5,1244.5
2022-03-09,1297.5,1210,1235,1186,1362,1126.5,1077,1377.5,921,1235.5,1110,1083,,,1419.5,1006.5,930,1263.5,1287.5,,1225,,1205,1104.5,1340,1354,1362.5,1372.5,1396.5,1284.5,1284.5,1399.5,1401.5,1288.5,1452,1412,1377,1380,1382,1327.5,1342.5,1339.5,1332.5,1320.5,1304.5,1323.5,1319.5,1322.5,1334.5
2022-03-08,1223.5,1144,1107.5,1188.5,1326,1126.5,1187.5,1397.5,1041.5,1205.5,1110,1063,1602,,1220,1006.5,930,1256,1206,1133,1175,,1205,1144.5,1133,1351,1288.5,1298.5,1322.5,1210.5,1210.5,1325.5,1327.5,1214.5,1416,1376,1341,1344,1346,1253.5,1268.5,1265.5,1258.5,1246.5,1230.5,1249.5,1245.5,1248.5,1260.5
2022-03-07,1215.5,1270,1095,1070,1292.5,936.5,1187.5,1352.5,1041.5,1353.5,1110,1043,1602,,1132.5,996.5,930,1206,1385,1133,985,,1010,1111.5,1128,1246,1280.5,1290.5,1314.5,1202.5,1202.5,1317.5,1319.5,1206.5,1382.5,1342.5,1307.5,1310.5,1312.5,1245.5,1260.5,1257.5,1250.5,1238.5,1222.5,1241.5,1237.5,1240.5,1252.5
2022-03-04,1021.5,1078,972.5,1070,1091,926.5,1036.5,1078,1041.5,1035.5,1050,971,1192,,1124.5,1096.5,930,1026,1086,1133,985,,1030,1036.5,1038,1076,1086.5,1096.5,1120.5,1008.5,1008.5,1123.5,1125.5,1012.5,1181,1141,1106,1109,1111,1051.5,1066.5,1063.5,1056.5,1044.5,1028.5,1047.5,1043.5,1046.5,1058.5
2022-03-03,1024,1053,977.5,1091,1077,926.5,1036.5,1045,1041.5,1043.5,1050,953,1192,,1076.5,1096.5,930,1006,1126,1133,1075,,1030,996.5,998,1076,1089,1099,1123,1011,1011,1126,1128,1015,1167,1127,1092,1095,1097,1054,1069,1066,1059,1047,1031,1050,1046,1049,1061
2022-03-02,967,960,910,1002.5,1008,926.5,1010.5,1004,1025.5,952.5,1050,892,1192,,1028.5,996.5,930,979.5,1044,1101,945,,1040,998,968,1070.5,1032,1042,1066,954,954,1069,1071,958,1098,1058,1023,1026,1028,997,1012,1009,1002,990,974,993,989,992,1004
2022-03-01,886,901.5,884.5,933.5,922.5,873.5,945.5,980,962.5,946,1010,892,1122,,984.5,921.5,930,912.5,979,948,913.5,,936.5,988,882,940.5,951,961,985,873,873,988,990,877,1012.5,972.5,937.5,940.5,942.5,916,931,928,921,909,893,912,908,911,923
2022-02-28,886.5,881.5,864.5,938,891.5,873.5,926.5,946.5,900.5,901.5,980,892,1048,,988.5,921.5,930,893,938.5,948,898.5,,936.5,968,829.5,897,941.5,951.5,939.5,880.5,880.5,944.5,946.5,883.5,981.5,941.5,906.5,909.5,911.5,911.5,926.5,926.5,916.5,920.5,896.5,908.5,904.5,906.5,921.5
2022-02-25,859,891.5,858,915.5,859.5,863.5,926.5,932,900.5,913.5,980,930,1048,,968.5,911.5,910,893.5,910.5,948,885,,936.5,939.5,879.5,848,914,924,912,853,853,917,919,856,949.5,909.5,874.5,877.5,879.5,884,899,899,889,893,869,881,877,879,894
2022-02-24,868.5,900.5,848,958.5,891.5,849.5,945.5,932,922.5,912,980,913,1048,,942.5,907.5,875,870,907.5,948,881.5,,940,946.5,847,856.5,923.5,933.5,921.5,862.5,862.5,926.5,928.5,865.5,981.5,941.5,906.5,909.5,911.5,893.5,908.5,908.5,898.5,902.5,878.5,890.5,886.5,888.5,903.5
2022-02-23,841.5,875.5,843,901,832.5,849.5,926.5,911,900.5,893.5,987,905,1028,,930,887.5,875,861.5,880,927,856.5,,925,916.5,817,831.5,896.5,906.5,894.5,835.5,835.5,899.5,901.5,838.5,922.5,882.5,847.5,850.5,852.5,866.5,881.5,881.5,871.5,875.5,851.5,863.5,859.5,861.5,876.5
2022-02-22,856,875,832.5,918,853.5,861,869,917.5,899.5,898.5,987,898,1023,,936,888.5,865,858.5,902,935,871.5,,912,926,824.5,872,911,921,909,850,850,914,916,853,943.5,903.5,868.5,871.5,873.5,881,896,896,886,890,866,878,874,876,891
2022-02-21,828,864.5,816,906,824.5,831,862,879,906.5,894.5,987,893,1036,,916.5,848.5,865,846.5,870,926,836.5,,912,906,802.5,853,883,893,881,822,822,886,888,825,914.5,874.5,839.5,842.5,844.5,853,868,868,858,862,838,850,846,848,863
2022-02-18,822,859.5,815,905,808.5,821,862,879,906.5,882.5,987,889,1036,,900.5,923.5,865,842.5,860,926,846.5,,897,923.5,807.5,843,877,887,875,816,816,880,882,819,898.5,858.5,823.5,826.5,828.5,847,862,862,852,856,832,844,840,842,857
2022-02-17,815.5,863.5,823.5,906.5,814.5,826,862,898,906.5,886.5,987,888,1036,,887,923.5,865,857.5,874,926,885.5,,892,908.5,823.5,850,870.5,880.5,868.5,809.5,809.5,873.5,875.5,812.5,904.5,864.5,829.5,832.5,834.5,840.5,855.5,855.5,845.5,849.5,825.5,837.5,833.5,835.5,850.5
2022-02-16,835,860,831,908,835.5,826,902,890,912.5,897,987,884,1028,,913,923.5,865,851,883,928,861.5,,926.5,926,812,851,890,900,888,829,829,893,895,832,925.5,885.5,850.5,853.5,855.5,860,875,875,865,869,845,857,853,855,870
2022-02-15,842,878,837.5,924,833.5,842.5,897,908,914.5,890,987,880,1028,,910.5,923.5,868,858.5,884.5,928,867.5,,918.5,915.5,826,847,897,907,895,836,836,900,902,839,923.5,883.5,848.5,851.5,853.5,867,882,882,872,876,852,864,860,862,877
2022-02-14,846,871.5,829,938.5,841.5,840,902,916.5,912.5,892.5,987,882,1023,,906.5,913.5,868,843.5,888,930,863.5,,913.5,910.5,834,855.5,901,911,899,840,840,904,906,843,931.5,891.5,856.5,859.5,861.5,871,886,886,876,880,856,868,864,866,881
2022-02-11,824.5,851.5,819,909.5,817.5,783.5,886.5,895,907.5,883,970,880,998,,881.5,891.5,850,832,868,926,852.5,,896.5,901,820,838,879.5,889.5,877.5,818.5,818.5,882.5,884.5,821.5,907.5,867.5,832.5,835.5,837.5,849.5,864.5,864.5,854.5,858.5,834.5,846.5,842.5,844.5,859.5
2022-02-10,825.5,853,813,909.5,816.5,821.5,889.5,872.5,894.5,883.5,970,871,998,,878.5,811.5,850,829.5,862.5,926,840.5,,876.5,905,817,837,880.5,890.5,878.5,819.5,819.5,883.5,885.5,822.5,906.5,866.5,831.5,834.5,836.5,850.5,865.5,865.5,855.5,859.5,835.5,847.5,843.5,845.5,860.5
2022-02-09,816,847.5,809.5,907.5,814,826.5,879.5,873,880.5,886,970,871,989,,873,881.5,850,833,860,924,840.5,,886.5,907.5,806.5,826.5,871,881,869,810,810,874,876,813,904,864,829,832,834,841,856,856,846,850,826,838,834,836,851
2022-02-08,823,859,818,929,824,835,876.5,882,881.5,877.5,970,868,969,,881,881.5,850,851.5,872.5,935,853.5,,895,871,824.5,843.5,878,888,876,817,817,881,883,820,914,874,839,842,844,848,863,863,853,857,833,845,841,843,858
2022-02-07,825.5,858.5,823,933,840,835,886.5,894.5,907.5,881.5,970,862,999,,882,900,850,856,884,939,863.5,,895,871,829,858,880.5,890.5,878.5,819.5,819.5,883.5,885.5,822.5,930,890,855,858,860,850.5,865.5,865.5,855.5,859.5,835.5,847.5,843.5,845.5,860.5
2022-02-04,819,858,813,935.5,841,795,855,885.5,887.5,859,970,866,999,,864,875,818,828.5,866.5,930,835,,895,879,804.5,858.5,874,884,872,813,813,877,879,816,931,891,856,859,861,844,859,859,849,853,829,841,837,839,854
2022-02-03,797,837,798,920,804,795,855,885.5,887.5,859,970,867,999,,843,875,818,810.5,841.5,930,820,,895,879,787,821.5,852,862,850,791,791,855,857,794,894,854,819,822,824,822,837,837,827,831,807,819,815,817,832
2022-02-02,792,836,798,881.5,801,795,852,864,888.5,857,970,869,995,,846,875,818,806.5,842,938,820,,895,879,783,808.5,847,857,845,786,786,850,852,789,891,851,816,819,821,817,832,832,822,826,802,814,810,812,827
2022-02-01,796,830.5,798,884.5,791,790,852.5,858,887.5,866.5,959,858,992,,844,875,820,805.5,840.5,953,811.5,,870,887,780.5,784.5,851,861,849,790,790,854,856,793,881,841,806,809,811,821,836,836,826,830,806,818,814,816,831
2022-01-31,800,843,798,885.5,790.5,790,852.5,859,887.5,866.5,959,852,992,,840,875,820,809,839,953,816.5,,870,887,789.5,800.5,855,865,853,794,794,858,860,797,880.5,840.5,805.5,808.5,810.5,825,840,840,830,834,810,822,818,820,835
2022-01-28,811,839.5,792,883.5,783,790,858,875,910,861.5,959,854,983,,831,865,820,800.5,830.5,936,805.5,,870,891,791,800.5,866,876,864,805,805,869,871,808,873,833,798,801,803,836,851,851,841,845,821,833,829,831,846
2022-01-27,781.5,812,776,880,777,775,838,854.5,865,842.5,955,847,983,,833,860,805,805.5,830,936,798.5,,870,901,790.5,800.5,836.5,846.5,834.5,775.5,775.5,839.5,841.5,778.5,867,827,792,795,797,806.5,821.5,821.5,811.5,815.5,791.5,803.5,799.5,801.5,816.5
2022-01-26,768.5,795,768,900,769.5,775,833,841.5,860,841.5,955,838,978,,824.5,860,805,800.5,816.5,930,798.5,,870,871,774,792.5,823.5,833.5,821.5,762.5,762.5,826.5,828.5,765.5,859.5,819.5,784.5,787.5,789.5,793.5,808.5,808.5,798.5,802.5,778.5,790.5,786.5,788.5,803.5
2022-01-25,760.5,788,766.5,876.5,761,770,813,821,860.5,832,929,838,961,,823,850,815,796.5,815,928,796.5,,870,836,778,776,815.5,825.5,813.5,754.5,754.5,818.5,820.5,757.5,851,811,776,779,781,785.5,800.5,800.5,790.5,794.5,770.5,782.5,778.5,780.5,795.5
2022-01-24,762.5,793,764,876.5,765.5,770,807,823,836.5,820,929,846,957,,828,850,815,802.5,810,927,801.5,,870,846,782,776,817.5,827.5,815.5,756.5,756.5,820.5,822.5,759.5,855.5,815.5,780.5,783.5,785.5,787.5,802.5,802.5,792.5,796.5,772.5,784.5,780.5,782.5,797.5
2022-01-21,760,778,752,876.5,768.5,766,817.5,840,822.5,826.5,929,837,954,,824.5,845,815,804.5,804.5,938,791.5,,870,846,773.5,776,815,825,813,754,754,818,820,757,858.5,818.5,783.5,786.5,788.5,785,800,800,790,794,770,782,778,780,795
2022-01-20,770.5,790,752,866,775,766,817.5,835,822.5,826.5,929,837,954,,823.5,845,815,806.5,809.5,938,806.5,,870,846,777,779.5,825.5,835.5,823.5,764.5,764.5,828.5,830.5,767.5,865,825,790,793,795,795.5,810.5,810.5,800.5,804.5,780.5,792.5,788.5,790.5,805.5
2022-01-19,770.5,790,752,897,778,766,813.5,820,865.5,843.5,929,834,948,,820,845,815,796.5,813,940,801.5,,870,846,772,780,825.5,835.5,823.5,764.5,764.5,828.5,830.5,767.5,868,828,793,796,798,795.5,810.5,810.5,800.5,804.5,780.5,792.5,788.5,790.5,805.5
2022-01-18,778,790.5,748,845,760,750,787.5,815.5,825.5,816.5,929,836,948,,822,825,805,794,814,940,791.5,,845,819.5,750,774.5,833,843,831,772,772,836,838,775,850,810,775,778,780,803,818,818,808,812,788,800,796,798,813
2022-01-17,767,776.5,738,848.5,750,750,813.5,816,865.5,823.5,929,832,919,,816,825,805,770.5,799.5,926,788.5,,845,809.5,739.5,763.5,822,832,820,761,761,825,827,764,840,800,765,768,770,792,807,807,797,801,777,789,785,787,802
2022-01-14,737,768.5,728,851.5,734.5,735,803.5,796,875.5,808.5,929,834,919,,812.5,825,785,768,793.5,926,779,,840,797,731,730,792,802,790,731,731,795,797,734,824.5,784.5,749.5,752.5,754.5,762,777,777,767,771,747,759,755,757,772
2022-01-13,725,754.5,723,844.5,724,722,771.5,797,827.5,790.5,929,828,919,,810.5,825,775,762.5,793,926,786,,820,780,732,730,780,790,778,719,719,783,785,722,814,774,739,742,744,750,765,765,755,759,735,747,743,745,760
2022-01-12,722,761,713,853,714.5,722,788.5,788,825.5,788.5,915,818,917,,808,825,775,765,794.5,925,768,,820,810,722,720,777,787,775,716,716,780,782,719,804.5,764.5,729.5,732.5,734.5,747,762,762,752,756,732,744,740,742,757
2022-01-11,709.5,730.5,701,820,700.5,702,771.5,769,809.5,775,915,758,907,,801,800,740,739.5,775.5,908,749.5,,820,789.5,712,713.5,764.5,774.5,762.5,703.5,703.5,767.5,769.5,706.5,790.5,750.5,715.5,718.5,720.5,734.5,749.5,749.5,739.5,743.5,719.5,731.5,727.5,729.5,744.5
2022-01-10,704,731,701,822,687.5,702,743.5,747,795.5,767,915,757,895,,793.5,800,740,724,774,894,749.5,,820,784.5,711.5,706.5,759,769,757,698,698,762,764,701,777.5,737.5,702.5,705.5,707.5,729,744,744,734,738,714,726,722,724,739
2022-01-07,702.5,730,688,833.5,690,700,762.5,745.5,836.5,793.5,915,754,881,,788,800,740,727.5,776,873,750.5,,820,784.5,709,701,757.5,767.5,755.5,696.5,696.5,760.5,762.5,699.5,780,740,705,708,710,727.5,742.5,742.5,732.5,736.5,712.5,724.5,720.5,722.5,737.5
2022-01-06,695.5,719.5,673,831.5,681.5,675,716.5,750.5,763.5,738.5,915,759,881,,777,785,710,712,770,873,719.5,,820,781,703,701,750.5,760.5,748.5,689.5,689.5,753.5,755.5,692.5,771.5,731.5,696.5,699.5,701.5,720.5,735.5,735.5,725.5,729.5,705.5,717.5,713.5,715.5,730.5
2022-01-05,687,721.5,671,831.5,676.5,675,712.5,740.5,761.5,733.5,915,757,869,,782,785,710,711,759,858,719.5,,820,781,703,701,742,752,740,681,681,745,747,684,766.5,726.5,691.5,694.5,696.5,712,727,727,717,721,697,709,705,707,722
2022-01-04,681,715,665,880.5,668.5,664,695.5,729,741.5,742.5,915,763,862,,785,785,710,705,754,844,715.5,,820,789.5,704,688,736,746,734,675,675,739,741,678,758.5,718.5,683.5,686.5,688.5,706,721,721,711,715,691,703,699,701,716
2022-01-03,668,710,665,829.5,659,664,695.5,729,741.5,716.5,915,769,850,,778,785,710,707,752,844,713.5,,820,759.5,688,666,723,733,721,662,662,726,728,665,749,709,674,677,679,693,708,708,698,702,678,690,686,688,703
2021-12-31,674,719,666.5,829.5,668.5,660,665.5,724.5,691,683.5,909,759,846,,772,785,695,714,745,788,728,,820,762.5,701,686,729,739,727,668,668,732,734,671,758.5,718.5,683.5,686.5,688.5,699,714,714,704,708,684,696,692,694,709
2021-12-30,669.5,720,666.5,829.5,666,660,665.5,724,691,690,903,759,846,,779,785,695,709,745,788,718,,820,762.5,698.5,686,724.5,734.5,722.5,663.5,663.5,727.5,729.5,666.5,756,716,681,684,686,694.5,709.5,709.5,699.5,703.5,679.5,691.5,687.5,689.5,704.5
2021-12-29,671.5,705,659,829.5,661.5,660,665.5,678,691,690,903,761,846,,782,785,695,714,740,788,699,,820,762.5,695,677,726.5,736.5,724.5,665.5,665.5,729.5,731.5,668.5,751.5,711.5,676.5,679.5,681.5,696.5,711.5,711.5,701.5,705.5,681.5,693.5,689.5,691.5,706.5
2021-12-28,675.5,700.5,652.5,885,659,640,665.5,724,691,690,903,759,846,,786.5,785,695,723,732,788,690,,810,765.5,680.5,674.5,730.5,740.5,728.5,669.5,669.5,733.5,735.5,672.5,749,709,674,677,679,700.5,715.5,715.5,705.5,709.5,685.5,697.5,693.5,695.5,710.5
2021-12-27,638.5,675.5,630.5,885,642.5,640,665.5,661.5,691,690,899,756,846,,768.5,785,695,699,717,788,690,,810,765.5,668,668.5,693.5,703.5,691.5,632.5,632.5,696.5,698.5,635.5,732.5,692.5,657.5,660.5,662.5,663.5,678.5,678.5,668.5,672.5,648.5,660.5,656.5,658.5,673.5
2021-12-24,647,681.5,630.5,885,632,640,655.5,651.5,691,685,899,755.5,846,685,773,785,695,704,720,788,695.5,,810,772,671.5,669,702,712,700,641,641,705,707,644,722,682,647,650,652,672,687,687,677,681,657,669,665,667,682
2021-12-23,651.5,685,631.5,900.5,634,625,705.5,679,740,722,899,755.5,846,685,777,750,675,692.5,709,788,682.5,,805,777.5,661.5,669,706.5,716.5,704.5,645.5,645.5,709.5,711.5,648.5,724,684,649,652,654,676.5,691.5,691.5,681.5,685.5,661.5,673.5,669.5,671.5,686.5
2021-12-22,635.5,668.5,619,889,617.5,625,655.5,651.5,691,685,899,751.5,835,685,765,750,675,698,694.5,816,655.5,,805,762.5,654,669,690.5,700.5,688.5,629.5,629.5,693.5,695.5,632.5,707.5,667.5,632.5,635.5,637.5,660.5,675.5,675.5,665.5,669.5,645.5,657.5,653.5,655.5,670.5
2021-12-21,634.5,656.5,610,885,608,595,671.5,664,709,697,910,755.5,835,685,750,765,650,662,689.5,816,633.5,,800,761,645.5,639,689.5,699.5,687.5,628.5,628.5,692.5,694.5,631.5,698,658,623,626,628,659.5,674.5,674.5,664.5,668.5,644.5,656.5,652.5,654.5,669.5
2021-12-20,639,657.5,615,885.5,606.5,595,655.5,648.5,691,675,910,756.5,819,685,746.5,765,650,672,695,811,649.5,,800,771,649,638.5,694,704,692,633,633,697,699,636,696.5,656.5,621.5,624.5,626.5,664,679,679,669,673,649,661,657,659,674
2021-12-17,649.5,684.5,626,880.5,624,620,673.5,655,730.5,684.5,918,756.5,858,685,763,765,660,675.5,698,857,673.5,,805,773,655,656,704.5,714.5,702.5,643.5,643.5,707.5,709.5,646.5,714,674,639,642,644,674.5,689.5,689.5,679.5,683.5,659.5,671.5,667.5,669.5,684.5
2021-12-16,645,681,621.5,884.5,619,620,673.5,651,730.5,682.5,920,754.5,858,685,766,765,665,665.5,702,857,672.5,,805,776,650,652.5,700,710,698,639,639,703,705,642,709,669,634,637,639,670,685,685,675,679,655,667,663,665,680
2021-12-15,639.5,678,623,881.5,618.5,620,673.5,651,730.5,682.5,920,762.5,858,685,759,765,665,670.5,692,857,666.5,,805,776,664.5,665.5,694.5,704.5,692.5,633.5,633.5,697.5,699.5,636.5,708.5,668.5,633.5,636.5,638.5,664.5,679.5,679.5,669.5,673.5,649.5,661.5,657.5,659.5,674.5
2021-12-14,654.5,671,632,912,619.5,625,678.5,663,735.5,692.5,946,763.5,858,685,760,765,665,673.5,703,857,676.5,,805,767,662.5,663.5,709.5,719.5,707.5,648.5,648.5,712.5,714.5,651.5,709.5,669.5,634.5,637.5,639.5,679.5,694.5,694.5,684.5,688.5,664.5,676.5,672.5,674.5,689.5
2021-12-13,658.5,669,631,897.5,621.5,625,678.5,659,735.5,697.5,946,769.5,858,685,760,765,665,670.5,698,857,661.5,,805,767,662,660,713.5,723.5,711.5,652.5,652.5,716.5,718.5,655.5,711.5,671.5,636.5,639.5,641.5,683.5,698.5,698.5,688.5,692.5,668.5,680.5,676.5,678.5,693.5
2021-12-10,660,666,628,839.5,624,625,657,655.5,784,707,959,773.5,850,685,758,760,665,669.5,697,818,664.5,,805,767,656.5,670.5,715,725,713,654,654,718,720,657,714,674,639,642,644,685,700,700,690,694,670,682,678,680,695
2021-12-09,645,664.5,630,877,621,625,657,655.5,784,666,941,761.5,850,682,758.5,775,665,670.5,702,818,670,,835,767,656,659.5,700,710,698,639,639,703,705,642,711,671,636,639,641,670,685,685,675,679,655,667,663,665,680
2021-12-08,646,664.5,622.5,836,623.5,625,657,655.5,784,676,941,763.5,850,683,753.5,775,665,666.5,692,818,667,,835,767,638,643,701,711,699,640,640,704,706,643,713.5,673.5,638.5,641.5,643.5,671,686,686,676,680,656,668,664,666,681
2021-12-07,628.5,652,610.5,902,606,595,665,644,761,673.5,941,757.5,850,651,761,755,655,648,690,818,666.5,,835,752.5,633,642,683.5,693.5,681.5,622.5,622.5,686.5,688.5,625.5,696,656,621,624,626,653.5,668.5,668.5,658.5,662.5,638.5,650.5,646.5,648.5,663.5
2021-12-06,643.5,636.5,603,888,595.5,595,657,634,784,662,943,762.5,842,651,748,755,655,642.5,685,795,648.5,,835,752.5,622,634.5,698.5,708.5,696.5,637.5,637.5,701.5,703.5,640.5,685.5,645.5,610.5,613.5,615.5,668.5,683.5,683.5,673.5,677.5,653.5,665.5,661.5,663.5,678.5
2021-12-03,620,623.5,599.5,870,591.5,592,663,642.5,797.5,655.5,943,764.5,838,651,739.5,710,645,648.5,692.5,789,643.5,,835,756,621,637,675,685,673,614,614,678,680,617,681.5,641.5,606.5,609.5,611.5,645,660,660,650,654,630,642,638,640,655
2021-12-02,601,634.5,598.5,857,571,592,663,646.5,797.5,675.5,943,766.5,838,636,719.5,710,645,652.5,677.5,789,643.5,,835,756,623.5,607,656,666,654,595,595,659,661,598,661,621,586,589,591,626,641,641,631,635,611,623,619,621,636
2021-12-01,613,637,602,770,583.5,592,660,661.5,768.5,674,943,767.5,835,642,732,710,645,657,680,786,663.5,,835,756,634.5,628.5,668,678,666,607,607,671,673,610,673.5,633.5,598.5,601.5,603.5,638,653,653,643,647,623,635,631,633,648
2021-11-30,628,656,614,749.5,588.5,605,652.5,659.5,786,669.5,947,766.5,810,665,732.5,710,655,697,685.5,784,675,,835,757,652.5,627,683,693,681,622,622,686,688,625,678.5,638.5,603.5,606.5,608.5,653,668,668,658,662,638,650,646,648,663
2021-11-29,636.5,690,626,749.5,597.5,605,671.5,673.5,785,699.5,947,771,838,701,760,710,655,694,699,783,680,,835,757,633,645,691.5,701.5,689.5,630.5,630.5,694.5,696.5,633.5,687.5,647.5,612.5,615.5,617.5,661.5,676.5,676.5,666.5,670.5,646.5,658.5,654.5,656.5,671.5
2021-11-26,669.5,724.5,660,881.5,635.5,630,685.5,701.5,811.5,719,945,771.5,873,701,760,710,675,705,712.5,829,693.5,,835,760,689,695.5,724.5,734.5,722.5,663.5,663.5,727.5,729.5,666.5,725.5,685.5,650.5,653.5,655.5,694.5,709.5,709.5,699.5,703.5,679.5,691.5,687.5,689.5,704.5
2021-11-25,706,750,688,881,657,665,705.5,712.5,816.5,749,945,768.5,873,701,779,735,700,721,739.5,829,716.5,,835,749,687.5,692,761,771,759,700,700,764,766,703,747,707,672,675,677,731,746,746,736,740,716,728,724,726,741
2021-11-24,685,715,683,835.5,658.5,665,705.5,698,816.5,743,945,761.5,873,701,782,735,700,713,739.5,829,711.5,,835,749,685.5,693.5,740,750,738,679,679,743,745,682,748.5,708.5,673.5,676.5,678.5,710,725,725,715,719,695,707,703,705,720
2021-11-23,675,699.5,677,860,640,630,707.5,705,784.5,735,945,770.5,875,701,765.5,780,690,700,726,819,699.5,,835,744.5,676,677.5,730,740,728,669,669,733,735,672,730,690,655,658,660,700,715,715,705,709,685,697,693,695,710
2021-11-22,675,715.5,683,868,638.5,630,698.5,699.5,778.5,740,945,773.5,874,701,762.5,780,690,690,731,813,709.5,,835,744.5,674.5,674.5,730,740,728,669,669,733,735,672,728.5,688.5,653.5,656.5,658.5,700,715,715,705,709,685,697,693,695,710
2021-11-19,681.5,714,689,852.5,648.5,650,718.5,701,782,741.5,945,775.5,884,728,774.5,780,715,710.5,746.5,800,728,,835,744.5,687,691,736.5,746.5,734.5,675.5,675.5,739.5,741.5,678.5,738.5,698.5,663.5,666.5,668.5,706.5,721.5,721.5,711.5,715.5,691.5,703.5,699.5,701.5,716.5
2021-11-18,682.5,708.5,681.5,848.5,657,665,724.5,708,771,744,945,781.5,884,728,765,780,715,712,741,800,728.5,,835,757.5,688.5,693.5,737.5,747.5,735.5,676.5,676.5,740.5,742.5,679.5,747,707,672,675,677,707.5,722.5,722.5,712.5,716.5,692.5,704.5,700.5,702.5,717.5
2021-11-17,694.5,715,688,840.5,667.5,665,730.5,718,782,750,945,784.5,888,733,782,780,715,718.5,747,804,736.5,,835,747.5,700,702.5,749.5,759.5,747.5,688.5,688.5,752.5,754.5,691.5,757.5,717.5,682.5,685.5,687.5,719.5,734.5,734.5,724.5,728.5,704.5,716.5,712.5,714.5,729.5
2021-11-16,704,720,692,818.5,670,650,728.5,718,764.5,744,937,792.5,884,739,782.5,795,715,713,752,801,731.5,,835,742.5,696.5,704.5,759,769,757,698,698,762,764,701,760,720,685,688,690,729,744,744,734,738,714,726,722,724,739
2021-11-15,690,719,691,791.5,662,650,730.5,727,809.5,750.5,939,792.5,899,729,791,795,715,724,759,811,736.5,,835,742.5,704,691,745,755,743,684,684,748,750,687,752,712,677,680,682,715,730,730,720,724,700,712,708,710,725
2021-11-12,710,723,698,848,675,665,755.5,737.5,809.5,765,939,792.5,899,764,795,785,715,724,760,811,740,,835,745.5,710.5,706,765,775,763,704,704,768,770,707,765,725,690,693,695,735,750,750,740,744,720,732,728,730,745
2021-11-11,715,732,694.5,814.5,683,700,754.5,736,800.5,766,939,786.5,899,764,794,785,735,735.5,762.5,811,747.5,,835,780,712.5,712.5,770,780,768,709,709,773,775,712,773,733,698,701,703,740,755,755,745,749,725,737,733,735,750
2021-11-10,722,738.5,752,889.5,700,700,755.5,743,809.5,764.5,939,781.5,902,764,800,785,735,742,770,814,755.5,,835,750,728.5,735,777,787,775,716,716,780,782,719,790,750,715,718,720,747,762,762,752,756,732,744,740,742,757
2021-11-09,717.5,732,710,902,699.5,695,763,747.5,810.5,767,933,773.5,905,764,793,785,735,742,764.5,813,742,,835,751,716.5,726,772.5,782.5,770.5,711.5,711.5,775.5,777.5,714.5,789.5,749.5,714.5,717.5,719.5,742.5,757.5,757.5,747.5,751.5,727.5,739.5,735.5,737.5,752.5
2021-11-08,706.5,731,701,908,686,695,758,739,806.5,763.5,932.5,775.5,898,770,789,785,735,742.5,763,810,762,,835,751,719.5,734.5,761.5,771.5,759.5,700.5,700.5,764.5,766.5,703.5,776,736,701,704,706,731.5,746.5,746.5,736.5,740.5,716.5,728.5,724.5,726.5,741.5
2021-11-05,688.5,724.5,691,900,674,685,754,734,804.5,759,932.5,769,900,744,778,780,725,729,756.5,798,755.5,,835,745.5,714.5,712.5,743.5,753.5,741.5,682.5,682.5,746.5,748.5,685.5,764,724,689,692,694,713.5,728.5,728.5,718.5,722.5,698.5,710.5,706.5,708.5,723.5
2021-11-04,695,726.5,700,897.5,674.5,685,749,734,803.5,761.5,930.5,759.5,900,761,778.5,780,750,730,752,798,748.5,,840,744,700.5,717.5,750,760,748,689,689,753,755,692,764.5,724.5,689.5,692.5,694.5,720,735,735,725,729,705,717,713,715,730
2021-11-03,720,729,706,909.5,682,685,754,738,804.5,764.5,930.5,759.5,905,770,782,780,750,740.5,768,801,758.5,,840,758,715,719,775,785,773,714,714,778,780,717,772,732,697,700,702,745,760,760,750,754,730,742,738,740,755
2021-11-02,715,734.5,716.5,907,699,703,767.5,747,800.5,786,924.5,758,929,811,789,775,755,751,766.5,824,770,,835,758,727.5,731,770,780,768,709,709,773,775,712,789,749,714,717,719,740,755,755,745,749,725,737,733,735,750
2021-11-01,709.5,731.5,714,904.5,697,703,767.5,755,800.5,796,924.5,761,929,811,781,775,755,746,761.5,824,750,,835,758,731,728,764.5,774.5,762.5,703.5,703.5,767.5,769.5,706.5,787,747,712,715,717,734.5,749.5,749.5,739.5,743.5,719.5,731.5,727.5,729.5,744.5
2021-10-29,704,726,708.5,887,691,710,767.5,744.5,800.5,791.5,924.5,765,929,811,813.5,775,760,736,773,824,742,,835,695,718.5,741,759,769,757,698,698,762,764,701,781,741,706,709,711,729,744,744,734,738,714,726,722,724,739
2021-10-28,716,731.5,711,907,698,710,767.5,746,800.5,793.5,922.5,771,929,811,778.5,775,760,762,761,824,755,,835,717.5,722,726,771,781,769,710,710,774,776,713,788,748,713,716,718,741,756,756,746,750,726,738,734,736,751
2021-10-27,720.5,736.5,726,913,708.5,710,767.5,751,800.5,793.5,922.5,769,929,811,778.5,775,760,762,761,824,755,,835,717.5,732.5,735.5,775.5,785.5,773.5,714.5,714.5,778.5,780.5,717.5,798.5,758.5,723.5,726.5,728.5,745.5,760.5,760.5,750.5,754.5,730.5,742.5,738.5,740.5,755.5
2021-10-26,723,732.5,723,915,709,710,777,753,803,795,850.5,768.5,929,811,781.5,775,765,773,784.5,830,760,,835,695,734,738.5,778,788,776,717,717,781,783,720,799,759,724,727,729,748,763,763,753,757,733,745,741,743,758
2021-10-25,725,732.5,727,918,713,710,771,753,792,791,898.5,697.5,923,811,781.5,775,765,760.5,775,820,760,,835,695,734.5,736,780,790,778,719,719,783,785,722,803,763,728,731,733,750,765,765,755,759,735,747,743,745,760
2021-10-22,714,720,729,913.5,706,710,767.5,753,793.5,788.5,884.5,705.5,924,811,775,775,765,753,780.5,826,740,,835,684,742.5,735,769,779,767,708,708,772,774,711,796,756,721,724,726,739,754,754,744,748,724,736,732,734,749
2021-10-21,724,725.5,732,912,708.5,710,767.5,760.5,793.5,785.5,874.5,715.5,924,811,775,775,765,769,780.5,826,745,,835,684,736.5,735.5,779,789,777,718,718,782,784,721,798.5,758.5,723.5,726.5,728.5,749,764,764,754,758,734,746,742,744,759
2021-10-20,722.5,731.5,722,896,705,710,771.5,768.5,796.5,784.5,874.5,715.5,924,811,772.5,775,765,763.5,785.5,828,760,,835,684,729,723,777.5,787.5,775.5,716.5,716.5,780.5,782.5,719.5,795,755,720,723,725,747.5,762.5,762.5,752.5,756.5,732.5,744.5,740.5,742.5,757.5
2021-10-19,724,728.5,723.5,862.5,712,715,763.5,769,794.5,793.5,858.5,719.5,920,811,767.5,775,765,761,780,844,758,,835,683,728.5,738,779,789,777,718,718,782,784,721,802,762,727,730,732,749,764,764,754,758,734,746,742,744,759
2021-10-18,727.5,731.5,726,847.5,727,715,776.5,763,790.5,786.5,858.5,728.5,910,782,772.5,775,765,764,787.5,828,764,,835,683,732.5,736,782.5,792.5,780.5,721.5,721.5,785.5,787.5,724.5,817,777,742,745,747,752.5,767.5,767.5,757.5,761.5,737.5,749.5,745.5,747.5,762.5
2021-10-15,724,728.5,722,847.5,716.5,710,764.5,755,783,778,858.5,722.5,892,782,769.5,750,750,749,781,800,753.5,,835,679.5,723.5,739,779,789,777,718,718,782,784,721,806.5,766.5,731.5,734.5,736.5,749,764,764,754,758,734,746,742,744,759
2021-10-14,717,724,723,846.5,705.5,695,744.5,753,773,776,850.5,720.5,892,782,758.5,735,735,748,777,800,740,,835,681,725,717.5,772,782,770,711,711,775,777,714,795.5,755.5,720.5,723.5,725.5,742,757,757,747,751,727,739,735,737,752
2021-10-13,706.5,724,711,851.5,696,695,744.5,744,773,773,850.5,721.5,892,681,758.5,735,735,743,772,800,740,,835,686,719.5,717.5,761.5,771.5,759.5,700.5,700.5,764.5,766.5,703.5,786,746,711,714,716,731.5,746.5,746.5,736.5,740.5,716.5,728.5,724.5,726.5,741.5
2021-10-12,706,727,719.5,845.5,699.5,700,748.5,742.5,778,774.5,825.5,721.5,892,681,756.5,735,735,749,775,800,743.5,,790,691,720.5,720,761,771,759,700,700,764,766,703,789.5,749.5,714.5,717.5,719.5,731,746,746,736,740,716,728,724,726,741
2021-10-11,702,723,713,824.5,695.5,700,744.5,737,773,763.5,817.5,721.5,890,681,746.5,735,735,742,767.5,795,733.5,,790,666,695,719,757,767,755,696,696,760,762,699,785.5,745.5,710.5,713.5,715.5,727,742,742,732,736,712,724,720,722,737
2021-10-08,689.5,713.5,691,851.5,685.5,690,742.5,739,776,742.5,817.5,720.5,882,681,741.5,735,720,722,740.5,787,720,,780,666,677.5,719,744.5,754.5,742.5,683.5,683.5,747.5,749.5,686.5,775.5,735.5,700.5,703.5,705.5,714.5,729.5,729.5,719.5,723.5,699.5,711.5,707.5,709.5,724.5
2021-10-07,676.5,690.5,682,850.5,669.5,690,751.5,754,766,744.5,818.5,721.5,882,681,713.5,710,695,723.5,737.5,787,713.5,,750,669,687.5,701,731.5,741.5,729.5,670.5,670.5,734.5,736.5,673.5,759.5,719.5,684.5,687.5,689.5,701.5,716.5,716.5,706.5,710.5,686.5,698.5,694.5,696.5,711.5
2021-10-06,692.5,706,687,847,683,690,742.5,730,766,738.5,816.5,726.5,882,681,713.5,710,695,717.5,737.5,787,713.5,,750,669,670,716.5,747.5,757.5,745.5,686.5,686.5,750.5,752.5,689.5,773,733,698,701,703,717.5,732.5,732.5,722.5,726.5,702.5,714.5,710.5,712.5,727.5
2021-10-05,679,701.5,680,834.5,670.5,655,726,723,706.5,730,814.5,731.5,880,681,699.5,710,695,698.5,739,762,693.5,,750,671.5,671.5,703,734,744,732,673,673,737,739,676,760.5,720.5,685.5,688.5,690.5,704,719,719,709,713,689,701,697,699,714
2021-10-04,660,684.5,655,834.5,653,655,726,701,706.5,719,814.5,736,857,681,689.5,710,695,688.5,709,762,693.5,,750,671.5,662.5,685,715,725,713,654,654,718,720,657,743,703,668,671,673,685,700,700,690,694,670,682,678,680,695
2021-10-01,652,679.5,654,835.5,645.5,648,705.5,689,690.5,702,812.5,730,842,681,677.5,690,690,684,701,734,688.5,,740,671.5,656,665.5,707,717,705,646,646,710,712,649,735.5,695.5,660.5,663.5,665.5,677,692,692,682,686,662,674,670,672,687
2021-09-30,649,679,644,827,639,640,688.5,678.5,690.5,700,810.5,733,842,681,690.5,675,690,679,701,734,685,,740,671.5,642,667,704,714,702,643,643,707,709,646,729,689,654,657,659,674,689,689,679,683,659,671,667,669,684
2021-09-29,646,672,639,840,632.5,640,685.5,674.5,696.5,700,810.5,732,837,681,685.5,675,690,684,701,733,685,,740,671.5,637,667.5,701,711,699,640,640,704,706,643,722.5,682.5,647.5,650.5,652.5,671,686,686,676,680,656,668,664,666,681
2021-09-28,646.5,678.5,637.5,854,640.5,645,664.5,661,699.5,690,800.5,686,832,681,686,700,690,684,711.5,719,691.5,,750,673,634.5,675.5,701.5,711.5,699.5,640.5,640.5,704.5,706.5,643.5,730.5,690.5,655.5,658.5,660.5,671.5,686.5,686.5,676.5,680.5,656.5,668.5,664.5,666.5,681.5
2021-09-27,642,668,631,830,634,645,664.5,658.5,699.5,700,800.5,686,832,681,686,700,690,675,706.5,719,682.5,,750,663,632.5,671,697,707,695,636,636,700,702,639,724,684,649,652,654,667,682,682,672,676,652,664,660,662,677
2021-09-24,632,644,615.5,828,624.5,630,643,645.5,683.5,676,800.5,693,822,681,672.5,680,655,663,685,713,653.5,,730,655,618.5,661.5,687,697,685,626,626,690,692,629,714.5,674.5,639.5,642.5,644.5,657,672,672,662,666,642,654,650,652,667
2021-09-23,620,637.5,606,825,618,610,659,646.5,695.5,677.5,802.5,694,822,681,674.5,680,655,658,684.5,713,654.5,,730,652.5,611,650,675,685,673,614,614,678,680,617,708,668,633,636,638,645,660,660,650,654,630,642,638,640,655
2021-09-22,617,627,628,815.5,614,610,643,638.5,683.5,673,800.5,691,820,682,675,680,655,650.5,678,709,646.5,,730,652.5,608,642.5,672,682,670,611,611,675,677,614,704,664,629,632,634,642,657,657,647,651,627,639,635,637,652
2021-09-21,607.5,624.5,608.5,814.5,606,600,651,639,684.5,678,800.5,692,815,682,667.5,670,645,651.5,676,697,640,,720,660.5,608,636,662.5,672.5,660.5,601.5,601.5,665.5,667.5,604.5,696,656,621,624,626,632.5,647.5,647.5,637.5,641.5,617.5,629.5,625.5,627.5,642.5
2021-09-20,610.5,623.5,605,816.5,608,600,646,639.5,712.5,664.5,800.5,690,812,682,674.5,670,645,656.5,673.5,696,640,,720,660.5,606,639.5,665.5,675.5,663.5,604.5,604.5,668.5,670.5,607.5,698,658,623,626,628,635.5,650.5,650.5,640.5,644.5,620.5,632.5,628.5,630.5,645.5
2021-09-17,615,625,605,822.5,612,600,639.5,641.5,714.5,667.5,800.5,696,795,682,671,665,645,650.5,673.5,703,643.5,,720,649,602,638,670,680,668,609,609,673,675,612,702,662,627,630,632,640,655,655,645,649,625,637,633,635,650
2021-09-16,609.5,625,603,822.5,605,600,659.5,640,717.5,668.5,800.5,697,795,682,666,665,645,654,676.5,703,648.5,,680,649,600,635,664.5,674.5,662.5,603.5,603.5,667.5,669.5,606.5,695,655,620,623,625,634.5,649.5,649.5,639.5,643.5,619.5,631.5,627.5,629.5,644.5
2021-09-15,601,618,593,817.5,599.5,600,639.5,640,714.5,666,805,700,795,682,663,665,645,641,663.5,700,633.5,,680,664,594,630,656,666,654,595,595,659,661,598,689.5,649.5,614.5,617.5,619.5,626,641,641,631,635,611,623,619,621,636
2021-09-14,592.5,622,594,804,596.5,595,635,635.5,709.5,659.5,805,701,790,682,661,660,640,641,660,700,624,,680,655,598,630,647.5,657.5,645.5,586.5,586.5,650.5,652.5,589.5,686.5,646.5,611.5,614.5,616.5,617.5,632.5,632.5,622.5,626.5,602.5,614.5,610.5,612.5,627.5
2021-09-13,596.5,611.5,589,821.5,595,595,648,634,707.5,671,805,702,772,682,657,660,640,634.5,659,711,627,,680,655,599,622,651.5,661.5,649.5,590.5,590.5,654.5,656.5,593.5,685,645,610,613,615,621.5,636.5,636.5,626.5,630.5,606.5,618.5,614.5,616.5,631.5
2021-09-10,584,609,580,812.5,583,580,648,628,718,670,810,704,772,682,664,660,640,633,652,689,621.5,,680,667,587.5,610,639,649,637,578,578,642,644,581,673,633,598,601,603,609,624,624,614,618,594,606,602,604,619
2021-09-09,589.5,607,578,819,588.5,590,627,624,696,661.5,795,696,772,682,643.5,630,640,632,652,689,626.5,,680,671,594.5,617.5,644.5,654.5,642.5,583.5,583.5,647.5,649.5,586.5,678.5,638.5,603.5,606.5,608.5,614.5,629.5,629.5,619.5,623.5,599.5,611.5,607.5,609.5,624.5
2021-09-08,586,608.5,579,830.5,583.5,590,633,621,703,659.5,795,707,774,681,637.5,630,640,631.5,648.5,703,636.5,,680,666,590,619,641,651,639,580,580,644,646,583,673.5,633.5,598.5,601.5,603.5,611,626,626,616,620,596,608,604,606,621
2021-09-07,590.5,614,580.5,827,590,590,631,623.5,702,664.5,795,707,784,652.5,644,630,640,637.5,649,704,626.5,,680,666,589.5,621,645.5,655.5,643.5,584.5,584.5,648.5,650.5,587.5,680,640,605,608,610,615.5,630.5,630.5,620.5,624.5,600.5,612.5,608.5,610.5,625.5
2021-09-06,587,611.5,579,817.5,596.5,590,638,632,718,672,790,708,780,652.5,665.5,630,640,634.5,651.5,705,621.5,,680,661,594.5,614.5,642,652,640,581,581,645,647,584,686.5,646.5,611.5,614.5,616.5,612,627,627,617,621,597,609,605,607,622
2021-09-03,588.5,610,580,817.5,591.5,600,638,627,698,666,790,707,780,652.5,665.5,640,635,637.5,651.5,705,626,,680,664,591.5,622,643.5,653.5,641.5,582.5,582.5,646.5,648.5,585.5,681.5,641.5,606.5,609.5,611.5,613.5,628.5,628.5,618.5,622.5,598.5,610.5,606.5,608.5,623.5
2021-09-02,577.5,602,575,817.5,590,585,645,624.5,685,661,797,709,780,652.5,644.5,640,630,631.5,650,705,618.5,,680,654,588.5,620,632.5,642.5,630.5,571.5,571.5,635.5,637.5,574.5,680,640,605,608,610,602.5,617.5,617.5,607.5,611.5,587.5,599.5,595.5,597.5,612.5
2021-09-01,587.5,604,576,820.5,585,585,618,608,683,658.5,785.5,711,776,652.5,650.5,640,630,632,647,703,623.5,,680,645,590,615,642.5,652.5,640.5,581.5,581.5,645.5,647.5,584.5,675,635,600,603,605,612.5,627.5,627.5,617.5,621.5,597.5,609.5,605.5,607.5,622.5
2021-08-31,579,603.5,573,812.5,584.5,575,620,606,682.5,652,787.5,704,777,652.5,650.5,640,620,632.5,646,703,616.5,,685,646,590,617,634,644,632,573,573,637,639,576,674.5,634.5,599.5,602.5,604.5,604,619,619,609,613,589,601,597,599,614
2021-08-30,578.5,595.5,573,814.5,582.5,575,614,602.5,684.5,647.5,787.5,701,774,652.5,650,640,620,627.5,645.5,705,616.5,,685,646,588.5,615.5,633.5,643.5,631.5,572.5,572.5,636.5,638.5,575.5,672.5,632.5,597.5,600.5,602.5,603.5,618.5,618.5,608.5,612.5,588.5,600.5,596.5,598.5,613.5
2021-08-27,579,593.5,571,814.5,576.5,570,622,598.5,677,641,787.5,698,764,657.5,655,630,620,623.5,639,701,611.5,,685,659,584.5,604,634,644,632,573,573,637,639,576,666.5,626.5,591.5,594.5,596.5,604,619,619,609,613,589,601,597,599,614
2021-08-26,571.5,589.5,567,814.5,572.5,565,610,592.5,679,639,792.5,694.5,764,642.5,657.5,610,605,623.5,638,701,605,,685,659,584.5,603.5,626.5,636.5,624.5,565.5,565.5,629.5,631.5,568.5,662.5,622.5,587.5,590.5,592.5,596.5,611.5,611.5,601.5,605.5,581.5,593.5,589.5,591.5,606.5
2021-08-25,570.5,587,563,812,575,565,612,582,677,631,792.5,691,760,627.5,650.5,610,605,623.5,633.5,693,595,,685,659,578,600.5,625.5,635.5,623.5,564.5,564.5,628.5,630.5,567.5,665,625,590,593,595,595.5,610.5,610.5,600.5,604.5,580.5,592.5,588.5,590.5,605.5
2021-08-24,560,578,557.5,808,557.5,540,606,571.5,680.5,611,793.5,683,750,627.5,639.5,590,573,608,626.5,695,582.5,,690,657.5,567.5,580,615,625,613,554,554,618,620,557,647.5,607.5,572.5,575.5,577.5,585,600,600,590,594,570,582,578,580,595
2021-08-23,539.5,565,545,814.5,535,540,593,568.5,664.5,619.5,793.5,677,750,617.5,629.5,590,573,603,619.5,694,572.5,,690,647.5,547.5,544,594.5,604.5,592.5,533.5,533.5,597.5,599.5,536.5,625,585,550,553,555,564.5,579.5,579.5,569.5,573.5,549.5,561.5,557.5,559.5,574.5
2021-08-20,538.5,567,537.5,814.5,534,,598,582,652,624,808.5,678,754,617.5,617,,,600,610,695,559.5,,,653.5,553,564,593.5,603.5,591.5,532.5,532.5,596.5,598.5,535.5,624,584,549,552,554,563.5,578.5,578.5,568.5,572.5,548.5,560.5,556.5,558.5,573.5
2021-08-19,553,574,542.5,805,549,,598,582,652,626,808.5,691,754,637.5,637,,,610,620,695,582.5,,,663.5,561,568,608,618,606,547,547,611,613,550,639,599,564,567,569,578,593,593,583,587,563,575,571,573,588
2021-08-18,559.5,582.5,551.5,815.5,553,,608,588,665,636,793.5,697,754,637.5,636,,,613,625,724,582.5,,,663.5,577.5,583,614.5,624.5,612.5,553.5,553.5,617.5,619.5,556.5,643,603,568,571,573,584.5,599.5,599.5,589.5,593.5,569.5,581.5,577.5,579.5,594.5
2021-08-17,556.5,582,551.5,828,556.5,,608,589.5,665,638,795.5,698,754,642.5,639,,,611,625,724,588.5,,,662.5,577.5,593,611.5,621.5,609.5,550.5,550.5,614.5,616.5,553.5,646.5,606.5,571.5,574.5,576.5,581.5,596.5,596.5,586.5,590.5,566.5,578.5,574.5,576.5,591.5
2021-08-16,566,588,555,827,566.5,,608,592,665,636,795.5,698,754,642.5,637,,,616,627,724,592.5,,,662.5,586.5,594.5,621,631,619,560,560,624,626,563,656.5,616.5,581.5,584.5,586.5,591,606,606,596,600,576,588,584,586,601
2021-08-13,572,595,565,827,574.5,,610,595,653,645,793.5,699,754,642.5,644,,,616,638,699,597.5,,,662.5,586.5,597,627,637,625,566,566,630,632,569,664.5,624.5,589.5,592.5,594.5,597,612,612,602,606,582,594,590,592,607
2021-08-12,581,592,566.5,827,575,,610,598,653,642,808.5,704,754,637.5,644,,,611,638,699,597.5,,,662.5,584.5,600,636,646,634,575,575,639,641,578,665,625,590,593,595,606,621,621,611,615,591,603,599,601,616
2021-08-11,567.5,587,560,827,564.5,,610,593,653,637,803.5,701,754,637.5,634,,,612,628,699,594.5,,,664.5,584.5,589.5,622.5,632.5,620.5,561.5,561.5,625.5,627.5,564.5,654.5,614.5,579.5,582.5,584.5,592.5,607.5,607.5,597.5,601.5,577.5,589.5,585.5,587.5,602.5
2021-08-10,565,582.5,560,826,560,,610,599,653,636,803.5,694,754,637.5,618,,,603,629,699,590.5,,,657,566,579.5,620,630,618,559,559,623,625,562,650,610,575,578,580,590,605,605,595,599,575,587,583,585,600
2021-08-09,562,588,562.5,836.5,545.5,,604,598.5,653,646,803.5,698,754,642.5,644,,,614,624,699,584.5,,,667,579.5,575,617,627,615,556,556,620,622,559,635.5,595.5,560.5,563.5,565.5,587,602,602,592,596,572,584,580,582,597
2021-08-06,572.5,590,577,836.5,573,,641,608.5,673,649,803.5,710,783,642.5,653,,,627,641,702,602.5,,,665,583,591.5,627.5,637.5,625.5,566.5,566.5,630.5,632.5,569.5,663,623,588,591,593,597.5,612.5,612.5,602.5,606.5,582.5,594.5,590.5,592.5,607.5
2021-08-05,563.5,598,575,836.5,568.5,,641,612,673,659,803.5,703,783,642.5,643,,,624,641,702,594.5,,,665,588,591.5,618.5,628.5,616.5,557.5,557.5,621.5,623.5,560.5,658.5,618.5,583.5,586.5,588.5,588.5,603.5,603.5,593.5,597.5,573.5,585.5,581.5,583.5,598.5
2021-08-04,581.5,602.5,584,836.5,573,,641,603,673,655,789.5,698,783,652.5,648,,,623,636,702,611.5,,,680,596.5,603,636.5,646.5,634.5,575.5,575.5,639.5,641.5,578.5,663,623,588,591,593,606.5,621.5,621.5,611.5,615.5,591.5,603.5,599.5,601.5,616.5
2021-08-03,592,607,588,831,589.5,,641,609,673,668,803.5,711,783,657.5,648,,,640,656,702,624.5,,,680,602,619,647,657,645,586,586,650,652,589,679.5,639.5,604.5,607.5,609.5,617,632,632,622,626,602,614,610,612,627
2021-08-02,601.5,612,597.5,842.5,603,,641,621,673,658,803.5,714,783,660,648,,,645,651,702,629.5,,,670,607,618,656.5,666.5,654.5,595.5,595.5,659.5,661.5,598.5,693,653,618,621,623,626.5,641.5,641.5,631.5,635.5,611.5,623.5,619.5,621.5,636.5
2021-07-30,600.5,612,596.5,852,602.5,,641,624,673,663,803.5,720,783,665,648,,,637,661,702,627.5,,,670,603.5,624,655.5,665.5,653.5,594.5,594.5,658.5,660.5,597.5,692.5,652.5,617.5,620.5,622.5,625.5,640.5,640.5,630.5,634.5,610.5,622.5,618.5,620.5,635.5
2021-07-29,599.5,611,592.5,834.5,596.5,,641,627,673,665,803.5,710,783,665,644,,,634,652,702,630,,,670,600.5,617,654.5,664.5,652.5,593.5,593.5,657.5,659.5,596.5,686.5,646.5,611.5,614.5,616.5,624.5,639.5,639.5,629.5,633.5,609.5,621.5,617.5,619.5,634.5
2021-07-28,594,606.5,588.5,834.5,596,,631,615.5,669,663,787.5,708,775,662.5,648,,,632,651,698,630,,,670,608.5,616,649,659,647,588,588,652,654,591,686,646,611,614,616,619,634,634,624,628,604,616,612,614,629
2021-07-27,592.5,609,588.5,808.5,592,,624,616,664,655,787.5,705,775,662.5,651,,,630,649,696,632.5,,,687.5,603.5,615,647.5,657.5,645.5,586.5,586.5,650.5,652.5,589.5,682,642,607,610,612,617.5,632.5,632.5,622.5,626.5,602.5,614.5,610.5,612.5,627.5
2021-07-26,585,606.5,584,805,589,,625,614,664,654,787.5,707,775,662.5,648,,,627,643,693,612.5,,,677.5,605,614.5,640,650,638,579,579,643,645,582,679,639,604,607,609,610,625,625,615,619,595,607,603,605,620
2021-07-23,587,608.5,587.5,807,581.5,,623,617,659,652,783.5,704,780,662.5,656,,,616,643,685,602.5,,,677.5,601,609.5,642,652,640,581,581,645,647,584,671.5,631.5,596.5,599.5,601.5,612,627,627,617,621,597,609,605,607,622
2021-07-22,579.5,606,582.5,807,570,,623,607,659,638,783.5,697,780,657.5,648,,,606,643,685,592.5,,,707.5,594.5,609.5,634.5,644.5,632.5,573.5,573.5,637.5,639.5,576.5,660,620,585,588,590,604.5,619.5,619.5,609.5,613.5,589.5,601.5,597.5,599.5,614.5
2021-07-21,566.5,597.5,572.5,807,559.5,,611,599,631,629,779,698,765,657.5,629,,,600,638,670,592.5,,,682.5,589.5,592.5,621.5,631.5,619.5,560.5,560.5,624.5,626.5,563.5,649.5,609.5,574.5,577.5,579.5,591.5,606.5,606.5,596.5,600.5,576.5,588.5,584.5,586.5,601.5
2021-07-20,571,606,582.5,823,550,,606,593,627,645,779,704,765,652.5,640,,,628,634,678,592.5,,,684,581,592.5,626,636,624,565,565,629,631,568,640,600,565,568,570,596,611,611,601,605,581,593,589,591,606
2021-07-19,581.5,608,585,832,578,,638,605,649,652,726,717,784,652.5,648,,,627,639,704,607.5,,,684,593.5,602,636.5,646.5,634.5,575.5,575.5,639.5,641.5,578.5,668,628,593,596,598,606.5,621.5,621.5,611.5,615.5,591.5,603.5,599.5,601.5,616.5
2021-07-16,593.5,610,595.5,832,586,605,639.5,610,655.5,654,726,716,784,672.5,648,665,635,635.5,645.5,704,620.5,,720,683.5,595.5,614.5,648.5,658.5,646.5,587.5,587.5,651.5,653.5,590.5,676,636,601,604,606,618.5,633.5,633.5,623.5,627.5,603.5,615.5,611.5,613.5,628.5
2021-07-15,594.5,615,603,834.5,592.5,605,639.5,621,655.5,663,726,718,784,677.5,654,665,635,635.5,650.5,704,620.5,,720,683.5,597.5,615.5,649.5,659.5,647.5,588.5,588.5,652.5,654.5,591.5,682.5,642.5,607.5,610.5,612.5,619.5,634.5,634.5,624.5,628.5,604.5,616.5,612.5,614.5,629.5
2021-07-14,610,623,613,817,603.5,605,639.5,616.5,655.5,665,726,707,788,677.5,659.5,665,635,640.5,652,704,632.5,,720,683.5,611.5,626,665,675,663,604,604,668,670,607,693.5,653.5,618.5,621.5,623.5,635,650,650,640,644,620,632,628,630,645
2021-07-13,600,623,611,814.5,596,605,631.5,617.5,627.5,661,726,700,777,677.5,656,665,635,635.5,650,696,627.5,,720,684.5,603,620,655,665,653,594,594,658,660,597,686,646,611,614,616,625,640,640,630,634,610,622,618,620,635
2021-07-12,600,622.5,605.5,815,593.5,605,632.5,616,628.5,659.5,786,699,780,677.5,656,665,635,633.5,653,703,620.5,,720,684.5,607,616,655,665,653,594,594,658,660,597,683.5,643.5,608.5,611.5,613.5,625,640,640,630,634,610,622,618,620,635
2021-07-09,600.5,619.5,595.5,837,588,605,627.5,604.5,622.5,651,786,696,767,677.5,643,665,635,623.5,641.5,691,620.5,,720,684.5,603,606,655.5,665.5,653.5,594.5,594.5,658.5,660.5,597.5,678,638,603,606,608,625.5,640.5,640.5,630.5,634.5,610.5,622.5,618.5,620.5,635.5
2021-07-08,589,618,585.5,863,577,605,627.5,607.5,622.5,656,784,700,767,672.5,638,665,635,623.5,636.5,691,599.5,,720,684.5,597.5,601.5,644,654,642,583,583,647,649,586,667,627,592,595,597,614,629,629,619,623,599,611,607,609,624
2021-07-07,599,634,598,811,596,605,629.5,627.5,655.5,668,784,732,764,675,655.5,665,635,628,663.5,722,635.5,,720,684.5,610,620,654,664,652,593,593,657,659,596,686,646,611,614,616,624,639,639,629,633,609,621,617,619,634
2021-07-06,613.5,638,613,805,605,605,629.5,620.5,655.5,665,784,696,764,685,660.5,665,635,644,663.5,722,636.5,,720,694,613,626.5,668.5,678.5,666.5,607.5,607.5,671.5,673.5,610.5,695,655,620,623,625,638.5,653.5,653.5,643.5,647.5,623.5,635.5,631.5,633.5,648.5
2021-07-05,608,616,609,798.5,606.5,605,626.5,624,656.5,679.5,784,702,761,685,659.5,665,635,641,646,721,628.5,,720,679,614,624.5,663,673,661,602,602,666,668,605,696.5,656.5,621.5,624.5,626.5,633,648,648,638,642,618,630,626,628,643
2021-07-02,601,622.5,600,798.5,596.5,585,636.5,623,651.5,666,784,705,761,685,656.5,655,625,634,642.5,721,615,,710,679,609,621.5,656,666,654,595,595,659,661,598,686.5,646.5,611.5,614.5,616.5,626,641,641,631,635,611,623,619,621,636
2021-07-01,605,621,610,792.5,597,585,636.5,622,651.5,665,784,705,761,690,649.5,655,625,625,637.5,721,619,,710,679,605,627.5,660,670,658,599,599,663,665,602,687,647,612,615,617,630,645,645,635,639,615,627,623,625,640
2021-06-30,594,616.5,600,792.5,588.5,585,631.5,618.5,646.5,665,780.5,713,761,690,648,655,625,627.5,640,715,627,,710,679,605.5,622,649,659,647,588,588,652,654,591,678.5,638.5,603.5,606.5,608.5,619,634,634,624,628,604,616,612,614,629
2021-06-29,595.5,615,601,795.5,590,595,630.5,615,643.5,663,780.5,713,761,690,648.5,655,630,629,636,715,631.5,,710,658,608,619,650.5,660.5,648.5,589.5,589.5,653.5,655.5,592.5,680,640,605,608,610,620.5,635.5,635.5,625.5,629.5,605.5,617.5,613.5,615.5,630.5
2021-06-28,603,626.5,602.5,792,600.5,595,634.5,621.5,650.5,665.5,780.5,710.5,764,672.5,657,655,630,633,643.5,720,620.5,,710,696,599,625,658,668,656,597,597,661,663,600,690.5,650.5,615.5,618.5,620.5,628,643,643,633,637,613,625,621,623,638
2021-06-25,604,626.5,597,788,596.5,,635,630.5,644,666,780.5,705,770,672.5,656,,,627,643,719,639.5,,,673.5,595,620.5,659,669,657,598,598,662,664,601,686.5,646.5,611.5,614.5,616.5,629,644,644,634,638,614,626,622,624,639
2021-06-24,602.5,622.5,596.5,783.5,596.5,,635,615.5,644,667,780.5,712,770,672.5,656,,,630,638,719,617.5,,,663.5,596.5,623,657.5,667.5,655.5,596.5,596.5,660.5,662.5,599.5,686.5,646.5,611.5,614.5,616.5,627.5,642.5,642.5,632.5,636.5,612.5,624.5,620.5,622.5,637.5
2021-06-23,603,619.5,597,782.5,599,,635,616.5,644,665,780.5,703,770,672.5,658,,,627,638,719,616.5,,,663.5,595,624,658,668,656,597,597,661,663,600,689,649,614,617,619,628,643,643,633,637,613,625,621,623,638
2021-06-22,597,612,590,770.5,587,,633,611.5,641,667,775.5,701,762,672.5,646,,,623,633,712,612.5,,,665,589.5,614,652,662,650,591,591,655,657,594,677,637,602,605,607,622,637,637,627,631,607,619,615,617,632
2021-06-21,591,615,590,776.5,582.5,,628,617,638,665,777.5,701,756,652,644,,,628,620,709,607.5,,,656.5,587,604,646,656,644,585,585,649,651,588,672.5,632.5,597.5,600.5,602.5,616,631,631,621,625,601,613,609,611,626
2021-06-18,589,606.5,582.5,762,578.5,,620,594.5,635,668,777.5,701,759,652,652,,,617,643,706,607.5,,,656.5,592,604,644,654,642,583,583,647,649,586,668.5,628.5,593.5,596.5,598.5,614,629,629,619,623,599,611,607,609,624
2021-06-17,597,610.5,587.5,776,587,,620,608,635,674,775.5,703,759,652,642,,,631,633,706,607.5,,,645,592,616.5,652,662,650,591,591,655,657,594,677,637,602,605,607,622,637,637,627,631,607,619,615,617,632
2021-06-16,600,612.5,585,771.5,588.5,,622,609,644,671,777.5,694,760,652,639,,,624,631,703,613.5,,,645,589.5,615.5,655,665,653,594,594,658,660,597,678.5,638.5,603.5,606.5,608.5,625,640,640,630,634,610,622,618,620,635
2021-06-15,591,610.5,577.5,764.5,584.5,,622,610,644,670,780.5,696,760,652,639,,,624,626,703,606.5,,,648.5,589.5,609,646,656,644,585,585,649,651,588,674.5,634.5,599.5,602.5,604.5,616,631,631,621,625,601,613,609,611,626
2021-06-14,590.5,604.5,574,764.5,585,,623,612.5,641,630,778.5,700,755,652,637,,,623,627,698,607.5,,,648.5,587.5,605.5,645.5,655.5,643.5,584.5,584.5,648.5,650.5,587.5,675,635,600,603,605,615.5,630.5,630.5,620.5,624.5,600.5,612.5,608.5,610.5,625.5
2021-06-11,584,604.5,574,763.5,577.5,,626,612.5,641,624,780.5,697,755,652,635,,,615,623,698,600.5,,,618.5,587.5,599,639,649,637,578,578,642,644,581,667.5,627.5,592.5,595.5,597.5,609,624,624,614,618,594,606,602,604,619
2021-06-10,581.5,597,574.5,763.5,577,,626,613.5,641,632,768.5,699,755,653.5,638,,,612,618,698,595.5,,,618.5,594,590,636.5,646.5,634.5,575.5,575.5,639.5,641.5,578.5,667,627,592,595,597,606.5,621.5,621.5,611.5,615.5,591.5,603.5,599.5,601.5,616.5
2021-06-09,580,605.5,574,763.5,581,,625,610.5,642,631,768.5,699,744,653.5,641,,,610,618,697,592.5,,,613.5,583,601,635,645,633,574,574,638,640,577,671,631,596,599,601,605,620,620,610,614,590,602,598,600,615
2021-06-08,578,599.5,573,765,568,,625,610,642,641,781.5,699,744,650.5,632,,,608,612,697,589.5,,,633.5,578,589.5,633,643,631,572,572,636,638,575,658,618,583,586,588,603,618,618,608,612,588,600,596,598,613
2021-06-07,580,598,577.5,763,570,,629,605.5,643,641,765.5,695,752,648,637,,,610,615,697,593.5,,,633.5,583,597.5,635,645,633,574,574,638,640,577,660,620,585,588,590,605,620,620,610,614,590,602,598,600,615
2021-06-04,577.5,606.5,565,763,571,,629,608,633,649,765.5,691,743,648,631,,,604,613,688,597.5,,,628.5,581.5,595,632.5,642.5,630.5,571.5,571.5,635.5,637.5,574.5,661,621,586,589,591,602.5,617.5,617.5,607.5,611.5,587.5,599.5,595.5,597.5,612.5
2021-06-03,578.5,606,567.5,763,569,,629,602,633,647,776.5,691,743,648,631,,,603,613,688,595.5,,,598.5,576,593.5,633.5,643.5,631.5,572.5,572.5,636.5,638.5,575.5,659,619,584,587,589,603.5,618.5,618.5,608.5,612.5,588.5,600.5,596.5,598.5,613.5
2021-06-02,572.5,596,555,756,571,,621,597,632,641,763.5,685,740,642,625,,,593,606,687,597.5,,,588.5,572,592.5,627.5,637.5,625.5,566.5,566.5,630.5,632.5,569.5,661,621,586,589,591,597.5,612.5,612.5,602.5,606.5,582.5,594.5,590.5,592.5,607.5
2021-06-01,577,592.5,552.5,741.5,571.5,541,614.5,584.5,633,641,781.5,677,734,642,621,,,589,604,674,592.5,,,581.5,572,593,632,642,630,571,571,635,637,574,661.5,621.5,586.5,589.5,591.5,602,617,617,607,611,587,599,595,597,612
2021-05-31,563,588.5,545,736,558,544,613,590,620,636,763.5,677,725,629,621,,,591,596,673,589.5,,,584.5,566,576,618,628,616,557,557,621,623,560,648,608,573,576,578,588,603,603,593,597,573,585,581,583,598
2021-05-28,559,581.5,545,729,559.5,544,613,588,620,637,771.5,671,725,629,617,,,588,601,673,587.5,,,581.5,566,576,614,624,612,553,553,617,619,556,649.5,609.5,574.5,577.5,579.5,584,599,599,589,593,569,581,577,579,594
2021-05-27,562,580.5,537.5,729,549.5,544,613,582,620,636,771.5,667,725,629,616,,,588,596,673,582.5,,,581.5,566,568,617,627,615,556,556,620,622,559,639.5,599.5,564.5,567.5,569.5,587,602,602,592,596,572,584,580,582,597
2021-05-26,562.5,580.5,517.5,739.5,549,544,613,581,620,636,713.5,667,725,627.5,614,,,586,596,673,582.5,,,581.5,564,567.5,617.5,627.5,615.5,556.5,556.5,620.5,622.5,559.5,639,599,564,567,569,587.5,602.5,602.5,592.5,596.5,572.5,584.5,580.5,582.5,597.5
2021-05-25,563,578.5,515,738,550,544,614,581.5,619,632,771.5,667,725,627.5,616,,,580,591,675,572.5,,,581.5,554.5,569,618,628,616,557,557,621,623,560,640,600,565,568,570,588,603,603,593,597,573,585,581,583,598
2021-05-24,557,579.5,510,738,548.5,544,610,579,615,627,756.5,668,711,627.5,609,,,575,587,635,567.5,,,581.5,554,561,612,622,610,551,551,615,617,554,638.5,598.5,563.5,566.5,568.5,582,597,597,587,591,567,579,575,577,592
2021-05-21,544,574.5,502,733.5,534,544,605,568,617,625,756.5,670,708,622.5,602,,,599,585,634,562.5,,,581.5,554,560,599,609,597,538,538,602,604,541,624,584,549,552,554,569,584,584,574,578,554,566,562,564,579
2021-05-20,554.5,573,512,736.5,538,544,605,577,617,632,756.5,671,708,622.5,602,,,581,595,634,571.5,,,581.5,554,559.5,609.5,619.5,607.5,548.5,548.5,612.5,614.5,551.5,628,588,553,556,558,579.5,594.5,594.5,584.5,588.5,564.5,576.5,572.5,574.5,589.5
2021-05-19,559,581,519,738,545.5,544,615,566,620,622,771.5,674,715,622.5,615,,,593,596,633,582.5,,,591.5,550.5,567.5,614,624,612,553,553,617,619,556,635.5,595.5,560.5,563.5,565.5,584,599,599,589,593,569,581,577,579,594
2021-05-18,571.5,588,519,739.5,559,558,635,599.5,655,648,771.5,672,735,632.5,617,,,584,609,692,582.5,,,576.5,558.5,579,626.5,636.5,624.5,565.5,565.5,629.5,631.5,568.5,649,609,574,577,579,596.5,611.5,611.5,601.5,605.5,581.5,593.5,589.5,591.5,606.5
2021-05-17,568,583,512,736.5,551.5,550,635,580,655,643,717.5,672,735,627,615,,,574,589,692,567.5,,,581.5,554.5,571.5,623,633,621,562,562,626,628,565,641.5,601.5,566.5,569.5,571.5,593,608,608,598,602,578,590,586,588,603
2021-05-14,555,578,522.5,731,546,538.5,635,595,655,643,715.5,671,735,603,615,,,574,589,692,567.5,,,581.5,553,570.5,610,620,608,549,549,613,615,552,636,596,561,564,566,580,595,595,585,589,565,577,573,575,590
2021-05-13,562.5,578,532.5,741,550.5,539.5,635,588.5,655,636,703.5,676,735,603,615,,,597,599,692,567.5,,,586.5,553,570.5,617.5,627.5,615.5,556.5,556.5,620.5,622.5,559.5,640.5,600.5,565.5,568.5,570.5,587.5,602.5,602.5,592.5,596.5,572.5,584.5,580.5,582.5,597.5
2021-05-12,563.5,578,527.5,738.5,553.5,550,621,586.5,640,636,703.5,676,730,612,607,,,593,601,670,567.5,,,586.5,553,570.5,618.5,628.5,616.5,557.5,557.5,621.5,623.5,560.5,643.5,603.5,568.5,571.5,573.5,588.5,603.5,603.5,593.5,597.5,573.5,585.5,581.5,583.5,598.5
2021-05-11,555,576,525,748.5,541,538.5,615,583,643,637,761.5,678,726,608,607,,,582,591,669,560.5,,,590,553,562,610,620,608,549,549,613,615,552,631,591,556,559,561,580,595,595,585,589,565,577,573,575,590
2021-05-10,565.5,573.5,520,758,550.5,547.5,599,581,641,632,703.5,678,725,608,609,,,587,601,664,572.5,,,590,550,574,620.5,630.5,618.5,559.5,559.5,623.5,625.5,562.5,640.5,600.5,565.5,568.5,570.5,590.5,605.5,605.5,595.5,599.5,575.5,587.5,583.5,585.5,600.5
2021-05-07,551,573.5,517.5,748,537,533,609,580.5,645,633,701.5,670,776,608,603,,,592,596,679,572.5,,,590,550,559.5,606,616,604,545,545,609,611,548,627,587,552,555,557,576,591,591,581,585,561,573,569,571,586
2021-05-06,555,575.5,525.5,753.5,542.5,544,609,578.5,645,630,761.5,659,776,612,616,,,599,596,679,577.5,,,580,550,565,610,620,608,549,549,613,615,552,632.5,592.5,557.5,560.5,562.5,580,595,595,585,589,565,577,573,575,590
2021-05-05,559.5,574,524,746.5,548,,609,575,645,625,698.5,652,722,610.5,616,,,581,599,679,575.5,,,580,549.5,578,614.5,624.5,612.5,553.5,553.5,617.5,619.5,556.5,638,598,563,566,568,584.5,599.5,599.5,589.5,593.5,569.5,581.5,577.5,579.5,594.5
2021-05-04,553,565,512.5,741.5,537.5,,602,577.5,618,622,756.5,657,703,600.5,603,,,574,591,660,548.5,,,580,534.5,562,608,618,606,547,547,611,613,550,627.5,587.5,552.5,555.5,557.5,578,593,593,583,587,563,575,571,573,588
2021-05-03,539.5,545,519,741.5,522,,622,582,623,613,696.5,657,688,600,595,,,547,551,628,548.5,,,580,533,556.5,594.5,604.5,592.5,533.5,533.5,597.5,599.5,536.5,612,572,537,540,542,564.5,579.5,579.5,569.5,573.5,549.5,561.5,557.5,559.5,574.5
2021-04-30,545.5,555,521.5,741.5,523,,580,569,614,601,756.5,673,684,590,605,,,571,586,650,548.5,,,580,536.5,556,600.5,610.5,598.5,539.5,539.5,603.5,605.5,542.5,613,573,538,541,543,570.5,585.5,585.5,575.5,579.5,555.5,567.5,563.5,565.5,580.5
2021-04-29,539,561,514,736,529,525,572,564.5,615,596.5,756.5,670,684,599,609.5,565,555,569,584,650,546.5,,645,578,536.5,561,594,604,592,533,533,597,599,536,619,579,544,547,549,564,579,579,569,573,549,561,557,559,574
2021-04-28,529,553.5,507,736,521,525,572,553.5,615,592.5,696.5,665,684,597,600.5,565,555,559,574,650,546.5,,645,578,528.5,552,584,594,582,523,523,587,589,526,611,571,536,539,541,554,569,569,559,563,539,551,547,549,564
2021-04-27,526.5,549.5,506.5,723.5,519,525,572,552.5,615,594.5,756.5,663,684,593,595.5,565,555,562,564,650,546.5,,645,569,520.5,547,581.5,591.5,579.5,520.5,520.5,584.5,586.5,523.5,609,569,534,537,539,551.5,566.5,566.5,556.5,560.5,536.5,548.5,544.5,546.5,561.5
2021-04-26,519.5,546.5,505.5,728,512,525,572,550.5,615,595.5,696.5,659,684,585.5,597,565,555,560.5,564,650,548.5,,645,569,525,537,574.5,584.5,572.5,513.5,513.5,577.5,579.5,516.5,602,562,527,530,532,544.5,559.5,559.5,549.5,553.5,529.5,541.5,537.5,539.5,554.5
2021-04-23,523.5,549.5,503.5,733,513,525,583,549.5,624,596,756.5,659,688,585.5,591,565,555,554.5,556.5,628,545.5,,645,569,525,535,578.5,588.5,576.5,517.5,517.5,581.5,583.5,520.5,603,563,528,531,533,548.5,563.5,563.5,553.5,557.5,533.5,545.5,541.5,543.5,558.5
2021-04-22,524,542.5,503,733,507,525,583,557.5,624,594,756.5,656,688,585.5,597,565,555,546.5,556.5,628,545.5,,645,594,525,534,579,589,577,518,518,582,584,521,597,557,522,525,527,549,564,564,554,558,534,546,542,544,559
2021-04-21,527.5,542.5,511,734,509.5,525,583,558.5,624,596,694.5,656,688,585.5,612,565,555,554.5,556.5,628,545.5,,645,596.5,519,541,582.5,592.5,580.5,521.5,521.5,585.5,587.5,524.5,599.5,559.5,524.5,527.5,529.5,552.5,567.5,567.5,557.5,561.5,537.5,549.5,545.5,547.5,562.5
2021-04-20,539.5,546.5,515.5,744,524,525,581,567.5,598,596,756.5,650,695,585.5,610,565,555,558,584,635,549.5,,645,596.5,528.5,549,594.5,604.5,592.5,533.5,533.5,597.5,599.5,536.5,614,574,539,542,544,564.5,579.5,579.5,569.5,573.5,549.5,561.5,557.5,559.5,574.5
2021-04-19,530.5,544,515.5,744,525.5,525,581,566.5,598,592,694.5,644,695,583,612,565,555,565,579,635,541.5,,645,591.5,532.5,542.5,585.5,595.5,583.5,524.5,524.5,588.5,590.5,527.5,615.5,575.5,540.5,543.5,545.5,555.5,570.5,570.5,560.5,564.5,540.5,552.5,548.5,550.5,565.5
2021-04-16,535.5,544,518.5,744,524.5,525,581,575.5,598,591,694.5,645,695,583,605,565,555,562,584,635,554.5,,645,591.5,532.5,548,590.5,600.5,588.5,529.5,529.5,593.5,595.5,532.5,614.5,574.5,539.5,542.5,544.5,560.5,575.5,575.5,565.5,569.5,545.5,557.5,553.5,555.5,570.5
2021-04-15,531,541,512.5,751,519,515,556,562,598,584,756.5,617,695,583,602,570,540,548,559,635,541,,635,585,522,534.5,586,596,584,525,525,589,591,528,609,569,534,537,539,556,571,571,561,565,541,553,549,551,566
2021-04-14,518,536,503.5,734,507.5,515,556,562,598,584,694.5,616,695,573.5,602,570,540,548,559,635,541,,635,585,513,528.5,573,583,571,512,512,576,578,515,597.5,557.5,522.5,525.5,527.5,543,558,558,548,552,528,540,536,538,553
2021-04-13,512,531,498.5,732,498.5,505,549,556,590.5,580,751.5,621,676,568,597.5,565,535,539.5,551.5,620,530,,630,585,505.5,523.5,567,577,565,506,506,570,572,509,588.5,548.5,513.5,516.5,518.5,537,552,552,542,546,522,534,530,532,547
2021-04-12,513.5,534.5,496,729,501.5,505,545,547.5,588.5,579,695.5,622,675,569,610,565,535,545,551,618,530,,630,585,503,523.5,568.5,578.5,566.5,507.5,507.5,571.5,573.5,510.5,591.5,551.5,516.5,519.5,521.5,538.5,553.5,553.5,543.5,547.5,523.5,535.5,531.5,533.5,548.5
2021-04-09,509.5,527,494,724.5,492,495,533.5,559,583.5,577,751.5,646,672,567,596.5,565,530,534.5,549,621,528.5,,630,585,499.5,516.5,564.5,574.5,562.5,503.5,503.5,567.5,569.5,506.5,582,542,507,510,512,534.5,549.5,549.5,539.5,543.5,519.5,531.5,527.5,529.5,544.5
2021-04-08,510,532,495,732,492,495,543.5,555.5,583.5,581,751.5,646,672,567,601.5,565,530,525,554,621,525,,645,582,499.5,516.5,565,575,563,504,504,568,570,507,582,542,507,510,512,535,550,550,540,544,520,532,528,530,545
2021-04-07,512,537,494,725.5,497,495,543.5,549,583.5,573,696.5,635,672,566,607,565,530,535,549,621,533,,645,582,502.5,517,567,577,565,506,506,570,572,509,587,547,512,515,517,537,552,552,542,546,522,534,530,532,547
2021-04-06,517,541.5,498,720,496.5,502,541.5,555,586.5,575.5,756.5,638,675,567.5,610,560,540,534,552,613,527.5,,630,582,507.5,515,572,582,570,511,511,575,577,514,586.5,546.5,511.5,514.5,516.5,542,557,557,547,551,527,539,535,537,552
2021-04-05,510,540.5,498,720,498.5,502,539.5,559.5,587.5,576.5,696.5,635,669,567.5,601.5,560,540,541.5,553,607,532.5,,630,582,509.5,521,565,575,563,504,504,568,570,507,588.5,548.5,513.5,516.5,518.5,535,550,550,540,544,520,532,528,530,545
2021-04-02,516.5,538,516,710,503,502,540.5,561,594.5,578.5,701.5,634,673,572.5,619,560,540,543,552.5,604,532.5,,630,582,509.5,521,571.5,581.5,569.5,510.5,510.5,574.5,576.5,513.5,593,553,518,521,523,541.5,556.5,556.5,546.5,550.5,526.5,538.5,534.5,536.5,551.5
2021-04-01,510,535,512,720,501.5,497,548.5,561.5,584.5,580,701.5,634,673,572.5,603.5,560,540,547,554.5,604,528,,630,582,509.5,521,565,575,563,504,504,568,570,507,591.5,551.5,516.5,519.5,521.5,535,550,550,540,544,520,532,528,530,545
2021-03-31,519,538.5,516,720,504,497,540.5,562,594.5,579,701.5,627,673,572.5,612.5,560,540,551.5,558,614,529,,630,582,502,512,574,584,572,513,513,577,579,516,594,554,519,522,524,544,559,559,549,553,529,541,537,539,554
2021-03-30,521.5,546,513.5,719.5,504.5,497,558.5,559,613.5,584,761.5,625,674,572.5,619,560,530,547.5,566.5,623,536.5,,630,574,502,512.5,576.5,586.5,574.5,515.5,515.5,579.5,581.5,518.5,594.5,554.5,519.5,522.5,524.5,546.5,561.5,561.5,551.5,555.5,531.5,543.5,539.5,541.5,556.5
2021-03-29,516.5,544.5,509,713.5,498,497,558.5,562,613.5,576,703.5,633,674,572,614,560,530,549.5,561.5,623,537.5,,630,589,498.5,511.5,571.5,581.5,569.5,510.5,510.5,574.5,576.5,513.5,588,548,513,516,518,541.5,556.5,556.5,546.5,550.5,526.5,538.5,534.5,536.5,551.5
2021-03-26,507.5,563,503.5,718,496,495,556,555.5,609.5,584,703.5,638,660,567,611,560,530,549,558,618,535.5,,630,582.5,500,520,562.5,572.5,560.5,501.5,501.5,565.5,567.5,504.5,586,546,511,514,516,532.5,547.5,547.5,537.5,541.5,517.5,529.5,525.5,527.5,542.5
2021-03-25,510,549,505.5,718,491.5,485,539,545,610.5,581.5,761.5,651,660,563,607,555,530,534,560,618,525,,630,586,500,512,565,575,563,504,504,568,570,507,581.5,541.5,506.5,509.5,511.5,535,550,550,540,544,520,532,528,530,545
2021-03-24,507.5,545,498,718,497.5,485,556,561.5,609.5,589.5,746.5,680,665,568,597,555,530,549,555,620,525,,630,586,508.5,520.5,562.5,572.5,560.5,501.5,501.5,565.5,567.5,504.5,587.5,547.5,512.5,515.5,517.5,532.5,547.5,547.5,537.5,541.5,517.5,529.5,525.5,527.5,542.5
2021-03-23,513.5,545.5,505,707,496.5,500,540.5,558,612.5,598,746.5,676,663,568,611.5,570,545,560.5,565.5,625,547.5,,640,594,516.5,521.5,568.5,578.5,566.5,507.5,507.5,571.5,573.5,510.5,586.5,546.5,511.5,514.5,516.5,538.5,553.5,553.5,543.5,547.5,523.5,535.5,531.5,533.5,548.5
2021-03-22,520,550,504,707,514,500,556,571.5,617,600,699.5,678,669,573.5,617,568,545,557.5,566.5,631,541.5,,642.5,595.5,521.5,530.5,575,585,573,514,514,578,580,517,604,564,529,532,534,545,560,560,550,554,530,542,538,540,555
2021-03-19,523.5,558,505.5,712.5,510.5,500,556.5,584,627.5,611,689.5,674,685,573.5,622,568,540,556,566.5,645,539.5,,642.5,590,526.5,522,578.5,588.5,576.5,517.5,517.5,581.5,583.5,520.5,600.5,560.5,525.5,528.5,530.5,548.5,563.5,563.5,553.5,557.5,533.5,545.5,541.5,543.5,558.5
2021-03-18,540.5,563,528,724.5,533,520,558.5,581.5,627.5,616,689.5,662,685,587.5,637.5,583,575,570,575.5,645,559.5,,653.5,587.5,530,547,595.5,605.5,593.5,534.5,534.5,598.5,600.5,537.5,623,583,548,551,553,565.5,580.5,580.5,570.5,574.5,550.5,562.5,558.5,560.5,575.5
2021-03-17,543.5,570.5,536,732.5,531.5,520,586.5,598,632.5,621.5,689.5,670,702,597.5,638,583,575,575.5,588,660,563.5,,653.5,592.5,541.5,547.5,598.5,608.5,596.5,537.5,537.5,601.5,603.5,540.5,621.5,581.5,546.5,549.5,551.5,568.5,583.5,583.5,573.5,577.5,553.5,565.5,561.5,563.5,578.5
2021-03-16,545.5,577.5,538,727.5,531,540,587.5,597,632,624,746.5,665,702,597.5,643.5,593,580,575,585.5,660,575,,623.5,591.5,541.5,552,600.5,610.5,598.5,539.5,539.5,603.5,605.5,542.5,621,581,546,549,551,570.5,585.5,585.5,575.5,579.5,555.5,567.5,563.5,565.5,580.5
2021-03-15,557.5,580.5,540.5,723,534,540,594.5,599.5,639,622,689.5,672,698,602.5,651.5,593,580,584,588.5,660,564,,623.5,591.5,550,559,612.5,622.5,610.5,551.5,551.5,615.5,617.5,554.5,624,584,549,552,554,582.5,597.5,597.5,587.5,591.5,567.5,579.5,575.5,577.5,592.5
2021-03-12,552,578.5,538.5,722.5,540,540,589,595.5,629,623,746.5,669,694,602.5,649,588,580,585,587,657,564,,623.5,591.5,546.5,556,607,617,605,546,546,610,612,549,630,590,555,558,560,577,592,592,582,586,562,574,570,572,587
2021-03-11,552.5,574.5,532,716.5,539,528,593,597,634,620.5,746.5,653,694,602.5,639,583,570,574.5,584,657,551,,633.5,588.5,532.5,555,607.5,617.5,605.5,546.5,546.5,610.5,612.5,549.5,629,589,554,557,559,577.5,592.5,592.5,582.5,586.5,562.5,574.5,570.5,572.5,587.5
2021-03-10,543,570,526,714,535,528,589,590.5,624,616,685.5,644,677,609,624,583,570,576.5,584,652,551,,633.5,590,540,553.5,598,608,596,537,537,601,603,540,625,585,550,553,555,568,583,583,573,577,553,565,561,563,578
2021-03-09,554,576.5,539.5,745,546.5,550,590.5,596,629.5,621.5,746.5,654,680,619,626,588,580,580,587,655,552,,628.5,592.5,540,553.5,609,619,607,548,548,612,614,551,636.5,596.5,561.5,564.5,566.5,579,594,594,584,588,564,576,572,574,589
2021-03-08,561,586,535.5,745,546.5,550,595.5,593,630.5,618,685.5,628,691,630,633,588,580,579.5,596.5,656,560,,628.5,592.5,553.5,559.5,616,626,614,555,555,619,621,558,636.5,596.5,561.5,564.5,566.5,586,601,601,591,595,571,583,579,581,596
2021-03-05,560.5,564,526.5,715.5,544,540,595.5,592,636,597,681.5,637,677,631.5,621,588,565,569.5,574.5,647,558,563,631.5,584,547,554,615.5,625.5,613.5,554.5,554.5,618.5,620.5,557.5,634,594,559,562,564,585.5,600.5,600.5,590.5,594.5,570.5,582.5,578.5,580.5,595.5
2021-03-04,534,552.5,518,709.5,519.5,525,581.5,583,626.5,597,671.5,623,677,594,608.5,560,550,556.5,571.5,647,545.5,563,630,582,526,531.5,589,599,587,528,528,592,594,531,609.5,569.5,534.5,537.5,539.5,559,574,574,564,568,544,556,552,554,569
2021-03-03,530,551.5,518,696.5,516,525,568.5,575,608.5,592,671.5,628,673,579,602,560,550,562,562.5,631,545.5,563,630,587,526,537,585,595,583,524,524,588,590,527,606,566,531,534,536,555,570,570,560,564,540,552,548,550,565
2021-03-02,526,554.5,523,694.5,512,535,566,574.5,606.5,592,711.5,639,675,579,610,575,565,564,558,630,552,563,635,584.5,526,535,581,591,579,520,520,584,586,523,602,562,527,530,532,551,566,566,556,560,536,548,544,546,561
2021-03-01,542.5,566,534,699,526.5,535,567,577.5,609.5,592,659.5,617,675,579,623,575,565,566.5,578,638,555,563,635,584.5,538.5,549.5,597.5,607.5,595.5,536.5,536.5,600.5,602.5,539.5,616.5,576.5,541.5,544.5,546.5,567.5,582.5,582.5,572.5,576.5,552.5,564.5,560.5,562.5,577.5
2021-02-26,545.5,570,532,703.5,528.5,540,570.5,584.5,610.5,596.5,641.5,632,684,579,623.5,580,565,563.5,575.5,640,549,563,635,581.5,548,547.5,600.5,610.5,598.5,539.5,539.5,603.5,605.5,542.5,618.5,578.5,543.5,546.5,548.5,570.5,585.5,585.5,575.5,579.5,555.5,567.5,563.5,565.5,580.5
2021-02-25,553,566,530.5,707,536,535,569.5,578.5,611.5,585.5,676.5,628,684,579,627.5,575,555,573,584.5,640,550,563,635,582.5,542,556.5,608,618,606,547,547,611,613,550,626,586,551,554,556,578,593,593,583,587,563,575,571,573,588
2021-02-24,542.5,558.5,521,695,526.5,535,570.5,575.5,570.5,588.5,621.5,625,685,574,610,575,555,566,576,635,538,563,635,572.5,531,547,597.5,607.5,595.5,536.5,536.5,600.5,602.5,539.5,616.5,576.5,541.5,544.5,546.5,567.5,582.5,582.5,572.5,576.5,552.5,564.5,560.5,562.5,577.5
2021-02-23,543,557,520.5,682.5,527,520,560.5,573.5,570,587,651.5,619,676,569,617,565,545,559.5,580,624,540,563,635,565,527.5,545.5,598,608,596,537,537,601,603,540,617,577,542,545,547,568,583,583,573,577,553,565,561,563,578
2021-02-22,526,552.5,514.5,672.5,514.5,520,555.5,566.5,569,585.5,593.5,631,676,571.5,595.5,565,545,556.5,567,618,532,563,635,565,527.5,535,581,591,579,520,520,584,586,523,604.5,564.5,529.5,532.5,534.5,551,566,566,556,560,536,548,544,546,561
2021-02-19,527.5,542,518,671.5,514,520,555,565,581,578,651.5,631,679,571.5,602.5,560,552,556,575,612,529.5,563,635,586.5,520,531,582.5,592.5,580.5,521.5,521.5,585.5,587.5,524.5,604,564,529,532,534,552.5,567.5,567.5,557.5,561.5,537.5,549.5,545.5,547.5,562.5
2021-02-18,531,547,525.5,672.5,521.5,510,549,559.5,568,572,651.5,560,679,571.5,599,560,535,552,575,612,524.5,563,610,567.5,520,539.5,586,596,584,525,525,589,591,528,611.5,571.5,536.5,539.5,541.5,556,571,571,561,565,541,553,549,551,566
2021-02-17,532,539.5,522,656,516,510,550,547,567,569.5,593.5,562,679,569,591,560,535,539,559,611,519.5,563,610,567.5,518,534.5,587,597,585,526,526,590,592,529,606,566,531,534,536,557,572,572,562,566,542,554,550,552,567
2021-02-16,524.5,539.5,503.5,654,509.5,510,549,543,566,566,591.5,562,680,564,583.5,560,535,544,557.5,610,519.5,562,610,571.5,513.5,525,579.5,589.5,577.5,518.5,518.5,582.5,584.5,521.5,599.5,559.5,524.5,527.5,529.5,549.5,564.5,564.5,554.5,558.5,534.5,546.5,542.5,544.5,559.5
2021-02-15,523,531,508.5,654,508,510,555,535.5,561,557,627.5,562,655,564,584,560,535,532,549.5,595,516.5,562,610,577.5,510,524,578,588,576,517,517,581,583,520,598,558,523,526,528,548,563,563,553,557,533,545,541,543,558
2021-02-12,514,533,498.5,654,498,495,545,529,551,551,627.5,562,655,556.5,581,550,525,532,535,595,505.5,563,600,573,504.5,513,569,579,567,508,508,572,574,511,588,548,513,516,518,539,554,554,544,548,524,536,532,534,549
2021-02-11,514.5,531.5,499,651,497,500,540,528,551,549.5,623.5,558,655,554,569.5,540,530,533,536,595,522,557,600,585,504,514,569.5,579.5,567.5,508.5,508.5,572.5,574.5,511.5,587,547,512,515,517,539.5,554.5,554.5,544.5,548.5,524.5,536.5,532.5,534.5,549.5
2021-02-10,515.5,535.5,493.5,651,498.5,500,540,527.5,551,543,625.5,557,655,552,572,540,530,529,545,595,505,555,600,561,505,515.5,570.5,580.5,568.5,509.5,509.5,573.5,575.5,512.5,588.5,548.5,513.5,516.5,518.5,540.5,555.5,555.5,545.5,549.5,525.5,537.5,533.5,535.5,550.5
2021-02-09,512.5,536.5,494.5,641.5,497,495,529,523.5,543.5,536,618.5,562,650,545.5,572,548.5,515,523,542,587,498,553,590,551,502.5,510.5,567.5,577.5,565.5,506.5,506.5,570.5,572.5,509.5,587,547,512,515,517,537.5,552.5,552.5,542.5,546.5,522.5,534.5,530.5,532.5,547.5
2021-02-08,502,532,484,637,487.5,495,527,519,540,536,619.5,532,650,545,563.5,528.5,515,512,535.5,587,498,536,590,551,480.5,502.5,557,567,555,496,496,560,562,499,577.5,537.5,502.5,505.5,507.5,527,542,542,532,536,512,524,520,522,537
2021-02-05,495,536,479.5,636.5,481,490,518,512.5,534.5,524,608.5,532,631,537,553,522,520,505,518.5,570,496.5,534,590,551,480.5,496,550,560,548,489,489,553,555,492,571,531,496,499,501,520,535,535,525,529,505,517,513,515,530
2021-02-04,491,527.5,474.5,637.5,478,475,515.5,509.5,525.5,521,608.5,536,631,527,555,524,500,501,520,570,489,522,580,551,479,490,546,556,544,485,485,549,551,488,568,528,493,496,498,516,531,531,521,525,501,513,509,511,526
2021-02-03,486.5,527,466,635.5,472,475,511.5,506,517,518,607.5,532,631,522,551,514,500,500.5,516,563,484,520,580,551,462.5,488.5,541.5,551.5,539.5,480.5,480.5,544.5,546.5,483.5,562,522,487,490,492,511.5,526.5,526.5,516.5,520.5,496.5,508.5,504.5,506.5,521.5
2021-02-02,477,524,459,626.5,467,450,505.5,496,509.5,508,593.5,526,607,518,543.5,498.5,485,491,514,547,476,517,555,552.5,460,483.5,532,542,530,471,471,535,537,474,557,517,482,485,487,502,517,517,507,511,487,499,495,497,512
2021-02-01,467,528,451.5,630.5,450,450,507.5,495,511,509,593.5,524,607,517,535,498.5,485,488.5,502,547,466,512,555,552.5,453.5,471,522,532,520,461,461,525,527,464,540,500,465,468,470,492,507,507,497,501,477,489,485,487,502
2021-01-29,462.5,526,450,623.5,453.5,450,502,487.5,544,499,578.5,528,607,517,523,506,485,487,500.5,536,473,523,546.5,547,454.5,471.5,517.5,527.5,515.5,456.5,456.5,520.5,522.5,459.5,543.5,503.5,468.5,471.5,473.5,487.5,502.5,502.5,492.5,496.5,472.5,484.5,480.5,482.5,497.5
2021-01-28,465,528.5,450.5,632.5,455,455,504,489,453.5,502,578.5,532,607,511,535,504.5,475,482.5,505.5,536,479,523,552.5,546,457,471.5,520,530,518,459,459,523,525,462,545,505,470,473,475,490,505,505,495,499,475,487,483,485,500
2021-01-27,466.5,525.5,448,630.5,456.5,455,501.5,490.5,508,504,583.5,532,603,513.5,532,504.5,475,479.5,500.5,536,464,529,552.5,556,456.5,468,521.5,531.5,519.5,460.5,460.5,524.5,526.5,463.5,546.5,506.5,471.5,474.5,476.5,491.5,506.5,506.5,496.5,500.5,476.5,488.5,484.5,486.5,501.5
2021-01-26,463.5,531.5,444.5,630,455,455,502.5,490,509.5,505,578.5,502,603,523.5,526.5,504.5,480,478,504,536,466,519,549.5,552,453.5,468.5,518.5,528.5,516.5,457.5,457.5,521.5,523.5,460.5,545,505,470,473,475,488.5,503.5,503.5,493.5,497.5,473.5,485.5,481.5,483.5,498.5
2021-01-25,467.5,528,444,629,450.5,455,501.5,490,508.5,502,583.5,509,602,523,525.5,504.5,480,485,504,537,466,519,549.5,552,454.5,469,522.5,532.5,520.5,461.5,461.5,525.5,527.5,464.5,540.5,500.5,465.5,468.5,470.5,492.5,507.5,507.5,497.5,501.5,477.5,489.5,485.5,487.5,502.5
2021-01-22,462,532.5,445,627,452.5,450,504,491,508,501,573.5,518,606,523,531,512,475,483,508,546,470,530,555.5,552,460.5,467,517,527,515,456,456,520,522,459,542.5,502.5,467.5,470.5,472.5,487,502,502,492,496,472,484,480,482,497
2021-01-21,469.5,524,450,624.5,461,462,502.5,491.5,508,502,571.5,520,606,517.5,534.5,528,490,494,515,546,477,530,555,530,462,477.5,524.5,534.5,522.5,463.5,463.5,527.5,529.5,466.5,551,511,476,479,481,494.5,509.5,509.5,499.5,503.5,479.5,491.5,487.5,489.5,504.5
2021-01-20,471,522.5,449,626.5,461.5,462,501.5,490.5,506.5,497,571.5,520,606,518.5,532,513,490,491.5,515,546,477,523,550,530,459,478,526,536,524,465,465,529,531,468,551.5,511.5,476.5,479.5,481.5,496,511,511,501,505,481,493,489,491,506
2021-01-19,465,518.5,448.5,632.5,456.5,457,498,487,503.5,492,582.5,525,602,518.5,531,513,490,491.5,509.5,544,474,530,536,525.5,459,476,520,530,518,459,459,523,525,462,546.5,506.5,471.5,474.5,476.5,490,505,505,495,499,475,487,483,485,500
2021-01-18,467,521,443.5,629.5,454,457,501.5,486,500.5,492.5,571.5,527,615,514,530.5,513,490,491.5,512,546,474,528,541,530.5,462,472.5,522,532,520,461,461,525,527,464,544,504,469,472,474,492,507,507,497,501,477,489,485,487,502
2021-01-15,465.5,524.5,450.5,628.5,458,465,501,486,502.5,494.5,582.5,523,615,517,534.5,513,490,491.5,512,546,474,528,546.5,530.5,463,484,520.5,530.5,518.5,459.5,459.5,523.5,525.5,462.5,548,508,473,476,478,490.5,505.5,505.5,495.5,499.5,475.5,487.5,483.5,485.5,500.5
2021-01-14,470,517,450.5,631.5,460.5,465,499.5,488.5,510.5,492,582.5,519,615,517,529,511,490,491.5,510.5,546,476,533,547.5,530.5,464.5,477.5,525,535,523,464,464,528,530,467,550.5,510.5,475.5,478.5,480.5,495,510,510,500,504,480,492,488,490,505
2021-01-13,468,515,450.5,622.5,461.5,465,498,487.5,508,496,582.5,506,615,506,527.5,506,490,491,509,546,471,521,545.5,515.5,461,479.5,523,533,521,462,462,526,528,465,551.5,511.5,476.5,479.5,481.5,493,508,508,498,502,478,490,486,488,503
2021-01-12,463.5,507,447.5,622,457.5,450,492,488.5,511,494,582.5,503,615,511.5,525.5,501.5,480,486,504,541,464,508,540.5,505.5,452,474,518.5,528.5,516.5,457.5,457.5,521.5,523.5,460.5,547.5,507.5,472.5,475.5,477.5,488.5,503.5,503.5,493.5,497.5,473.5,485.5,481.5,483.5,498.5
2021-01-11,457,496.5,445.5,619.5,448,450,489,485.5,513.5,494,582.5,514,610,489,515.5,501.5,480,478.5,498,538,459,503,540.5,500.5,449,462,512,522,510,451,451,515,517,454,538,498,463,466,468,482,497,497,487,491,467,479,475,477,492
2021-01-08,452,496,437,619,444,445,488,477,510.5,484.5,582.5,516,607,489,510.5,499.5,470,471.5,493,529,454,494,538.5,496.5,443.5,465,507,517,505,446,446,510,512,449,534,494,459,462,464,477,492,492,482,486,462,474,470,472,487
2021-01-07,448,496,430.5,624.5,440,435,482.5,480,511,492,582.5,518,607,489,510.5,501.5,470,469.5,494,529,452,494,520,500.5,441.5,459,503,513,501,442,442,506,508,445,530,490,455,458,460,473,488,488,478,482,458,470,466,468,483
2021-01-06,454,491,427,602,436.5,435,474,473.5,502.5,488,577.5,547,606,471.5,514,486.5,470,469.5,492,522,457,488,520,490.5,435,447,509,519,507,448,448,512,514,451,526.5,486.5,451.5,454.5,456.5,479,494,494,484,488,464,476,472,474,489
2021-01-05,440.5,482,418.5,590.5,432,435,472.5,472.5,502.5,481.5,577.5,532,606,471.5,487.5,486.5,465,459,487,522,447,488,520,490,437,445,495.5,505.5,493.5,434.5,434.5,498.5,500.5,437.5,522,482,447,450,452,465.5,480.5,480.5,470.5,474.5,450.5,462.5,458.5,460.5,475.5
2021-01-04,446.5,487.5,427,589,435,435,476,469.5,502,478.5,578.5,529,601,474,502.5,486.5,465,467,492,519,452,497,520,490,434.5,446.5,501.5,511.5,499.5,440.5,440.5,504.5,506.5,443.5,525,485,450,453,455,471.5,486.5,486.5,476.5,480.5,456.5,468.5,464.5,466.5,481.5
2021-01-01,442.5,482,413,599.5,453,440,477,479.5,502.5,484,578.5,529,590,474,506,470,460,458,488,522,444,495,520.5,491.5,434,460,497.5,507.5,495.5,436.5,436.5,500.5,502.5,439.5,543,503,468,471,473,467.5,482.5,482.5,472.5,476.5,452.5,464.5,460.5,462.5,477.5
2020-12-31,442.5,482,413,599.5,453,440,477,479.5,502.5,484,578.5,529,590,474,506,470,460,458,488,522,444,495,520.5,491.5,434,460,497.5,507.5,495.5,436.5,436.5,500.5,502.5,439.5,543,503,468,471,473,467.5,482.5,482.5,472.5,476.5,452.5,464.5,460.5,462.5,477.5
2020-12-30,442.5,480,412.5,599.5,434,440,473,469.5,502.5,474,577.5,529,590,474,486,477,460,462,488,522,444,489,523.5,494.5,433,444,497.5,507.5,495.5,436.5,436.5,500.5,502.5,439.5,524,484,449,452,454,467.5,482.5,482.5,472.5,476.5,452.5,464.5,460.5,462.5,477.5
2020-12-29,444,480,413.5,581.5,433,440,471.5,473.5,506,469.5,577.5,525,590,474,484.5,476,460,459,480,522,448,487,520.5,486.5,436,442.5,499,509,497,438,438,502,504,441,523,483,448,451,453,469,484,484,474,478,454,466,462,464,479
2020-12-28,442,479,424.5,581.5,432.5,440,476,469,502,468,578.5,513,574,475,479.5,476,460,461.5,481,519,434,487,518.5,481.5,435.5,438,497,507,495,436,436,500,502,439,522.5,482.5,447.5,450.5,452.5,467,482,482,472,476,452,464,460,462,477
2020-12-25,439,461.5,413.5,581.5,428,422,479.5,465.5,499,465,562.5,515,574,475,482.5,473,450,465,482.5,519,436.5,487,515.5,481.5,434,439.5,494,504,492,433,433,497,499,436,518,478,443,446,448,464,479,479,469,473,449,461,457,459,474
2020-12-24,439,461.5,413.5,581.5,428,422,479.5,465.5,499,465,562.5,515,574,475,482.5,473,450,465,482.5,519,436.5,487,515.5,481.5,434,439.5,494,504,492,433,433,497,499,436,518,478,443,446,448,464,479,479,469,473,449,461,457,459,474
2020-12-23,432,461.5,411,581.5,421,422,468.5,464.5,504,466,562.5,515,574,475,477.5,473,450,455,472.5,519,429.5,483,515.5,481.5,434,434,487,497,485,426,426,490,492,429,511,471,436,439,441,457,472,472,462,466,442,454,450,452,467
2020-12-22,427,462.5,416,582,423,420,469.5,464,509,465.5,562.5,515,572,475,467,469,445,457.5,470,513,422,501,512,482.5,436.5,436,482,492,480,421,421,485,487,424,513,473,438,441,443,452,467,467,457,461,437,449,445,447,462
2020-12-21,428,458.5,414,582,429,420,469,460,507,463,562.5,520,572,474.5,483,469,445,457.5,475,520,432,499,520,487.5,443.5,443,483,493,481,422,422,486,488,425,519,479,444,447,449,453,468,468,458,462,438,450,446,448,463
2020-12-18,436,457,409,580,434.5,435,473,459.5,509.5,464,562.5,522,576,472.5,489,466.5,460,464,484,530,444,498,520,487.5,436,440.5,491,501,489,430,430,494,496,433,524.5,484.5,449.5,452.5,454.5,461,476,476,466,470,446,458,454,456,471
2020-12-17,437.5,459,408.5,578,430,420,460,455,506.5,459,562.5,519,576,471.5,491.5,466.5,455,461,476,530,444,494,510,489.5,433,436.5,492.5,502.5,490.5,431.5,431.5,495.5,497.5,434.5,520,480,445,448,450,462.5,477.5,477.5,467.5,471.5,447.5,459.5,455.5,457.5,472.5
2020-12-16,431.5,449,412.5,578,423,420,457,452,503.5,460,559.5,520,576,468.5,481.5,456.5,455,459,476,530,439,487,515,484.5,430.5,435.5,486.5,496.5,484.5,425.5,425.5,489.5,491.5,428.5,513,473,438,441,443,456.5,471.5,471.5,461.5,465.5,441.5,453.5,449.5,451.5,466.5
2020-12-15,431,449,412,574,424,420,452.5,449.5,499,456,559.5,506,576,463.5,479.5,449.5,450,455.5,473.5,530,437,487,519.5,475,426.5,434,486,496,484,425,425,489,491,428,514,474,439,442,444,456,471,471,461,465,441,453,449,451,466
2020-12-14,429,450,401,568.5,422.5,420,448,447.5,496.5,455,554.5,505,573,469,483.5,459.5,450,451,469.5,529,437,483,499.5,484,417.5,431.5,484,494,482,423,423,487,489,426,512.5,472.5,437.5,440.5,442.5,454,469,469,459,463,439,451,447,449,464
2020-12-11,425.5,442.5,395.5,572.5,415.5,415,443.5,446.5,492.5,450,554.5,504,559,456,453,469,445,451,458.5,528,435,480,499.5,484,414,423.5,480.5,490.5,478.5,419.5,419.5,483.5,485.5,422.5,505.5,465.5,430.5,433.5,435.5,450.5,465.5,465.5,455.5,459.5,435.5,447.5,443.5,445.5,460.5
2020-12-10,415,436,395,568.5,413.5,410,440.5,443,490.5,447.5,554,501,559,470.5,474,469,440,444.5,457,528,410,475,499.5,483.5,410,420,470,480,468,409,409,473,475,412,503.5,463.5,428.5,431.5,433.5,440,455,455,445,449,425,437,433,435,450
2020-12-09,416,444,397.5,573,411.5,410,431.5,434.5,490,444,554,502.5,560,450.5,480.5,459,440,444,454.5,522,424,472,499.5,484.5,411.5,419.5,471,481,469,410,410,474,476,413,501.5,461.5,426.5,429.5,431.5,441,456,456,446,450,426,438,434,436,451
2020-12-08,412,430.5,395.5,556,403,405,431.5,435,487,442,547.5,502,560,449,475,458,435,439.5,454.5,522,428.5,472,513.5,488,406.5,415,467,477,465,406,406,470,472,409,493,453,418,421,423,437,452,452,442,446,422,434,430,432,447
2020-12-07,413,429.5,394.5,556,404,405,430,431.5,486,446.5,549,496,559,451,472.5,458,435,441,454.5,520,420.5,463,504.5,481,407.5,414,468,478,466,407,407,471,473,410,494,454,419,422,424,438,453,453,443,447,423,435,431,433,448
2020-12-04,422.5,424,396.5,558,405,405,427.5,427,485.5,447,545,497,544,451,485,456,440,448.5,456.5,524,424,468,504.5,481,402.5,416.5,477.5,487.5,475.5,416.5,416.5,480.5,482.5,419.5,495,455,420,423,425,447.5,462.5,462.5,452.5,456.5,432.5,444.5,440.5,442.5,457.5
2020-12-03,408,424.5,392,558,397,390,425.5,424.5,478.5,445,545,492,544,430,468.5,454.5,420,435.5,443.5,524,412,463,500.5,478.5,399.5,409.5,463,473,461,402,402,466,468,405,487,447,412,415,417,433,448,448,438,442,418,430,426,428,443
2020-12-02,403.5,421,390.5,558,396.5,390,422.5,420,468.5,438,539.5,487,544,467.5,463.5,453.5,420,428.5,443.5,509,412,458,490.5,480.5,395.5,402.5,458.5,468.5,456.5,397.5,397.5,461.5,463.5,400.5,486.5,446.5,411.5,414.5,416.5,428.5,443.5,443.5,433.5,437.5,413.5,425.5,421.5,423.5,438.5
2020-12-01,408,425.5,393.5,558,401.5,390,424.5,420,471.5,438,539.5,483,544,467.5,462,453,420,428,437.5,509,417,462,490.5,473,407.5,409.5,463,473,461,402,402,466,468,405,491.5,451.5,416.5,419.5,421.5,433,448,448,438,442,418,430,426,428,443
2020-11-30,401.5,426.5,389,558,399.5,390,421,418,466.5,437,539.5,482,552,482.5,462,414,420,425,444,508,397,436,490.5,473,409,407.5,456.5,466.5,454.5,395.5,395.5,459.5,461.5,398.5,489.5,449.5,414.5,417.5,419.5,426.5,441.5,441.5,431.5,435.5,411.5,423.5,419.5,421.5,436.5
2020-11-27,405.5,429,392,540.5,399,395,425.5,418.5,464,439,539.5,484,550,525.5,459,432.5,425,426.5,446.5,515,411,435,490.5,468,388,408,460.5,470.5,458.5,399.5,399.5,463.5,465.5,402.5,489,449,414,417,419,430.5,445.5,445.5,435.5,439.5,415.5,427.5,423.5,425.5,440.5
2020-11-26,407.5,428.5,394.5,540.5,402,395,423.5,417.5,460,431,539,483,550,525.5,465,432.5,425,427.5,446.5,515,413,435,487.5,468,383,412,462.5,472.5,460.5,401.5,401.5,465.5,467.5,404.5,492,452,417,420,422,432.5,447.5,447.5,437.5,441.5,417.5,429.5,425.5,427.5,442.5
2020-11-25,406.5,418.5,385.5,540.5,399.5,395,413.5,412.5,457,431,537.5,459,550,468,469,427.5,425,424.5,441.5,515,403,435,487.5,468,374,403,461.5,471.5,459.5,400.5,400.5,464.5,466.5,403.5,489.5,449.5,414.5,417.5,419.5,431.5,446.5,446.5,436.5,440.5,416.5,428.5,424.5,426.5,441.5
2020-11-24,395,408.5,376,530.5,383,365,412,409,454,424,541,460,550,468,467.5,421.5,400,407,430.5,515,384,442,487,466,360,393,450,460,448,389,389,453,455,392,473,433,398,401,403,420,435,435,425,429,405,417,413,415,430
2020-11-23,389.5,402.5,371,525.5,379.5,365,401.5,403.5,446,415,533.5,464,527,419.5,466,426.5,400,402,424.5,508,384,432,472,466,359,392,444.5,454.5,442.5,383.5,383.5,447.5,449.5,386.5,469.5,429.5,394.5,397.5,399.5,414.5,429.5,429.5,419.5,423.5,399.5,411.5,407.5,409.5,424.5
2020-11-20,386,394,367,520.5,368,360,395.5,402.5,443.5,410.5,533.5,464,518,400.5,462,422.5,395,398,417,500,376,431,460,470,357,378.5,441,451,439,380,380,444,446,383,458,418,383,386,388,411,426,426,416,420,396,408,404,406,421
2020-11-19,378.5,392,363,520.5,365.5,355,394.5,393.5,440.5,410,539,467,518,400.5,451.5,419.5,385,401.5,414.5,500,376,425,450,470,351,375,433.5,443.5,431.5,372.5,372.5,436.5,438.5,375.5,455.5,415.5,380.5,383.5,385.5,403.5,418.5,418.5,408.5,412.5,388.5,400.5,396.5,398.5,413.5
2020-11-18,378,392,364.5,520.5,365.5,355,393.5,395.5,447.5,409,539,459,510,399.5,457,419.5,385,394,415.5,520,371,420,450,470,344.5,373,433,443,431,372,372,436,438,375,455.5,415.5,380.5,383.5,385.5,403,418,418,408,412,388,400,396,398,413
2020-11-17,375,392,363,520.5,358,355,391.5,389.5,444,406,539,457,510,401,462,427,390,396.5,409.5,520,381,420,520,483.5,347,367.5,430,440,428,369,369,433,435,372,448,408,373,376,378,400,415,415,405,409,385,397,393,395,410
2020-11-16,376.5,392.5,356.5,520.5,362,355,386.5,393,438,411,531.5,453,509,407.5,461,424,390,395,409.5,521,368,417,455,483.5,346.5,369,431.5,441.5,429.5,370.5,370.5,434.5,436.5,373.5,452,412,377,380,382,401.5,416.5,416.5,406.5,410.5,386.5,398.5,394.5,396.5,411.5
2020-11-13,367.5,391,359,517,356.5,345,397.5,398,441,416,531.5,408,524,397.5,471.5,420.5,380,388,406,499,367,422,452,480.5,354.5,367,422.5,432.5,420.5,361.5,361.5,425.5,427.5,364.5,446.5,406.5,371.5,374.5,376.5,392.5,407.5,407.5,397.5,401.5,377.5,389.5,385.5,387.5,402.5
2020-11-12,375.5,389.5,362.5,525.5,369,365,405,394.5,432.5,413,539,459,524,387.5,455,427.5,400,396.5,413,499,378,426,450,465,356,374.5,430.5,440.5,428.5,369.5,369.5,433.5,435.5,372.5,459,419,384,387,389,400.5,415.5,415.5,405.5,409.5,385.5,397.5,393.5,395.5,410.5
2020-11-11,382.5,384.5,364,525.5,367,365,382,390,437.5,403,539,442,524,385,462,422.5,400,396.5,418,499,373,422,458,470,351,375.5,437.5,447.5,435.5,376.5,376.5,440.5,442.5,379.5,457,417,382,385,387,407.5,422.5,422.5,412.5,416.5,392.5,404.5,400.5,402.5,417.5
2020-11-10,360.5,370.5,352,512.5,358.5,325,376.5,372.5,421,376,539,449,499,380,468,401.5,360,383.5,392.5,480,356,419,442,469,339,365,415.5,425.5,413.5,354.5,354.5,418.5,420.5,357.5,448.5,408.5,373.5,376.5,378.5,385.5,400.5,400.5,390.5,394.5,370.5,382.5,378.5,380.5,395.5
2020-11-09,344.5,363,341,512.5,343.5,325,367.5,363,414.5,367.5,531.5,431,491,377.5,448,395.5,360,366,387.5,457,341,402,437,469,329,350.5,399.5,409.5,397.5,338.5,338.5,402.5,404.5,341.5,433.5,393.5,358.5,361.5,363.5,369.5,384.5,384.5,374.5,378.5,354.5,366.5,362.5,364.5,379.5
2020-11-06,345,356,339.5,512.5,331.5,320,375.5,364.5,417,369,535.5,429,491,357.5,447,393,355,358.5,378,457,336.5,404,455,469,328.5,342.5,400,410,398,339,339,403,405,342,421.5,381.5,346.5,349.5,351.5,370,385,385,375,379,355,367,363,365,380
2020-11-05,343,354,336.5,512.5,338,320,358,360.5,409,366,539,421,491,367.5,451.5,397.5,345,360.5,380,457,343,399,453,469,325,343.5,398,408,396,337,337,401,403,340,428,388,353,356,358,368,383,383,373,377,353,365,361,363,378
2020-11-04,340,349.5,333,512.5,334.5,320,356,357.5,409,371,535.5,421,491,367.5,447.5,395.5,345,345.5,375,457,338,394,458,469,322,341.5,395,405,393,334,334,398,400,337,424.5,384.5,349.5,352.5,354.5,365,380,380,370,374,350,362,358,360,375
2020-11-03,337.5,348.5,333,518.5,329,298,350.5,350.5,399,367,544,416,484,362.5,443.5,397.5,335,346,374.5,419,350,381,466,448,314.5,339,392.5,402.5,390.5,331.5,331.5,395.5,397.5,334.5,419,379,344,347,349,362.5,377.5,377.5,367.5,371.5,347.5,359.5,355.5,357.5,372.5
2020-11-02,318,342.5,315,508.5,308,298,351.5,348.5,399,366,541.5,416,481,361.5,429,386.5,335,343.5,368.5,419,315,395,460,458,316,323.5,373,383,371,312,312,376,378,315,398,358,323,326,328,343,358,358,348,352,328,340,336,338,353
2020-10-30,327,350.5,323,528.5,314,315,353.5,352.5,408.5,370.5,541.5,415,490,361.5,433.5,391.5,340,345,367.5,413,321,395,453,469,317,324.5,382,392,380,321,321,385,387,324,404,364,329,332,334,352,367,367,357,361,337,349,345,347,362
2020-10-29,329.5,350,330,538.5,315.5,320,353.5,357,404.5,372.5,544,418,490,363,436,403.5,355,349,378,413,328,398,455,470,323,326.5,384.5,394.5,382.5,323.5,323.5,387.5,389.5,326.5,405.5,365.5,330.5,333.5,335.5,354.5,369.5,369.5,359.5,363.5,339.5,351.5,347.5,349.5,364.5
2020-10-28,334.5,362,333,538.5,325.5,320,362,358.5,392,381,544,423.5,495,363.5,432.5,392.5,355,363.5,371,417,348,396,460,458,324.5,343.5,389.5,399.5,387.5,328.5,328.5,392.5,394.5,331.5,415.5,375.5,340.5,343.5,345.5,359.5,374.5,374.5,364.5,368.5,344.5,356.5,352.5,354.5,369.5
2020-10-27,338,366,332.5,543.5,327,313,361,365.5,405,376,544,424,495,368.5,443,407.5,355,357.5,379,417,345,396,465,470,326.5,342,393,403,391,332,332,396,398,335,417,377,342,345,347,363,378,378,368,372,348,360,356,358,373
2020-10-26,338,366,333.5,533.5,329,313,357,368.5,392,381,541.5,441,498,370,432.5,407.5,355,368.5,386,416,353,403,465,470,331,344.5,393,403,391,332,332,396,398,335,419,379,344,347,349,363,378,378,368,372,348,360,356,358,373
2020-10-23,344,373,336.5,538.5,338,335,361,369,392,379,541.5,443,498,375,435.5,418.5,370,375.5,396,416,344,404,474,475.5,332,351,399,409,397,338,338,402,404,341,428,388,353,356,358,369,384,384,374,378,354,366,362,364,379
2020-10-22,345,373.5,335.5,538.5,336,327,364,372,395.5,381,544,443,498,375,445.5,409.5,365,381,397,416,355.5,404,479,479.5,328.5,349.5,400,410,398,339,339,403,405,342,426,386,351,354,356,370,385,385,375,379,355,367,363,365,380
2020-10-21,345,376,341.5,538.5,337.5,327,366.5,371,387.5,383,544,449.5,498,373.5,442.5,415.5,365,378,395.5,408,357.5,408,474,470.5,331.5,350,400,410,398,339,339,403,405,342,427.5,387.5,352.5,355.5,357.5,370,385,385,375,379,355,367,363,365,380
2020-10-20,346.5,374,341,520,336.5,334,367,370.5,390,381.5,544,441,499,381,441,411.5,370,376,401,407,349,405,482.5,469.5,334.5,352.5,401.5,411.5,399.5,340.5,340.5,404.5,406.5,343.5,426.5,386.5,351.5,354.5,356.5,371.5,386.5,386.5,376.5,380.5,356.5,368.5,364.5,366.5,381.5
2020-10-19,351,376.5,344.5,520,342.5,334,368.5,370,391.5,388,541.5,440,494,382.5,444,418.5,370,376,404.5,405,359,404,472.5,473.5,338,356,406,416,404,345,345,409,411,348,432.5,392.5,357.5,360.5,362.5,376,391,391,381,385,361,373,369,371,386
2020-10-16,351.5,379.5,347.5,510,342.5,335,369.5,372,393,390,541.5,440,500,382.5,439,414.5,375,376,404.5,405,361,410,477.5,473.5,335.5,356,406.5,416.5,404.5,345.5,345.5,409.5,411.5,348.5,432.5,392.5,357.5,360.5,362.5,376.5,391.5,391.5,381.5,385.5,361.5,373.5,369.5,371.5,386.5
2020-10-15,354,383.5,347.5,510,337,330,370,370,392,392.5,541.5,443,500,382.5,454.5,415.5,370,388.5,403.5,405,357,404,490.5,473.5,336,354.5,409,419,407,348,348,412,414,351,427,387,352,355,357,379,394,394,384,388,364,376,372,374,389
2020-10-14,347.5,377.5,346,545,335,330,366,374.5,391.5,386,506.5,442,495,383,454,415.5,370,379,393,404,357,403,473.5,473.5,335,353,402.5,412.5,400.5,341.5,341.5,405.5,407.5,344.5,425,385,350,353,355,372.5,387.5,387.5,377.5,381.5,357.5,369.5,365.5,367.5,382.5
2020-10-13,349,378.5,349.5,510,337,333,367.5,375.5,393,392,506.5,446,493,383,451,414.5,375,387,399.5,361,354,411,476.5,472,332,354,404,414,402,343,343,407,409,346,427,387,352,355,357,374,389,389,379,383,359,371,367,369,384
2020-10-12,346.5,380,352.5,505,344,333,368,374.5,391,385.5,548.5,446,503,381.5,452,417.5,375,383,402.5,361,359,410,473.5,472,338.5,351.5,401.5,411.5,399.5,340.5,340.5,404.5,406.5,343.5,434,394,359,362,364,371.5,386.5,386.5,376.5,380.5,356.5,368.5,364.5,366.5,381.5
2020-10-09,350,379,350.5,515,343,335,365.5,371.5,387.5,389.5,548.5,422,493,381.5,451,417.5,375,384,390.5,390,359,411,475,484.5,333.5,352,405,415,403,344,344,408,410,347,433,393,358,361,363,375,390,390,380,384,360,372,368,370,385
2020-10-08,349,380,344.5,515,338,335,358.5,369,388,383.5,550.5,423,493,381.5,439.5,404.5,375,376.5,396.5,390,358,406,474,489.5,324.5,351.5,404,414,402,343,343,407,409,346,428,388,353,356,358,374,389,389,379,383,359,371,367,369,384
2020-10-07,351.5,380.5,344.5,515,331,335,353,358,383,381.5,550.5,429,502,379,442,409.5,375,377.5,390.5,383,353,411,474,467.5,324.5,343,406.5,416.5,404.5,345.5,345.5,409.5,411.5,348.5,421,381,346,349,351,376.5,391.5,391.5,381.5,385.5,361.5,373.5,369.5,371.5,386.5
2020-10-06,342,378,340,529,327.5,318,349,343,381,368,550.5,422,480,379,429.5,415,365,365,378,370,349.5,407,468.5,467.5,321,336.5,397,407,395,336,336,400,402,339,417.5,377.5,342.5,345.5,347.5,367,382,382,372,376,352,364,360,362,377
2020-10-05,335.5,377,333.5,529,318,318,346,345,376,375,552.5,421,480,380.5,436.5,410,365,363,373,370,341.5,400,468.5,467.5,318,333,390.5,400.5,388.5,329.5,329.5,393.5,395.5,332.5,408,368,333,336,338,360.5,375.5,375.5,365.5,369.5,345.5,357.5,353.5,355.5,370.5
2020-10-02,341.5,380.5,332,539,312.5,312,355.5,347,386.5,381.5,550.5,421,495,352,434.5,405.5,355,357.5,368.5,393,339.5,401,468.5,452,322,332,396.5,406.5,394.5,335.5,335.5,399.5,401.5,338.5,402.5,362.5,327.5,330.5,332.5,366.5,381.5,381.5,371.5,375.5,351.5,363.5,359.5,361.5,376.5
2020-10-01,342.5,382,337,539,321,312,348.5,348.5,380.5,379.5,550.5,421,495,352,444.5,407.5,355,367.5,388.5,393,343.5,406,473.5,452,328,342,397.5,407.5,395.5,336.5,336.5,400.5,402.5,339.5,411,371,336,339,341,367.5,382.5,382.5,372.5,376.5,352.5,364.5,360.5,362.5,377.5
2020-09-30,339,379.5,333.5,539,322,312,350.5,350.5,383,380.5,558.5,420,495,357,437,414.5,355,368.5,373.5,393,344.5,405,468.5,457,325,336,394,404,392,333,333,397,399,336,412,372,337,340,342,364,379,379,369,373,349,361,357,359,374
2020-09-29,339,384,335.5,482,322,314,354.5,352,385.5,379.5,555.5,414,495,357,451.5,404.5,355,363.5,380.5,395,348,400,470.5,466,328,340,394,404,392,333,333,397,399,336,412,372,337,340,342,364,379,379,369,373,349,361,357,359,374
2020-09-28,339,382.5,332.5,584,320,314,354.5,351.5,386,376.5,558.5,415,485,359.5,446.5,405.5,355,366,373,394,346,398,470.5,466,328.5,338,394,404,392,333,333,397,399,336,410,370,335,338,340,364,379,379,369,373,349,361,357,359,374
2020-09-25,340.5,373,331.5,584,315,314,352,346,385,376,562.5,415,487,359.5,448,394.5,355,368,371,393,343,393,465.5,466,332.5,335,395.5,405.5,393.5,334.5,334.5,398.5,400.5,337.5,405,365,330,333,335,365.5,380.5,380.5,370.5,374.5,350.5,362.5,358.5,360.5,375.5
2020-09-24,335,380,330.5,584,315.5,314,347.5,350,383,373,570.5,417.5,487,359.5,436,393,355,362,373,393,339,400,465.5,456.5,340,334,390,400,388,329,329,393,395,332,405.5,365.5,330.5,333.5,335.5,360,375,375,365,369,345,357,353,355,370
2020-09-23,337.5,370,333.5,589,315.5,314,349.5,353,388,378,572.5,423.5,487,359.5,431,399,355,362,368,393,349,391,465.5,464.5,344.5,334,392.5,402.5,390.5,331.5,331.5,395.5,397.5,334.5,405.5,365.5,330.5,333.5,335.5,362.5,377.5,377.5,367.5,371.5,347.5,359.5,355.5,357.5,372.5
2020-09-22,341.5,369,334,570,317,324,350,356,385.5,386,576.5,423,487,359.5,426,395.5,365,360,364.5,393,339,391,463.5,453.5,344.5,334,396.5,406.5,394.5,335.5,335.5,399.5,401.5,338.5,407,367,332,335,337,366.5,381.5,381.5,371.5,375.5,351.5,363.5,359.5,361.5,376.5
2020-09-21,347,369.5,341.5,570,325,324,354,353,394.5,388,579.5,434,485,359.5,439.5,401.5,365,369,373.5,381,350,400,468.5,478.5,350.5,345.5,402,412,400,341,341,405,407,344,415,375,340,343,345,372,387,387,377,381,357,369,365,367,382
2020-09-18,353,367,343.5,580,329,328,351,347,390,382.5,588.5,436,485,369.5,433.5,402,365,371,376.5,381,351,402,471.5,467,349,345,408,418,406,347,347,411,413,350,419,379,344,347,349,378,393,393,383,387,363,375,371,373,388
2020-09-17,338.5,359,336.5,580,323.5,320,357.5,337,382.5,374.5,588.5,437,485,369.5,434,401,360,357,370.5,381,358,390,471.5,460.5,347.5,336,393.5,403.5,391.5,332.5,332.5,396.5,398.5,335.5,413.5,373.5,338.5,341.5,343.5,363.5,378.5,378.5,368.5,372.5,348.5,360.5,356.5,358.5,373.5
2020-09-16,342.5,365.5,333.5,585,320,320,342.5,333.5,380.5,374.5,588,435,485,369.5,424,394,360,367,370.5,381,346,383,471.5,465.5,342,331,397.5,407.5,395.5,336.5,336.5,400.5,402.5,339.5,410,370,335,338,340,367.5,382.5,382.5,372.5,376.5,352.5,364.5,360.5,362.5,377.5
2020-09-15,332,363.5,328.5,575,313.5,310,346,330.5,376.5,376,588,433,485,359.5,421.5,381,355,362.5,364.5,381,347,393,465,466.5,344,328.5,387,397,385,326,326,390,392,329,403.5,363.5,328.5,331.5,333.5,357,372,372,362,366,342,354,350,352,367
2020-09-14,330,366.5,328,575,312,310,347.5,333,374.5,376.5,589,434,488,369.5,420.5,393,355,365,373.5,381,347,395,469,466.5,344,329,385,395,383,324,324,388,390,327,402,362,327,330,332,355,370,370,360,364,340,352,348,350,365
2020-09-11,330,366.5,331,575,312,310,351,331.5,376.5,375,589,434,502,369.5,412,385,360,362,370.5,372,357.5,390,478,475,342,329,385,395,383,324,324,388,390,327,402,362,327,330,332,355,370,370,360,364,340,352,348,350,365
2020-09-10,338,364,336,575,318,310,348.5,330,378,374.5,589,460,502,369.5,422.5,386,360,365,374,372,355,401,478,475,342,333,393,403,391,332,332,396,398,335,408,368,333,336,338,363,378,378,368,372,348,360,356,358,373
2020-09-09,336.5,362.5,335,535,314.5,310,358,335,382,386,593,455,509,369.5,408,394,360,353.5,372,381,350,402,478,475,339,331.5,391.5,401.5,389.5,330.5,330.5,394.5,396.5,333.5,404.5,364.5,329.5,332.5,334.5,361.5,376.5,376.5,366.5,370.5,346.5,358.5,354.5,356.5,371.5
2020-09-08,347,381,345.5,551,322.5,328,361.5,338.5,389.5,386,593,482,509,369.5,426,401,375,383,384.5,381,357,408,499,475.5,349,343.5,402,412,400,341,341,405,407,344,412.5,372.5,337.5,340.5,342.5,372,387,387,377,381,357,369,365,367,382
2020-09-07,353,391,353,561,338,328,371,349.5,399.5,398,593,482,521,384.5,444,410,375,392,396.5,419,365,410,495,460.5,347.5,346,408,418,406,347,347,411,413,350,428,388,353,356,358,378,393,393,383,387,363,375,371,373,388
2020-09-04,363,396.5,359,566,336.5,346.5,375.5,356,400.5,404,595,480,521,384.5,444,404,373.5,389,397.5,407.5,373.5,416,497,460.5,349.5,349,418,428,416,357,357,421,423,360,426.5,386.5,351.5,354.5,356.5,388,403,403,393,397,373,385,381,383,398
2020-09-03,369,406,360.5,566,344.5,366.5,385.5,367,409,407,595,475,521,384.5,439.5,410,396.5,384,398.5,407.5,377.5,426,500,476,356.5,357,424,434,422,363,363,427,429,366,434.5,394.5,359.5,362.5,364.5,394,409,409,399,403,379,391,387,389,404
2020-09-02,378,419,368.5,566,362,366.5,387,375.5,414,409.5,595,511,524,404.5,449,415,396.5,388.5,410,411.5,381.5,431,492,476,358,377,433,443,431,372,372,436,438,375,452,412,377,380,382,403,418,418,408,412,388,400,396,398,413
2020-09-01,381.5,416.5,367,569,363.5,371.5,394,372.5,411.5,399,590,503,525,404.5,443.5,412,399.5,389,410,409.5,379.5,424,487,470,360.5,375.5,436.5,446.5,434.5,375.5,375.5,439.5,441.5,378.5,453.5,413.5,378.5,381.5,383.5,406.5,421.5,421.5,411.5,415.5,391.5,403.5,399.5,401.5,416.5
2020-08-31,382.5,425,371.5,564,374.5,371.5,391.5,367,407.5,400,590,493,525,413,454.5,409,399.5,395,412,409.5,389.5,424,496,470,360,373,437.5,447.5,435.5,376.5,376.5,440.5,442.5,379.5,464.5,424.5,389.5,392.5,394.5,407.5,422.5,422.5,412.5,416.5,392.5,404.5,400.5,402.5,417.5
2020-08-28,378.5,419.5,362.5,564,359,364.5,395.5,372.5,411.5,402,590,485.5,530,413,458.5,410.5,411.5,395.5,414.5,409.5,377,436,498,478,361.5,373,433.5,443.5,431.5,372.5,372.5,436.5,438.5,375.5,449,409,374,377,379,403.5,418.5,418.5,408.5,412.5,388.5,400.5,396.5,398.5,413.5
2020-08-27,385,426.5,368,569,368.5,376.5,399,368,406,402,597,486,530,405.5,453.5,409.5,411.5,394.5,413.5,409.5,381,438,485.5,484,366,384.5,440,450,438,379,379,443,445,382,458.5,418.5,383.5,386.5,388.5,410,425,425,415,419,395,407,403,405,420
2020-08-26,383.5,434,371.5,569,372,376.5,397,371.5,407,398.5,597,483,530,411.5,456,414.5,411.5,405,416,409.5,384,431,488.5,484,367,388.5,438.5,448.5,436.5,377.5,377.5,441.5,443.5,380.5,462,422,387,390,392,408.5,423.5,423.5,413.5,417.5,393.5,405.5,401.5,403.5,418.5
2020-08-25,381.5,435.5,371.5,430,372.5,371.5,393,371,406,398,597,483,530,408.5,455,415.5,401.5,400.5,418.5,409.5,389.5,431,491,468.5,361.5,383,436.5,446.5,434.5,375.5,375.5,439.5,441.5,378.5,462.5,422.5,387.5,390.5,392.5,406.5,421.5,421.5,411.5,415.5,391.5,403.5,399.5,401.5,416.5
2020-08-24,378.5,431.5,367,542,365.5,371.5,395.5,367.5,403,398,597,483,530,406.5,450.5,410.5,401.5,402,412.5,406.5,383,432,485,463.5,369,379,433.5,443.5,431.5,372.5,372.5,436.5,438.5,375.5,455.5,415.5,380.5,383.5,385.5,403.5,418.5,418.5,408.5,412.5,388.5,400.5,396.5,398.5,413.5
2020-08-21,379,425.5,360.5,577,367.5,372.5,395.5,372,406.5,400,590,479,525,403.5,454,414.5,406.5,411,414,403.5,387,437,484.5,463.5,366,382,434,444,432,373,373,437,439,376,457.5,417.5,382.5,385.5,387.5,404,419,419,409,413,389,401,397,399,414
2020-08-20,385,423.5,360,577,370.5,376.5,397,375.5,410,402,590,471,525,408.5,455,413,406.5,406.5,415,403.5,385,439,479,463.5,371,383,440,450,438,379,379,443,445,382,460.5,420.5,385.5,388.5,390.5,410,425,425,415,419,395,407,403,405,420
2020-08-19,389,425,365.5,577,367,376.5,394.5,374.5,408,398.5,590,473,525,409.5,458,419,406.5,411.5,420.5,403.5,388,439,489,463.5,369,387,444,454,442,383,383,447,449,386,457,417,382,385,387,414,429,429,419,423,399,411,407,409,424
2020-08-18,382,421,366,589.5,368,376.5,392.5,381,399,397,608,474,525,407.5,455.5,414.5,406.5,409.5,417.5,403.5,388,437,480.5,463.5,369,384,437,447,435,376,376,440,442,379,458,418,383,386,388,407,422,422,412,416,392,404,400,402,417
2020-08-17,384,422.5,366,569.5,389.5,376.5,393.5,373,408,399,586.5,479,533,408.5,455,416.5,406.5,406,422.5,409.5,386,437,482.5,463.5,368.5,385,439,449,437,378,378,442,444,381,479.5,439.5,404.5,407.5,409.5,409,424,424,414,418,394,406,402,404,419
2020-08-14,383,424,370,569.5,368.5,376.5,395,378,409,400,603.5,480,533,399.5,458.5,419.5,406.5,408,426.5,409.5,386,438,482.5,458,365.5,385.5,438,448,436,377,377,441,443,380,458.5,418.5,383.5,386.5,388.5,408,423,423,413,417,393,405,401,403,418
2020-08-13,389,429.5,374.5,569.5,369.5,376.5,393.5,375,413.5,402.5,603.5,474,533,399.5,459,419.5,406.5,414.5,425.5,409.5,388.5,433,482,458,365.5,385.5,444,454,442,383,383,447,449,386,459.5,419.5,384.5,387.5,389.5,414,429,429,419,423,399,411,407,409,424
2020-08-12,386.5,429.5,371.5,569.5,368.5,376.5,395,371.5,415.5,402,582.5,468,533,399.5,461,418.5,406.5,410.5,425.5,409.5,388.5,441,482,457,363,382,441.5,451.5,439.5,380.5,380.5,444.5,446.5,383.5,458.5,418.5,383.5,386.5,388.5,411.5,426.5,426.5,416.5,420.5,396.5,408.5,404.5,406.5,421.5
2020-08-11,387,433.5,376.5,579,373,376.5,414.5,375.5,412,400.5,578.5,471,532,394.5,462,413.5,411.5,404.5,418.5,416.5,420.5,428,477.5,459,364.5,383.5,442,452,440,381,381,445,447,384,463,423,388,391,393,412,427,427,417,421,397,409,405,407,422
2020-08-10,382,433.5,351,579,371.5,376.5,369.5,372.5,411,405.5,562.5,469,532,394.5,459,408.5,411.5,407.5,418.5,416.5,339.5,438,482.5,454,372.5,384,437,447,435,376,376,440,442,379,461.5,421.5,386.5,389.5,391.5,407,422,422,412,416,392,404,400,402,417
2020-08-07,388,428,371.5,579,368.5,371.5,393,381.5,404.5,405.5,538.5,476.5,532,409.5,458,411.5,411.5,405,421.5,416.5,388.5,440,479.5,451.5,376,388,443,453,441,382,382,446,448,385,458.5,418.5,383.5,386.5,388.5,413,428,428,418,422,398,410,406,408,423
2020-08-06,391.5,426.5,370,579,373.5,386.5,390.5,381,412,404,538.5,481.5,532,409.5,454.5,414.5,401.5,411.5,424,416.5,383.5,443,479.5,451.5,370,373,446.5,456.5,444.5,385.5,385.5,449.5,451.5,388.5,463.5,423.5,388.5,391.5,393.5,416.5,431.5,431.5,421.5,425.5,401.5,413.5,409.5,411.5,426.5
2020-08-05,393.5,425.5,370,579,371,386.5,390.5,376.5,410,405,530.5,477.5,532,389.5,457,412.5,401.5,405.5,421.5,416.5,386.5,431,478,451.5,359.5,382,448.5,458.5,446.5,387.5,387.5,451.5,453.5,390.5,461,421,386,389,391,418.5,433.5,433.5,423.5,427.5,403.5,415.5,411.5,413.5,428.5
2020-08-04,378,421.5,370,617.5,362,366.5,379,372.5,409,387.5,530.5,479.5,537,389.5,467,424.5,396.5,405,408.5,408.5,375.5,428,475.5,449,357.5,377,433,443,431,372,372,436,438,375,452,412,377,380,382,403,418,418,408,412,388,400,396,398,413
2020-08-03,384,424.5,368.5,547.5,365,366.5,384,363,407,392.5,530.5,486,537,389.5,461,422.5,396.5,400,408.5,408.5,383.5,420,474,449,355,378.5,439,449,437,378,378,442,444,381,455,415,380,383,385,409,424,424,414,418,394,406,402,404,419
2020-07-31,390.5,425.5,368.5,547.5,363.5,377.5,385.5,368,409.5,395,530.5,488,537,389.5,451.5,413,396,402,412,408.5,388,431,476,449,362,375,445.5,455.5,443.5,384.5,384.5,448.5,450.5,387.5,453.5,413.5,378.5,381.5,383.5,415.5,430.5,430.5,420.5,424.5,400.5,412.5,408.5,410.5,425.5
2020-07-30,390.5,431,370.5,547.5,368,381.5,386,372,412,404,530.5,491,537,399.5,453,423,402,409,419.5,408.5,388.5,439,476,453.5,366.5,385,445.5,455.5,443.5,384.5,384.5,448.5,450.5,387.5,458,418,383,386,388,415.5,430.5,430.5,420.5,424.5,400.5,412.5,408.5,410.5,425.5
2020-07-29,389,429.5,373.5,547.5,372,381.5,395.5,384,413,406,530.5,488,537,402,453.5,418,402,397,417,408.5,395.5,436,475,453.5,365,381.5,444,454,442,383,383,447,449,386,462,422,387,390,392,414,429,429,419,423,399,411,407,409,424
2020-07-28,388,432.5,377.5,522.5,370,376.5,394.5,380.5,412,406.5,530.5,487,540,402,454,409.5,402,402,416,405.5,395,436,475,441,364,382,443,453,441,382,382,446,448,385,460,420,385,388,390,413,428,428,418,422,398,410,406,408,423
2020-07-27,388.5,431,377,507.5,366,376.5,395,387.5,412,406.5,532.5,485,540,399.5,452.5,422.5,402,407.5,416,405.5,395,438,475,441,366.5,382,443.5,453.5,441.5,382.5,382.5,446.5,448.5,385.5,456,416,381,384,386,413.5,428.5,428.5,418.5,422.5,398.5,410.5,406.5,408.5,423.5
2020-07-24,393,433.5,374.5,507.5,369,376.5,396,387,413.5,410,532.5,489,535,399.5,457,420.5,397,403,420,399.5,387,437,476.5,437.5,367,377.5,448,458,446,387,387,451,453,390,459,419,384,387,389,418,433,433,423,427,403,415,411,413,428
2020-07-23,399.5,437,383.5,507.5,376.5,376.5,394,384,414,404,532.5,494,535,399.5,453,426.5,392,405,418,399.5,384,442,476,448.5,371,389,454.5,464.5,452.5,393.5,393.5,457.5,459.5,396.5,466.5,426.5,391.5,394.5,396.5,424.5,439.5,439.5,429.5,433.5,409.5,421.5,417.5,419.5,434.5
2020-07-22,393,434,381,522.5,371.5,376.5,389,379,408,405,531,484,535,397,451,428.5,392,400.5,424,396.5,389,440,476,443.5,364.5,386,448,458,446,387,387,451,453,390,461.5,421.5,386.5,389.5,391.5,418,433,433,423,427,403,415,411,413,428
2020-07-21,387.5,432,376,502.5,371.5,366.5,382.5,376,397.5,395,531,473,516,397,446,415,387,394.5,425.5,384,384,425,473.5,430.5,357,383,442.5,452.5,440.5,381.5,381.5,445.5,447.5,384.5,461.5,421.5,386.5,389.5,391.5,412.5,427.5,427.5,417.5,421.5,397.5,409.5,405.5,407.5,422.5
2020-07-20,382,429,369,502.5,359.5,366.5,380.5,364,401.5,395,531,474,516,397,445,415,387,391.5,410.5,384,383,430,473.5,430.5,358.5,372.5,437,447,435,376,376,440,442,379,449.5,409.5,374.5,377.5,379.5,407,422,422,412,416,392,404,400,402,417
2020-07-17,384,427,373.5,437.5,367,370.5,383,367.5,406.5,399,529,474,518,397,449.5,425.5,387,390.5,415.5,396,385.5,430,478.5,455.5,357,378.5,439,449,437,378,378,442,444,381,457,417,382,385,387,409,424,424,414,418,394,406,402,404,419
2020-07-16,383.5,427,372,437.5,364.5,366.5,386.5,363,406.5,397,529,451,518,397,441,423.5,392,393.5,411.5,396,387,431,475,452.5,355,376.5,438.5,448.5,436.5,377.5,377.5,441.5,443.5,380.5,454.5,414.5,379.5,382.5,384.5,408.5,423.5,423.5,413.5,417.5,393.5,405.5,401.5,403.5,418.5
2020-07-15,384.5,429,368.5,502.5,362.5,366.5,386,366,406.5,399,529,446,518,397,433.5,417.5,392,390,408,396,383,428,473.5,452.5,354.5,371,439.5,449.5,437.5,378.5,378.5,442.5,444.5,381.5,452.5,412.5,377.5,380.5,382.5,409.5,424.5,424.5,414.5,418.5,394.5,406.5,402.5,404.5,419.5
2020-07-14,382,422,364,557.5,360.5,371.5,385,370.5,406,398,529,451.5,524,397,436.5,425.5,397,396,410.5,401,389,428,475,455,352,371,437,447,435,376,376,440,442,379,450.5,410.5,375.5,378.5,380.5,407,422,422,412,416,392,404,400,402,417
2020-07-13,384.5,428,366,502.5,359,371.5,385,370,406,400.5,529,452,524,402,441.5,429.5,397,396.5,413,401,379,429,477.5,450,363,374,439.5,449.5,437.5,378.5,378.5,442.5,444.5,381.5,449,409,374,377,379,409.5,424.5,424.5,414.5,418.5,394.5,406.5,402.5,404.5,419.5
2020-07-10,380.5,414,367,502.5,355,366.5,381,378,399.5,395.5,529,455,532,402,437.5,423,387,397.5,412,406,374,435,477.5,458.5,363.5,372,435.5,445.5,433.5,374.5,374.5,438.5,440.5,377.5,445,405,370,373,375,405.5,420.5,420.5,410.5,414.5,390.5,402.5,398.5,400.5,415.5
2020-07-09,382.5,422.5,370,502.5,364,371.5,384.5,373.5,407.5,399,529,451,532,402,444.5,451,392,398.5,417,406,385,432,497,455,367,375.5,437.5,447.5,435.5,376.5,376.5,440.5,442.5,379.5,454,414,379,382,384,407.5,422.5,422.5,412.5,416.5,392.5,404.5,400.5,402.5,417.5
2020-07-08,382.5,430.5,373,502.5,363.5,371.5,382.5,373,390,398,529,453,532,367,442,401,392,400.5,416.5,406,383,442,447.5,463,363,375.5,437.5,447.5,435.5,376.5,376.5,440.5,442.5,379.5,453.5,413.5,378.5,381.5,383.5,407.5,422.5,422.5,412.5,416.5,392.5,404.5,400.5,402.5,417.5
2020-07-07,383,424,372,501,362,376.5,377.5,366.5,402,395.5,529,454,529,367,438.5,426.5,402,403.5,417,399,390,429,485.5,472.5,363,375,438,448,436,377,377,441,443,380,452,412,377,380,382,408,423,423,413,417,393,405,401,403,418
2020-07-06,387.5,425,377,494,365.5,376.5,373,364.5,397,384.5,529,452,530,367,442,418.5,402,395.5,419,397,384,429,479,462.5,359,381,442.5,452.5,440.5,381.5,381.5,445.5,447.5,384.5,455.5,415.5,380.5,383.5,385.5,412.5,427.5,427.5,417.5,421.5,397.5,409.5,405.5,407.5,422.5
2020-07-03,379.5,432.5,373.5,494,351,366.5,364.5,353.5,388,389,529,455,524,352,429.5,420,397,391,410,391,379,405,475.5,462.5,350.5,367,434.5,444.5,432.5,373.5,373.5,437.5,439.5,376.5,441,401,366,369,371,404.5,419.5,419.5,409.5,413.5,389.5,401.5,397.5,399.5,414.5
2020-07-02,383.5,427,369,501,354,361.5,357.5,346.5,395.5,384,529,430,524,352,427.5,409,392,389.5,406,391,389,403,473,445.5,350,363,438.5,448.5,436.5,377.5,377.5,441.5,443.5,380.5,444,404,369,372,374,408.5,423.5,423.5,413.5,417.5,393.5,405.5,401.5,403.5,418.5
2020-07-01,380.5,424,372,501,350.5,361.5,350.5,345.5,390,386,529,421,524,352,427.5,405,392,385.5,394,391,370,416,477,450.5,344,360,435.5,445.5,433.5,374.5,374.5,438.5,440.5,377.5,440.5,400.5,365.5,368.5,370.5,405.5,420.5,420.5,410.5,414.5,390.5,402.5,398.5,400.5,415.5
2020-06-30,368,418.5,365,496,340.5,341.5,352.5,353.5,390.5,384,529,423,524,352,418,402,387,378,391,391,367.5,407,480.5,453,338,356,423,433,421,362,362,426,428,365,430.5,390.5,355.5,358.5,360.5,393,408,408,398,402,378,390,386,388,403
2020-06-29,361,417.5,355,496,333.5,341.5,368.5,354.5,395.5,396,529,422,524,352,419,414,387,387,386,391,369.5,408,478,453,326.5,352.5,416,426,414,355,355,419,421,358,423.5,383.5,348.5,351.5,353.5,386,401,401,391,395,371,383,379,381,396
2020-06-26,370,413.5,355,491,339,351.5,367,352,397,395,529,431,524,352,421,421,387,379.5,389,391,374,381,484.5,447.5,341.5,360,425,435,423,364,364,428,430,367,429,389,354,357,359,395,410,410,400,404,380,392,388,390,405
2020-06-25,361.5,411,347,491,337,351.5,360,351.5,402,397.5,539,437,524,372,438.5,421,387,370.5,375.5,391,371,421,489,447.5,347,357,416.5,426.5,414.5,355.5,355.5,419.5,421.5,358.5,427,387,352,355,357,386.5,401.5,401.5,391.5,395.5,371.5,383.5,379.5,381.5,396.5
2020-06-24,375,418,356,486,356,351.5,377.5,354.5,397.5,404,539,443,524,372,446,413,387,393,393,391,378,427,502,447.5,359.5,371,430,440,428,369,369,433,435,372,446,406,371,374,376,400,415,415,405,409,385,397,393,395,410
2020-06-23,376.5,414,345.5,484,361.5,361.5,373.5,358,398,404,585,439,524,372,446,412,387,391.5,397,391,388,426,505,444.5,358.5,374,431.5,441.5,429.5,370.5,370.5,434.5,436.5,373.5,451.5,411.5,376.5,379.5,381.5,401.5,416.5,416.5,406.5,410.5,386.5,398.5,394.5,396.5,411.5
2020-06-22,372.5,401,344,484,356,361.5,367,356,398,396,585,430,524,357,439.5,418,387,391.5,396,390,371,417,494.5,434.5,352,370.5,427.5,437.5,425.5,366.5,366.5,430.5,432.5,369.5,446,406,371,374,376,397.5,412.5,412.5,402.5,406.5,382.5,394.5,390.5,392.5,407.5
2020-06-19,373.5,395,342,489,359,364.5,354.5,348.5,385.5,385.5,585,430,510,357,427,411,387,380,395.5,389,360.5,412,491.5,457.5,341,369,428.5,438.5,426.5,367.5,367.5,431.5,433.5,370.5,449,409,374,377,379,398.5,413.5,413.5,403.5,407.5,383.5,395.5,391.5,393.5,408.5
2020-06-18,367,389,331.5,484,343,346.5,357,353,391.5,386,585,410,510,352,419.5,409,377,372.5,379.5,389,355.5,410,489.5,457.5,336,359,422,432,420,361,361,425,427,364,433,393,358,361,363,392,407,407,397,401,377,389,385,387,402
2020-06-17,368.5,391,335,489,347.5,346.5,355,346.5,378.5,380,585,418,507,357,421,404.5,377,365.5,375.5,389,350.5,396,483.5,457.5,321.5,359,423.5,433.5,421.5,362.5,362.5,426.5,428.5,365.5,437.5,397.5,362.5,365.5,367.5,393.5,408.5,408.5,398.5,402.5,378.5,390.5,386.5,388.5,403.5
2020-06-16,355,382,339,502.5,340,326.5,347.5,337,375.5,360,585,414,490,357,416,392.5,357,353.5,364,379,339,389,483.5,459,318.5,349.5,410,420,408,349,349,413,415,352,430,390,355,358,360,380,395,395,385,389,365,377,373,375,390
2020-06-15,342,368.5,329,502.5,320.5,326.5,344,328.5,373,366.5,585,425,487,347,404.5,397.5,357,353,357.5,376,345,387,483.5,459,309,333,397,407,395,336,336,400,402,339,410.5,370.5,335.5,338.5,340.5,367,382,382,372,376,352,364,360,362,377
2020-06-12,342,378,329,457.5,317,326.5,352.5,330,368,365,585,436,495,347,400.5,399,357,355.5,358.5,387,351,402,491.5,459,312.5,333.5,397,407,395,336,336,400,402,339,407,367,332,335,337,367,382,382,372,376,352,364,360,362,377
2020-06-11,351.5,379,338.5,457.5,336.5,341.5,350.5,329.5,370,373,580,435,495,362,407,400.5,357,363.5,366.5,387,355,397,498,456.5,332,344,406.5,416.5,404.5,345.5,345.5,409.5,411.5,348.5,426.5,386.5,351.5,354.5,356.5,376.5,391.5,391.5,381.5,385.5,361.5,373.5,369.5,371.5,386.5
2020-06-10,352.5,377.5,333.5,457.5,333.5,341.5,346,333,365,371,580,434,490,357,406,400.5,357,358.5,367.5,381,352,392,496.5,461.5,325.5,341.5,407.5,417.5,405.5,346.5,346.5,410.5,412.5,349.5,423.5,383.5,348.5,351.5,353.5,377.5,392.5,392.5,382.5,386.5,362.5,374.5,370.5,372.5,387.5
2020-06-09,346.5,364.5,329,454.5,329,346.5,331,330.5,377.5,351,580,432,495,357,397.5,383.5,347,356,372,357,354.5,400,494.5,464,329,345,401.5,411.5,399.5,340.5,340.5,404.5,406.5,343.5,419,379,344,347,349,371.5,386.5,386.5,376.5,380.5,356.5,368.5,364.5,366.5,381.5
2020-06-08,354,371,330,454.5,342.5,346.5,349.5,339,370.5,373,580,425,495,357,399.5,371.5,347,332.5,343,357,319.5,352,494,459,320,349,409,419,407,348,348,412,414,351,432.5,392.5,357.5,360.5,362.5,379,394,394,384,388,364,376,372,374,389
2020-06-05,332.5,343.5,319,454.5,322,316.5,324,328,357.5,353,575,420,470,337,382.5,371.5,347,328.5,341.5,341,319.5,352,485,459,297,338,387.5,397.5,385.5,326.5,326.5,390.5,392.5,329.5,412,372,337,340,342,357.5,372.5,372.5,362.5,366.5,342.5,354.5,350.5,352.5,367.5
2020-06-04,324,345.5,316,454.5,313.5,316.5,325.5,321.5,361.5,349.5,575,425,470,337,376,372.5,347,329,324.5,341,320.5,347,486.5,456,292.5,321,379,389,377,318,318,382,384,321,403.5,363.5,328.5,331.5,333.5,349,364,364,354,358,334,346,342,344,359
2020-06-03,328,344,320,454.5,314.5,316.5,327,313.5,366,347,575,409,480,337,379,377.5,347,327.5,344.5,367,325.5,347,482.5,456,296.5,329,383,393,381,322,322,386,388,325,404.5,364.5,329.5,332.5,334.5,353,368,368,358,362,338,350,346,348,363
2020-06-02,325,341.5,313.5,525,302.5,271.5,312.5,307,357.5,328.5,575,402,475,337,385,372,327,317.5,336.5,355,323,349,480,451,279,319,380,390,378,319,319,383,385,322,392.5,352.5,317.5,320.5,322.5,350,365,365,355,359,335,347,343,345,360
2020-06-01,317,328,310,440,293,271.5,300.5,302.5,347,324,575,398,444,337,382.5,363,327,320,327.5,348,316,345,483.5,443.5,281,310,372,382,370,311,311,375,377,314,383,343,308,311,313,342,357,357,347,351,327,339,335,337,352
2020-05-29,295,322,295.5,440,273.5,271.5,307,311,343,324.5,563,404,474,337,366.5,368.5,327,311.5,312.5,339,314,346,490.5,443.5,277,289,350,360,348,289,289,353,355,292,363.5,323.5,288.5,291.5,293.5,320,335,335,325,329,305,317,313,315,330
2020-05-28,298.5,322.5,290.5,440,282.5,291.5,323.5,304,334,330.5,563,406.5,474,337,374.5,371,337,307.5,321,339,320,341,489.5,439,278.5,302,353.5,363.5,351.5,292.5,292.5,356.5,358.5,295.5,372.5,332.5,297.5,300.5,302.5,323.5,338.5,338.5,328.5,332.5,308.5,320.5,316.5,318.5,333.5
2020-05-27,309,342.5,293,430,286,291.5,311.5,304,313,338,563,402,460,337,374.5,359,337,323,321,340,320,341,483,439,273,309.5,364,374,362,303,303,367,369,306,376,336,301,304,306,334,349,349,339,343,319,331,327,329,344
2020-05-26,307,343,296.5,421,292,286.5,315,306,331,335,563,374,460,337,372.5,380.5,332,320.5,331,340,320.5,348,484,435.5,271,314,362,372,360,301,301,365,367,304,382,342,307,310,312,332,347,347,337,341,317,329,325,327,342
2020-05-22,289,336,276,411,272,276.5,296,296,306,338.5,563,367,460,322,379,379.5,322,310,318,340,312,337,474,440.5,268.5,305.5,344,354,342,283,283,347,349,286,362,322,287,290,292,314,329,329,319,323,299,311,307,309,324
2020-05-21,300.5,307,283,411,286.5,286.5,306.5,294,306,331,563,362,460,312,381.5,365.5,312,304.5,332,340,325,338,460,443.5,268,309,355.5,365.5,353.5,294.5,294.5,358.5,360.5,297.5,376.5,336.5,301.5,304.5,306.5,325.5,340.5,340.5,330.5,334.5,310.5,322.5,318.5,320.5,335.5
2020-05-20,295.5,301,278,411,278.5,286.5,296,303.5,306,315.5,563,386,450,312,372.5,362.5,312,313.5,319.5,341,311,346,451.5,443.5,268,301,350.5,360.5,348.5,289.5,289.5,353.5,355.5,292.5,368.5,328.5,293.5,296.5,298.5,320.5,335.5,335.5,325.5,329.5,305.5,317.5,313.5,315.5,330.5
2020-05-19,295,298.5,274.5,395,283.5,276.5,290,282.5,303,308.5,563,360,455,312,368,362,312,313.5,329.5,305,334.5,315,443,430,256,302,350,360,348,289,289,353,355,292,373.5,333.5,298.5,301.5,303.5,320,335,335,325,329,305,317,313,315,330
2020-05-18,280,288.5,268.5,385,269.5,276.5,288,267,291,292.5,563,334,425,312,357,354,312,298.5,310,305,287.5,288,437.5,430,250,292.5,335,345,333,274,274,338,340,277,359.5,319.5,284.5,287.5,289.5,305,320,320,310,314,290,302,298,300,315
2020-05-15,262.5,279.5,254,385,259,261.5,271.5,252,269,288,563,329,415,291,331,299.5,292,260.5,299.5,275,273.5,290,426.5,427.5,250,264,317.5,327.5,315.5,256.5,256.5,320.5,322.5,259.5,349,309,274,277,279,287.5,302.5,302.5,292.5,296.5,272.5,284.5,280.5,282.5,297.5
2020-05-14,248.5,274.5,258,385,234,241.5,263.5,242,281,290.5,563,330,415,277,334.5,312.5,282,251,263.5,275,260.5,285,425,423,258.5,256.5,303.5,313.5,301.5,242.5,242.5,306.5,308.5,245.5,324,284,249,252,254,273.5,288.5,288.5,278.5,282.5,258.5,270.5,266.5,268.5,283.5
2020-05-13,243.5,269.5,253,385,232.5,241.5,268,239.5,253.5,289.5,563,337,415,277,330.5,345.5,282,255,269.5,275,264.5,289,423,433,244,250.5,298.5,308.5,296.5,237.5,237.5,301.5,303.5,240.5,322.5,282.5,247.5,250.5,252.5,268.5,283.5,283.5,273.5,277.5,253.5,265.5,261.5,263.5,278.5
2020-05-12,252.5,268,252,398,241.5,245,265,243,257,282,563,335,415,277,338.5,341.5,292,256.5,276.5,268,279,289,423.5,423,249.5,259,307.5,317.5,305.5,246.5,246.5,310.5,312.5,249.5,331.5,291.5,256.5,259.5,261.5,277.5,292.5,292.5,282.5,286.5,262.5,274.5,270.5,272.5,287.5
2020-05-11,259,267.5,246.5,408,243,245,266,240.5,247,283,563,337,415,287,353.5,347.5,292,254.5,275,265,279,266,430,423,243.5,258,314,324,312,253,253,317,319,256,333,293,258,261,263,284,299,299,289,293,269,281,277,279,294
2020-05-08,249,265.5,252,408,251,240,265,235.5,253,282.5,569,333,425,287,355,361.5,282,260.5,273,263,271,266,421,442,243.5,252,304,314,302,243,243,307,309,246,341,301,266,269,271,274,289,289,279,283,259,271,267,269,284
2020-05-07,257,271,246,399.5,240,250,262.5,238.5,267,280.5,569,342,425,287,349.5,337,282,249.5,284.5,263,268.5,255,415,442,241.5,249,312,322,310,251,251,315,317,254,330,290,255,258,260,282,297,297,287,291,267,279,275,277,292
2020-05-06,260.5,269.5,252,434.5,247,250,243,228,249.5,269.5,569,350,425,272,354,330,282,263,280.5,261,263,278,418,442,245.5,262,315.5,325.5,313.5,254.5,254.5,318.5,320.5,257.5,337,297,262,265,267,285.5,300.5,300.5,290.5,294.5,270.5,282.5,278.5,280.5,295.5
2020-05-05,252.5,259.5,247.5,379.5,233.5,215,238,232,243,258,569,348,400,272,353,325.5,257,231.5,254,236,241.5,246,414,440.5,240.5,250,307.5,317.5,305.5,246.5,246.5,310.5,312.5,249.5,323.5,283.5,248.5,251.5,253.5,277.5,292.5,292.5,282.5,286.5,262.5,274.5,270.5,272.5,287.5
2020-05-04,236.5,251,229,379.5,218,215,237.5,229,246,248,569,354,410,232,340.5,325.5,257,232.5,234,237,254.5,250,427.5,440.5,236,237.5,291.5,301.5,289.5,230.5,230.5,294.5,296.5,233.5,308,268,233,236,238,261.5,276.5,276.5,266.5,270.5,246.5,258.5,254.5,256.5,271.5
2020-05-01,240.5,257,255,379.5,233,220,256.5,215,231,276.5,569,329,380,232,332,321,257,219,214.5,220,234,244,417,511,237,247.5,295.5,305.5,293.5,234.5,234.5,298.5,300.5,237.5,323,283,248,251,253,265.5,280.5,280.5,270.5,274.5,250.5,262.5,258.5,260.5,275.5
2020-04-30,240.5,248,220,379.5,226.5,195,218.5,210.5,238,233,569,329,380,232,351,305,257,232.5,241.5,220,244,244,427.5,407,237,234.5,295.5,305.5,293.5,234.5,234.5,298.5,300.5,237.5,316.5,276.5,241.5,244.5,246.5,265.5,280.5,280.5,270.5,274.5,250.5,262.5,258.5,260.5,275.5
2020-04-29,221.5,242,215,424.5,201,195,226.5,215,246,241.5,569,348,385,217,337,296,257,219,214.5,220,234,238,416.5,407,238,208,276.5,286.5,274.5,215.5,215.5,279.5,281.5,218.5,291,251,216,219,221,246.5,261.5,261.5,251.5,255.5,231.5,243.5,239.5,241.5,256.5
2020-04-28,207,241.5,211,379.5,182.5,190,236,211,250,256,569,343,385,227,334.5,249.5,257,211.5,213,220,231,257,413.5,407,239.5,207.5,262,272,260,201,201,265,267,204,272.5,232.5,197.5,200.5,202.5,232,247,247,237,241,217,229,225,227,242
2020-04-27,225.5,251,219,384.5,194.5,190,242,218,264.5,257,569,343,430,227,345,303.5,257,231.5,222,266,249,257,414.5,407,242.5,218,280.5,290.5,278.5,219.5,219.5,283.5,285.5,222.5,284.5,244.5,209.5,212.5,214.5,250.5,265.5,265.5,255.5,259.5,235.5,247.5,243.5,245.5,260.5
2020-04-24,232,260,232.5,429.5,211,195,251,222,239,260.5,569,388,425,287,372.5,298.5,232,227,227.5,281,240,240,410.5,407,246.5,228,287,297,285,226,226,290,292,229,301,261,226,229,231,257,272,272,262,266,242,254,250,252,267
2020-04-23,241,253.5,235,429.5,211,210,276.5,207,288,254.5,569,388,425,287,357.5,293.5,257,220.5,250.5,281,218,238,405,428,255.5,225,296,306,294,235,235,299,301,238,301,261,226,229,231,266,281,281,271,275,251,263,259,261,276
2020-04-22,219,257.5,230.5,424.5,200.5,210,281,224,312.5,269.5,569,394,455,277,355.5,308.5,257,228.5,258.5,210,263,277,408.5,428,260.5,214,274,284,272,213,213,277,279,216,290.5,250.5,215.5,218.5,220.5,244,259,259,249,253,229,241,237,239,254
2020-04-21,239.5,279.5,253.5,427.5,232.5,260,300.5,253.5,308,315,583,394,455,302,374,366.5,297,240.5,256,210,295,338,405,496.5,264.5,254,294.5,304.5,292.5,233.5,233.5,297.5,299.5,236.5,322.5,282.5,247.5,250.5,252.5,264.5,279.5,279.5,269.5,273.5,249.5,261.5,257.5,259.5,274.5
2020-04-20,266.5,299,267,427.5,261,260,303.5,258.5,318,314,583,409,481,312,387.5,284.5,297,301.5,295,311,293,338,420.5,406.5,280,256.5,321.5,331.5,319.5,260.5,260.5,324.5,326.5,263.5,351,311,276,279,281,291.5,306.5,306.5,296.5,300.5,276.5,288.5,284.5,286.5,301.5
2020-04-17,272.5,285,263,427.5,270.5,260,299,266.5,346,308.5,583,411,460,312,391,294.5,297,288,289,311,293,338,420.5,446.5,290,286.5,327.5,337.5,325.5,266.5,266.5,330.5,332.5,269.5,360.5,320.5,285.5,288.5,290.5,297.5,312.5,312.5,302.5,306.5,282.5,294.5,290.5,292.5,307.5
2020-04-16,261.5,296.5,269,427.5,259.5,251,311,273.5,317,328,583,409,460,312,412.5,356.5,297,312,300,311,308,338,415,421.5,280,277,316.5,326.5,314.5,255.5,255.5,319.5,321.5,258.5,349.5,309.5,274.5,277.5,279.5,286.5,301.5,301.5,291.5,295.5,271.5,283.5,279.5,281.5,296.5
2020-04-15,259,302.5,272.5,437.5,271,255,323,297,347.5,348.5,585,414,481,343.5,414.5,299.5,297,298,294,361,303,338,421,446.5,283,283.5,314,324,312,253,253,317,319,256,361,321,286,289,291,284,299,299,289,293,269,281,277,279,294
2020-04-14,270,307,284.5,457,287,285,328.5,298.5,356,347,585,436,485,343.5,422.5,331,321,307,298,376,318.5,338,430.5,433,281,296.5,325,335,323,264,264,328,330,267,377,337,302,305,307,295,310,310,300,304,280,292,288,290,305
2020-04-13,278.5,310,279.5,467,290.5,285,330,312,355.5,352.5,585,444,480,343.5,430.5,340.5,321,316.5,313.5,375,320.5,338,436.5,448,284.5,309.5,333.5,343.5,331.5,272.5,272.5,336.5,338.5,275.5,380.5,340.5,305.5,308.5,310.5,303.5,318.5,318.5,308.5,312.5,288.5,300.5,296.5,298.5,313.5
2020-04-09,283.5,326,291.5,467,296,295,345,313.5,359.5,374,585,433,489,349,438,337,322,303,321.5,376,322,460,442,454.5,267.5,310.5,338.5,348.5,336.5,277.5,277.5,341.5,343.5,280.5,386,346,311,314,316,308.5,323.5,323.5,313.5,317.5,293.5,305.5,301.5,303.5,318.5
2020-04-08,286,323.5,292,467,296.5,295,348,328.5,359.5,353,585,457,489,349,441,342,322,320,331.5,376,324,460,444,439.5,269,311.5,341,351,339,280,280,344,346,283,386.5,346.5,311.5,314.5,316.5,311,326,326,316,320,296,308,304,306,321
2020-04-07,284,330.5,296,470,306,318.5,349,332.5,378.5,340.5,585,456,491,367.5,446,364.5,332,323.5,332.5,391,325,460,449,438,266.5,319,339,349,337,278,278,342,344,281,396,356,321,324,326,309,324,324,314,318,294,306,302,304,319
2020-04-06,293,324,295,460,305,318.5,349,335,369,383.5,595,451.5,491,367.5,443.5,339.5,332,330.5,339.5,401,323,460,449.5,438,271.5,320.5,348,358,346,287,287,351,353,290,395,355,320,323,325,318,333,333,323,327,303,315,311,313,328
2020-04-03,283.5,320,281.5,460,299,308.5,322.5,319,357.5,358,595,455,475,367.5,438,331,332,318,334.5,368,316.5,460,458.5,438,252.5,313.5,338.5,348.5,336.5,277.5,277.5,341.5,343.5,280.5,389,349,314,317,319,308.5,323.5,323.5,313.5,317.5,293.5,305.5,301.5,303.5,318.5
2020-04-02,269.5,315,275,480,277.5,278.5,325.5,320,352,349,595,457,475,367.5,434.5,346,332,312,320,368,306,460,465,433.5,252.5,290,324.5,334.5,322.5,263.5,263.5,327.5,329.5,266.5,367.5,327.5,292.5,295.5,297.5,294.5,309.5,309.5,299.5,303.5,279.5,291.5,287.5,289.5,304.5
2020-04-01,278,320,275,480,280.5,278.5,341,316.5,364.5,359,595,460,480,367.5,444.5,351,332,314,327,381,311,460,476,448.5,256.5,302,333,343,331,272,272,336,338,275,370.5,330.5,295.5,298.5,300.5,303,318,318,308,312,288,300,296,298,313
2020-03-31,284.5,327,283,487.5,294.5,306,345,321,374,356,595,463,487,367.5,451.5,344,327.5,317,340,381,323.5,460,507,457,256.5,308.5,339.5,349.5,337.5,278.5,278.5,342.5,344.5,281.5,384.5,344.5,309.5,312.5,314.5,309.5,324.5,324.5,314.5,318.5,294.5,306.5,302.5,304.5,319.5
2020-03-30,285,329.5,284,487.5,298,306,343,327,366,359,595,468,495,367.5,454,354,327.5,324.5,339,380,321.5,460,511,457,258.5,310,340,350,338,279,279,343,345,282,388,348,313,316,318,310,325,325,315,319,295,307,303,305,320
2020-03-27,286,337,287.5,507.5,300,316,338,330,401,361,685,488,514,367.5,466,362,327.5,324,339.5,371,330,460,511.5,485.5,262.5,311,341,351,339,280,280,344,346,283,390,350,315,318,320,311,326,326,316,320,296,308,304,306,321
2020-03-26,291.5,336,289,507.5,301.5,271,330.5,332,384.5,362.5,685,474,514,367.5,450.5,367.5,355.5,352,346.5,371,338.5,460,517.5,469,273.5,323,346.5,356.5,344.5,285.5,285.5,349.5,351.5,288.5,391.5,351.5,316.5,319.5,321.5,316.5,331.5,331.5,321.5,325.5,301.5,313.5,309.5,311.5,326.5
2020-03-25,301,344.5,293,527.5,298,316,335,326,422.5,377.5,685,474,495,367.5,451,350.5,327.5,343.5,350.5,371,318,460,503.5,506.5,269.5,317,356,366,354,295,295,359,361,298,388,348,313,316,318,326,341,341,331,335,311,323,319,321,336
2020-03-24,304,340.5,294.5,463,300.5,306,337,323.5,411.5,349,705,473,490,344,450.5,360.5,327.5,338.5,347,368,307,460,511,459,274.5,313,359,369,357,298,298,362,364,301,390.5,350.5,315.5,318.5,320.5,329,344,344,334,338,314,326,322,324,339
2020-03-23,286.5,355.5,294.5,473,288.5,306,345,322.5,409.5,394,705,478,490,336.5,455.5,370.5,327.5,342.5,346,397,318,460,509.5,459,286,310.5,341.5,351.5,339.5,280.5,280.5,344.5,346.5,283.5,378.5,338.5,303.5,306.5,308.5,311.5,326.5,326.5,316.5,320.5,296.5,308.5,304.5,306.5,321.5
2020-03-20,325.5,362,313.5,478,312,326,362,331,416.5,363.5,744,468,515,353.5,475,363.5,347.5,334.5,359.5,397,310,460,501,568.5,290,317,380.5,390.5,378.5,319.5,319.5,383.5,385.5,322.5,402,362,327,330,332,350.5,365.5,365.5,355.5,359.5,335.5,347.5,343.5,345.5,360.5
2020-03-19,287.5,361,296,478,280,296,350.5,326.5,415,361,744,471,515,333.5,457.5,341,332.5,321.5,328.5,397,288,460,505,611.5,295,304,342.5,352.5,340.5,281.5,281.5,345.5,347.5,284.5,370,330,295,298,300,312.5,327.5,327.5,317.5,321.5,297.5,309.5,305.5,307.5,322.5
2020-03-18,302.5,372.5,306.5,573,295.5,296,360.5,349,424,388.5,744,507,540,377.5,472.5,375,332.5,339.5,338,405,323,460,498.5,611.5,298.5,310.5,357.5,367.5,355.5,296.5,296.5,360.5,362.5,299.5,385.5,345.5,310.5,313.5,315.5,327.5,342.5,342.5,332.5,336.5,312.5,324.5,320.5,322.5,337.5
2020-03-17,322,379.5,323.5,553,300,273,393,369.5,434,408.5,749,498,542,377.5,486,390.5,373.5,396.5,359.5,406,374,460,551.5,618.5,315.5,314.5,377,387,375,316,316,380,382,319,390,350,315,318,320,347,362,362,352,356,332,344,340,342,357
2020-03-16,331.5,383,340,553,313,316,416.5,367.5,445.5,425,749,517,575,392.5,499.5,414.5,402.5,389.5,385,446,384.5,460,559.5,618.5,332,328,386.5,396.5,384.5,325.5,325.5,389.5,391.5,328.5,403,363,328,331,333,356.5,371.5,371.5,361.5,365.5,341.5,353.5,349.5,351.5,366.5
2020-03-13,348.5,386,356.5,558,340,341.5,422,400.5,458.5,427,749,503,575,422.5,498,420,406.5,418.5,394,446,388,,567.5,618.5,375.5,344,403.5,413.5,401.5,342.5,342.5,406.5,408.5,345.5,430,390,355,358,360,373.5,388.5,388.5,378.5,382.5,358.5,370.5,366.5,368.5,383.5
2020-03-12,345,393.5,352,558,341.5,341.5,437,420.5,448.5,427,755,566,575,422.5,513,425,406.5,425.5,401,446,435,,586,618.5,371.5,354.5,400,410,398,339,339,403,405,342,431.5,391.5,356.5,359.5,361.5,370,385,385,375,379,355,367,363,365,380
2020-03-11,373.5,402,380,638,365,341.5,438,423,443.5,422,755,566,590,422.5,529.5,435,406.5,432,409.5,492,413,,605.5,618.5,388,378.5,428.5,438.5,426.5,367.5,367.5,431.5,433.5,370.5,455,415,380,383,385,398.5,413.5,413.5,403.5,407.5,383.5,395.5,391.5,393.5,408.5
2020-03-10,367.5,405,380,626,361,401.5,441,437,498,478,765,564,585,462.5,533.5,428,466.5,405,413.5,496,358.5,,608,630,398,375.5,422.5,432.5,420.5,361.5,361.5,425.5,427.5,364.5,451,411,376,379,381,392.5,407.5,407.5,397.5,401.5,377.5,389.5,385.5,387.5,402.5
2020-03-09,365,419.5,384.5,646,350.5,401.5,471,465,543,513,765,569,625,462.5,526,488,466.5,442.5,424.5,526,440.5,,643.5,630,450,386,420,430,418,359,359,423,425,362,440.5,400.5,365.5,368.5,370.5,390,405,405,395,399,375,387,383,385,400
2020-03-06,440,448,436,646,435,401.5,481,473.5,553.5,516.5,774,571,634,497.5,587.5,518,466.5,489.5,480,531,475.5,,695.5,640,446.5,461,495,505,493,434,434,498,500,437,525,485,450,453,455,465,480,480,470,474,450,462,458,460,475
2020-03-05,456,488,441.5,656,448,446.5,484,483.5,577.5,528,780,581,634,512.5,596,513,486.5,492,492.5,531,483,,693,640,453,472,511,521,509,450,450,514,516,453,538,498,463,466,468,481,496,496,486,490,466,478,474,476,491
2020-03-04,458,496,446,656,454,446.5,483,495,577.5,516,780,575,634,512.5,600,515,486.5,518,492.5,531,485,,701,640,461,478,513,523,511,452,452,516,518,455,544,504,469,472,474,483,498,498,488,492,468,480,476,478,493
2020-03-03,459.5,501,456,633,454.5,421.5,468,462,544,520.5,788,574.5,634,512.5,587,513,471.5,519,483,531,481,,701.5,607,464,478.5,514.5,524.5,512.5,453.5,453.5,517.5,519.5,456.5,544.5,504.5,469.5,472.5,474.5,484.5,499.5,499.5,489.5,493.5,469.5,481.5,477.5,479.5,494.5
2020-03-02,454.5,513.5,448.5,628,439.5,421.5,487,486.5,566.5,532.5,788,574,634,501,611,515,471.5,529,505.5,531,469,,717,622,471.5,455.5,509.5,519.5,507.5,448.5,448.5,512.5,514.5,451.5,529.5,489.5,454.5,457.5,459.5,479.5,494.5,494.5,484.5,488.5,464.5,476.5,472.5,474.5,489.5
2020-02-28,439,463.5,449,628.5,432,411.5,504,488,558,531,778.5,602,654,519,586.5,515,471.5,528.5,508,536,469,538,721,607,480.5,465,494,504,492,433,433,497,499,436,522,482,447,450,452,464,479,479,469,473,449,461,457,459,474
2020-02-27,441.5,505.5,465.5,631.5,437,441.5,516,513,568,542.5,786.5,613,654,530,599,521,516.5,534.5,525,536,496,539,738.5,609.5,475,473,496.5,506.5,494.5,435.5,435.5,499.5,501.5,438.5,527,487,452,455,457,466.5,481.5,481.5,471.5,475.5,451.5,463.5,459.5,461.5,476.5
2020-02-26,477,514,476,634,460.5,441.5,523.5,527,573,550,788.5,613,665,532,617.5,548,516.5,537,530,537,516,565,740.5,609.5,477,490,532,542,530,471,471,535,537,474,550.5,510.5,475.5,478.5,480.5,502,517,517,507,511,487,499,495,497,512
2020-02-25,493.5,548,494.5,625.5,480.5,466.5,530.5,534.5,598,554.5,786.5,613,680,539,632,553.5,521.5,552.5,533.5,551,521.5,581,738,620,484,500,548.5,558.5,546.5,487.5,487.5,551.5,553.5,490.5,570.5,530.5,495.5,498.5,500.5,518.5,533.5,533.5,523.5,527.5,503.5,515.5,511.5,513.5,528.5
2020-02-24,501,548,495.5,640.5,485.5,466.5,541,546,603.5,570.5,786.5,613,694,546,639.5,572.5,521.5,549,547.5,562,523.5,580,744.5,620,481.5,506.5,556,566,554,495,495,559,561,498,575.5,535.5,500.5,503.5,505.5,526,541,541,531,535,511,523,519,521,536
2020-02-21,513.5,548.5,507.5,650.5,496.5,476.5,543,552.5,609,578,789.5,613,703,556,653,585,541.5,552,555,560,534,584,744.5,633,487,519.5,568.5,578.5,566.5,507.5,507.5,571.5,573.5,510.5,586.5,546.5,511.5,514.5,516.5,538.5,553.5,553.5,543.5,547.5,523.5,535.5,531.5,533.5,548.5
2020-02-20,520,554.5,505,665.5,500.5,491.5,540.5,545.5,601,565.5,789.5,616,703,561.5,651.5,585.5,546.5,574,560,560,533,586,746,633,495.5,526.5,575,585,573,514,514,578,580,517,590.5,550.5,515.5,518.5,520.5,545,560,560,550,554,530,542,538,540,555
2020-02-19,520,559.5,512,665.5,496,491.5,541.5,544,600.5,569,789.5,619,701,560.5,648,569.5,546.5,561.5,555,559,528,576,748,633,496,520,575,585,573,514,514,578,580,517,586,546,511,514,516,545,560,560,550,554,530,542,538,540,555
2020-02-18,510.5,563.5,518.5,692.5,488.5,481.5,540,550,607,573.5,789.5,624.5,701,564.5,651,573.5,541.5,569.5,556,562,527.5,576,749,643.5,500,518,565.5,575.5,563.5,504.5,504.5,568.5,570.5,507.5,578.5,538.5,503.5,506.5,508.5,535.5,550.5,550.5,540.5,544.5,520.5,532.5,528.5,530.5,545.5
2020-02-14,523,569,517,693.5,496,481.5,535.5,546.5,618,573,789.5,620.5,690,565.5,651.5,588,531.5,561.5,565.5,571,533.5,593,760,650,508,520.5,578,588,576,517,517,581,583,520,586,546,511,514,516,548,563,563,553,557,533,545,541,543,558
2020-02-13,518.5,574.5,523,702.5,490.5,476.5,533.5,538.5,614.5,569.5,802.5,621,690,563,650.5,591.5,536.5,562.5,560.5,571,541,591,792,731.5,508,518,573.5,583.5,571.5,512.5,512.5,576.5,578.5,515.5,580.5,540.5,505.5,508.5,510.5,543.5,558.5,558.5,548.5,552.5,528.5,540.5,536.5,538.5,553.5
2020-02-12,524,566.5,518.5,681.5,486.5,476.5,531.5,536,612,565.5,802.5,624,687,565,647.5,592.5,536.5,553,562.5,568,526,601,789,731.5,510.5,514.5,579,589,577,518,518,582,584,521,576.5,536.5,501.5,504.5,506.5,549,564,564,554,558,534,546,542,544,559
2020-02-11,522.5,569.5,517.5,676.5,481,476.5,527.5,531.5,613,565,808.5,623,695,560,649,593,536.5,554,563.5,566,525,636,784.5,746.5,511.5,511.5,577.5,587.5,575.5,516.5,516.5,580.5,582.5,519.5,571,531,496,499,501,547.5,562.5,562.5,552.5,556.5,532.5,544.5,540.5,542.5,557.5
2020-02-10,526.5,575,529,685,483.5,476.5,532.5,534.5,615.5,568,798.5,625,704,549.5,650.5,597,536.5,567.5,568.5,580,528,639,788,746.5,510,514.5,581.5,591.5,579.5,520.5,520.5,584.5,586.5,523.5,573.5,533.5,498.5,501.5,503.5,551.5,566.5,566.5,556.5,560.5,536.5,548.5,544.5,546.5,561.5
2020-02-07,541,581.5,530,712,489,476.5,540.5,533,611,595,802,633,685,551.5,654,600.5,526.5,559.5,561.5,586,525.5,605,755.5,746.5,514.5,516,596,606,594,535,535,599,601,538,579,539,504,507,509,566,581,581,571,575,551,563,559,561,576
2020-02-06,548.5,583,532,759,491,471.5,534,527.5,608.5,592.5,799,633,685,558,668,619,526.5,564,582,586,525.5,581,791,755,515.5,513,603.5,613.5,601.5,542.5,542.5,606.5,608.5,545.5,581,541,506,509,511,573.5,588.5,588.5,578.5,582.5,558.5,570.5,566.5,568.5,583.5
2020-02-05,537.5,577,529,774.5,480.5,471.5,536,528,606.5,598,808,659,680,554,669.5,609,526.5,551.5,591,578,525.5,576,774,755,514,507.5,592.5,602.5,590.5,531.5,531.5,595.5,597.5,534.5,570.5,530.5,495.5,498.5,500.5,562.5,577.5,577.5,567.5,571.5,547.5,559.5,555.5,557.5,572.5
2020-02-04,542,584,540,778.5,473,477.5,538,537.5,612.5,602,808,658,690,544,669.5,612,541.5,543,597,576,512,561,763,755,517,508,597,607,595,536,536,600,602,539,563,523,488,491,493,567,582,582,572,576,552,564,560,562,577
2020-02-03,546.5,595,564,774.5,477.5,466.5,541,539.5,623,608,809,655,712,558,668,622,526.5,555.5,609.5,591,535.5,576,747.5,755,519,513.5,601.5,611.5,599.5,540.5,540.5,604.5,606.5,543.5,567.5,527.5,492.5,495.5,497.5,571.5,586.5,586.5,576.5,580.5,556.5,568.5,564.5,566.5,581.5
2020-01-31,571.5,610.5,580.5,779.5,488.5,481.5,545.5,544,631.5,615,809,657,718,575.5,671.5,628,546.5,576.5,635.5,606,549,589,755,789.5,522.5,515.5,626.5,636.5,624.5,565.5,565.5,629.5,631.5,568.5,578.5,538.5,503.5,506.5,508.5,596.5,611.5,611.5,601.5,605.5,581.5,593.5,589.5,591.5,606.5
2020-01-30,583,613.5,579,784,490.5,501.5,550,546.5,630.5,606.5,809,683,718,585,679.5,637.5,551.5,583.5,636,606,567,591,770,789.5,525,524,638,648,636,577,577,641,643,580,580.5,540.5,505.5,508.5,510.5,608,623,623,613,617,593,605,601,603,618
2020-01-29,594.5,625,609,772,509,501.5,555,555,625.5,620.5,819,682,720,591,687,660.5,551.5,580.5,646,612,562,596,772.5,789.5,532.5,536,649.5,659.5,647.5,588.5,588.5,652.5,654.5,591.5,599,559,524,527,529,619.5,634.5,634.5,624.5,628.5,604.5,616.5,612.5,614.5,629.5
2020-01-28,587,623,611,781,493.5,486.5,565,558,635.5,623,819,683.5,725,591.5,689.5,684,546.5,583,638.5,611,542,601,770,769,538,523,642,652,640,581,581,645,647,584,583.5,543.5,508.5,511.5,513.5,612,627,627,617,621,597,609,605,607,622
2020-01-27,627,657.5,631.5,769,496.5,486.5,582,566.5,648,630.5,819,686,744,597,712,684,546.5,592.5,658.5,636,577,614,756,841.5,553.5,529,682,692,680,621,621,685,687,624,586.5,546.5,511.5,514.5,516.5,652,667,667,657,661,637,649,645,647,662
2020-01-24,629,663.5,634,767,529,521.5,585.5,575,666.5,636.5,819,688,760,614,713.5,688,591.5,615,679.5,656,596.5,616,762,841.5,548,564,684,694,682,623,623,687,689,626,619,579,544,547,549,654,669,669,659,663,639,651,647,649,664
2020-01-23,627.5,668.5,633,764.5,532.5,536.5,593,587.5,688.5,638.5,829,710,760,622,716,696,601.5,625,690.5,656,609.5,626,762,799,562,565.5,682.5,692.5,680.5,621.5,621.5,685.5,687.5,624.5,622.5,582.5,547.5,550.5,552.5,652.5,667.5,667.5,657.5,661.5,637.5,649.5,645.5,647.5,662.5
2020-01-22,642,677,638,747,543.5,536.5,610,594.5,688.5,638.5,833,708,760,635.5,723.5,701,601.5,635,695.5,656,614.5,641,762,799,567,572.5,697,707,695,636,636,700,702,639,633.5,593.5,558.5,561.5,563.5,667,682,682,672,676,652,664,660,662,677
2020-01-21,654,686.5,646,748.5,552.5,551.5,603,592,690,650.5,846,711,772,638,743,698.5,606.5,649,708.5,645,616.5,651,764.5,811,570.5,579.5,709,719,707,648,648,712,714,651,642.5,602.5,567.5,570.5,572.5,679,694,694,684,688,664,676,672,674,689
2020-01-20,662.5,689.5,649,747.5,554.5,551.5,613,602,685.5,657,846,711.5,775,641.5,745,708.5,606.5,634.5,708.5,651,621.5,649,772,811,574,581.5,717.5,727.5,715.5,656.5,656.5,720.5,722.5,659.5,644.5,604.5,569.5,572.5,574.5,687.5,702.5,702.5,692.5,696.5,672.5,684.5,680.5,682.5,697.5
2020-01-17,659,688.5,641.5,749,550.5,546.5,621.5,595.5,694.5,655,844,713,775,629,746,710,616.5,639,708.5,651,616.5,651,766.5,811,577,586,714,724,712,653,653,717,719,656,640.5,600.5,565.5,568.5,570.5,684,699,699,689,693,669,681,677,679,694
2020-01-16,671.5,688.5,643,759,557,556.5,630,602.5,701,655,850,715,775,642,743,720.5,661.5,647,700.5,651,628,650,767.5,842.5,572.5,587.5,726.5,736.5,724.5,665.5,665.5,729.5,731.5,668.5,647,607,572,575,577,696.5,711.5,711.5,701.5,705.5,681.5,693.5,689.5,691.5,706.5
2020-01-15,676,690.5,653,791,557.5,556.5,630,604,706,675,848,708,800,641,749,730.5,661.5,648,725.5,638,631,651,768,769,572.5,587.5,731,741,729,670,670,734,736,673,647.5,607.5,572.5,575.5,577.5,701,716,716,706,710,686,698,694,696,711
2020-01-14,681.5,689,662.5,812,562,561.5,644,620,687.5,702.5,848,710,800,649,770.5,728.5,661.5,650,723.5,659,614.5,664,759,845,579,588.5,736.5,746.5,734.5,675.5,675.5,739.5,741.5,678.5,652,612,577,580,582,706.5,721.5,721.5,711.5,715.5,691.5,703.5,699.5,701.5,716.5
2020-01-13,699,699,674.5,795,570.5,561.5,649,634,697.5,705,844,743,800,648,781.5,740.5,661.5,669,748.5,659,651.5,661,775,730,573,597.5,754,764,752,693,693,757,759,696,660.5,620.5,585.5,588.5,590.5,724,739,739,729,733,709,721,717,719,734
2020-01-10,714.5,700,690,792.5,574,561.5,658.5,639.5,713.5,713.5,844,743,815,652,794,770,661.5,677,748.5,671,661,661,779.5,745,565,607.5,769.5,779.5,767.5,708.5,708.5,772.5,774.5,711.5,664,624,589,592,594,739.5,754.5,754.5,744.5,748.5,724.5,736.5,732.5,734.5,749.5
2020-01-09,718.5,708,691.5,799,580,606.5,665.5,657,710,715,838,745,815,692.5,785,784.5,731.5,693,754.5,671,684.5,681,772,751.5,562.5,614,773.5,783.5,771.5,712.5,712.5,776.5,778.5,715.5,670,630,595,598,600,743.5,758.5,758.5,748.5,752.5,728.5,740.5,736.5,738.5,753.5
2020-01-08,738.5,714.5,708,783.5,603,606.5,667.5,665,708,720,835,737,820,695.5,787.5,769.5,731.5,703,759.5,682,671.5,691,772,751.5,563,627.5,793.5,803.5,791.5,732.5,732.5,796.5,798.5,735.5,693,653,618,621,623,763.5,778.5,778.5,768.5,772.5,748.5,760.5,756.5,758.5,773.5
2020-01-07,740.5,717.5,699,783,598.5,609,666,675.5,673,744,830,737,821,698,797.5,762,722.5,704.5,780,677,680.5,686,766,728.5,565.5,629.5,795.5,805.5,793.5,734.5,734.5,798.5,800.5,737.5,688.5,648.5,613.5,616.5,618.5,765.5,780.5,780.5,770.5,774.5,750.5,762.5,758.5,760.5,775.5
2020-01-06,743,720.5,708,798.5,613,609,674.5,697,718,720,823,737,821,702.5,822,759.5,722.5,706.5,782.5,677,695,688,790,743.5,565,644,798,808,796,737,737,801,803,740,703,663,628,631,633,768,783,783,773,777,753,765,761,763,778
2020-01-03,717,706,701,766.5,609.5,606,662,679,692,732,818,742,804,693.5,804,749,712.5,710.5,764.5,666.5,693.5,686,768.5,728.5,564.5,635,772,782,770,711,711,775,777,714,699.5,659.5,624.5,627.5,629.5,742,757,757,747,751,727,739,735,737,752
2020-01-02,704.5,709,683.5,761.5,598,600.5,668,683.5,692,734,818,741,804,690.5,794,746.5,713,716.5,764,666.5,719.5,683,773.5,728.5,562.5,625,759.5,769.5,757.5,698.5,698.5,762.5,764.5,701.5,688,648,613,616,618,729.5,744.5,744.5,734.5,738.5,714.5,726.5,722.5,724.5,739.5
2019-12-31,715.5,709.5,681,757.5,603,608.5,665.5,669,699,718.5,815,739,804,689.5,777,747.5,706.5,707,777.5,669.5,666.5,681,770.5,728.5,559.5,626,760.5,769.5,812.5,731.5,731.5,816.5,818.5,733.5,693,653,618,621,623,735.5,747.5,748.5,739.5,768.5,724.5,732.5,729.5,730.5,742.5
2019-12-30,710.5,710,664.5,758.5,606.5,611,666.5,660.5,669,706,813,739,804,694.5,782.5,749,733.5,689.5,765,664.5,676.5,671,775.5,728.5,556.5,632,755.5,764.5,807.5,726.5,726.5,811.5,813.5,728.5,696.5,656.5,621.5,624.5,626.5,730.5,742.5,743.5,734.5,763.5,719.5,727.5,724.5,725.5,737.5
2019-12-27,691.5,714.5,656,758,613,596,660,657,669.5,707,813,738,804,678,748.5,732.5,728.5,692,762,659.5,675,677.5,771,728.5,556.5,626,736.5,745.5,788.5,707.5,707.5,792.5,794.5,709.5,703,663,628,631,633,711.5,723.5,724.5,715.5,744.5,700.5,708.5,705.5,706.5,718.5
2019-12-26,671.5,699.5,640.5,759,596,600,659,646.5,664,697.5,813,735,804,676,736,724.5,706.5,689.5,755.5,650.5,679,681,762.5,720,551.5,622,716.5,725.5,768.5,687.5,687.5,772.5,774.5,689.5,686,646,611,614,616,691.5,703.5,704.5,695.5,724.5,680.5,688.5,685.5,686.5,698.5
2019-12-24,658,703.5,641.5,759.5,594.5,595,659,642,664,700,823,735,804,662,737,725,713.5,691.5,759.5,650.5,679,682,762.5,720,561.5,620,703,712,755,674,674,759,761,676,684.5,644.5,609.5,612.5,614.5,678,690,691,682,711,667,675,672,673,685
2019-12-23,664.5,696.5,638.5,758.5,592,592.5,655.5,645.5,663.5,700,823,735,804,662,738.5,729,733.5,686.5,757,649.5,666.5,681,769,720,562,619,709.5,718.5,761.5,680.5,680.5,765.5,767.5,682.5,682,642,607,610,612,684.5,696.5,697.5,688.5,717.5,673.5,681.5,678.5,679.5,691.5
2019-12-20,662.5,688.5,633,758,594,592,654,642.5,657,693,819,718,795,666,726,724.5,712,666.5,747.5,648.5,660.5,690,770.5,743.5,552.5,614.5,707.5,716.5,759.5,678.5,678.5,763.5,765.5,680.5,684,644,609,612,614,682.5,694.5,695.5,686.5,715.5,671.5,679.5,676.5,677.5,689.5
2019-12-19,648,676.5,628.5,758.5,588.5,585.5,650.5,648.5,648,685.5,819,761,795,663,721.5,716.5,666,658.5,733,646.5,657,691,761.5,720.5,555.5,612,693,702,745,664,664,749,751,666,678.5,638.5,603.5,606.5,608.5,668,680,681,672,701,657,665,662,663,675
2019-12-18,642,674.5,628,754,588.5,587.5,655,651,651.5,688.5,822,758,788,665,721.5,715.5,669,656,730.5,651.5,647,687.5,756.5,720.5,557,612.5,687,696,739,658,658,743,745,660,678.5,638.5,603.5,606.5,608.5,662,674,675,666,695,651,659,656,657,669
2019-12-17,623,662.5,623,748.5,586.5,582.5,655,648,643,681.5,824,756,773,671,710,702.5,668.5,653,727.5,650.5,627,662.5,753.5,726,550.5,609.5,668,677,720,639,639,724,726,641,676.5,636.5,601.5,604.5,606.5,643,655,656,647,676,632,640,637,638,650
2019-12-16,611,666.5,614,748,583.5,578.5,653.5,635,639.5,670.5,824,754,775,665,708,706.5,654,648.5,723,647.5,628,646,754.5,726,551,598,656,665,708,627,627,712,714,629,673.5,633.5,598.5,601.5,603.5,631,643,644,635,664,620,628,625,626,638
2019-12-13,610,662,610,742.5,577,563,640,625.5,639.5,671,830,752,770,657,702,690,644.5,645,704.5,647.5,620.5,651,746,726,550.5,593,655,664,707,626,626,711,713,628,667,627,592,595,597,630,642,643,634,663,619,627,624,625,637
2019-12-12,598.5,657.5,600.5,740,563.5,553.5,635,617,638.5,666.5,830,751,770,653,696,688,645,648.5,702.5,645.5,622,656,746,679,548,588.5,643.5,652.5,695.5,614.5,614.5,699.5,701.5,616.5,653.5,613.5,578.5,581.5,583.5,618.5,630.5,631.5,622.5,651.5,607.5,615.5,612.5,613.5,625.5
2019-12-11,591.5,653.5,606.5,732.5,561,562.5,633.5,610.5,644,667,829,747,765,648,699.5,691.5,652,649,703.5,656,616.5,651,747.5,679,544,587,636.5,645.5,688.5,607.5,607.5,692.5,694.5,609.5,651,611,576,579,581,611.5,623.5,624.5,615.5,644.5,600.5,608.5,605.5,606.5,618.5
2019-12-10,594.5,652,596,732,561,566,628,619.5,643.5,664,829,745,755,649,697,700,641,646,703.5,651.5,612,656,746,683.5,546.5,584,639.5,648.5,691.5,610.5,610.5,695.5,697.5,612.5,651,611,576,579,581,614.5,626.5,627.5,618.5,647.5,603.5,611.5,608.5,609.5,621.5
2019-12-09,592,648.5,598,729.5,564.5,560,624.5,618,649.5,655,830,741,751,648,701.5,690,645.5,640.5,699,656,615,651,747.5,683.5,540.5,588,637,646,689,608,608,693,695,610,654.5,614.5,579.5,582.5,584.5,612,624,625,616,645,601,609,606,607,619
2019-12-06,591.5,650,595.5,727.5,562.5,559,623,621.5,656,652,829,736,740,647.5,692,691,633.5,636.5,695,649.5,608,656,748.5,679.5,539.5,585.5,636.5,645.5,688.5,607.5,607.5,692.5,694.5,609.5,652.5,612.5,577.5,580.5,582.5,611.5,623.5,624.5,615.5,644.5,600.5,608.5,605.5,606.5,618.5
2019-12-05,587.5,657,586.5,726,555,552.5,622.5,608.5,686.5,649,829,739,740,655,695,681.5,621.5,634.5,697,646.5,607.5,661,747,677.5,539,581,632.5,641.5,684.5,603.5,603.5,688.5,690.5,605.5,645,605,570,573,575,607.5,619.5,620.5,611.5,640.5,596.5,604.5,601.5,602.5,614.5
2019-12-04,575,652,583,721.5,558,552.5,624.5,609.5,686.5,651,829,738,740,653,688.5,691.5,627.5,629.5,669.5,646.5,602.5,651,747.5,677.5,538.5,582.5,620,629,672,591,591,676,678,593,648,608,573,576,578,595,607,608,599,628,584,592,589,590,602
2019-12-03,574.5,652,580.5,718,553,570.5,627,612,686,652.5,829,724,740,646,690,693.5,631.5,625.5,652,670.5,601.5,646,744,688,540,577.5,619.5,628.5,671.5,590.5,590.5,675.5,677.5,592.5,643,603,568,571,573,594.5,606.5,607.5,598.5,627.5,583.5,591.5,588.5,589.5,601.5
2019-12-02,577.5,654,579,718.5,556.5,557,634,623,687,654.5,822,723,740,648.5,687,689,625,629,665.5,679.5,603.5,651,739.5,688,535,581,622.5,631.5,674.5,593.5,593.5,678.5,680.5,595.5,646.5,606.5,571.5,574.5,576.5,597.5,609.5,610.5,601.5,630.5,586.5,594.5,591.5,592.5,604.5
2019-11-29,580.5,658,588.5,718,565.5,573,632,622,686,648.5,822,720,740,640,686.5,687.5,648.5,637,669,679.5,606,656,739.5,684.5,540,591.5,625.5,634.5,677.5,596.5,596.5,681.5,683.5,598.5,655.5,615.5,580.5,583.5,585.5,600.5,612.5,613.5,604.5,633.5,589.5,597.5,594.5,595.5,607.5
2019-11-28,584,661.5,589,727.5,568.5,561.5,628.5,621.5,688,647,817.5,718,740,649,686,681.5,649.5,636.5,660,696.5,604,663,739,686,541.5,593,629,638,681,600,600,685,687,602,658.5,618.5,583.5,586.5,588.5,604,616,617,608,637,593,601,598,599,611
2019-11-27,592,658,595,724,566,562.5,627,624.5,688,647,815,718,740,649,689,690.5,649.5,627.5,658,696.5,605,659,737.5,686,537,597.5,637,646,689,608,608,693,695,610,656,616,581,584,586,612,624,625,616,645,601,609,606,607,619
2019-11-26,585.5,654,589.5,725.5,562,562.5,627,623,700,644.5,815,711,740,649,690.5,696,637,625,660.5,726.5,606,661,740,675.5,541.5,593,630.5,639.5,682.5,601.5,601.5,686.5,688.5,603.5,652,612,577,580,582,605.5,617.5,618.5,609.5,638.5,594.5,602.5,599.5,600.5,612.5
2019-11-25,576.5,647.5,590,729,557,560,624.5,613.5,697.5,644,809,707,735,646,689.5,686.5,632.5,620,653.5,743.5,602.5,649,718,675.5,541,584,621.5,630.5,673.5,592.5,592.5,677.5,679.5,594.5,647,607,572,575,577,596.5,608.5,609.5,600.5,629.5,585.5,593.5,590.5,591.5,603.5
2019-11-22,575.5,640.5,581,730,553.5,557,621,618.5,694.5,632,806,704,,649,697,684,621.5,610.5,655.5,757.5,590,646,730.5,675.5,544,589.5,620.5,629.5,672.5,591.5,591.5,676.5,678.5,593.5,643.5,603.5,568.5,571.5,573.5,595.5,607.5,608.5,599.5,628.5,584.5,592.5,589.5,590.5,602.5
2019-11-21,566,646.5,574.5,730,539.5,567,613,618,684.5,637.5,804,703.5,,641,691.5,691,622.5,602,652,746.5,589,644,722,660,559,579,611,620,663,582,582,667,669,584,629.5,589.5,554.5,557.5,559.5,586,598,599,590,619,575,583,580,581,593
2019-11-20,560,637.5,575.5,729.5,540,543,612.5,616,677,632.5,800.5,703.5,737,638,682,678.5,616,612,651.5,735.5,581.5,636,725.5,660,557,574,605,614,657,576,576,661,663,578,630,590,555,558,560,580,592,593,584,613,569,577,574,575,587
2019-11-19,571,645,578.5,729.5,549.5,550,625,622.5,691.5,640.5,792,705,742,639,678.5,679.5,615.5,613,647,741.5,596,641,722.5,668,538.5,576,616,625,668,587,587,672,674,589,639.5,599.5,564.5,567.5,569.5,591,603,604,595,624,580,588,585,586,598
2019-11-18,586,641.5,586,728,565,559.5,627.5,623,702,642.5,785,699.5,750,662,681.5,685.5,622.5,619.5,657,750.5,605,654,725,668,541,589,631,640,683,602,602,687,689,604,655,615,580,583,585,606,618,619,610,639,595,603,600,601,613
2019-11-15,585,639,580,728,558.5,555,632.5,625.5,701,643,785.5,700,,666,675.5,679.5,610,616,652,745.5,595,651,694,668,542,587,630,639,682,601,601,686,688,603,648.5,608.5,573.5,576.5,578.5,605,617,618,609,638,594,602,599,600,612
2019-11-14,581,646,580.5,728.5,563,552,620.5,621,697,643,785.5,700.5,,664,680,672.5,612,619,647.5,759.5,593,649,706,668.5,545.5,587.5,626,635,678,597,597,682,684,599,653,613,578,581,583,601,613,614,605,634,590,598,595,596,608
2019-11-13,570.5,647,583,727.5,546,556,620.5,624,701,647,785.5,701,749,662,677.5,682,615,619.5,655,764.5,595,645,718,672,545,574.5,615.5,624.5,667.5,586.5,586.5,671.5,673.5,588.5,636,596,561,564,566,590.5,602.5,603.5,594.5,623.5,579.5,587.5,584.5,585.5,597.5
2019-11-12,580,638,584.5,731.5,557,558,619,616,704.5,647,778,704,749,661,685.5,682.5,608.5,617,652.5,764,600,646,714,670,543.5,585.5,625,634,677,596,596,681,683,598,647,607,572,575,577,600,612,613,604,633,589,597,594,595,607
2019-11-11,577.5,636.5,576,743,556,559.5,615,620,703.5,646,778,709.5,752,661,681.5,678,614,617.5,652,764.5,601.5,644,703,665,544.5,581,622.5,631.5,674.5,593.5,593.5,678.5,680.5,595.5,646,606,571,574,576,597.5,609.5,610.5,601.5,630.5,586.5,594.5,591.5,592.5,604.5
2019-11-08,569.5,634.5,586.5,743,553,560,629,621.5,706,647.5,778,714.5,,658,677,683,621,627.5,657,774.5,613,643,700.5,667,540,578.5,614.5,623.5,666.5,585.5,585.5,670.5,672.5,587.5,643,603,568,571,573,589.5,601.5,602.5,593.5,622.5,578.5,586.5,583.5,584.5,596.5
2019-11-07,584.5,635.5,589,745,567.5,574.5,630,626.5,713.5,649,782,722.5,755,662,685.5,679.5,618.5,628.5,659.5,784.5,608,647,713.5,660.5,544,594.5,629.5,638.5,681.5,600.5,600.5,685.5,687.5,602.5,657.5,617.5,582.5,585.5,587.5,604.5,616.5,617.5,608.5,637.5,593.5,601.5,598.5,599.5,611.5
2019-11-06,589,660,594.5,743.5,567,567.5,631.5,619,698,643.5,781.5,727,,663,687.5,684,624.5,631.5,665,814.5,614,646,715,669.5,551,593,634,643,686,605,605,690,692,607,657,617,582,585,587,609,621,622,613,642,598,606,603,604,616
2019-11-05,588,663.5,591.5,745.5,570.5,591,636,626.5,697.5,646,785,729,,665,686.5,681.5,637.5,624.5,668,809.5,628.5,651,693,661,545,596.5,633,642,685,604,604,689,691,606,660.5,620.5,585.5,588.5,590.5,608,620,621,612,641,597,605,602,603,615
2019-11-04,588,660.5,590.5,746,569,563.5,630.5,617.5,691,635.5,785,730.5,,667,689,684.5,614,619.5,655,799.5,601,646,685,658,536,595.5,633,642,685,604,604,689,691,606,659,619,584,587,589,608,620,621,612,641,597,605,602,603,615
2019-11-01,579.5,658,586.5,743,555.5,560.5,623.5,611.5,687,637,784.5,729,,652,685,680.5,611.5,612,654,793.5,601.5,651,692.5,662.5,535.5,582.5,624.5,633.5,676.5,595.5,595.5,680.5,682.5,597.5,645.5,605.5,570.5,573.5,575.5,599.5,611.5,612.5,603.5,632.5,588.5,596.5,593.5,594.5,606.5
2019-10-31,586.5,659.5,591.5,739.5,557,567.5,629,619.5,692,624.5,784.5,737,744.5,650,675.5,673.5,613,619,664,804.5,611,639,693.5,664,538.5,584.5,631.5,640.5,683.5,602.5,602.5,687.5,689.5,604.5,647,607,572,575,577,606.5,618.5,619.5,610.5,639.5,595.5,603.5,600.5,601.5,613.5
2019-10-30,590,643,597.5,742,569,569,632,626,682.5,630.5,784.5,739,754.5,655,683,677,623,626.5,666.5,814.5,615,646,696,669.5,541,592.5,635,644,687,606,606,691,693,608,659,619,584,587,589,610,622,623,614,643,599,607,604,605,617
2019-10-29,591,644.5,598,739.5,567.5,571.5,634,630,680,629.5,787,738.5,764.5,656,680,676.5,622.5,627,666,809.5,604.5,649,694.5,674.5,536,590.5,636,645,688,607,607,692,694,609,657.5,617.5,582.5,585.5,587.5,611,623,624,615,644,600,608,605,606,618
2019-10-28,604.5,647,603,738.5,578.5,578,631.5,624,716.5,628,788.5,736,765.5,658,688.5,677.5,622.5,626.5,677.5,808.5,617,654,696.5,679.5,537,595,649.5,658.5,701.5,620.5,620.5,705.5,707.5,622.5,668.5,628.5,593.5,596.5,598.5,624.5,636.5,637.5,628.5,657.5,613.5,621.5,618.5,619.5,631.5
2019-10-25,604,648,603,734,577.5,572.5,631.5,624.5,675.5,629.5,788.5,734.5,765.5,653,684.5,686.5,621.5,627,673,809.5,617,651,708,674.5,538,591.5,649,658,701,620,620,705,707,622,667.5,627.5,592.5,595.5,597.5,624,636,637,628,657,613,621,618,619,631
2019-10-24,594.5,641.5,601,730,564,564.5,625.5,621,670.5,627,796.5,725,765.5,649,679.5,678.5,615.5,628.5,671,804.5,614.5,648,704.5,679.5,537,592.5,639.5,648.5,691.5,610.5,610.5,695.5,697.5,612.5,654,614,579,582,584,614.5,626.5,627.5,618.5,647.5,603.5,611.5,608.5,609.5,621.5
2019-10-23,583.5,640,596.5,712,567,576.5,621,617,665.5,624.5,793,722,764.5,647,674,674.5,612.5,627,670.5,784.5,607,646,710.5,679.5,537.5,590,628.5,637.5,680.5,599.5,599.5,684.5,686.5,601.5,657,617,582,585,587,603.5,615.5,616.5,607.5,636.5,592.5,600.5,597.5,598.5,610.5
2019-10-22,584.5,642.5,595,713,568,565.5,620,618.5,669,625,796,716,764.5,645,676,670.5,608.5,623.5,667.5,764.5,605,651,709,665.5,538,585,629.5,638.5,681.5,600.5,600.5,685.5,687.5,602.5,658,618,583,586,588,604.5,616.5,617.5,608.5,637.5,593.5,601.5,598.5,599.5,611.5
2019-10-21,587,639.5,594.5,717,565.5,571.5,622,625.5,670,634,796,715,768.5,642,681.5,666,614.5,622.5,668.5,754.5,618,641,721,679.5,533.5,581.5,632,641,684,603,603,688,690,605,655.5,615.5,580.5,583.5,585.5,607,619,620,611,640,596,604,601,602,614
2019-10-18,590,628,594,718,571,573,625.5,628.5,666.5,631.5,796,721,759.5,647,677.5,670,617.5,620,668,721,617,646,735.5,678.5,535.5,590.5,635,644,687,606,606,691,693,608,661,621,586,589,591,610,622,623,614,643,599,607,604,605,617
2019-10-17,587.5,622.5,595.5,718.5,567.5,568,620,620.5,671,626,796,755,762.5,649,678.5,664,638.5,624,669,733.5,615.5,646,731.5,678.5,539.5,586.5,632.5,641.5,684.5,603.5,603.5,688.5,690.5,605.5,657.5,617.5,582.5,585.5,587.5,607.5,619.5,620.5,611.5,640.5,596.5,604.5,601.5,602.5,614.5
2019-10-16,588.5,626,594,726.5,563,557,619.5,613.5,652.5,629.5,796.5,755,775.5,662,679.5,664.5,629.5,625,658.5,708,609.5,651,719,685.5,544,584.5,633.5,642.5,685.5,604.5,604.5,689.5,691.5,606.5,653,613,578,581,583,608.5,620.5,621.5,612.5,641.5,597.5,605.5,602.5,603.5,615.5
2019-10-15,586.5,623,595,724,562.5,547.5,624,613.5,650,640,801,752,775.5,660,682,684,613,622,667.5,708.5,605.5,639,726,690.5,535,584.5,631.5,640.5,683.5,602.5,602.5,687.5,689.5,604.5,652.5,612.5,577.5,580.5,582.5,606.5,618.5,619.5,610.5,639.5,595.5,603.5,600.5,601.5,613.5
2019-10-14,592.5,629.5,594,724.5,566.5,575,618.5,621,654,627.5,801,755.5,772.5,658,688,671.5,618.5,626.5,663,718.5,613.5,653,730.5,691.5,544,588.5,637.5,646.5,689.5,608.5,608.5,693.5,695.5,610.5,656.5,616.5,581.5,584.5,586.5,612.5,624.5,625.5,616.5,645.5,601.5,609.5,606.5,607.5,619.5
2019-10-11,597.5,632.5,594.5,724,576,563,618,614.5,646,633.5,801,753.5,764.5,664,686.5,682.5,608.5,628.5,666,709.5,604,641,726.5,686,542.5,599.5,642.5,651.5,694.5,613.5,613.5,698.5,700.5,615.5,666,626,591,594,596,617.5,629.5,630.5,621.5,650.5,606.5,614.5,611.5,612.5,624.5
2019-10-10,588,630,588,719,562,567,624.5,616.5,639.5,638,807.5,755,770.5,661,681,680,607.5,618,660,701,591.5,646,723,686.5,540,588,633,642,685,604,604,689,691,606,652,612,577,580,582,608,620,621,612,641,597,605,602,603,615
2019-10-09,583,623,585,723,563.5,557.5,618,612.5,638.5,637,809,756.5,763.5,670,678.5,675.5,598.5,629,661,705,601,636,721.5,685,541,589.5,628,637,680,599,599,684,686,601,653.5,613.5,578.5,581.5,583.5,603,615,616,607,636,592,600,597,598,610
2019-10-08,580,619.5,586.5,716,564,575,618,616,641,639,809,759,763.5,654,670,685,610,622,665,692,609,636,718.5,676.5,551.5,584,625,634,677,596,596,681,683,598,654,614,579,582,584,600,612,613,604,633,589,597,594,595,607
2019-10-07,580.5,622,589.5,720,561.5,558.5,608.5,605,635,641,809,757,764.5,663,677,677.5,595.5,626.5,660.5,686,601,631,735.5,679,556.5,588.5,625.5,634.5,677.5,596.5,596.5,681.5,683.5,598.5,651.5,611.5,576.5,579.5,581.5,600.5,612.5,613.5,604.5,633.5,589.5,597.5,594.5,595.5,607.5
2019-10-04,578.5,616.5,588.5,722,558,561.5,615,618,629,639,809,749,669.5,656,680.5,682,589.5,632.5,662,679.5,598,634,728.5,675,556,586,623.5,632.5,675.5,594.5,594.5,679.5,681.5,596.5,648,608,573,576,578,598.5,610.5,611.5,602.5,631.5,587.5,595.5,592.5,593.5,605.5
2019-10-03,581.5,611.5,589.5,720.5,549,567.5,612,623,619,648.5,804.5,744,765.5,646,678.5,686,608,634.5,665.5,688,604.5,634,697.5,686.5,558.5,583.5,626.5,635.5,678.5,597.5,597.5,682.5,684.5,599.5,639,599,564,567,569,601.5,613.5,614.5,605.5,634.5,590.5,598.5,595.5,596.5,608.5
2019-10-02,585.5,624,595.5,719.5,561.5,563.5,612,622.5,627,654.5,807,743,765.5,642,684.5,694.5,625,639,668.5,673,616,651,721.5,691.5,562,586.5,630.5,639.5,682.5,601.5,601.5,686.5,688.5,603.5,651.5,611.5,576.5,579.5,581.5,605.5,617.5,618.5,609.5,638.5,594.5,602.5,599.5,600.5,612.5
2019-10-01,592,625,599.5,728.5,568,586,616,630.5,632.5,655,814.5,743.5,780.5,636,686.5,690.5,633.5,647.5,675,668,618,653,729.5,696,575.5,596,637,646,689,608,608,693,695,610,658,618,583,586,588,612,624,625,616,645,601,609,606,607,619
2019-09-30,598.5,630,598.5,729,577,581.5,624.5,631.5,636.5,661.5,814.5,744.5,785.5,639,693.5,691.5,637,638,679.5,674,628,659,729.5,700,572.5,600.5,643.5,652.5,695.5,614.5,614.5,699.5,701.5,616.5,667,627,592,595,597,618.5,630.5,631.5,622.5,651.5,607.5,615.5,612.5,613.5,625.5
2019-09-27,603,632,603,732.5,578.5,574.5,622,635.5,638.5,671.5,814.5,745.5,784.5,646,699.5,688,638.5,645,677.5,680,625,656,733.5,703,575,604.5,648,657,700,619,619,704,706,621,668.5,628.5,593.5,596.5,598.5,623,635,636,627,656,612,620,617,618,630
2019-09-26,597.5,625,605.5,734.5,580.5,580,621.5,643.5,642,678.5,815,741,790.5,638,698.5,683.5,636.5,638.5,683.5,678,630.5,661,721,703.5,589.5,604.5,642.5,651.5,694.5,613.5,613.5,698.5,700.5,615.5,670.5,630.5,595.5,598.5,600.5,617.5,629.5,630.5,621.5,650.5,606.5,614.5,611.5,612.5,624.5
2019-09-25,595,627,607,739.5,571,577.5,625.5,659,654,686.5,816.5,742,791.5,638,696,699,640.5,650.5,688.5,683,631.5,662,714,699,589.5,603,640,649,692,611,611,696,698,613,661,621,586,589,591,615,627,628,619,648,604,612,609,610,622
2019-09-24,614,634.5,611,741,612.5,608,629.5,672.5,683.5,681,814,742.5,800.5,642,699.5,718.5,668,657.5,696,699,635,669,715.5,717,599,614,659,668,711,630,630,715,717,632,702.5,662.5,627.5,630.5,632.5,634,646,647,638,667,623,631,628,629,641
2019-09-23,612,637.5,617,742,607.5,594,633.5,671.5,680.5,680,805,744.5,793.5,644,703,703.5,667,657.5,707.5,698,647.5,678,712,722,595,621,657,666,709,628,628,713,715,630,697.5,657.5,622.5,625.5,627.5,632,644,645,636,665,621,629,626,627,639
2019-09-20,617,639,622,746,615,600.5,641,672,680,674.5,811.5,748.5,779.5,649,714.5,705.5,661,642,711.5,690.5,643.5,677,729,706,603.5,625,662,671,714,633,633,718,720,635,705,665,630,633,635,637,649,650,641,670,626,634,631,632,644
2019-09-19,609,635,616,739,612,577,641.5,669.5,678,688,811.5,745.5,793.5,653,702.5,707,655,644.5,708,682.5,636,676,736,711,613.5,621,654,663,706,625,625,710,712,627,702,662,627,630,632,629,641,642,633,662,618,626,623,624,636
2019-09-18,607,637.5,617.5,745,603,606.5,644,678.5,680.5,693.5,811.5,728.5,800.5,647,725.5,724.5,678.5,660,729,727.5,665.5,681,738,730,610.5,618,652,661,704,623,623,708,710,625,693,653,618,621,623,627,639,640,631,660,616,624,621,622,634
2019-09-17,653.5,642.5,632,747.5,619.5,611.5,643,669.5,679,674.5,811.5,731,759.5,664,727,738,675.5,682.5,731,698,659.5,701,740,709.5,606,648,698.5,707.5,750.5,669.5,669.5,754.5,756.5,671.5,709.5,669.5,634.5,637.5,639.5,673.5,685.5,686.5,677.5,706.5,662.5,670.5,667.5,668.5,680.5
2019-09-16,567,657.5,614.5,735.5,618,608,609.5,620,639.5,651.5,794,735,759.5,686,700,762,641,630,715,668,630.5,681,728.5,684.5,578.5,642,612,621,664,583,583,668,670,585,708,668,633,636,638,587,599,600,591,620,576,584,581,582,594
2019-09-13,580.5,649,596.5,724.5,556.5,556,601,622,633.5,638,794,732.5,759.5,636,687.5,705.5,624.5,618.5,678.5,663,620.5,651,708.5,685,563,589.5,625.5,634.5,677.5,596.5,596.5,681.5,683.5,598.5,646.5,606.5,571.5,574.5,576.5,600.5,612.5,613.5,604.5,633.5,589.5,597.5,594.5,595.5,607.5
2019-09-12,591,644.5,597.5,723,562,568.5,611,623,633,644.5,791,717.5,739.5,635,689,703.5,631,625.5,683,645.5,621,654,712.5,698.5,572.5,587,636,645,688,607,607,692,694,609,652,612,577,580,582,611,623,624,615,644,600,608,605,606,618
2019-09-11,595,641,601.5,722.5,577,571.5,612.5,625.5,636.5,637,786,710.5,739.5,638,694,713,628.5,628,681,675.5,623,655,704,683,576.5,604,640,649,692,611,611,696,698,613,667,627,592,595,597,615,627,628,619,648,604,612,609,610,622
2019-09-10,583.5,633.5,602.5,725,575.5,585,602,630,632.5,636,786,714.5,739.5,639,,,,,,,,,,,,,628.5,637.5,680.5,599.5,599.5,684.5,686.5,601.5,665.5,625.5,590.5,593.5,595.5,603.5,615.5,616.5,607.5,636.5,592.5,600.5,597.5,598.5,610.5
2019-09-09,575.5,632.5,595.5,724.5,564,565.5,595.5,631,624,636,786,716,739.5,633,,,,,,,,,,,,,620.5,629.5,672.5,591.5,591.5,676.5,678.5,593.5,654,614,579,582,584,595.5,607.5,608.5,599.5,628.5,584.5,592.5,589.5,590.5,602.5
2019-09-06,574.5,626,592,722.5,555.5,557.5,588,621.5,624,624.5,786,713.5,739.5,616,,,,,,,,,,,,,619.5,628.5,671.5,590.5,590.5,675.5,677.5,592.5,645.5,605.5,570.5,573.5,575.5,594.5,606.5,607.5,598.5,627.5,583.5,591.5,588.5,589.5,601.5
2019-09-05,567.5,626.5,582.5,720,558,553.5,584,621,623,618,785.5,704.5,748.5,619,,,,,,,,,,,,,612.5,621.5,664.5,583.5,583.5,668.5,670.5,585.5,648,608,573,576,578,587.5,599.5,600.5,591.5,620.5,576.5,584.5,581.5,582.5,594.5
2019-09-04,559.5,616.5,580,714.5,547.5,539,579,613,617,620.5,785.5,688,748.5,607,,,,,,,,,,,,,604.5,613.5,656.5,575.5,575.5,660.5,662.5,577.5,637.5,597.5,562.5,565.5,567.5,579.5,591.5,592.5,583.5,612.5,568.5,576.5,573.5,574.5,586.5
2019-09-03,555.5,617.5,577,712.5,539,535,585,611,619.5,621.5,784,689,753.5,602,,,,,,,,,,,,,600.5,609.5,652.5,571.5,571.5,656.5,658.5,573.5,629,589,554,557,559,575.5,587.5,588.5,579.5,608.5,564.5,572.5,569.5,570.5,582.5
2019-09-02,574,632.5,585.5,700.5,543.5,538,579.5,607,620,620,784,690.5,749.5,606,,,,,,,,,,,,,619,628,671,590,590,675,677,592,633.5,593.5,558.5,561.5,563.5,594,606,607,598,627,583,591,588,589,601
2019-08-30,575,629.5,586,713.5,552,541,579,608.5,619,612,783.5,689,749.5,606,,,,,,,,,,,,,620,629,672,591,591,676,678,593,642,602,567,570,572,595,607,608,599,628,584,592,589,590,602
2019-08-29,578,631,581.5,716.5,550.5,559,582,596.5,625,619,783,690.5,753.5,607,,,,,,,,,,,,,623,632,675,594,594,679,681,596,640.5,600.5,565.5,568.5,570.5,598,610,611,602,631,587,595,592,593,605
2019-08-28,573,625,583,717.5,544,547.5,575.5,589.5,613,623.5,789.5,691,750.5,605,,,,,,,,,,,,,618,627,670,589,589,674,676,591,634,594,559,562,564,593,605,606,597,626,582,590,587,588,600
2019-08-27,568,619,580,720,538,541,567,583,605.5,616.5,792,696,750.5,596,,,,,,,,,,,,,613,622,665,584,584,669,671,586,628,588,553,556,558,588,600,601,592,621,577,585,582,583,595
2019-08-26,568.5,627,575.5,729,546,545.5,569.5,586,616.5,617,792.5,702,744.5,601,,,,,,,,,,,,,613.5,622.5,665.5,584.5,584.5,669.5,671.5,586.5,636,596,561,564,566,588.5,600.5,601.5,592.5,621.5,577.5,585.5,582.5,583.5,595.5
2019-08-23,573,631,583.5,726.5,543,545.5,582.5,593,614.5,600.5,791,706.5,744.5,600,,,,,,,,,,,,,618,627,670,589,589,674,676,591,633,593,558,561,563,593,605,606,597,626,582,590,587,588,600
2019-08-22,577.5,627,581.5,728,553,545.5,581,597,615,600.5,791,709,750.5,605,,,,,,,,,,,,,622.5,631.5,674.5,593.5,593.5,678.5,680.5,595.5,643,603,568,571,573,597.5,609.5,610.5,601.5,630.5,586.5,594.5,591.5,592.5,604.5
2019-08-21,573,630,582,728.5,551,538.5,581,591.5,610,598.5,794.5,707,741.5,604,,,,,,,,,,,,,618,627,670,589,589,674,676,591,641,601,566,569,571,593,605,606,597,626,582,590,587,588,600
2019-08-20,572.5,624.5,584,726.5,544.5,550.5,577.5,589,600,593,794.5,710.5,740.5,602,,,,,,,,,,,,,617.5,626.5,669.5,588.5,588.5,673.5,675.5,590.5,634.5,594.5,559.5,562.5,564.5,592.5,604.5,605.5,596.5,625.5,581.5,589.5,586.5,587.5,599.5
2019-08-19,573,627.5,582,725.5,542,549.5,578.5,587.5,593.5,588.5,800,714,729.5,602,,,,,,,,,,,,,618,627,670,589,589,674,676,591,632,592,557,560,562,593,605,606,597,626,582,590,587,588,600
2019-08-16,573.5,629.5,580,723.5,545.5,539,579.5,590,593,585.5,811,710,733.5,595,,,,,,,,,,,,,618.5,627.5,670.5,589.5,589.5,674.5,676.5,591.5,635.5,595.5,560.5,563.5,565.5,593.5,605.5,606.5,597.5,626.5,582.5,590.5,587.5,588.5,600.5
2019-08-15,571,619.5,575.5,720,546,550.5,584,586.5,586.5,580,811,709.5,738.5,601,,,,,,,,,,,,,616,625,668,587,587,672,674,589,636,596,561,564,566,591,603,604,595,624,580,588,585,586,598
2019-08-14,582,629.5,581,720.5,553,552,586.5,585,586.5,581,822,713,738.5,610,,,,,,,,,,,,,627,636,679,598,598,683,685,600,643,603,568,571,573,602,614,615,606,635,591,599,596,597,609
2019-08-13,570.5,619.5,576.5,716.5,540.5,556,579,575.5,580.5,574,822,712.5,723.5,616,,,,,,,,,,,,,615.5,624.5,667.5,586.5,586.5,671.5,673.5,588.5,630.5,590.5,555.5,558.5,560.5,590.5,602.5,603.5,594.5,623.5,579.5,587.5,584.5,585.5,597.5
2019-08-12,563,613,573,713,536,538.5,580,572,581.5,577,830,719.5,733.5,602,,,,,,,,,,,,,608,617,660,579,579,664,666,581,626,586,551,554,556,583,595,596,587,616,572,580,577,578,590
2019-08-09,561,604,566.5,713.5,525,530.5,581,563.5,583,571,834,717,733.5,597,,,,,,,,,,,,,606,615,658,577,577,662,664,579,615,575,540,543,545,581,593,594,585,614,570,578,575,576,588
2019-08-08,559,602.5,573.5,712.5,523,515.5,582.5,579.5,591,571,841,713,755.5,589,,,,,,,,,,,,,604,613,656,575,575,660,662,577,613,573,538,541,543,579,591,592,583,612,568,576,573,574,586
2019-08-07,566.5,610,585.5,715.5,532.5,537,593.5,593,596,588,841,716,755.5,593,,,,,,,,,,,,,611.5,620.5,663.5,582.5,582.5,667.5,669.5,584.5,622.5,582.5,547.5,550.5,552.5,586.5,598.5,599.5,590.5,619.5,575.5,583.5,580.5,581.5,593.5
2019-08-06,570.5,612.5,598.5,715.5,543,551.5,593,602.5,604,594.5,845,721,759.5,599,,,,,,,,,,,,,615.5,624.5,667.5,586.5,586.5,671.5,673.5,588.5,633,593,558,561,563,590.5,602.5,603.5,594.5,623.5,579.5,587.5,584.5,585.5,597.5
2019-08-05,590.5,625,606.5,717.5,555,560,606.5,612.5,610,607,845,731,759.5,601,,,,,,,,,,,,,635.5,644.5,687.5,606.5,606.5,691.5,693.5,608.5,645,605,570,573,575,610.5,622.5,623.5,614.5,643.5,599.5,607.5,604.5,605.5,617.5
2019-08-02,599,633.5,613.5,721,554,561,609.5,601.5,619,600,846.5,740,778.5,609,,,,,,,,,,,,,644,653,696,615,615,700,702,617,644,604,569,572,574,619,631,632,623,652,608,616,613,614,626
2019-08-01,611.5,645.5,621.5,730.5,570,575.5,612.5,621,626.5,616,846.5,747.5,786.5,618,,,,,,,,,,,,,656.5,665.5,708.5,627.5,627.5,712.5,714.5,629.5,660,620,585,588,590,631.5,643.5,644.5,635.5,664.5,620.5,628.5,625.5,626.5,638.5
2019-07-31,610,645.5,618,733.5,581,583,610,620,621,610,845,744,772.5,624,,,,,,,,,,,,,655,664,707,626,626,711,713,628,671,631,596,599,601,630,642,643,634,663,619,627,624,625,637
2019-07-30,605,636,612.5,733,570,570.5,609.5,619,615,608,845,744,769.5,614,,,,,,,,,,,,,650,659,702,621,621,706,708,623,660,620,585,588,590,625,637,638,629,658,614,622,619,620,632
2019-07-29,602,639,608,725,565,568,608,616,618,603.5,843.5,747,768.5,614,,,,,,,,,,,,,647,656,699,618,618,703,705,620,655,615,580,583,585,622,634,635,626,655,611,619,616,617,629
2019-07-26,602,633.5,608,726,563.5,576.5,609,616.5,617,599.5,843.5,746,754.5,610,,,,,,,,,,,,,647,656,699,618,618,703,705,620,653.5,613.5,578.5,581.5,583.5,622,634,635,626,655,611,619,616,617,629
2019-07-25,602.5,630,609.5,729,565.5,587,611.5,613,620,602.5,843.5,749,775.5,612,,,,,,,,,,,,,647.5,656.5,699.5,618.5,618.5,703.5,705.5,620.5,655.5,615.5,580.5,583.5,585.5,622.5,634.5,635.5,626.5,655.5,611.5,619.5,616.5,617.5,629.5
2019-07-24,601.5,632.5,609,753,564,568,611.5,615.5,624.5,604.5,843.5,749,774.5,613,,,,,,,,,,,,,646.5,655.5,698.5,617.5,617.5,702.5,704.5,619.5,654,614,579,582,584,621.5,633.5,634.5,625.5,654.5,610.5,618.5,615.5,616.5,628.5
2019-07-23,601.5,633.5,609,751,565.5,565.5,607,610.5,632,602,848,751.5,775.5,612,,,,,,,,,,,,,646.5,655.5,698.5,617.5,617.5,702.5,704.5,619.5,655.5,615.5,580.5,583.5,585.5,621.5,633.5,634.5,625.5,654.5,610.5,618.5,615.5,616.5,628.5
2019-07-22,597.5,631.5,603,748,571,568.5,609,610,635,600,856,751.5,769.5,614,,,,,,,,,,,,,642.5,651.5,694.5,613.5,613.5,698.5,700.5,615.5,661,621,586,589,591,617.5,629.5,630.5,621.5,650.5,606.5,614.5,611.5,612.5,624.5
2019-07-19,594,630.5,606.5,750,551,561.5,614,608.5,635,600.5,856,753,769.5,611,,,,,,,,,,,,,639,648,691,610,610,695,697,612,641,601,566,569,571,614,626,627,618,647,603,611,608,609,621
2019-07-18,601,629,610.5,751,555,563.5,621,612,634.5,612,856,761.5,790.5,618,,,,,,,,,,,,,646,655,698,617,617,702,704,619,645,605,570,573,575,621,633,634,625,654,610,618,615,616,628
2019-07-17,607,634.5,614,750,564.5,577.5,629,615,635.5,624,848.5,762,795.5,627,,,,,,,,,,,,,652,661,704,623,623,708,710,625,654.5,614.5,579.5,582.5,584.5,627,639,640,631,660,616,624,621,622,634
2019-07-16,615,641,617,755,573.5,580,633,629,640,633,855,764.5,803.5,642,,,,,,,,,,,,,660,669,712,631,631,716,718,633,663.5,623.5,588.5,591.5,593.5,635,647,648,639,668,624,632,629,630,642
2019-07-15,616,645.5,616,758,580,583,631.5,637.5,632.5,634.5,855,764,805.5,645,,,,,,,,,,,,,661,670,713,632,632,717,719,634,670,630,595,598,600,636,648,649,640,669,625,633,630,631,643
2019-07-12,620,643,610.5,762.5,587.5,597,628.5,637,638.5,635,849,762,779.5,645,,,,,,,,,,,,,665,674,717,636,636,721,723,638,677.5,637.5,602.5,605.5,607.5,640,652,653,644,673,629,637,634,635,647
2019-07-11,616,644,604.5,768.5,589,592.5,624,635,632.5,634,849,760,779.5,643,,,,,,,,,,,,,661,670,713,632,632,717,719,634,679,639,604,607,609,636,648,649,640,669,625,633,630,631,643
2019-07-10,604,634,598,762.5,569.5,576.5,616.5,626.5,627,609,845,756,779.5,626.5,,,,,,,,,,,,,649,658,701,620,620,705,707,622,659.5,619.5,584.5,587.5,589.5,624,636,637,628,657,613,621,618,619,631
2019-07-09,593.5,626.5,595,767,562,562.5,615,622.5,628,607,845,752,779.5,625.5,,,,,,,,,,,,,638.5,647.5,690.5,609.5,609.5,694.5,696.5,611.5,652,612,577,580,582,613.5,625.5,626.5,617.5,646.5,602.5,610.5,607.5,608.5,620.5
2019-07-08,592.5,624.5,591.5,798,563,559,617,629.5,626.5,608,842,757,776.5,632,,,,,,,,,,,,,637.5,646.5,689.5,608.5,608.5,693.5,695.5,610.5,653,613,578,581,583,612.5,624.5,625.5,616.5,645.5,601.5,609.5,606.5,607.5,619.5
2019-07-05,587.5,628.5,595,793,557,559,618,627,622.5,611.5,841,758.5,779.5,624,,,,,,,,,,,,,632.5,641.5,684.5,603.5,603.5,688.5,690.5,605.5,647,607,572,575,577,607.5,619.5,620.5,611.5,640.5,596.5,604.5,601.5,602.5,614.5
2019-07-04,592,630,600,786.5,566,553,614.5,622.5,620.5,608,841,748,800.5,621,,,,,,,,,,,,,637,646,689,608,608,693,695,610,656,616,581,584,586,612,624,625,616,645,601,609,606,607,619
2019-07-03,599,636,609,782,558.5,568,613,612,617.5,598.5,840,749,800.5,621,,,,,,,,,,,,,644,653,696,615,615,700,702,617,648.5,608.5,573.5,576.5,578.5,619,631,632,623,652,608,616,613,614,626
2019-07-02,603.5,629.5,614,778,573.5,585.5,617,617,647.5,605.5,845,754,800.5,626,,,,,,,,,,,,,648.5,657.5,700.5,619.5,619.5,704.5,706.5,621.5,663.5,623.5,588.5,591.5,593.5,623.5,635.5,636.5,627.5,656.5,612.5,620.5,617.5,618.5,630.5
2019-07-01,605,631,607.5,750,578,590.5,623,623.5,655,605.5,844,754,774.5,630.5,,,,,,,,,,,,,650,659,702,621,621,706,708,623,668,628,593,596,598,625,637,638,629,658,614,622,619,620,632
2019-06-28,602,626,607.5,759,575,585.5,623,627.5,656,602.5,839.5,752,774.5,635,,,,,,,,,,,,,647,656,699,618,618,703,705,620,665,625,590,593,595,622,634,635,626,655,611,619,616,617,629
2019-06-27,602.5,622,605,758,574,577.5,621,627.5,652.5,605.5,839,755,754.5,634,,,,,,,,,,,,,647.5,656.5,699.5,618.5,618.5,703.5,705.5,620.5,664,624,589,592,594,622.5,634.5,635.5,626.5,655.5,611.5,619.5,616.5,617.5,629.5
2019-06-26,596,619.5,597.5,762,570,564,616.5,618,645.5,603.5,838,757,754.5,633,,,,,,,,,,,,,641,650,693,612,612,697,699,614,660,620,585,588,590,616,628,629,620,649,605,613,610,611,623
2019-06-25,588,614.5,586,760.5,565,564.5,614,616,626.5,602,836,757.5,754.5,630,,,,,,,,,,,,,633,642,685,604,604,689,691,606,655,615,580,583,585,608,620,621,612,641,597,605,602,603,615
2019-06-24,589,616,592.5,763,569,559.5,613,599.5,642.5,601.5,836,756,754.5,626.5,,,,,,,,,,,,,634,643,686,605,605,690,692,607,659,619,584,587,589,609,621,622,613,642,598,606,603,604,616
2019-06-21,580,605.5,595.5,766.5,558.5,560,612,601,636.5,602,847.5,751.5,754.5,623.5,,,,,,,,,,,,,625,634,677,596,596,681,683,598,648.5,608.5,573.5,576.5,578.5,600,612,613,604,633,589,597,594,595,607
2019-06-20,564.5,602.5,578.5,768,546,541,609,586.5,625.5,600,847.5,752,754.5,613.5,,,,,,,,,,,,,609.5,618.5,661.5,580.5,580.5,665.5,667.5,582.5,636,596,561,564,566,584.5,596.5,597.5,588.5,617.5,573.5,581.5,578.5,579.5,591.5
2019-06-19,560,609.5,576,767.5,535,537,609.5,584.5,626,579,859,752,754.5,603.5,,,,,,,,,,,,,605,614,657,576,576,661,663,578,625,585,550,553,555,580,592,593,584,613,569,577,574,575,587
2019-06-18,555.5,594.5,576,767,531,536,608,578,629.5,575.5,859,749.5,765,598.5,,,,,,,,,,,,,600.5,609.5,652.5,571.5,571.5,656.5,658.5,573.5,621,581,546,549,551,575.5,587.5,588.5,579.5,608.5,564.5,572.5,569.5,570.5,582.5
2019-06-17,557,590,577,766.5,535,534,608,588.5,634.5,584.5,866,748.5,765,602.5,,,,,,,,,,,,,602,611,654,573,573,658,660,575,625,585,550,553,555,577,589,590,581,610,566,574,571,572,584
2019-06-14,561,592.5,575.5,780,534,535,606,583,629.5,577,866,754.5,765,626.5,,,,,,,,,,,,,606,615,658,577,577,662,664,579,624,584,549,552,554,581,593,594,585,614,570,578,575,576,588
2019-06-13,560,594.5,575.5,779.5,536.5,535,607.5,586.5,613.5,584,868.5,757,772.5,626,,,,,,,,,,,,,605,614,657,576,576,661,663,578,626.5,586.5,551.5,554.5,556.5,580,592,593,584,613,569,577,574,575,587
2019-06-12,561,598.5,579.5,781,531,540,610.5,597,630.5,600,874,762,772.5,614,,,,,,,,,,,,,606,615,658,577,577,662,664,579,621,581,546,549,551,581,593,594,585,614,570,578,575,576,588
2019-06-11,566.5,611.5,580.5,782,537.5,540,610,592.5,635,599,872.5,761.5,772.5,633,,,,,,,,,,,,,611.5,620.5,663.5,582.5,582.5,667.5,669.5,584.5,627.5,587.5,552.5,555.5,557.5,586.5,598.5,599.5,590.5,619.5,575.5,583.5,580.5,581.5,593.5
2019-06-10,569.5,609.5,579.5,785,540.5,536.5,609.5,598.5,643.5,603.5,872.5,763,772.5,635,,,,,,,,,,,,,614.5,623.5,666.5,585.5,585.5,670.5,672.5,587.5,630.5,590.5,555.5,558.5,560.5,589.5,601.5,602.5,593.5,622.5,578.5,586.5,583.5,584.5,596.5
2019-06-07,566,610.5,582.5,784,533,529,608.5,596.5,655.5,591,877.5,762,772.5,633,,,,,,,,,,,,,611,620,663,582,582,667,669,584,623,583,548,551,553,586,598,599,590,619,575,583,580,581,593
2019-06-06,566,589.5,585,782,525,522.5,603.5,594.5,654.5,587,882,764.5,773.5,628,,,,,,,,,,,,,611,620,663,582,582,667,669,584,615,575,540,543,545,586,598,599,590,619,575,583,580,581,593
2019-06-05,571.5,605,591,782,531,533.5,607,602.5,663.5,600,882,762.5,781.5,626.5,,,,,,,,,,,,,616.5,625.5,668.5,587.5,587.5,672.5,674.5,589.5,621,581,546,549,551,591.5,603.5,604.5,595.5,624.5,580.5,588.5,585.5,586.5,598.5
2019-06-04,564,599,595,789,532.5,539,606.5,603,678,600,889,746.5,781.5,634,,,,,,,,,,,,,609,618,661,580,580,665,667,582,622.5,582.5,547.5,550.5,552.5,584,596,597,588,617,573,581,578,579,591
2019-06-03,575.5,616.5,611,787,537,551.5,612,620.5,691,609,889,758,781.5,630,,,,,,,,,,,,,620.5,629.5,672.5,591.5,591.5,676.5,678.5,593.5,627,587,552,555,557,595.5,607.5,608.5,599.5,628.5,584.5,592.5,589.5,590.5,602.5
2019-05-31,594.5,635.5,624,791,561,574,622.5,628,712,624,889,782.5,802.5,639,,,,,,,,,,,,,639.5,648.5,691.5,610.5,610.5,695.5,697.5,612.5,651,611,576,579,581,614.5,626.5,627.5,618.5,647.5,603.5,611.5,608.5,609.5,621.5
2019-05-30,609.5,653,630,797,586.5,579.5,634,637.5,743,639,893.5,778,813.5,652,,,,,,,,,,,,,654.5,663.5,706.5,625.5,625.5,710.5,712.5,627.5,676.5,636.5,601.5,604.5,606.5,629.5,641.5,642.5,633.5,662.5,618.5,626.5,623.5,624.5,636.5
2019-05-29,609,655.5,632.5,798,586.5,589,638,646,746,649.5,894,773.5,813.5,652,,,,,,,,,,,,,654,663,706,625,625,710,712,627,676.5,636.5,601.5,604.5,606.5,629,641,642,633,662,618,626,623,624,636
2019-05-28,616,657,635.5,803,594.5,582.5,639,645.5,759,650,893.5,775,813.5,659,,,,,,,,,,,,,661,670,713,632,632,717,719,634,684.5,644.5,609.5,612.5,614.5,636,648,649,640,669,625,633,630,631,643
2019-05-27,609,661.5,636,789,585,581,643,646,767,646,892.5,771,822.5,661,,,,,,,,,,,,,654,663,706,625,625,710,712,627,675,635,600,603,605,629,641,642,633,662,618,626,623,624,636
2019-05-24,613.5,661,639,782.5,587,584.5,643.5,644,774.5,647.5,892.5,771,822.5,661,,,,,,,,,,,,,658.5,667.5,710.5,629.5,629.5,714.5,716.5,631.5,677,637,602,605,607,633.5,645.5,646.5,637.5,666.5,622.5,630.5,627.5,628.5,640.5
2019-05-23,623,662.5,650,779,603,595.5,653.5,649,782.5,656,904,767,821,661,,,,,,,,,,,,,668,677,720,639,639,724,726,641,693,653,618,621,623,643,655,656,647,676,632,640,637,638,650
2019-05-22,633.5,666,660.5,785,614,614,658,660,782.5,653,905,760,825,674,,,,,,,,,,,,,678.5,687.5,730.5,649.5,649.5,734.5,736.5,651.5,704,664,629,632,634,653.5,665.5,666.5,657.5,686.5,642.5,650.5,647.5,648.5,660.5
2019-05-21,635,662,660.5,782.5,625,626,655.5,660,776.5,654,902,763,824,679,,,,,,,,,,,,,680,689,732,651,651,736,738,653,715,675,640,643,645,655,667,668,659,688,644,652,649,650,662
2019-05-20,645.5,675.5,659,779.5,625,633,662,662.5,777.5,654,901.5,761,828,681,,,,,,,,,,,,,690.5,699.5,742.5,661.5,661.5,746.5,748.5,663.5,715,675,640,643,645,665.5,677.5,678.5,669.5,698.5,654.5,662.5,659.5,660.5,672.5
2019-05-17,637.5,664.5,656,775.5,629.5,625.5,660.5,663.5,783,658,900,769.5,857.5,682,,,,,,,,,,,,,682.5,691.5,734.5,653.5,653.5,738.5,740.5,655.5,719.5,679.5,644.5,647.5,649.5,657.5,669.5,670.5,661.5,690.5,646.5,654.5,651.5,652.5,664.5
2019-05-16,635,665,657,792.5,622,619,661,655.5,781,654.5,900,771.5,829,683,,,,,,,,,,,,,680,689,732,651,651,736,738,653,712,672,637,640,642,655,667,668,659,688,644,652,649,650,662
2019-05-15,625,665.5,650,792.5,606,613,653,655.5,775.5,649,899.5,775,829,678,,,,,,,,,,,,,670,679,722,641,641,726,728,643,696,656,621,624,626,645,657,658,649,678,634,642,639,640,652
2019-05-14,621.5,666.5,654.5,767,604,609,651.5,647,776.5,642.5,894,775.5,823,675,,,,,,,,,,,,,666.5,675.5,718.5,637.5,637.5,722.5,724.5,639.5,694,654,619,622,624,641.5,653.5,654.5,645.5,674.5,630.5,638.5,635.5,636.5,648.5
2019-05-13,625,668,655,800,610,603.5,653.5,648,782.5,647,896.5,777.5,823,679,,,,,,,,,,,,,670,679,722,641,641,726,728,643,700,660,625,628,630,645,657,658,649,678,634,642,639,640,652
2019-05-10,622,670,651,757,607,609,650.5,645,779,643.5,896.5,775.5,823.5,671,,,,,,,,,,,,,667,676,719,638,638,723,725,640,697,657,622,625,627,642,654,655,646,675,631,639,636,637,649
2019-05-09,618.5,662.5,652,754,601,606.5,649.5,653.5,780,646,896.5,769.5,823.5,660,,,,,,,,,,,,,663.5,672.5,715.5,634.5,634.5,719.5,721.5,636.5,691,651,616,619,621,638.5,650.5,651.5,642.5,671.5,627.5,635.5,632.5,633.5,645.5
2019-05-08,621,663.5,654.5,753,604,611,650,646.5,779,646.5,892,763.5,823.5,661,,,,,,,,,,,,,666,675,718,637,637,722,724,639,694,654,619,622,624,641,653,654,645,674,630,638,635,636,648
2019-05-07,625.5,661,655,750.5,607,603.5,654.5,654.5,768.5,651.5,892,765.5,823.5,670,,,,,,,,,,,,,670.5,679.5,722.5,641.5,641.5,726.5,728.5,643.5,697,657,622,625,627,645.5,657.5,658.5,649.5,678.5,634.5,642.5,639.5,640.5,652.5
2019-05-06,623.5,667,653.5,751,608,610,653.5,653,765,651,889,757.5,823,673,,,,,,,,,,,,,668.5,677.5,720.5,639.5,639.5,724.5,726.5,641.5,698,658,623,626,628,643.5,655.5,656.5,647.5,676.5,632.5,640.5,637.5,638.5,650.5
2019-05-03,623.5,670.5,653.5,758.5,609,610.5,659.5,650.5,766.5,651.5,889,742.5,828,674.5,,,,,,,,,,,,,668.5,677.5,720.5,639.5,639.5,724.5,726.5,641.5,699,659,624,627,629,643.5,655.5,656.5,647.5,676.5,632.5,640.5,637.5,638.5,650.5
2019-05-02,627.5,667.5,652,758.5,609,607.5,657,652.5,767.5,653,889,744.5,823,672,,,,,,,,,,,,,672.5,681.5,724.5,643.5,643.5,728.5,730.5,645.5,699,659,624,627,629,647.5,659.5,660.5,651.5,680.5,636.5,644.5,641.5,642.5,654.5
2019-05-01,630,674.5,652.5,758.5,608.5,611,665,664,,664,883,744.5,823,673.5,,,,,,,,,,,,,675,684,727,646,646,731,733,648,698.5,658.5,623.5,626.5,628.5,650,662,663,654,683,639,647,644,645,657
2019-04-30,629,672.5,650.5,758.5,602.5,603,657,654,772,643,883,745.5,823,674.5,,,,,,,,,,,,,674,683,726,645,645,730,732,647,692.5,652.5,617.5,620.5,622.5,649,661,662,653,682,638,646,643,644,656
2019-04-29,627.5,669.5,654.5,758.5,596.5,597,656,648,761.5,653.5,883,744.5,823,669,,,,,,,,,,,,,672.5,681.5,724.5,643.5,643.5,728.5,730.5,645.5,686.5,646.5,611.5,614.5,616.5,647.5,659.5,660.5,651.5,680.5,636.5,644.5,641.5,642.5,654.5
2019-04-26,631.5,676,655,807,610.5,587,656.5,647,754.5,647.5,883,739.5,833,674,,,,,,,,,,,,,676.5,685.5,728.5,647.5,647.5,732.5,734.5,649.5,700.5,660.5,625.5,628.5,630.5,651.5,663.5,664.5,655.5,684.5,640.5,648.5,645.5,646.5,658.5
2019-04-25,643,679,655,757.5,619,620.5,664,661,763.5,652,892,741,829,681,,,,,,,,,,,,,688,697,740,659,659,744,746,661,709,669,634,637,639,663,675,676,667,696,652,660,657,658,670
2019-04-24,640.5,673.5,654.5,757.5,616.5,619.5,666,661,766,655,884.5,746.5,829,678.5,,,,,,,,,,,,,685.5,694.5,737.5,656.5,656.5,741.5,743.5,658.5,706.5,666.5,631.5,634.5,636.5,660.5,672.5,673.5,664.5,693.5,649.5,657.5,654.5,655.5,667.5
2019-04-23,638,674,653.5,757.5,617,609,663,659,768,657,883,743,829,678,,,,,,,,,,,,,683,692,735,654,654,739,741,656,707,667,632,635,637,658,670,671,662,691,647,655,652,653,665
2019-04-22,635,672.5,648.5,767.5,616,605,661.5,649,770,648,883,741,828,676,,,,,,,,,,,,,680,689,732,651,651,736,738,653,706,666,631,634,636,655,667,668,659,688,644,652,649,650,662
2019-04-18,628.5,668.5,642.5,765.5,606,610.5,661,648,772,646,890,743,829,676,,,,,,,,,,,,,673.5,682.5,725.5,644.5,644.5,729.5,731.5,646.5,696,656,621,624,626,648.5,660.5,661.5,652.5,681.5,637.5,645.5,642.5,643.5,655.5
2019-04-17,629,667.5,642,761.5,607,606.5,662,649,776,651,890,719.5,825,681.5,,,,,,,,,,,,,674,683,726,645,645,730,732,647,697,657,622,625,627,649,661,662,653,682,638,646,643,644,656
2019-04-16,626,663,642,761.5,598.5,597,658.5,653.5,774,648,890,723.5,824,680,,,,,,,,,,,,,671,680,723,642,642,727,729,644,688.5,648.5,613.5,616.5,618.5,646,658,659,650,679,635,643,640,641,653
2019-04-15,629.5,662.5,641.5,761.5,595.5,602,660,656,779,651,891,721.5,824,682.5,,,,,,,,,,,,,674.5,683.5,726.5,645.5,645.5,730.5,732.5,647.5,685.5,645.5,610.5,613.5,615.5,649.5,661.5,662.5,653.5,682.5,638.5,646.5,643.5,644.5,656.5
2019-04-12,631,665.5,636.5,761.5,603,600.5,657.5,655,785,651,891,719.5,830,683.5,,,,,,,,,,,,,676,685,728,647,647,732,734,649,693,653,618,621,623,651,663,664,655,684,640,648,645,646,658
2019-04-11,628,666,635,712.5,601,599,656.5,655.5,783.5,651,891,719.5,826,681,,,,,,,,,,,,,673,682,725,644,644,729,731,646,691,651,616,619,621,648,660,661,652,681,637,645,642,643,655
2019-04-10,622.5,662,635,705.5,594,597,651.5,654.5,787,649,892,716.5,820,681,,,,,,,,,,,,,667.5,676.5,719.5,638.5,638.5,723.5,725.5,640.5,684,644,609,612,614,642.5,654.5,655.5,646.5,675.5,631.5,639.5,636.5,637.5,649.5
2019-04-09,622,660.5,631.5,701.5,595.5,594.5,648,655.5,790,653,892,715.5,811,676,,,,,,,,,,,,,667,676,719,638,638,723,725,640,685.5,645.5,610.5,613.5,615.5,642,654,655,646,675,631,639,636,637,649
2019-04-08,614.5,657.5,624.5,701.5,594,592.5,647,654,787,648,892,715.5,811,677,,,,,,,,,,,,,659.5,668.5,711.5,630.5,630.5,715.5,717.5,632.5,684,644,609,612,614,634.5,646.5,647.5,638.5,667.5,623.5,631.5,628.5,629.5,641.5
2019-04-05,612,650.5,626,697.5,586.5,588.5,645.5,651,785,644,892,715,809,673.5,,,,,,,,,,,,,657,666,709,628,628,713,715,630,676.5,636.5,601.5,604.5,606.5,632,644,645,636,665,621,629,626,627,639
2019-04-04,611.5,649,624,697.5,586,587,640.5,649,778,643.5,892,718,805,672.5,,,,,,,,,,,,,656.5,665.5,708.5,627.5,627.5,712.5,714.5,629.5,676,636,601,604,606,631.5,643.5,644.5,635.5,664.5,620.5,628.5,625.5,626.5,638.5
2019-04-03,615.5,649,628.5,692.5,579,583,639,646,774.5,641.5,895,714.5,803,670.5,,,,,,,,,,,,,660.5,669.5,712.5,631.5,631.5,716.5,718.5,633.5,669,629,594,597,599,635.5,647.5,648.5,639.5,668.5,624.5,632.5,629.5,630.5,642.5
2019-04-02,610,648.5,628.5,692.5,585.5,581,637,643,751.5,638.5,897.5,713.5,803,671.5,,,,,,,,,,,,,655,664,707,626,626,711,713,628,675.5,635.5,600.5,603.5,605.5,630,642,643,634,663,619,627,624,625,637
2019-04-01,609,650,625.5,692.5,578,581,639,642,749.5,633.5,897.5,707.5,803,669.5,,,,,,,,,,,,,654,663,706,625,625,710,712,627,668,628,593,596,598,629,641,642,633,662,618,626,623,624,636
2019-03-29,608,646.5,627.5,692.5,576,581,637,636,712.5,632.5,903,699,807,667,,,,,,,,,,,,,653,662,705,624,624,709,711,626,666,626,591,594,596,628,640,641,632,661,617,625,622,623,635
2019-03-28,609,646.5,629.5,692.5,575,584,636,641,679.5,635.5,903,708,803,663,,,,,,,,,,,,,654,663,706,625,625,710,712,627,665,625,590,593,595,629,641,642,633,662,618,626,623,624,636
2019-03-27,611,651,632,694.5,580,576,636.5,637,665.5,638.5,904,714.5,803,667,,,,,,,,,,,,,656,665,708,627,627,712,714,629,670,630,595,598,600,631,643,644,635,664,620,628,625,626,638
2019-03-26,611,653,630,694.5,581.5,578,636.5,636,660,637.5,910.5,715.5,803,669,,,,,,,,,,,,,656,665,708,627,627,712,714,629,671.5,631.5,596.5,599.5,601.5,631,643,644,635,664,620,628,625,626,638
2019-03-25,609.5,651,630,682.5,573,,640,,656.5,643.5,913,714.5,807,667,,,,,,,,,,,,,654.5,663.5,706.5,625.5,625.5,710.5,712.5,627.5,663,623,588,591,593,629.5,641.5,642.5,633.5,662.5,618.5,626.5,623.5,624.5,636.5
2019-03-22,615.5,649.5,629,685.5,575,579,642,640,654.5,643.5,913,723.5,807,671,,,,,,,,,,,,,660.5,669.5,712.5,631.5,631.5,716.5,718.5,633.5,665,625,590,593,595,635.5,647.5,648.5,639.5,668.5,624.5,632.5,629.5,630.5,642.5
2019-03-21,617,658.5,628,685.5,584,582,644,642,653,651.5,913,718.5,800,677,,,,,,,,,,,,,662,671,714,633,633,718,720,635,674,634,599,602,604,637,649,650,641,670,626,634,631,632,644
2019-03-20,616.5,658,625,690.5,582.5,588.5,643.5,644,648,647,913,721,800,679,,,,,,,,,,,,,661.5,670.5,713.5,632.5,632.5,717.5,719.5,634.5,672.5,632.5,597.5,600.5,602.5,636.5,648.5,649.5,640.5,669.5,625.5,633.5,630.5,631.5,643.5
2019-03-19,617.5,657.5,623.5,690.5,579.5,582.5,643,641.5,652,640,910,725.5,799,678,,,,,,,,,,,,,662.5,671.5,714.5,633.5,633.5,718.5,720.5,635.5,669.5,629.5,594.5,597.5,599.5,637.5,649.5,650.5,641.5,670.5,626.5,634.5,631.5,632.5,644.5
2019-03-18,617.5,655,624,690.5,574,584,640.5,641.5,650.5,640,910,733.5,799,673,,,,,,,,,,,,,662.5,671.5,714.5,633.5,633.5,718.5,720.5,635.5,664,624,589,592,594,637.5,649.5,650.5,641.5,670.5,626.5,634.5,631.5,632.5,644.5
2019-03-15,619,658,625.5,690.5,587,585,639,640,651,646,910,734.5,808,673,,,,,,,,,,,,,664,673,716,635,635,720,722,637,677,637,602,605,607,639,651,652,643,672,628,636,633,634,646
2019-03-14,620.5,658.5,625.5,690.5,586,583.5,639,640,648.5,648,909.5,735,804,676,,,,,,,,,,,,,665.5,674.5,717.5,636.5,636.5,721.5,723.5,638.5,676,636,601,604,606,640.5,652.5,653.5,644.5,673.5,629.5,637.5,634.5,635.5,647.5
2019-03-13,620.5,656,624.5,723,587,590,641,641.5,644.5,643.5,906.5,736,806,675,,,,,,,,,,,,,665.5,674.5,717.5,636.5,636.5,721.5,723.5,638.5,677,637,602,605,607,640.5,652.5,653.5,644.5,673.5,629.5,637.5,634.5,635.5,647.5
2019-03-12,622,656,625.5,723,588.5,591,642.5,643,646,643,908,730.5,807,674,,,,,,,,,,,,,667,676,719,638,638,723,725,640,678.5,638.5,603.5,606.5,608.5,642,654,655,646,675,631,639,636,637,649
2019-03-11,620,658.5,625.5,690.5,586.5,595.5,646,644,647.5,644,906,728.5,807,672,,,,,,,,,,,,,665,674,717,636,636,721,723,638,676.5,636.5,601.5,604.5,606.5,640,652,653,644,673,629,637,634,635,647
2019-03-08,617,661,623.5,690.5,576,586,651.5,644,655,645.5,906,730.5,810,665.5,,,,,,,,,,,,,662,671,714,633,633,718,720,635,666,626,591,594,596,637,649,650,641,670,626,634,631,632,644
2019-03-07,621,663.5,623.5,690.5,591.5,592,652.5,646,662,648,907,730,810,668.5,,,,,,,,,,,,,666,675,718,637,637,722,724,639,681.5,641.5,606.5,609.5,611.5,641,653,654,645,674,630,638,635,636,648
2019-03-06,618,661.5,624,731.5,588.5,594,652,646.5,662.5,649,912.5,730,810,669.5,,,,,,,,,,,,,663,672,715,634,634,719,721,636,678.5,638.5,603.5,606.5,608.5,638,650,651,642,671,627,635,632,633,645
2019-03-05,620.5,666,622,731.5,587.5,592,651.5,644,663,648,912.5,730,810,669.5,,,,,,,,,,,,,665.5,674.5,717.5,636.5,636.5,721.5,723.5,638.5,677.5,637.5,602.5,605.5,607.5,640.5,652.5,653.5,644.5,673.5,629.5,637.5,634.5,635.5,647.5
2019-03-04,624,673,622.5,682.5,595,588.5,651,641.5,661,644.5,912.5,730,810,669.5,,,,,,,,,,,,,669,678,721,640,640,725,727,642,685,645,610,613,615,644,656,657,648,677,633,641,638,639,651
2019-03-01,627.5,678,619.5,682.5,591,591,651.5,641,657.5,637,912.5,730,814,665.5,,,,,,,,,,,,,672.5,681.5,724.5,643.5,643.5,728.5,730.5,645.5,681,641,606,609,611,647.5,659.5,660.5,651.5,680.5,636.5,644.5,641.5,642.5,654.5
2019-02-28,621,659,617.5,682.5,588,595,653,643.5,649,637.5,906,731.5,803,667,,,,,,,,,,,,,666,675,718,637,637,722,724,639,678,638,603,606,608,641,653,654,645,674,630,638,635,636,648
2019-02-27,622,667.5,615,711,588.5,594,653.5,644.5,647,635.5,906,727.5,803,664,,,,,,,,,,,,,667,676,719,638,638,723,725,640,678.5,638.5,603.5,606.5,608.5,642,654,655,646,675,631,639,636,637,649
2019-02-26,618.5,664,611.5,711,582,589,652,636,640,628,906,731.5,803,665,,,,,,,,,,,,,663.5,672.5,715.5,634.5,634.5,719.5,721.5,636.5,672,632,597,600,602,638.5,650.5,651.5,642.5,671.5,627.5,635.5,632.5,633.5,645.5
2019-02-25,620.5,663.5,614,711,592.5,584,651,636,643,643,906,727.5,803,668.5,,,,,,,,,,,,,665.5,674.5,717.5,636.5,636.5,721.5,723.5,638.5,682.5,642.5,607.5,610.5,612.5,640.5,652.5,653.5,644.5,673.5,629.5,637.5,634.5,635.5,647.5
2019-02-22,618.5,656.5,617,711,574,592,653,642.5,638,652.5,906,711,810,661,,,,,,,,,,,,,663.5,672.5,715.5,634.5,634.5,719.5,721.5,636.5,664,624,589,592,594,638.5,650.5,651.5,642.5,671.5,627.5,635.5,632.5,633.5,645.5
2019-02-21,619,657.5,611,697.5,582.5,589,651,640.5,634,648.5,906,712,803,668,,,,,,,,,,,,,664,673,716,635,635,720,722,637,672.5,632.5,597.5,600.5,602.5,639,651,652,643,672,628,636,633,634,646
2019-02-20,614,660,605.5,711.5,577,587,647.5,643.5,634,651,886.5,707,803,673,,,,,,,,,,,,,659,668,711,630,630,715,717,632,667,627,592,595,597,634,646,647,638,667,623,631,628,629,641
2019-02-19,612,665,604.5,711.5,584,583,646,647.5,632.5,653,885.5,709.5,788,668,,,,,,,,,,,,,657,666,709,628,628,713,715,630,674,634,599,602,604,632,644,645,636,665,621,629,626,627,639
2019-02-18,605,658,603,711.5,586.5,579,641.5,651,626,657.5,885.5,704.5,788,679,,,,,,,,,,,,,650,659,702,621,621,706,708,623,676.5,636.5,601.5,604.5,606.5,625,637,638,629,658,614,622,619,620,632
2019-02-15,597.5,669.5,597,711.5,574,571.5,638.5,642.5,621.5,651,885.5,686,788,676,,,,,,,,,,,,,642.5,651.5,694.5,613.5,613.5,698.5,700.5,615.5,664,624,589,592,594,617.5,629.5,630.5,621.5,650.5,606.5,614.5,611.5,612.5,624.5
2019-02-14,589.5,655.5,593.5,711.5,573,557,633,630.5,613.5,640,885.5,693.5,784,671,,,,,,,,,,,,,634.5,643.5,686.5,605.5,605.5,690.5,692.5,607.5,663,623,588,591,593,609.5,621.5,622.5,613.5,642.5,598.5,606.5,603.5,604.5,616.5
2019-02-13,587,645,581.5,711.5,554,549,629.5,618.5,608.5,633.5,885.5,690,773,663,,,,,,,,,,,,,632,641,684,603,603,688,690,605,644,604,569,572,574,607,619,620,611,640,596,604,601,602,614
2019-02-12,579,636.5,578.5,712.5,552.5,543,627,611,600.5,646.5,885.5,692.5,780,658,,,,,,,,,,,,,624,633,676,595,595,680,682,597,642.5,602.5,567.5,570.5,572.5,599,611,612,603,632,588,596,593,594,606
2019-02-11,579,657.5,581.5,712.5,549.5,540,628,611.5,602,645.5,885.5,695.5,780,647.5,,,,,,,,,,,,,624,633,676,595,595,680,682,597,639.5,599.5,564.5,567.5,569.5,599,611,612,603,632,588,596,593,594,606
2019-02-08,577,661,584.5,712.5,546,534,628,605.5,588.5,645.5,885.5,701,782,653.5,,,,,,,,,,,,,622,631,674,593,593,678,680,595,636,596,561,564,566,597,609,610,601,630,586,594,591,592,604
2019-02-07,578.5,672,589.5,712.5,551,547,628.5,611.5,586,648.5,885.5,703.5,782,652,,,,,,,,,,,,,623.5,632.5,675.5,594.5,594.5,679.5,681.5,596.5,641,601,566,569,571,598.5,610.5,611.5,602.5,631.5,587.5,595.5,592.5,593.5,605.5
2019-02-06,577,667.5,587.5,710,549,547,627,600,601,650.5,885.5,707.5,782,649.5,,,,,,,,,,,,,622,631,674,593,593,678,680,595,639,599,564,567,569,597,609,610,601,630,586,594,591,592,604
2019-02-05,593.5,665,587.5,710,552,551.5,628.5,602.5,611,651,885.5,708.5,783,650,,,,,,,,,,,,,638.5,647.5,690.5,609.5,609.5,694.5,696.5,611.5,642,602,567,570,572,613.5,625.5,626.5,617.5,646.5,602.5,610.5,607.5,608.5,620.5
2019-02-04,577,662,581,710,553.5,545.5,636.5,604,613.5,652,889.5,718.5,782,647.5,,,,,,,,,,,,,622,631,674,593,593,678,680,595,643.5,603.5,568.5,571.5,573.5,597,609,610,601,630,586,594,591,592,604
2019-02-01,573.5,655.5,581,710,540,545,634,595.5,605,628,894.5,710.5,764,647,,,,,,,,,,,,,618.5,627.5,670.5,589.5,589.5,674.5,676.5,591.5,630,590,555,558,560,593.5,605.5,606.5,597.5,626.5,582.5,590.5,587.5,588.5,600.5
2019-01-31,575.5,655,582.5,700,545.5,544,630,596.5,605,629.5,894.5,699.5,764,646,,,,,,,,,,,,,620.5,629.5,672.5,591.5,591.5,676.5,678.5,593.5,635.5,595.5,560.5,563.5,565.5,595.5,607.5,608.5,599.5,628.5,584.5,592.5,589.5,590.5,602.5
2019-01-30,570.5,655,582,700,545,539.5,628,598,603,632,896,690,763,649,,,,,,,,,,,,,615.5,624.5,667.5,586.5,586.5,671.5,673.5,588.5,635,595,560,563,565,590.5,602.5,603.5,594.5,623.5,579.5,587.5,584.5,585.5,597.5
2019-01-29,562,660.5,573,690,534.5,535,622.5,595,597,612.5,896,685,769,639,,,,,,,,,,,,,607,616,659,578,578,663,665,580,624.5,584.5,549.5,552.5,554.5,582,594,595,586,615,571,579,576,577,589
2019-01-28,563.5,637.5,578.5,690,533.5,530.5,626,592,604,615.5,899,685.5,769,637,,,,,,,,,,,,,608.5,617.5,660.5,579.5,579.5,664.5,666.5,581.5,623.5,583.5,548.5,551.5,553.5,583.5,595.5,596.5,587.5,616.5,572.5,580.5,577.5,578.5,590.5
2019-01-25,574.5,644.5,575.5,690,534,539,630,597,600.5,612.5,904,682.5,751,635.5,,,,,,,,,,,,,619.5,628.5,671.5,590.5,590.5,675.5,677.5,592.5,624,584,549,552,554,594.5,606.5,607.5,598.5,627.5,583.5,591.5,588.5,589.5,601.5
2019-01-24,572.5,636,575,690,531.5,534.5,629,595,601,612,900.5,680,751,636,,,,,,,,,,,,,617.5,626.5,669.5,588.5,588.5,673.5,675.5,590.5,621.5,581.5,546.5,549.5,551.5,592.5,604.5,605.5,596.5,625.5,581.5,589.5,586.5,587.5,599.5
2019-01-23,574,633,576,,542.5,534,631,591.5,601,613,900,679.5,752,646.5,,,,,,,,,,,,,619,628,671,590,590,675,677,592,632.5,592.5,557.5,560.5,562.5,594,606,607,598,627,583,591,588,589,601
2019-01-22,572.5,633.5,577,705.5,536,543.5,634.5,592.5,604,616.5,900,678.5,753,647.5,,,,,,,,,,,,,617.5,626.5,669.5,588.5,588.5,673.5,675.5,590.5,626,586,551,554,556,592.5,604.5,605.5,596.5,625.5,581.5,589.5,586.5,587.5,599.5
2019-01-21,576,625.5,578,705.5,540,546,633,594,604.5,623,900,680,753,651,,,,,,,,,,,,,621,630,673,592,592,677,679,594,630,590,555,558,560,596,608,609,600,629,585,593,590,591,603
2019-01-18,574.5,632,579.5,720.5,538.5,544,635,594,606,627,904,670.5,753,656,,,,,,,,,,,,,619.5,628.5,671.5,590.5,590.5,675.5,677.5,592.5,628.5,588.5,553.5,556.5,558.5,594.5,606.5,607.5,598.5,627.5,583.5,591.5,588.5,589.5,601.5
2019-01-17,569,622,579,718.5,533.5,546,633,593,599.5,617.5,904,676.5,753,643,,,,,,,,,,,,,614,623,666,585,585,670,672,587,623.5,583.5,548.5,551.5,553.5,589,601,602,593,622,578,586,583,584,596
2019-01-16,568,621,581,690,538.5,539,635,597,596,617,899.5,677,752,640,,,,,,,,,,,,,613,622,665,584,584,669,671,586,628.5,588.5,553.5,556.5,558.5,588,600,601,592,621,577,585,582,583,595
2019-01-15,565,618,583,690,534,540.5,634.5,595.5,608,619,899.5,673.5,753,642,,,,,,,,,,,,,610,619,662,581,581,666,668,583,624,584,549,552,554,585,597,598,589,618,574,582,579,580,592
2019-01-14,566.5,620,585,,534.5,535.5,630.5,591.5,610.5,615,899.5,676,753,639,,,,,,,,,,,,,611.5,620.5,663.5,582.5,582.5,667.5,669.5,584.5,624.5,584.5,549.5,552.5,554.5,586.5,598.5,599.5,590.5,619.5,575.5,583.5,580.5,581.5,593.5
2019-01-11,569,618.5,592.5,,542,539.5,626,583.5,613,620,899.5,664.5,750.5,642.5,,,,,,,,,,,,,614,623,666,585,585,670,672,587,632,592,557,560,562,589,601,602,593,622,578,586,583,584,596
2019-01-10,556.5,617.5,586.5,,531,533,622,591.5,608.5,618,900,659.5,750.5,666.5,,,,,,,,,,,,,601.5,610.5,653.5,572.5,572.5,657.5,659.5,574.5,621,581,546,549,551,576.5,588.5,589.5,580.5,609.5,565.5,573.5,570.5,571.5,583.5
2019-01-09,549,606.5,579,700,523,529,619,591,601.5,603,893,646.5,730.5,660,,,,,,,,,,,,,594,603,646,565,565,650,652,567,613,573,538,541,543,569,581,582,573,602,558,566,563,564,576
2019-01-08,542.5,596.5,566.5,700,519.5,516.5,614,575,604,596.5,898,647.5,730.5,657.5,,,,,,,,,,,,,587.5,596.5,639.5,558.5,558.5,643.5,645.5,560.5,609.5,569.5,534.5,537.5,539.5,562.5,574.5,575.5,566.5,595.5,551.5,559.5,556.5,557.5,569.5
2019-01-07,535.5,594.5,557,700,516,504,612,571,608.5,590.5,903,640,720.5,658.5,,,,,,,,,,,,,580.5,589.5,632.5,551.5,551.5,636.5,638.5,553.5,606,566,531,534,536,555.5,567.5,568.5,559.5,588.5,544.5,552.5,549.5,550.5,562.5
2019-01-04,519.5,588.5,542.5,,499,493,611,564,590.5,595.5,910,639,712.5,651.5,,,,,,,,,,,,,564.5,573.5,616.5,535.5,535.5,620.5,622.5,537.5,589,549,514,517,519,539.5,551.5,552.5,543.5,572.5,528.5,536.5,533.5,534.5,546.5
2019-01-03,505,568.5,539,,485,487,615.5,547,593,577.5,910,627.5,712.5,645,,,,,,,,,,,,,550,559,602,521,521,606,608,523,575,535,500,503,505,525,537,538,529,558,514,522,519,520,532
2019-01-02,502,566.5,544,685,473.5,478,619.5,539,589.5,569.5,910,635.5,711.5,646,,,,,,,,,,,,,547,556,599,518,518,603,605,520,563.5,523.5,488.5,491.5,493.5,522,534,535,526,555,511,519,516,517,529