Date,SINGAPORE VLSFO,BUSAN VLSFO,HONGKONG VLSFO,TOKYO VLSFO,ROTERDAM VLSFO,ANTWERP VLSFO,NEWYORK VLSFO,HOUSTON VLSFO,LA LongBeach VLSFO,Balboa VLSFO,VALPARAISO VLSFO,SANTOS VLSFO,FUJAIRAH VLSFO,SHANGHAI VLSFO,ALGECIRAS VLSFO,PIRAEUS VLSFO,ISTANBUL VLSFO,SEATTLE VLSFO,MALTA VLSFO,GENOA VLSFO,PANAMA VLSFO,DURBAN VLSFO,COLOMBO VLSFO,STPETERS VLSFO,HAMBURG VLSFO
2026-08-05,816.5,797.5,822.5,811,646.5,643.5,651,667.5,815,714.5,955,815,768,793.5,665.5,794.5,916.5,788,703,660,714.5,889.5,869,1012.5,644.5
2026-08-04,844.5,814,850,812.5,662,668.5,658.5,680,824,713.5,965,825.5,804.5,807.5,710,803,936.5,799.5,719.5,660,713.5,890,892.5,1012.5,656
2026-08-03,840,822.5,833.5,796.5,669,667,692,715,817.5,760.5,973.5,809,799,797.5,705,825.5,940,809.5,709.5,660,760.5,897,884,1012.5,659.5
2026-07-31,837.5,819,833,781,678.5,668,724,734,810,760.5,980.5,814.5,808.5,807,707.5,825,963,845,749.5,740,760.5,898.5,883.5,1012.5,675
2026-07-30,830.5,818,825,790.5,683,676.5,730,730.5,799,765,929,828.5,804,786,700,816,975,843,754.5,750,765,892.5,890.5,1012.5,671.5
2026-07-29,816,787.5,791,761.5,684.5,671,716.5,727.5,788,760,907,829.5,786.5,783,710,821,979.5,823,742,750,760,890,880,1012.5,665
2026-07-28,814.5,798,786,759.5,684.5,683.5,722.5,724.5,828.5,762,902,853,787,763,710,820.5,974,833,743.5,750,762,901.5,880,1012.5,660
2026-07-27,837.5,837,806.5,809.5,678.5,675.5,746.5,746.5,853.5,783,922,853,818,787,730,829,976.5,883,745.5,750,783,891.5,897,1012.5,665
2026-07-24,869,845,839,819.5,697.5,689,773,778.5,866.5,782,909.5,803,852,803,738.5,832,978.5,911,765,730,782,893,911.5,1012.5,687.5
2026-07-23,874.5,862,839.5,812.5,713,693.5,735.5,762.5,855,768.5,910.5,806.5,847.5,823.5,715,816.5,966.5,891,772,730,768.5,897,904.5,1012.5,694
2026-07-22,820.5,816.5,829,765.5,699.5,690,725.5,732,827,757,882.5,753.5,838.5,792,720,812,942,887,759.5,730,757,873,868.5,1012.5,692.5
2026-07-21,785,794,775.5,736,676.5,670.5,730,701.5,813,753.5,889.5,743.5,813,782,700,793.5,935.5,882,730.5,720,753.5,872.5,890.5,1002.5,668.5
2026-07-20,793,822.5,770.5,746,681.5,669,714.5,693,842,762.5,901,751.5,804,744.5,695,797.5,914,855.5,734.5,770,762.5,847,913,1002.5,663
2026-07-17,769.5,815.5,775.5,739,666.5,653,696.5,683,816,740,893,741.5,791,742,687,783,900.5,850.5,709,770,740,838,906,1002.5,663
2026-07-16,780.5,814,777.5,769.5,667,660.5,686,675.5,803,751.5,894,736.5,802.5,762,675,777,887,889.5,710,770,751.5,832,886,992.5,666.5
2026-07-15,775,784,787.5,768,676,658,677,675,809.5,758,894,725.5,811,755.5,710,780.5,887,887.5,732,770,758,829.5,819.5,982.5,675
2026-07-14,750.5,760.5,773,755,659,650,668,663,797,743.5,938,694.5,775,713,705,786,876.5,867.5,740,760,743.5,821.5,783,972.5,678
2026-07-13,692.5,726,734,708.5,630,620,640.5,624.5,747.5,714,921,669.5,725.5,688,640,749,825.5,817.5,671,730,714,820,755,962.5,642.5
2026-07-10,677.5,700.5,714,702,613.5,601,651,620.5,726.5,711,915.5,653,693,674,635,743,822,812.5,647,720,711,829.5,738,952.5,622
2026-07-09,684,723,715,699,608,593,656,636,741.5,721.5,913,642,691,673,632.5,729.5,821.5,814.5,649.5,720,721.5,833.5,735.5,952.5,626
2026-07-08,670.5,678,694.5,690,603.5,593,615,595.5,698,701,903,624.5,667,661.5,622.5,697.5,807.5,784.5,633,690,701,830,730.5,952.5,623.5
2026-07-07,633,662.5,673,675.5,577,562,599,577,664,678,903.5,616,646,647.5,589.5,679.5,795.5,774.5,605.5,660,678,823,731,952.5,596.5
2026-07-06,638.5,657,673.5,684,575.5,571,593.5,566,657.5,674.5,900.5,621,643,649,581.5,690,785,814,609.5,655,674.5,816,737.5,952.5,601.5
2026-07-03,663.5,663.5,687.5,685.5,579.5,580,592.5,565,654.5,673,899,621,677,663,592.5,697.5,786,811,614.5,665,673,812,756.5,942.5,608.5
2026-07-02,667,648,673,688.5,586.5,587,596.5,570.5,657.5,676,923.5,621,696.5,670.5,592,702.5,781,821,625.5,665,676,818,748,932.5,612
2026-07-01,686.5,649.5,687.5,670.5,599.5,586.5,606.5,576.5,658.5,693.5,944.5,623.5,759,670.5,595,700,764.5,831,626.5,665,693.5,817.5,739,922.5,610
2026-06-30,691,667,686.5,693,597.5,586.5,600.5,581.5,653.5,705.5,944.5,623.5,849,680,602,704,767.5,826,625.5,655,705.5,832,762,922.5,616.5
2026-06-29,694,656.5,690.5,686.5,596.5,590.5,619.5,582,671.5,709,945,661.5,898.5,657.5,593,711.5,769,836,641,655,709,854,768.5,912.5,613.5
2026-06-26,712.5,650,713,669,596.5,586,624,584,658.5,712,932,653.5,919.5,653,596.5,706,747.5,704.5,629.5,645,712,835,775.5,912.5,610.5
2026-06-25,703,651,667.5,679,589.5,581.5,619,587.5,654.5,713,950,661.5,956.5,662,597.5,708.5,740,694.5,626.5,708,713,898,767.5,902.5,614.5
2026-06-24,710,670.5,673.5,689,602,588.5,631.5,597,665.5,728,961.5,671.5,992,664.5,637.5,714,743.5,699.5,638,708,728,907,781.5,892.5,610.5
2026-06-23,701.5,690,672,713,591,583.5,613.5,607,662.5,725,955.5,637.5,1039.5,676,620,722.5,744,704.5,635.5,708,725,908,779,882.5,613
2026-06-22,711.5,697,680.5,739,604.5,592,630,612,677,736,967.5,648,1082,677.5,635,736.5,750,944.5,640,729,736,914,798.5,872.5,614.5
2026-06-19,669.5,719,669,730,611.5,600.5,626.5,613.5,672,739.5,957.5,637,1144.5,662.5,640,744.5,740.5,964.5,644.5,719,739.5,908,820,862.5,620
2026-06-18,659,732,676.5,723.5,588,571.5,649,631.5,727,740.5,963.5,654.5,1178.5,653.5,627.5,741,732,964.5,608,685,740.5,902,805,862.5,612
2026-06-17,645.5,735.5,655,740.5,594,582.5,636.5,619.5,719,729.5,953.5,688.5,1193,653.5,632.5,746.5,738,982.5,619,685,729.5,938,829,852.5,609
2026-06-16,665.5,761,675.5,743,598,599.5,674.5,651,734,765.5,950.5,716.5,1209.5,673.5,630,767,755.5,1002.5,672,680,765.5,982,836.5,842.5,632.5
2026-06-15,685,767.5,710.5,766.5,615.5,621.5,710,677.5,854.5,801.5,958,734.5,1227.5,703.5,660,781,780,1046.5,641,680,801.5,988,897.5,832.5,640
2026-06-12,723.5,761,745,790.5,638.5,637,723,715,840.5,819.5,963.5,734.5,1275,736.5,677.5,810.5,815,1088.5,702.5,685,819.5,1011,910,822.5,667.5
2026-06-11,748.5,772,772.5,806.5,672,656,742.5,729.5,848.5,832.5,1010,735.5,1229,755.5,705,807.5,848,1107.5,715.5,711,832.5,1053.5,940,812.5,686
2026-06-10,748,774.5,780,806,670,671,746,731.5,909,834.5,1011.5,759.5,1217.5,754,720,824.5,848,1097.5,706.5,711,834.5,1170,941,802.5,686.5
2026-06-09,770.5,792.5,804.5,830,676,681.5,757,736,918,849.5,1015,808.5,1211,794,727.5,819,852.5,1085.5,682.5,682,849.5,1163.5,949,792.5,706.5
2026-06-08,797.5,815,848,842,701,691.5,765,752,933.5,853.5,1016,803.5,1233.5,779,752.5,841,876.5,1100.5,726.5,,853.5,1170,943,782.5,716
2026-06-05,789,821,851,845.5,696.5,687.5,757,744,954.5,851.5,1032.5,792.5,1241,783.5,727.5,835.5,857.5,1068.5,710.5,,851.5,1175.5,948,772.5,709.5
2026-06-04,804.5,829,861.5,852,709,694.5,778,768,971,867.5,1042,771,1183,802,729,845.5,875.5,1124.5,713,,867.5,1171,943.5,762.5,715.5
2026-06-03,804.5,831.5,857,860,716.5,705,788.5,786,978,870.5,1042,773.5,1201,794.5,731,843.5,887,1132.5,730,754,870.5,1170,945.5,752.5,732
2026-06-02,792,809,839,864.5,712.5,695.5,786.5,772,950,867.5,1046.5,763,1063.5,783,715.5,840,882.5,1132.5,715,754,867.5,1157,958.5,742.5,719.5
2026-06-01,789,794.5,846,858.5,726,709.5,784,768,951.5,875,1039,772.5,1003.5,781.5,722.5,858.5,887.5,1127,737.5,754,875,1159.5,943,742.5,736
2026-05-29,781,787,841,868,699.5,703,783,755,964,854.5,1045,785,1024.5,778.5,710,847.5,884,1133.5,720.5,754,854.5,1138.5,937.5,742.5,720.5
2026-05-28,790.5,794,854.5,869.5,703,707,780,769,992.5,882.5,1045,803.5,954.5,824,725,859.5,904.5,1133.5,727.5,754,882.5,1218.5,960.5,742.5,738.5
2026-05-27,794.5,772.5,848,884.5,712,705.5,796.5,787.5,985.5,885,1045,786.5,951,823,730,848,904.5,1143.5,722,754,885,1227,945,742.5,748
2026-05-26,793.5,781,850.5,896.5,725,727.5,823.5,807.5,985.5,921.5,1051,788,927.5,831,725,866,911,1058.5,727,754,921.5,1250.5,946.5,752.5,745.5
2026-05-25,782,789,878,874.5,720.5,708.5,834,798,970,927,1032,809,889.5,779.5,765,842.5,906,1153.5,739.5,754,927,1276.5,931.5,752.5,820.5
2026-05-22,827.5,884,892,927.5,758.5,745.5,838,836.5,998.5,937.5,1048,852,906.5,817.5,765,872.5,936.5,1156.5,759,754,937.5,1276.5,969.5,752.5,820.5
2026-05-21,832,918,879.5,941.5,766.5,750.5,834.5,842,1004,944.5,1048,833.5,910,834.5,767.5,883.5,953.5,1154.5,773,754,944.5,1327.5,987.5,752.5,836.5
2026-05-20,865.5,944,896,985,781.5,766,842,856.5,1057.5,963.5,1022.5,834,944.5,859,797.5,895.5,971.5,1090,778,810,963.5,1363,1014.5,752.5,837.5
2026-05-19,882.5,971.5,915,995,790,777.5,846,866,1055.5,969.5,1067.5,836,969.5,869,787.5,896.5,986,1187.5,785,810,969.5,1350,989,752.5,841
2026-05-18,882,1006.5,909,991.5,790.5,783.5,840,863.5,1060.5,955,1062.5,852.5,947.5,838.5,797.5,909,993,1187.5,820.5,810,955,1357.5,954,752.5,829
2026-05-15,852.5,1027,894.5,980,771,774,833,853.5,1079,948,1057.5,828,907.5,819.5,792.5,898,995,1162.5,807,792,948,1366,969.5,752.5,824.5
2026-05-14,836,1049.5,890.5,972,780.5,773,834,847,1069.5,938,1062,821,889.5,802.5,773.5,901.5,987,1162.5,807.5,805,938,1344.5,949.5,752.5,823.5
2026-05-13,840,1071.5,865.5,975.5,768,770,833,865,1068.5,950,1061.5,835,893,803.5,786.5,890.5,989,1160.5,781.5,805,950,1366,964.5,752.5,820
2026-05-12,829.5,1072.5,852,965.5,794,786,818,859,1063,965.5,1069.5,814,897.5,801,782.5,902,996.5,1149.5,816,805,965.5,1336.5,972.5,752.5,801.5
2026-05-11,809,1036,810,956,809,804,797,839,1050,951,1061.5,880.5,882.5,780.5,792.5,900.5,989,1125.5,851.5,854,951,1352.5,978,752.5,809
2026-05-08,801.5,1043,834.5,970,791.5,798,796.5,806,1033.5,935,1112,848.5,880.5,778.5,801.5,910,963,1206.5,809,854,935,1367.5,990.5,752.5,807.5
2026-05-07,816,983.5,867,907.5,786.5,784.5,792.5,815,1053.5,943,1126.5,783.5,899.5,804.5,740.5,891.5,976.5,1206.5,810.5,854,943,1399.5,983.5,752.5,768.5
2026-05-06,843,1019,902.5,1024,799.5,791,816.5,864,1080.5,967.5,1117.5,773,945,834,849.5,904.5,960.5,1206.5,855.5,854,967.5,1419.5,980.5,745,797.5
2026-05-05,862,1084.5,888.5,1025.5,842.5,813.5,862,901,1068,994,1117.5,773.5,939.5,836,860,900,984,1206.5,873,830,994,1422,1006,745,837
2026-05-04,815,1002.5,845.5,960.5,792.5,792,839.5,889.5,1042,972.5,1115.5,759,896,811.5,815,886,965.5,1176.5,877.5,830,972.5,1417.5,982,745,829.5
2026-05-01,785,1035.5,840.5,930.5,787.5,769,801,856,1040,972,1075,783,890,779,805,891,954,1170.5,829.5,830,972,1388.5,1002,745,815.5
2026-04-30,814,980,835.5,956,792.5,777.5,806,912,1040,974.5,1137.5,767,895,800,790,876.5,983.5,1170.5,847,790,974.5,1406,1002,745,786
2026-04-29,777,900.5,813,934,772,747,806.5,899.5,1042,967,1118,749.5,848.5,783.5,805,862.5,956,1156.5,832,790,967,1423,1003.5,745,779
2026-04-28,764,861.5,798,941.5,744,725,797.5,878,1006,937,1110,732.5,824,768,787.5,840,948,1146.5,806.5,770,937,1396.5,999.5,735,761.5
2026-04-27,759.5,830.5,785,930,720.5,711,778,872,1003.5,942,1111,719.5,806.5,762,782.5,824,938.5,1136.5,793,825,942,1398.5,990,735,743.5
2026-04-24,755,819,782.5,918,717,697,783,852,993.5,955,1134,705,790.5,743.5,767.5,809,922,1096.5,825,825,955,1546,1009.5,760,738.5
2026-04-23,738.5,817.5,753,898,693,679,764,848,988,944.5,1134,693.5,763,737.5,782.5,811.5,906,1096.5,787.5,732,944.5,1520.5,1010.5,735,726.5
2026-04-22,708.5,788,737,865,666.5,653,733,831,968.5,919.5,1145,673,724,706,722.5,801,884.5,1061.5,754.5,732,919.5,1511,998.5,742.5,701.5
2026-04-21,680,787.5,720,859.5,664,648.5,727,809.5,954,885.5,1142,683.5,690,727.5,717.5,795.5,869.5,1010.5,733,715,885.5,1469.5,991,742.5,691.5
2026-04-20,696,777.5,733.5,875,659,660,732.5,807,966.5,882,1143,749.5,702,737,707.5,785.5,877.5,1041.5,732.5,715,882,1516,987,762.5,691.5
2026-04-17,713.5,781,758,883.5,665.5,661,738.5,813,1021,893,1138,803,707.5,750,707.5,791,883,1121.5,711,715,893,1533,994,762.5,697
2026-04-16,717,803,763.5,893.5,663,672.5,750.5,833.5,1036,900.5,1143.5,803,713,759.5,690,803,897.5,1121.5,731,715,900.5,1541,1044.5,762.5,701
2026-04-15,728,807,771.5,913,670,675.5,742.5,829.5,1051,902,1151,803,719,769.5,710,813.5,888,1125.5,738.5,715,902,1533.5,1046.5,762.5,700.5
2026-04-14,749,843,800.5,917.5,669,667,755.5,843,1058.5,918.5,1159.5,,733.5,810.5,717,814,908,1150.5,747.5,715,918.5,1514,1110.5,762.5,701.5
2026-04-13,762,867,808.5,909.5,687.5,673.5,754,849,1043.5,938.5,1156.5,859,748,807.5,733,826.5,911.5,1189.5,747.5,715,938.5,1524,1072,762.5,713.5
2026-04-10,766.5,856,810.5,913,670.5,663.5,722,841.5,1078,922.5,1136,860.5,747,809,708.5,835,905,1170.5,736,675,922.5,1522,1092,762.5,697
2026-04-09,765.5,861,833.5,898,695.5,701,771,814,1088,902,1136.5,860.5,754,808.5,707.5,847.5,914,1170.5,738.5,675,902,1562.5,1059.5,762.5,698.5
2026-04-08,795.5,890.5,850,949.5,671,697,828,899,1087,947.5,1141,865,779.5,830.5,712.5,861.5,918,1255.5,746.5,805,947.5,1570.5,1106,862.5,717
2026-04-07,865.5,961.5,884.5,1007.5,744.5,731,834,919,1172,973,1160,868,846,943.5,826.5,869,1003.5,1255.5,835.5,805,973,1701,1146.5,802.5,767.5
2026-04-06,888,987,920,1005.5,748,726,838,913.5,1235,978.5,1173,854,854.5,943.5,792.5,892.5,1012,1235.5,790.5,805,978.5,1676,1166.5,802.5,772
2026-04-03,879,985.5,920,977.5,741,726,784,854.5,1140,905.5,1114,854,867.5,851,792.5,875,1029,1151.5,805.5,805,905.5,1660,1166.5,802.5,772
2026-04-02,879,985.5,920,977.5,741,726,784,854.5,1140,905.5,1114,862,867.5,851,792.5,875,1029,1151.5,805.5,805,905.5,1660,1166.5,802.5,772
2026-04-01,873.5,982,909.5,962.5,716.5,714,819,903.5,1183,949.5,1119,862,841.5,868.5,787.5,863.5,984.5,1151.5,785,805,949.5,1665,1144.5,802.5,734
2026-03-31,868,1003,932,970,746,750.5,819,898,1164.5,969,1121,862,869.5,869,797.5,875,1006.5,1091.5,796.5,805,969,1656,1183,802.5,747
2026-03-30,877.5,999,941,971,760,752,808,882.5,1171,963,1091.5,880,890.5,878.5,832.5,872,1024.5,1046.5,800,805,963,1655.5,1207.5,802.5,749
2026-03-27,834,983,928,970.5,746,730,825.5,868,1060,913,1077,842,866,853.5,787.5,878,981,1022.5,765,805,913,1640,1194.5,752.5,766
2026-03-26,838.5,993,917.5,935,737,721.5,779.5,831.5,995.5,970.5,1067,866,860.5,870,772.5,850.5,979.5,1022.5,755,,970.5,1692,1210,682.5,723
2026-03-25,839,991,920,919,730.5,706,736.5,782,1022.5,966.5,1072,893,863,874,762.5,868.5,979,1014.5,792,,966.5,1695,1154,682.5,724.5
2026-03-24,894.5,1011.5,961,1030.5,757.5,756,760,801.5,1126,992.5,960.5,1052,941.5,941.5,877.5,874.5,977.5,1044.5,811,,992.5,1577.5,1176,668.5,737.5
2026-03-23,986,1133,1060.5,1199,829.5,819.5,786.5,808,1167,988,976.5,1087,1039,1040.5,877.5,922,1006.5,1106.5,876.5,,988,1605,1265,668.5,766
2026-03-20,1015.5,1179.5,1061.5,1321,847.5,818,820,836.5,1247,1011.5,944,1095,1074.5,1068,852.5,923.5,966,1121.5,844.5,,1011.5,1497,1298.5,773.5,807
2026-03-19,1070,1223,1104,1263,815.5,811.5,785,856.5,1133,1016.5,944,1090,1104,1059,892.5,906.5,961,1121.5,838.5,,1016.5,1487.5,1315.5,668.5,770
2026-03-18,1004.5,1267,1047,1200.5,784,763,773,806.5,1098,989.5,932.5,1106,1032,1042,832.5,873.5,915.5,1078.5,814.5,,989.5,1417,1265.5,668.5,737.5
2026-03-17,1076.5,1387.5,1100,1189,764,736.5,741,778,1101.5,986.5,921,1193,1060.5,1110,802.5,849,917.5,1066,825,,986.5,1198.5,1302.5,668.5,739
2026-03-16,1119.5,1462,1134,1188,772.5,762,771,788.5,1111.5,1018.5,924.5,1182,1085,1081.5,842.5,860.5,920,1021,818.5,670,1018.5,1229.5,1301.5,668.5,735
2026-03-13,1120.5,1469.5,1119,1239.5,751,715.5,749,743,1072.5,1056,935.5,1093,1088.5,1131.5,839,822,919.5,1040.5,818.5,670,1056,1034,1358.5,668.5,733.5
2026-03-12,1085.5,1526,1077.5,1115,775.5,749.5,731.5,716.5,1060.5,1015,910.5,1110,1052.5,1087,844,862.5,924.5,990.5,789,670,1015,1028.5,1286.5,668.5,736.5
2026-03-11,1049,1378.5,1032,1074,748,735.5,718,685,1037,885,910.5,1055,1018,1094,744,828,882,990.5,722,670,885,1045,1249,668.5,721
2026-03-10,1050.5,1191.5,1031,929.5,726,632.5,682.5,718.5,966,835.5,952,1100,918,1171.5,784,789.5,854.5,946,742.5,670,835.5,970,1002,602.5,680.5
2026-03-09,1116,1323.5,1083.5,994,772.5,726,747.5,775.5,992,881.5,882,872,975.5,963,914,835.5,929,951,835.5,670,881.5,970,953,541.5,680.5
2026-03-06,822.5,902.5,799.5,728,631.5,617,664,668,726.5,732.5,824,666,742.5,736.5,681,724.5,768,741.5,660,670,732.5,876.5,775.5,541.5,611
2026-03-05,695.5,786.5,694,672,615.5,625,631,600.5,717,670,819.5,621,691.5,688,626.5,698,752.5,735.5,662.5,670,670,761.5,740,541.5,608.5
2026-03-04,658.5,715,663,660,607,559,622.5,589,689.5,654.5,827,604,672.5,656.5,643.5,689,736.5,719.5,646,670,654.5,742,720.5,541.5,584
2026-03-03,640.5,680,621,639.5,573.5,521.5,631.5,579,648,638.5,801.5,586,629,607,621,644.5,741.5,708.5,632.5,670,638.5,713,649,506.5,574
2026-03-02,574.5,586.5,571,586,531,492,599,553,614,605,802.5,557,564,567,521,622,706,687.5,603.5,500,605,648.5,583,506.5,482.5
2026-02-27,521.5,538.5,530.5,548.5,489.5,470.5,532,494.5,572.5,554,773.5,512,519.5,526,521,591,645,582.5,530.5,500,554,617.5,562,506.5,482.5
2026-02-26,513,529.5,519.5,543,480,468.5,529,493,583,548.5,771.5,508,509.5,522.5,496,585,644.5,584.5,534,500,548.5,615.5,559,506.5,484
2026-02-25,511.5,528.5,520.5,543,481,470.5,530,488.5,584.5,550.5,770,515,507.5,526,504,582.5,649.5,566.5,534.5,500,550.5,608.5,562.5,506.5,477.5
2026-02-24,514.5,524,522,546.5,480.5,469.5,530,490.5,583.5,558.5,768,513,508,527,504.5,579,642,566.5,528.5,500,558.5,606.5,561,501.5,473.5
2026-02-23,515,525.5,522.5,536,476.5,472.5,531.5,492.5,594.5,555,768,499,503,522.5,514.5,580.5,659,563,530.5,490,555,611,562.5,495,481.5
2026-02-20,516,522.5,522.5,539.5,473,462,534,490.5,579.5,553.5,772,497,511,526.5,505.5,575,663,564.5,535,490,553.5,598.5,567.5,495,484
2026-02-19,508,525.5,523,539,473,462,523.5,485,601.5,550,773.5,484,508,536,506.5,571,652.5,561.5,520.5,475,550,593,546.5,495,482.5
2026-02-18,490,509.5,498,517.5,457.5,447.5,518,468.5,573,527.5,769,484,476.5,505.5,479.5,556,641.5,550.5,499,470,527.5,593.5,531,495,465
2026-02-17,490.5,518.5,498,518.5,456.5,444.5,509,457.5,531.5,517.5,766,484,478,505.5,470.5,553,636,547.5,502,460,517.5,591.5,541,495,468
2026-02-16,484.5,503.5,498,513.5,450.5,439.5,507,455.5,531.5,516,766,484,476,505.5,475.5,557,639.5,547.5,489,465,516,589,526,510,456
2026-02-13,482.5,502.5,492.5,512,455,437,507,460,535.5,519.5,766,482,469,501,472,557,620,547.5,484,465,519.5,592,534.5,510,453.5
2026-02-12,491.5,511.5,504,524.5,455,446,515,470.5,561,526,768,494,482,513.5,479.5,549.5,626,549.5,489,470,526,590.5,540.5,510,457.5
2026-02-11,491,514,502,522.5,457,445,520.5,472.5,573.5,525.5,757.5,488,478.5,506,479.5,554.5,626,548.5,487.5,468,525.5,588.5,534,505,459
2026-02-10,487.5,502.5,495,515,456.5,443,503.5,467.5,570,514,757.5,485,472,497.5,472.5,546.5,618,541,482.5,465,514,588,530,495,453.5
2026-02-09,485.5,503,490.5,510,452,438,505,465,567.5,512,752.5,483,468.5,497.5,475.5,542.5,605,549.5,475.5,460,512,582,529.5,500,450
2026-02-06,489.5,504.5,496,514,450.5,438,496.5,457.5,572.5,503,752,488,471,499.5,468.5,542.5,605.5,551,475,462,503,586,534.5,500,453
2026-02-05,490,502.5,502.5,514,457.5,449,501.5,457.5,567.5,495.5,755,470,479.5,505,476.5,538.5,602.5,553,477,462,495.5,588.5,539,485,452.5
2026-02-04,484.5,501.5,495,510,448,444,504.5,463,567,491.5,755.5,474,475,492.5,461.5,537.5,595.5,559.5,471.5,460,491.5,572,533,500,441.5
2026-02-03,471,485.5,481.5,505,433,430,496.5,453.5,560,484,753.5,462,460.5,485,457.5,538.5,590,554.5,459.5,455,484,582,517.5,500,436
2026-02-02,473,486,478.5,505,428,421,499,462,558,483.5,753,463,457.5,492,459.5,542.5,583,538.5,450.5,460,483.5,582.5,523.5,500,464
2026-01-30,485.5,504.5,491,512,438,426,508,476.5,562,492,752.5,480,469.5,499,468.5,542,576,544.5,471,465,492,585,528.5,500,453
2026-01-29,484.5,506.5,489.5,513,438,429.5,491.5,474,563,487.5,760.5,483,470.5,495,473.5,537,576,515.5,473,460,487.5,584,528.5,490,447
2026-01-28,476,500.5,478.5,507,435.5,426.5,489,457,549.5,480,756.5,470,463,484,456.5,532,564,541.5,456.5,460,480,573,519.5,490,440
2026-01-27,468,498.5,473,502,432,427,478.5,451,535,473.5,750.5,458,455,481.5,449.5,527.5,560.5,560.5,461,460,473.5,567.5,509.5,490,435.5
2026-01-26,465.5,505,472.5,502,444,427,481.5,449,531.5,473.5,754.5,458,456,476.5,462.5,526.5,557.5,537.5,462.5,460,473.5,568,513.5,491.5,441
2026-01-23,459.5,498.5,467.5,503.5,435,419,475,442,533.5,468,755,464,446.5,473.5,446.5,523.5,552,547.5,460,450,468,571,515.5,491.5,435
2026-01-22,457,521,465.5,500.5,428.5,418.5,474,446.5,535,460,756,459,448.5,469.5,453.5,519.5,550.5,520.5,454.5,450,460,566,506,491.5,432
2026-01-21,450,508.5,459,492.5,429,419,475,442.5,529,457,756.5,451,444,463.5,441.5,521,548,517,443,455,457,563,502.5,491.5,442.5
2026-01-20,451.5,506.5,458,495,429,419,471,438.5,498.5,448.5,741,444,441,466,440.5,516,546.5,507,444.5,455,448.5,559,501,491.5,431
2026-01-19,449.5,500,458,493,428.5,414.5,470,438,507.5,452.5,743.5,453,443.5,464.5,436.5,523,547.5,507,441.5,455,452.5,547.5,499,490,428.5
2026-01-16,448.5,505,457.5,493.5,432,415,470,431,517.5,456,741,456,440,464,438.5,526,535.5,502,446.5,455,456,539.5,498.5,490,430
2026-01-15,449.5,505.5,458.5,497,432.5,420.5,473.5,438,527.5,458,734,450,442,464,441.5,517,535,506,444.5,455,458,545.5,504,490,430
2026-01-14,448,506.5,459.5,489.5,430.5,428,477,446,511.5,464,729,450,439.5,462.5,452.5,514.5,560,501,453,460,464,529.5,497,490,435
2026-01-13,438.5,478,453,504.5,426,422,474,438,509,453.5,723,450,434.5,458,447.5,508,527,535.5,444,455,453.5,530,488.5,490,436.5
2026-01-12,431.5,466,446.5,494.5,421.5,413.5,465.5,422,502.5,443,723,430,429,456.5,432.5,504.5,536,533.5,436.5,445,443,527.5,492.5,485,426.5
2026-01-09,430.5,465.5,443.5,502.5,414,412,467,414,491.5,435.5,722.5,430,427,454,435.5,501.5,533,471.5,432.5,445,435.5,521,477.5,485,424.5
2026-01-08,423.5,451.5,437.5,503,411.5,411.5,459,410,490.5,430,720,430,421,449,420.5,500,535,468.5,425,440,430,524,477.5,485,420
2026-01-07,422.5,444.5,439.5,502.5,407.5,405.5,461,408,495,430,718.5,435,421.5,456,427.5,500,533.5,468.5,422,445,430,521,479.5,485,420.5
2026-01-06,427,447,440.5,506,420,420.5,470,411.5,479.5,434.5,720.5,435,425,450,434.5,499.5,536.5,498.5,421.5,440,434.5,525.5,479.5,485,424
2026-01-05,425,443.5,439.5,507,412.5,416,467,413,484.5,437,721.5,435,423,458.5,425.5,502.5,536.5,476.5,419.5,468,437,520.5,480.5,491.5,426.5
2026-01-02,430,443.5,445,502,420,417,461,412.5,491,442,719,430,427,460.5,425.5,500.5,540,488.5,422.5,470,442,522,483,491.5,431
2026-01-01,433.5,438,448,503,414.5,417,466.5,420.5,493.5,446.5,721,435,429,462.5,431,500.5,545,496.5,437.5,455,446.5,525.5,483.5,491.5,429
2025-12-31,432.5,438,448,503,413,417,466.5,418,493.5,446.5,720.5,433,427,462.5,431,499,548.5,496.5,437.5,455,446.5,525.5,483.5,491.5,429
2025-12-30,427.5,436.5,449,491,415,419,462.5,417,493.5,443.5,721,438,427.5,472.5,426,509,542.5,496.5,436,455,443.5,522,478.5,491.5,435
2025-12-29,426,429,447,516,402.5,408.5,465.5,420.5,496,442.5,723,448,426.5,465.5,429,519,549,506.5,436.5,455,442.5,527,478.5,491.5,429
2025-12-26,435.5,429.5,447.5,514,401,405.5,463.5,415.5,488,424,721,436,430.5,466.5,431,499,541.5,502.5,438,455,424,528,483.5,491.5,428.5
2025-12-25,434.5,429.5,447.5,510,399,403.5,463.5,420.5,493,429,721,441,431,464.5,431,499,549,502.5,438,455,429,528,483.5,491.5,428.5
2025-12-24,434.5,429.5,447.5,510,399,403.5,463.5,420.5,493,429,721,441,431,464.5,431,499,549,502.5,438,455,429,528,483.5,491.5,428.5
2025-12-23,432.5,428,447.5,500.5,399,404.5,469.5,421.5,492.5,434.5,715.5,443,429,458.5,440.5,509,552,499.5,433,460,434.5,518.5,483.5,486.5,427
2025-12-22,426.5,427,437.5,497.5,396,398.5,455.5,411.5,489.5,434,719.5,443,423,452.5,428.5,499,554,497.5,426.5,460,434,509.5,481.5,486.5,414
2025-12-19,421,424.5,440,495.5,385,384.5,467,409.5,486.5,420,717.5,431,419.5,451.5,433.5,511.5,558,501,419.5,455,420,517,490.5,486.5,412
2025-12-18,422.5,427.5,442,495.5,387,388.5,454.5,401,485,424,721.5,428,420.5,450.5,430.5,506.5,555,499,418.5,455,424,509,489,486.5,410.5
2025-12-17,422.5,430.5,440,492.5,389,386,459.5,403.5,484.5,423.5,725.5,423,419.5,445.5,421.5,508.5,556.5,499.5,422,455,423.5,511.5,493,486.5,414
2025-12-16,424,433.5,441.5,489,392,390.5,461,404.5,487.5,425,724,428,420,449,421,511.5,569.5,501,418,445,425,512,493,486.5,419.5
2025-12-15,431.5,437,447,490.5,394.5,397,461.5,406.5,490.5,427.5,715.5,433,426.5,445.5,436,517,579,471.5,422.5,445,427.5,511,493,495,423
2025-12-12,430.5,439.5,446.5,486.5,398.5,398.5,467.5,411,485,431,714.5,428,426,445.5,438.5,515.5,590,473.5,423.5,450,431,517.5,493.5,495,424
2025-12-11,429,441,448,493.5,397.5,396,469.5,418.5,486.5,435.5,720.5,438,423,451,427.5,518.5,587,476.5,420,450,435.5,514.5,498.5,495,418
2025-12-10,433.5,443.5,451,494.5,402,401.5,472,427.5,488,440,722,438,427,448.5,435.5,519.5,588,507.5,428,456,440,512,498,495,422.5
2025-12-09,437,445.5,453,498.5,403.5,406,470,431.5,489,441,723.5,436,427.5,455.5,433.5,521,598,510.5,421,456,441,512.5,502,498.5,426.5
2025-12-08,441,449.5,456.5,502.5,404,404.5,471,436.5,481.5,444,727.5,441,436,456.5,435.5,521,595.5,515,426,456,444,517.5,503,493.5,434
2025-12-05,438.5,448,453,495,407,403,462,436.5,492,442.5,734.5,486,435,454,439.5,522,612.5,507.5,433,456,442.5,515,498,493.5,433.5
2025-12-04,436.5,442.5,452.5,488,406,403,460.5,437,488.5,441.5,726.5,476,431,448.5,436.5,524,601,511.5,425,445,441.5,529.5,493.5,493.5,442
2025-12-03,437.5,449.5,456,488.5,408,404.5,459,429.5,492,444.5,726,439,433,455,437.5,525,599,516,433.5,470,444.5,517.5,494,493.5,418.5
2025-12-02,441,457,458.5,482.5,406.5,410,465.5,433,492.5,451,715,460,434,458,439.5,527.5,607,535,435,495,451,532.5,494,493.5,438
2025-12-01,441.5,449.5,461,479.5,408,407,464.5,435,497.5,449,713,466,433.5,457,443.5,529,616.5,535,442.5,495,449,525,494,498.5,439.5
2025-11-28,437.5,443.5,459,483.5,407,407,464.5,431.5,492.5,447,713,461,431.5,458.5,435,531.5,604.5,535,439.5,495,447,527,499,498.5,438.5
2025-11-27,437.5,450,460.5,477.5,403.5,405.5,466.5,432.5,492.5,449,714.5,456,433,457,433.5,533,602,535,439.5,490,449,530.5,500,498.5,440.5
2025-11-26,435.5,451,447.5,476.5,405,408,461,429,488,441,711.5,450,431.5,456,432.5,538,599.5,527,434.5,490,441,538.5,499,498.5,440
2025-11-25,437.5,458.5,451,473.5,408.5,408.5,462,435.5,490.5,440.5,711,450,436.5,459.5,428,539,601,529.5,440,490,440.5,546,507,498.5,438.5
2025-11-24,442,465.5,454.5,476,411.5,416,464.5,441.5,494.5,445.5,712.5,470,436.5,469.5,431,541.5,604,533,436,490,445.5,546,505.5,498.5,439.5
2025-11-21,450,459.5,461,484,415.5,417.5,477,441.5,497,454,716.5,475,443,472,445,549,616.5,533.5,439.5,490,454,548.5,505,498.5,449.5
2025-11-20,459.5,476.5,468.5,487.5,425,426,469,439.5,497,457,713.5,475,452,478,438.5,557,615.5,537.5,448.5,490,457,544.5,514,498.5,450
2025-11-19,466,483,471,493,425.5,428,471.5,436,513,454,722,493,459.5,482,453.5,557,619.5,540.5,456.5,490,454,541.5,513.5,498.5,456.5
2025-11-18,465,484,473,491,434.5,429.5,474.5,435.5,510.5,455.5,723,505,464,484,446.5,560,623,543.5,455.5,490,455.5,544,517.5,503.5,451.5
2025-11-17,465.5,487.5,473,492.5,434.5,431,475.5,437,507,459,723.5,485,452.5,487.5,458.5,559.5,618.5,548.5,457.5,490,459,541.5,517.5,503.5,454
2025-11-14,461,489,471,488.5,433,431.5,465,436,508,451,719,480,458,487.5,455,560.5,617,604.5,455.5,485,451,548,517.5,503.5,453
2025-11-13,461.5,488.5,472.5,493,433.5,436,471,443,505.5,448,717.5,465,457,488,443,557.5,615,597.5,454,475,448,545.5,519.5,503.5,453.5
2025-11-12,466.5,495,481,494,436,435,477,441,517.5,470,721.5,472,463.5,487.5,460,557.5,624.5,519.5,465.5,487,470,547.5,524,518.5,460.5
2025-11-11,469.5,489.5,477.5,485.5,435,430,483.5,446,511.5,471.5,725,476,459.5,489.5,470.5,557,626.5,547.5,464.5,490,471.5,539.5,513,518.5,455.5
2025-11-10,468,496,478,484.5,439.5,435,481.5,443.5,518,470.5,722,470,462,486,473.5,555.5,628.5,547.5,466.5,482,470.5,544.5,513.5,518.5,458.5
2025-11-07,465,497.5,473,477,435.5,435,480.5,438.5,524,463.5,717,470,463.5,481.5,461.5,554,618,541,458,482,463.5,540.5,516,508.5,459
2025-11-06,467.5,493,471.5,481.5,433,433.5,481.5,437,526,465,718,465,461,478.5,468.5,554.5,621.5,553,462,482,465,548,517.5,513.5,466
2025-11-05,466.5,494,475.5,492.5,433.5,434,476.5,451.5,528.5,468.5,718,470,459.5,486,459.5,554.5,618,553,461,482,468.5,542,516,513.5,465
2025-11-04,468,499,478,501,435,435,481.5,444.5,524,467.5,717,460.5,462.5,489,454.5,556.5,621.5,553,455.5,482,467.5,551,513.5,513.5,464
2025-11-03,471.5,498,476.5,500,434,435,484.5,446,527,470.5,719,465.5,464.5,485.5,462.5,552.5,624.5,557.5,463,490,470.5,546.5,516.5,506.5,462
2025-10-31,464.5,476.5,471.5,495.5,433.5,431.5,480.5,445.5,516,475,719,460.5,459,480.5,455.5,556.5,620,563,463,480,475,542,513,506.5,456
2025-10-30,460,481,466.5,494,436.5,433.5,480,442,513.5,474,721.5,475.5,454,477,456.5,556,614,563,461.5,480,474,544,511.5,506.5,461
2025-10-29,457.5,485,466,498.5,427.5,424.5,479.5,442,516,474.5,721.5,479.5,453.5,487,462.5,567,620,563,461.5,475,474.5,543.5,513.5,537.5,474
2025-10-28,457.5,483.5,469,501,440.5,439,485,452.5,514.5,473,723.5,470.5,461,487,462.5,555,620.5,557,466,504,473,544,515,537.5,464
2025-10-27,460,497,474,502.5,437,436.5,486.5,456.5,526,475,728.5,478.5,461,490,468.5,549.5,621.5,555,472,570,475,556.5,517,537.5,468
2025-10-24,461,493,474,504.5,441.5,440,510,464.5,531,482,742.5,477.5,454.5,484,476.5,550.5,609.5,542.5,475,570,482,556,512.5,522.5,478
2025-10-23,455,491.5,464.5,486.5,435.5,433,489,468,533.5,473,717.5,476.5,449,474.5,466.5,546,629.5,527.5,470,570,473,540,509,522.5,456
2025-10-22,446.5,483,459,488.5,419.5,419,474,434.5,525.5,454.5,712.5,459.5,440,473.5,452.5,546,622,532.5,451,570,454.5,549,504.5,522.5,448
2025-10-21,443.5,483.5,459,496.5,419,413,469,428.5,521.5,449,713.5,451,437.5,494.5,447,544.5,623.5,530,445.5,570,449,525.5,515,527.5,435.5
2025-10-20,440,480,459,486.5,423.5,423,468,436,522.5,450,711.5,451,436.5,478,442,545.5,621.5,541,440,570,450,543,511.5,527.5,439
2025-10-17,443,481.5,461,489,424,422.5,464.5,431,523,444.5,704,456,437,480,440,544,613,540.5,440,575,444.5,547,515,537.5,444
2025-10-16,451,488.5,464.5,492.5,428,425,469,437,527,449,701,457,446,478,451,547,615.5,545.5,453.5,575,449,569,517,542.5,458
2025-10-15,449.5,487,463.5,493.5,430,430.5,472,439.5,530.5,450.5,709,459,446.5,482,456,548,615,548.5,447,580,450.5,571,518,547.5,455
2025-10-14,453,484,467.5,496.5,428,428,477.5,443,533.5,455,711.5,465,450,489.5,461,549.5,618.5,559.5,451.5,586,455,607.5,529,547.5,459.5
2025-10-13,459,496,473.5,503.5,430,434,487.5,451.5,542.5,468,701,475,466,492.5,453,550,620,554.5,456,586,468,606,531.5,547.5,467
2025-10-10,470,500,487,514,443,438,486,452.5,542.5,472,706,472,474,501,464,556.5,615,560.5,460.5,585,472,595,536,557.5,463
2025-10-09,478,505.5,494.5,517.5,450,448,488.5,460,550,481,709.5,480,481,511.5,470,563,617,575.5,471.5,590,481,638.5,536,557.5,478
2025-10-08,481,508.5,493,518,442.5,441.5,492,461,553.5,475.5,710,484,481.5,512.5,469,556.5,618,579,468.5,590,475.5,624.5,539.5,557.5,474
2025-10-07,482,508.5,500,525.5,442.5,444.5,498,461.5,554,475.5,707,487.5,483.5,511.5,466.5,558.5,621.5,578.5,464,590,475.5,630.5,536.5,557.5,473
2025-10-06,481,521.5,497,524,441.5,441,496,462,552.5,473,704,484.5,482.5,508.5,454.5,562,605.5,576.5,473.5,590,473,620,538,557.5,476
2025-10-03,477.5,504.5,495,522.5,438,440,506.5,464.5,539.5,470.5,702.5,480.5,477.5,505,463.5,553.5,605.5,575.5,468.5,585,470.5,628.5,543,557.5,475.5
2025-10-02,484.5,515.5,497,533.5,443,443.5,477.5,461.5,541,478,710,485.5,484.5,510.5,469.5,559.5,607.5,579.5,469.5,585,478,620,547.5,557.5,475
2025-10-01,490.5,518.5,501,533.5,451,449.5,500,471.5,545.5,479,718,484.5,487.5,513.5,472.5,560.5,611.5,583,480,590,479,611.5,542.5,555,477
2025-09-30,488.5,518,503.5,528.5,454,451.5,502,483,547,486.5,720,481,486.5,516.5,479.5,559,607,582.5,482.5,595,486.5,614.5,550.5,555,481.5
2025-09-29,495,532,508,528.5,458.5,455.5,500,475.5,571.5,498.5,716,483,494,517,482.5,559.5,613.5,585,483,604,498.5,623.5,542.5,555,482
2025-09-26,497.5,532,510,528.5,461.5,465.5,504.5,490.5,552.5,502,732.5,483,497.5,518,480,573.5,619.5,585,488,604,502,609.5,548,545,490
2025-09-25,492,527,502.5,527.5,454,458.5,508,485,545,496,728.5,486,491,512,493,553.5,616,584,489,605,496,609,544,545,479
2025-09-24,487.5,530,502,521,454.5,457,504,486,540,494,736.5,484.5,487.5,508.5,480,560,614.5,578.5,479,600,494,595,553,545,474.5
2025-09-23,484,532,498,521,453.5,453.5,501.5,483,532,488,736,487.5,481.5,504,480,551,611,577.5,478,600,488,587.5,545.5,545,470.5
2025-09-22,480,539,501.5,522,456,453,501,479.5,535.5,484,734,491.5,481,507.5,484,554.5,614.5,570.5,476.5,603,484,579.5,546,545,459.5
2025-09-19,485,554.5,507.5,527.5,459,458.5,508,481,524.5,489.5,735.5,495.5,482,508.5,480,562,609.5,573.5,477.5,612,489.5,622,545.5,545,482
2025-09-18,490.5,551.5,506,530,459.5,458.5,507,487,531,495,733,494.5,490,516,493,561.5,622.5,582.5,487.5,612,495,631.5,546.5,545,481.5
2025-09-17,493,548.5,504,532,463.5,461,510.5,489,532.5,500,734,494.5,492.5,514,495,560.5,621.5,578.5,496,612,500,622.5,544.5,545,482.5
2025-09-16,489,538.5,498,526,458.5,454.5,511,494,530.5,504,732,489.5,486,511.5,490,559,619.5,568.5,487,612,504,622.5,542.5,545,473
2025-09-15,481.5,533,493.5,518,460.5,456.5,506,485.5,523.5,496,732,486.5,480,494.5,490,558,618,568.5,487,514,496,610,537,545,473
2025-09-12,477,536,495.5,519.5,468,457,500,483,513,495,729,489.5,475.5,501.5,487,560,611.5,555.5,479,514,495,615.5,545,545,473
2025-09-11,482,539.5,501,521,463.5,461.5,506,478,524,495.5,731,495.5,483.5,509.5,484.5,550.5,612.5,569.5,489,514,495.5,604,540.5,545,486
2025-09-10,487.5,539.5,505,527.5,464,461.5,505.5,487,527,502,731.5,495.5,486,507,480.5,555.5,616,573.5,494,522,502,606,548,545,482.5
2025-09-09,488,540.5,502,530,469.5,467,502.5,488.5,529.5,506.5,731,516.5,488,504,492,557.5,616.5,565.5,493.5,520,506.5,603.5,559.5,545,487.5
2025-09-08,486,545.5,501.5,531,473,475,502,477,530.5,499,728.5,518.5,484.5,510.5,505,552.5,623,543.5,498.5,520,499,602,563.5,545,491.5
2025-09-05,492.5,545,510.5,529,470,467.5,504,478.5,533,504.5,743,521.5,492,518,500,550,622,556.5,496,518,504.5,608.5,564,535,488.5
2025-09-04,497.5,546.5,513.5,538,470.5,471.5,506.5,492.5,537,514,750,523.5,497,526.5,506.5,563.5,612.5,570.5,498.5,520,514,613,556,535,492
2025-09-03,509,551,520,540.5,479,473.5,511,498,547,513.5,753.5,523.5,508,529,512.5,574,630.5,574.5,500,520,513.5,619,561,535,495
2025-09-02,510.5,559,517.5,541,478.5,476,509,493.5,548,513,749,518.5,509,526.5,515,577.5,627.5,579,517,518,513,614.5,551.5,535,496.5
2025-09-01,505,554.5,516.5,535,475.5,472,501,497,551.5,511,774.5,518.5,510,526,505,583.5,623,565,505.5,516,511,617,554.5,535,512.5
2025-08-29,505,539.5,515,533.5,472.5,469.5,501.5,493.5,541.5,513,776,518.5,507.5,527,504,586,626.5,575,500,515,513,611,556,535,508
2025-08-28,502.5,523.5,514,535,474.5,471,501,491,541.5,513,785,519.5,504,519,498,582,630,579,498,515,513,595.5,558,535,507.5
2025-08-27,503,516,517.5,537,472,469,500,491.5,543,510,782.5,519.5,501.5,525.5,497,583,632,579,496,515,510,612,559.5,535,509
2025-08-26,507.5,519.5,519.5,537.5,473.5,471,500.5,492.5,546,515,785.5,510.5,506,529.5,505,588,633.5,582.5,505.5,515,515,611.5,560,535,510
2025-08-25,507,514,519,537,471,470.5,501.5,491.5,537.5,516,787.5,502.5,503,522.5,506,588.5,644,583.5,502,520,516,613.5,559,535,508.5
2025-08-22,498.5,510,519,534.5,471.5,468.5,501.5,488.5,527,513,792.5,500.5,493,517,498,593.5,630,591,504,520,513,609.5,555,535,507
2025-08-21,497.5,511,513.5,535.5,479.5,477.5,500.5,487.5,536,511,792.5,503.5,492.5,517,492.5,588,641,589,499,517,511,611.5,561,535,500.5
2025-08-20,495,508.5,514.5,535,465.5,465,496,483,538,507.5,788.5,512.5,485.5,514.5,486.5,594,643,568,496.5,515,507.5,607.5,563.5,535,495
2025-08-19,495.5,509.5,512,537.5,469.5,468,494,478.5,548,507,787.5,524,487.5,513.5,486.5,594,628.5,568.5,494,512,507,611,567.5,528.5,495.5
2025-08-18,497.5,513,512,531,471,470,500,480.5,554,513,789.5,528,487.5,510.5,498.5,593,630.5,574.5,498.5,510,513,605.5,569,521,495.5
2025-08-15,498,511.5,513,532.5,474.5,474,500.5,486,563,518,791,532,488,508,502.5,599.5,635.5,582.5,505,510,518,606,567,535,499
2025-08-14,497.5,508,512.5,534.5,468.5,469,500,482,558.5,514.5,789.5,514,488,506,493,599.5,627,576.5,505,505,514.5,605.5,574,535,482
2025-08-13,500,509,512.5,536,478,475,502.5,482,553,513.5,799.5,519,487.5,510,506,604.5,631.5,576,506.5,502,513.5,608,564,535,486.5
2025-08-12,502.5,514.5,518.5,542.5,477.5,477,510,482,547,517,809.5,515.5,493,510.5,512.5,600.5,632.5,577,512,505,517,597,565.5,531.5,490.5
2025-08-11,502.5,519.5,518,545,473.5,472.5,509.5,488.5,565.5,514,796.5,520.5,489.5,511.5,502.5,605.5,631.5,579,510.5,503,514,594,567.5,541,491
2025-08-08,506,521.5,523,545,480,478.5,512,490.5,576.5,511,794.5,523.5,497,513.5,508.5,605.5,640,570.5,512,505,511,600,571.5,541,493.5
2025-08-07,513,531.5,519,546.5,480.5,488,509.5,489.5,576.5,511.5,795.5,528.5,501.5,521.5,517,606,653.5,572.5,512,508,511.5,608.5,580.5,545,499
2025-08-06,515,531.5,526,554,488,504,514.5,496.5,570,520.5,787.5,534.5,506,521.5,524,611,648.5,582.5,515,510,520.5,608.5,583.5,538.5,491.5
2025-08-05,517.5,533.5,523.5,563.5,492.5,500,511.5,495,566.5,532,789,558.5,509,520,510,611.5,655,583.5,514.5,515,532,605.5,581,538.5,499.5
2025-08-04,517.5,530.5,539.5,554,500,507,518.5,499.5,564,529.5,796,558.5,511,520,527,615,655.5,593.5,517,515,529.5,610.5,581,543.5,508
2025-08-01,528,537.5,544.5,558.5,514,512.5,525,516,577.5,538.5,791,558.5,517.5,534.5,531,617.5,664.5,602.5,524,525,538.5,618.5,585.5,538.5,524.5
2025-07-31,531,535.5,542.5,557,514,512,525,518,579.5,541.5,807,556.5,520,536.5,533,614.5,662.5,602.5,531.5,520,541.5,620.5,586,535,525
2025-07-30,528.5,534,547,554,513,512.5,526,517.5,575.5,541.5,814,542.5,523,540,533,616,665,603,538,520,541.5,624,582.5,531,529.5
2025-07-29,521.5,525,533.5,547.5,508,509.5,524.5,506.5,571.5,537,811.5,522,514,526,522,616,659.5,595,534.5,515,537,624.5,580,531,521
2025-07-28,515.5,523,528.5,547.5,506.5,506,518,501.5,565.5,532,806.5,520,508.5,525.5,527,615,657,587,524,545,532,629,580.5,531,520
2025-07-25,518,517,530,551.5,508,504,518,499.5,566,533,806.5,518,510,527,534,620,663,593,548,528,533,628,581,534.5,518.5
2025-07-24,517,523,527.5,547,510,503,518,499,567.5,537,807.5,519,509,527.5,531.5,614,671.5,587,533,528,537,627.5,583.5,535,524.5
2025-07-23,515,519,530.5,546.5,506.5,509.5,514.5,501,572.5,532.5,807,522,507.5,527.5,524.5,615,671,583.5,530.5,528,532.5,623.5,581.5,538.5,521
2025-07-22,515.5,523,532,547.5,509,506.5,519.5,500.5,572,529,802,529,511,524,531.5,616.5,678.5,586.5,532.5,537,529,621,589,535,522.5
2025-07-21,516.5,525,533,544,506,508,519,501.5,570.5,530,805.5,539,511,524.5,531.5,618,680,585,542,561,530,627.5,579,535,528.5
2025-07-18,519.5,525,533.5,538.5,507.5,505.5,518,501.5,572.5,538.5,819,525,514,523,536.5,619.5,672,591.5,541,556,538.5,625,588,535,527.5
2025-07-17,520,523,533.5,546.5,506.5,503.5,512,496,567.5,532,790.5,539,510,521.5,536.5,628,666.5,587.5,531,525,532,622.5,585,531.5,520.5
2025-07-16,522,522.5,532.5,546.5,505.5,506.5,517,496.5,577.5,535.5,800.5,539,512.5,535.5,538.5,628,668.5,587.5,542.5,528,535.5,625.5,590,530,522.5
2025-07-15,525.5,539.5,540,555,507.5,509.5,522,498,576,536.5,800,535,518.5,548.5,543,624.5,679.5,591.5,538,530,536.5,627.5,597.5,526.5,520
2025-07-14,528,537,541.5,549,516.5,519,524.5,506.5,576,550,806,535,521.5,541,540,627.5,685,599.5,543.5,535,550,626,599,525,546.5
2025-07-11,523,534.5,540,550.5,518.5,520,519.5,496.5,576.5,536.5,801,537,516.5,534,540,622.5,681,593.5,537,535,536.5,623,590.5,525,542
2025-07-10,530.5,542,546,554,520.5,521,520.5,497,578,537.5,800.5,541,522,541,541,626.5,681.5,593.5,546,539,537.5,624.5,592.5,525,545.5
2025-07-09,535.5,554,543.5,552.5,527.5,527.5,524,500,581,541.5,807.5,544,523.5,539.5,555,616,685,579.5,552.5,535,541.5,629.5,597.5,525,544.5
2025-07-08,529,548.5,539,545,519.5,518.5,522.5,501.5,577,533.5,816,537,520.5,531,546,616,684.5,615.5,550,534,533.5,633,597,525,535.5
2025-07-07,527.5,554,539.5,545.5,511.5,511,517.5,495.5,571,530.5,809,537,519,531.5,544,612.5,683,608.5,539,520,530.5,608.5,594,523.5,538.5
2025-07-04,528.5,556.5,534.5,552,510.5,506,517.5,495,571,537.5,809,537,519,534,539,606.5,688,608.5,553,510,537.5,625.5,596,525.5,534
2025-07-03,530,560.5,535.5,553,511.5,508,519,497.5,573,530.5,821,530,519,537.5,544.5,610,684.5,610.5,562.5,515,530.5,629,593,525,541
2025-07-02,526,563,533,541.5,503,498,521,495.5,566,525,814,530,518.5,533.5,532.5,605,678,603.5,547.5,510,525,618,601,525,531.5
2025-07-01,524.5,551,538,549,494,475.5,521.5,489,563,533.5,807,549,517,531,530,621.5,676.5,600.5,540,512,533.5,625,603,526.5,532.5
2025-06-30,522.5,559.5,537.5,546.5,491.5,490.5,517.5,486,563,529,807,549,512,533,530,621,679,600.5,539.5,515,529,620.5,608,534.5,529
2025-06-27,521.5,560,535.5,545.5,492.5,497,525.5,488,569.5,527,804.5,552,512,534.5,530,635,691,602.5,536,518,527,612,602,535.5,530.5
2025-06-26,520,564.5,539.5,544.5,490.5,495.5,543,480,565.5,526.5,809.5,552,513.5,540,524,627.5,689,602.5,527,518,526.5,624.5,607,535.5,531
2025-06-25,522,569,537.5,554,497,515.5,540,479.5,564.5,529.5,807,552,515,537,524,649,684.5,608,528.5,515,529.5,617.5,605.5,535.5,531.5
2025-06-24,530,577.5,555,541.5,489,487.5,537,511,570,524.5,811.5,580,518,552.5,526,634.5,685,607.5,532.5,520,524.5,617.5,621.5,534.5,517.5
2025-06-23,570.5,617.5,579.5,594,532,526.5,557,546.5,602.5,559.5,818,580,560,572,575,654.5,704.5,625.5,579.5,560,559.5,632.5,618.5,536.5,553
2025-06-20,570.5,606,581,581,527.5,527,571.5,555,628.5,557.5,842,578,559,572.5,575,661.5,714,632.5,566.5,560,557.5,629.5,612.5,539,537
2025-06-19,569,590.5,575,587,526.5,520.5,579,561,622.5,557,837,578,559.5,572.5,570,648,713.5,624.5,571,565,557,629,618,533.5,538
2025-06-18,568.5,582.5,572,582.5,524,517,556.5,544.5,615,550,832,574,556.5,563,565,638,700.5,624.5,577.5,565,550,623.5,616.5,531.5,530.5
2025-06-17,558.5,569.5,563.5,585.5,516,507,547.5,536,600,554,815,495,549,554.5,555,619,687.5,609.5,568.5,568,554,628,611.5,527.5,524.5
2025-06-16,554,562,563,590.5,512.5,505,533.5,529.5,576.5,546,804.5,495,546,556.5,555,609,692.5,578.5,564.5,565,546,621.5,606.5,522.5,524.5
2025-06-13,553,551,550,583.5,505.5,495,520,521.5,576.5,544,807.5,495,539.5,548,555,601.5,678.5,563.5,559.5,562,544,619,578,521,516.5
2025-06-12,523.5,534.5,532,564,487.5,486.5,508.5,494.5,575,528,813,495,512,524,537,589,646.5,573.5,530,542,528,590.5,571.5,521,499
2025-06-11,516.5,529,521,553,482,480.5,503.5,486.5,565,524,814,495,506,535,524,589,646,571,526,530,524,592,567,521,498
2025-06-10,512.5,530.5,523,551,481.5,479,501,481.5,567,521,812,495.5,504,523.5,527,582.5,646.5,567.5,527.5,534,521,591,561,521,498
2025-06-09,512,531,519.5,546.5,479,478.5,498.5,480.5,568,515.5,811.5,489.5,502.5,521.5,518,581.5,652,572.5,535.5,530,515.5,595.5,562.5,521,508
2025-06-06,510,530,520,543.5,477,474.5,491.5,469.5,568.5,514,802.5,495.5,501.5,525,522,575.5,649,582.5,532.5,528,514,599.5,561,521,493
2025-06-05,512.5,524,522.5,547.5,476,475,496,469,566,517,799.5,498.5,503,529.5,524,577,646.5,578.5,527.5,525,517,610.5,560.5,520,496.5
2025-06-04,511.5,516,523,546.5,475.5,473,493.5,474.5,564,512.5,808.5,501.5,501.5,526,522,579,642,570.5,526,528,512.5,621,560.5,520,490
2025-06-03,506,507,518.5,538,474.5,472.5,485,474.5,561,509,809.5,504,496,518,514,572.5,643.5,570.5,523,525,509,625,561.5,520,489
2025-06-02,505,507.5,516,538.5,472,473,498.5,468,554.5,505,797,500,498.5,527,524,576,638.5,548,525.5,528,505,612,568,520,497
2025-05-30,502,491.5,518.5,537,468.5,468,493.5,470.5,558,500.5,791.5,499,494.5,524,509,575.5,632,549.5,525,528,500.5,609,567,520,485
2025-05-29,506.5,493.5,521.5,537.5,471.5,472,496.5,475,561,502,790.5,497,503,523.5,514,576.5,642.5,556.5,529,530,502,612,567,520,495.5
2025-05-28,510,509.5,524.5,544,472.5,473.5,495.5,472,561.5,504,782,504,502,526.5,516,572,621.5,547.5,524,525,504,603,570.5,520,486.5
2025-05-27,511,505,522.5,552,469.5,473,490,472,561.5,502.5,780,503,500,526,507.5,573.5,622.5,563,521.5,525,502.5,601.5,570.5,520,482
2025-05-26,513,509.5,524.5,550.5,476,474.5,491,466.5,566,503,778,503,505.5,526,522.5,575,625.5,563,522,529,503,603.5,566.5,520,482.5
2025-05-23,511,512.5,522,550,479,477,490,464.5,564,501,759,508,506,523.5,516,572,626.5,560,520.5,525,501,604.5,567,520,485.5
2025-05-22,522.5,523,531,558.5,478,478.5,494.5,468.5,567.5,507,757,511,508.5,527,519,573.5,626,565,523.5,528,507,604.5,569,520.5,485
2025-05-21,529.5,531,530,561,480.5,477.5,496.5,470.5,569,509.5,757,512,515,527.5,526,574.5,633.5,565,528.5,530,509.5,611,576.5,520.5,488
2025-05-20,521.5,527,529,553.5,476.5,474,493,471,569,506,755.5,510,513.5,526,525.5,572,634,573.5,525,530,506,616,578.5,524.5,483
2025-05-19,523,532.5,533,555,474,469,495,469,573.5,507.5,749.5,507,515,521,516.5,563.5,633,571,521.5,530,507.5,602.5,571.5,527.5,483.5
2025-05-16,523.5,545,530.5,562.5,472.5,470.5,494.5,468,558.5,508,748.5,507,520,522.5,523.5,562,633,569,524.5,530,508,621.5,581.5,527.5,485
2025-05-15,530,556,541,559.5,470,477,491.5,465.5,561.5,508,759,508,507,530.5,520,564.5,633.5,576,522,530,508,625,577.5,532.5,480.5
2025-05-14,532,560.5,535.5,554,472.5,464.5,495.5,469.5,563,508,758.5,506,519.5,524.5,530,560,642,584.5,527,530,508,611.5,577.5,527.5,482.5
2025-05-13,516.5,545,530,553,464.5,455,487,461.5,552.5,495.5,758.5,502.5,504,522,513,549.5,641.5,574.5,512.5,525,495.5,605.5,564.5,537.5,477
2025-05-12,514,542,525.5,550.5,459,450.5,488,460,552.5,495.5,754.5,502.5,508.5,512,512,549,633.5,569.5,519.5,525,495.5,615.5,568,536,472.5
2025-05-09,511,537.5,520,545,451,445,484,450.5,541.5,483.5,764,502.5,498,502.5,509,543,631.5,566.5,509,520,483.5,600,563,536,470
2025-05-08,504.5,534,515.5,537,444,438.5,473,446,536,482,753.5,492.5,494.5,498.5,503.5,542.5,619,556.5,503.5,518,482,595.5,557.5,541,463
2025-05-07,501,531.5,515,537.5,442,438.5,466.5,445,530.5,479,754,486.5,493,500,500.5,540.5,614,557.5,501,520,479,594,560.5,541,462.5
2025-05-06,495,519,507.5,523,446,440,460,437.5,523.5,473,761.5,488.5,484,491.5,503.5,538,608,541,496,520,473,593,563.5,556,456.5
2025-05-05,489,519.5,506,533,439,448,462,437.5,532,479,767.5,490.5,478,500.5,483.5,538,594.5,545,484,525,479,601.5,566.5,556,443
2025-05-02,491,527.5,511.5,531.5,445,451,469.5,443.5,532.5,481.5,766,492.5,487,506.5,493.5,542,599.5,548,486,525,481.5,602,570,556,468
2025-05-01,493.5,528,511.5,529,432,445,475,450,532,483,758.5,496.5,476.5,502.5,481,542.5,596.5,543,492,525,483,594,557,556,456
2025-04-30,493.5,528,515.5,532.5,450,453,480,458,541,487,763.5,499.5,483,506.5,485,544.5,598.5,548,486,525,487,595.5,574.5,556,467.5
2025-04-29,502,544,518.5,543,455,457,485.5,467,543.5,489,773.5,501,495,508,482,544.5,593.5,555,484.5,526,489,601,573.5,556,471.5
2025-04-28,509,549.5,517.5,548,463,460.5,495.5,471.5,546.5,496.5,777.5,501,501,516.5,495,543,594.5,557.5,493.5,528,496.5,606,576.5,556,477.5
2025-04-25,504.5,544,512.5,548,456,457,497,476,542.5,493.5,786.5,504,496.5,512,495,545.5,597.5,557,505.5,490,493.5,604.5,567,556,475
2025-04-24,502,543,515,543.5,457.5,455.5,497,469,547.5,492.5,774.5,504,494.5,510,484,543,592.5,554,489.5,490,492.5,611,575,556,480
2025-04-23,506.5,552,515,548.5,460,457.5,498.5,472.5,553.5,488,775,504,501,513,505,547.5,588.5,548.5,501,499,488,619.5,575,555,477
2025-04-22,500,544.5,511.5,539,458.5,456,495,472,564,489.5,796,503.5,495,507.5,495,543.5,585.5,551,492.5,499,489.5,621.5,573.5,550,474.5
2025-04-21,495,550,509,536.5,456.5,452,503.5,470.5,567.5,489.5,804.5,504.5,489.5,508.5,478,538,599.5,549.5,483.5,499,489.5,620.5,570,550,480.5
2025-04-18,501.5,562,513,548.5,465.5,462,503.5,474,568.5,496.5,804.5,504.5,498.5,507,478,538,586.5,549.5,518.5,499,496.5,645.5,576.5,550,480.5
2025-04-17,497,556,507,544,453,449,496,475.5,558.5,490,794,504.5,494,501.5,483,536,571,541.5,485.5,499,490,619.5,566.5,550,483.5
2025-04-16,494.5,546.5,507.5,541.5,449,447.5,489,474.5,559,483,798.5,503.5,490.5,502.5,478,534,559,529.5,481.5,495,483,619.5,564,550,479.5
2025-04-15,494.5,552.5,511,542,451,449,495,471,564,485,823.5,507.5,491,508,481,533,562,529.5,505.5,495,485,627,569,550.5,482
2025-04-14,495,555.5,510,537,447.5,452,500.5,468.5,562,489,824,508.5,490.5,503.5,495,536.5,559,537,505,495,489,631,564,553,479
2025-04-11,486,550,508,535.5,442,441.5,499,463,564,481.5,829.5,508.5,483,503.5,469,534.5,558.5,518.5,475,515,481.5,632,566,558,470
2025-04-10,486,544,498.5,528.5,442.5,452.5,496,456,566.5,480.5,849,508.5,480.5,494,476,537.5,549,538.5,475.5,515,480.5,621,566,563,460.5
2025-04-09,476,539,493.5,520.5,441.5,446.5,497.5,457.5,568.5,484,854.5,512.5,472.5,499.5,463,536,534,547.5,453.5,518,484,623.5,569,558,466.5
2025-04-08,490.5,548.5,504,533.5,450.5,458.5,500.5,470.5,575,496,854.5,516,482,500,483,544.5,538.5,560,464.5,518,496,632.5,573.5,565,482.5
2025-04-07,493.5,554,512.5,536.5,464,456,510,482.5,587,502,858.5,524,484.5,514,455,550,535,568,458.5,520,502,643,581,577.5,479
2025-04-04,515.5,572,527.5,561,470.5,465.5,536.5,502,624,526,877.5,538,509.5,531,490,570.5,551,610,487.5,530,526,672.5,596.5,575.5,481.5
2025-04-03,536.5,586.5,538.5,574.5,497.5,503,547,522.5,633.5,534,883.5,545,531.5,540,533,592,567,625,512,540,534,675.5,601.5,575.5,525.5
2025-04-02,543,585.5,545.5,583,503.5,501,556,535,640.5,547.5,887,542,539.5,542,532,595.5,575.5,629.5,524.5,544,547.5,659,605,575.5,526
2025-04-01,538,592,540,581.5,504,501.5,553,533.5,637,546,886,541.5,534,538.5,529,595.5,575,629,530,545,546,657,594.5,572,526
2025-03-31,531.5,574,534,571.5,501,500,553,537,637,543,888,536.5,529.5,528,529,590,570.5,625,519.5,540,543,655.5,594.5,567,521.5
2025-03-28,532,578.5,534.5,571.5,504,500,553.5,531,640,543,891,536.5,527,529,529,590,568.5,625,520,540,543,652.5,586,563,516
2025-03-27,529,573.5,529,564.5,499,498,548.5,535.5,640.5,541,891,536.5,524.5,524.5,526,589,568.5,622,518.5,535,541,652.5,589,561.5,518
2025-03-26,524.5,574,528,573,500,498.5,547.5,532,634.5,532,891,536.5,520.5,522.5,525,590.5,564,618,518,525,532,650.5,591,561.5,521.5
2025-03-25,522.5,579,525,569,498,499.5,540.5,529,639,531.5,890.5,539,519.5,523.5,520.5,589,561.5,616.5,517.5,528,531.5,650.5,594.5,561.5,520.5
2025-03-24,519.5,572.5,522,565,496.5,494.5,534,530,627,532.5,891,539,515,518.5,516.5,585,560.5,613,517,532,532.5,649.5,592,561.5,520
2025-03-21,519.5,568.5,522,563.5,497.5,494,530,530.5,630,536.5,892,536,514,515.5,513,581,557,613,512.5,545,536.5,643,592,561.5,512.5
2025-03-20,516,555,517,560.5,495,497,525,527.5,624.5,529.5,888,544,511,509,515,581.5,552,605,515.5,545,529.5,639.5,590.5,561.5,516.5
2025-03-19,515.5,556.5,517,560.5,492,494.5,525,528,624.5,531,886,557,508,509,509,581,552.5,599.5,512.5,548,531,637,590,561.5,509
2025-03-18,518.5,567,519,565,497,495.5,528.5,531.5,623.5,533,885,559,514,512.5,521.5,583.5,554,604.5,520.5,559,533,641.5,601.5,561.5,514.5
2025-03-17,513.5,567,520,561,497,495.5,525.5,524.5,620.5,530.5,885.5,561,511,512.5,515.5,583,562.5,600.5,516.5,572,530.5,636,604,561.5,512.5
2025-03-14,511.5,577,521.5,565,497,496,521.5,522,623.5,529.5,879,563,509.5,513.5,513.5,582.5,553,593,513.5,570,529.5,634,612.5,561,513.5
2025-03-13,514,582.5,523,567.5,495,495,524.5,522,615,528,891,563,512.5,512.5,522.5,580.5,560.5,593,515,538,528,642,613,561,512.5
2025-03-12,511,578.5,519.5,561,500,496,522.5,522,626.5,527,892,560,507,511,509.5,582.5,556.5,587,512.5,535,527,647,615.5,560.5,510.5
2025-03-11,507.5,565,514,552.5,494,493.5,523,519.5,628,520.5,897,560,510,510,513.5,582,556,586.5,511.5,535,520.5,647.5,610,560.5,507.5
2025-03-10,507.5,563,515.5,556.5,494.5,496.5,528,520.5,614,533.5,896.5,560,510,509.5,510.5,585,566,587.5,510.5,535,533.5,655.5,610,560.5,509
2025-03-07,505.5,550,516,563.5,496,498,527,516,609,525,898,560,506,512,515.5,587,565,597.5,512,540,525,660,614,564.5,516
2025-03-06,507,557.5,519.5,564,500.5,501.5,530.5,515,607.5,527,895,560,517.5,515.5,515.5,591,569.5,594.5,511,540,527,663,623,564.5,515.5
2025-03-05,513,564,523,560.5,506.5,509.5,538,526,611,535.5,900,560,514,517.5,519.5,594,571,604,514.5,540,535.5,676,625.5,565,525
2025-03-04,516,572.5,537,571.5,507,512,544.5,530.5,613,534.5,911,557,519.5,536,518.5,597,569.5,613,514,545,534.5,690,635,565,527.5
2025-03-03,530,569.5,544.5,580.5,517.5,520.5,550.5,536.5,624,549.5,912,557,534,544.5,531,603,580,627,532,548,549.5,713.5,641.5,565.5,537
2025-02-28,533.5,581.5,547.5,580,518,524,555.5,537.5,625,556.5,926.5,570,537,540.5,533,604,581,627,532.5,548,556.5,714.5,632.5,565.5,538
2025-02-27,531,572,549,573.5,521.5,523.5,548,531.5,621,556.5,928.5,570,534.5,545,531,608,587.5,627,528,548,556.5,710,637.5,565.5,534
2025-02-26,542,580,562.5,583,528.5,527.5,552,541.5,627.5,558,924,570,542,559.5,542,617,590,629.5,536,550,558,720.5,649,566,541
2025-02-25,555,594,570,590.5,534.5,535,555,549,634.5,565.5,925,567,556,562,549.5,622,598,644,552.5,555,565.5,715.5,647,565.5,550
2025-02-24,558.5,594.5,577,596.5,535.5,537.5,559.5,558.5,640.5,571,928,567,559,568.5,549.5,624.5,600.5,647,552.5,555,571,717,650,562.5,556
2025-02-21,570,611,584,608.5,541,540.5,566.5,566,652.5,577.5,928,567,568.5,574.5,559.5,628.5,607.5,656,557.5,555,577.5,706.5,643,561.5,565.5
2025-02-20,573.5,606.5,583.5,608,542,536.5,569.5,565.5,651,585,928.5,567,569.5,573.5,557,625,604.5,656,557.5,555,585,721.5,647.5,561.5,560.5
2025-02-19,574.5,601,585,609.5,540,539,559,560.5,650.5,574.5,927.5,567,570,574,558,626.5,605,653.5,558,575,574.5,717.5,652,561,559.5
2025-02-18,570.5,600,580.5,603,538,537.5,558,558,647,577.5,927.5,564,567,570.5,558,624.5,611.5,651.5,556,575,577.5,723.5,645.5,560,556.5
2025-02-17,572.5,600.5,584,601,538.5,539,559.5,549,645.5,576.5,927.5,564,567.5,574,559,625,614,643.5,554.5,572,576.5,727,645.5,560,555
2025-02-14,576,604,585.5,606.5,539.5,542,562,549,646.5,577,927.5,564,571,577,560.5,624,608,646.5,553.5,575,577,723.5,645,555.5,558.5
2025-02-13,573.5,602,587,607,541,542,563.5,555.5,646.5,574.5,927,560,569,578.5,556.5,627,600,646.5,550.5,580,574.5,712,646.5,555.5,553.5
2025-02-12,584,608,596,613,547,545.5,567,563,650.5,582.5,928,563,580,586,560.5,627.5,610,661.5,559,585,582.5,733,661,555.5,565
2025-02-11,585,608.5,591.5,620.5,549.5,546,569.5,566,648.5,586,928.5,562,580.5,580.5,573,627.5,610.5,658.5,559.5,585,586,736,660.5,555.5,566.5
2025-02-10,577.5,603.5,587,611.5,546,546,567.5,563,645.5,580,928,562,570.5,576.5,554,627.5,609,651,557,582,580,737,657.5,555,562
2025-02-07,574.5,599.5,587.5,604,546,549.5,564,560,649,583,933,562,566.5,576,548.5,635.5,609,645,554.5,578,583,735.5,652,555,562.5
2025-02-06,575,595,586.5,603.5,550.5,551.5,566,559.5,653,586.5,933,564,565,577.5,556.5,638.5,615.5,645,563,580,586.5,743,657,555,565.5
2025-02-05,582,604,595.5,617,558,557.5,570,563,653.5,591,924.5,566,575.5,584.5,566.5,643,618,646.5,568,584,591,742,672,555.5,568.5
2025-02-04,580,604.5,592,614,555.5,554,566.5,559.5,664.5,590,919.5,565,570.5,591,566.5,641.5,618.5,662,569.5,589,590,754,671,555.5,568
2025-02-03,588.5,611,607.5,623,559,552,574.5,564.5,665,593.5,915,568,578.5,595.5,574,639.5,620,662,569.5,582,593.5,753.5,666,555.5,569
2025-01-31,588,617.5,608,617,552.5,550,577.5,566,665,589.5,914,571,575.5,594.5,569,643,621,674.5,573,584,589.5,756,672.5,560,564.5
2025-01-30,592.5,616,610.5,624.5,549,549.5,579.5,570,665,589,909,571,579,595,553,637.5,621,646.5,567,584,589,762,670.5,565,561.5
2025-01-29,593,616,608,625,551,548,577,573.5,666.5,591.5,898,576,580.5,594,567,637,617.5,646,570,585,591.5,768,669.5,563,567
2025-01-28,594,617.5,605,626.5,550,548.5,580,575,668,594.5,900,576,580,595.5,568.5,637.5,617.5,646,573.5,585,594.5,776.5,680.5,562,566.5
2025-01-27,598.5,614,603.5,622,547.5,544.5,585,576.5,667.5,594.5,894.5,580,584,593,572.5,640,616.5,650.5,575.5,585,594.5,767,680.5,558.5,564
2025-01-24,597,613.5,605,617,547.5,547,587,581.5,669,595,894.5,582,585.5,590,573.5,635.5,619.5,650.5,576.5,590,595,774.5,671.5,557.5,563.5
2025-01-23,596.5,616.5,601,622,549,545,587.5,585,677,598.5,895.5,589,587.5,590.5,577,634.5,618.5,654.5,574,595,598.5,775.5,666.5,555.5,565.5
2025-01-22,600.5,610,601.5,621.5,550.5,547.5,588,581.5,673,599.5,895,589,589,595.5,580,630,621,655.5,577.5,600,599.5,762,666.5,556,569
2025-01-21,610,609,604,619.5,554.5,552,591.5,591,676,604.5,892,587.5,593,601,579,630.5,623.5,663,585,610,604.5,759.5,671,555.5,573
2025-01-20,611.5,613,611,624.5,559,553.5,594.5,599,678,605.5,895.5,594.5,598,603,581.5,631.5,627,657,583.5,610,605.5,767,668.5,555,571.5
2025-01-17,613,603,612,627,557,553,596,601.5,680,608.5,890.5,594.5,598,604.5,587,635.5,627.5,657,585,605,608.5,768,676,551.5,577
2025-01-16,606,600.5,602.5,627,554,554.5,590,603,686,612,892.5,584.5,595,595.5,591.5,640,627,657,588,605,612,769.5,665.5,550,565.5
2025-01-15,597,602,594,619.5,547,546,588.5,598,670.5,606,889.5,520.5,586.5,599,582.5,634,622.5,648.5,575.5,600,606,762.5,663,550,564.5
2025-01-14,599,609,595.5,623.5,550,545,589.5,599,662.5,600.5,888.5,520,589,607.5,575.5,636,617.5,642.5,573,590,600.5,764.5,668.5,550,564
2025-01-13,599,609.5,594.5,623,550,546.5,591.5,595,652.5,604,890.5,520,588,602.5,589,639.5,632.5,641.5,588,591,604,761.5,641.5,550,574
2025-01-10,582.5,592.5,581,610.5,541,538,577,586.5,642.5,587,884.5,514,573,593,577.5,626.5,609,621.5,572.5,572,587,745,631.5,550,564.5
2025-01-09,575,590.5,577.5,605.5,535,534.5,570.5,570.5,641,580,883.5,512,569,591.5,565.5,620,605.5,617.5,561,570,580,742,631.5,550.5,550.5
2025-01-08,574.5,594.5,576.5,604,535.5,532.5,569.5,570.5,643.5,579.5,880.5,509,568,586.5,568.5,620,616.5,619.5,567.5,570,579.5,744,629,550.5,554.5
2025-01-07,567.5,593.5,572.5,602.5,532,529.5,567.5,573.5,644,575,888,505,562,585,556.5,617.5,604,614,561.5,565,575,734,626.5,550.5,549.5
2025-01-06,570,593.5,578,600.5,529,528,567.5,566,635,583,862,505,561,587.5,560.5,615.5,605,614,561,565,583,735.5,624,550.5,560
2025-01-03,565,594,574,592.5,526.5,526.5,571.5,563.5,624,585,849.5,502,559.5,584.5,558.5,615.5,611.5,593,562.5,560,585,733.5,623.5,550.5,548
2025-01-02,562,593.5,569,590,525,523.5,561,561.5,614.5,581,853.5,495,556.5,582.5,556.5,612.5,600,593,551.5,560,581,738,620.5,550.5,544
2024-12-30,557,590,567.5,588,519.5,516.5,560.5,561,611.5,570.5,848.5,491.5,549.5,585,551.5,608.5,601,588,553.5,560,570.5,731,616,550.5,533.5
2024-12-27,555,587.5,570.5,585,516.5,515,564,556,605,573.5,844.5,490.5,548,583,552.5,605.5,596.5,588,553.5,560,573.5,735,615.5,550.5,532
2024-12-26,560.5,586,575.5,580.5,512.5,514.5,554,548,616.5,571,861.5,493.5,549,585,542.5,604.5,608,604,544,558,571,736.5,616.5,548.5,522
2024-12-25,553.5,586,565.5,586.5,514.5,512.5,554,545,613.5,568,849.5,492.5,543,582,542.5,604.5,593,604,544,558,568,736.5,614.5,546.5,522
2024-12-24,553.5,586,565.5,586.5,514.5,512.5,554,545,613.5,568,849.5,492.5,543,582,542.5,604.5,593,604,544,558,568,736.5,614.5,546.5,522
2024-12-23,551,584,566.5,583,515.5,514,559,540.5,615.5,560.5,849.5,493.5,542.5,581,540.5,600.5,592.5,604,545.5,555,560.5,728,613.5,546.5,527.5
2024-12-20,548,578.5,563,581.5,513,510.5,566,544.5,615.5,560,850.5,492.5,541.5,580,539,602.5,594,604,542,558,560,731,609,546,527
2024-12-19,547.5,583,570,583.5,513.5,512.5,566.5,547,614.5,564,849,496.5,544,585,541.5,603.5,594,608,544,555,564,725,615.5,545.5,527.5
2024-12-18,550,583.5,574,584.5,513.5,512,565.5,550.5,611.5,566.5,852.5,499.5,548.5,588,546.5,601.5,589.5,611,545.5,555,566.5,728.5,617.5,545.5,527
2024-12-17,552,586.5,575.5,586,509.5,508,568,553.5,611,566,858,501.5,546.5,590.5,542,603.5,595,610.5,541,555,566,729.5,614,545.5,527.5
2024-12-16,549.5,589.5,571,584,511.5,507.5,568,559,604.5,569,857.5,506.5,544,588.5,545,600,591.5,613.5,544.5,555,569,730.5,619.5,545.5,527
2024-12-13,549,584.5,573.5,588.5,505.5,506.5,571.5,550.5,602.5,567,857,507.5,542.5,587,542.5,599.5,590,610.5,546,555,567,736,622,545.5,525
2024-12-12,548.5,582,573,588,504.5,504,569.5,548,600,564,857,507.5,542,578.5,556,598,587,609.5,544,555,564,737,625,545.5,527.5
2024-12-11,539,578.5,565.5,583,501,499,564.5,543.5,595,562.5,857.5,508.5,535.5,578.5,551,594.5,586.5,602,545,545,562.5,731,630,546,521.5
2024-12-10,535,580.5,564,581,500.5,503.5,561.5,540,599.5,558,860,508.5,532,575.5,553.5,594,585,605,531.5,546,558,729,637.5,548.5,519.5
2024-12-09,542.5,581.5,571.5,584,503.5,503.5,560,538.5,596.5,560,855,515.5,536.5,579,535.5,593.5,586.5,646,539,544,560,726.5,632.5,549.5,527
2024-12-06,547.5,588,579.5,584,504.5,502,561.5,544,597,560,854.5,516.5,537,586.5,533,592,580.5,648,536,543,560,726.5,634,549.5,530
2024-12-05,555.5,591,590.5,587.5,503.5,500.5,565,549.5,597,564.5,855.5,520.5,545,590.5,538,596.5,583,651,538,540,564.5,728,637,550,523
2024-12-04,559,594,594,589.5,506.5,503,568.5,552,593.5,568,853,523.5,551.5,595.5,541,597,588,658.5,546,545,568,731.5,641,550,523.5
2024-12-03,551,590.5,591,588.5,499.5,500,568,549,589.5,566.5,853,524,545.5,584.5,531,594,584.5,654,533.5,550,566.5,729.5,642.5,550,524.5
2024-12-02,549,584.5,597,592,503.5,501.5,578.5,549.5,581.5,564.5,855.5,526,544.5,587.5,525.5,595,593,660.5,537.5,545,564.5,731.5,645,550,525.5
2024-11-29,549.5,585,595.5,591.5,505.5,503,578.5,553.5,582.5,565.5,855.5,530,543,590,533,597,587.5,660.5,543.5,540,565.5,735.5,643.5,550,519.5
2024-11-28,549,583.5,589,589.5,508,503,578,546.5,584.5,565,851,530,542,585,503.5,597,587.5,660.5,538.5,540,565,735.5,640.5,550,519.5
2024-11-27,556,586.5,585.5,593,507,509.5,576,549.5,586,567,851,531,548.5,587,516.5,603.5,590.5,660.5,534,545,567,733.5,640.5,550,533.5
2024-11-26,565.5,592,587.5,596,512,509.5,578.5,552,592,570,860.5,532.5,555.5,590.5,517.5,604.5,594.5,664.5,543,550,570,741,640.5,550.5,538
2024-11-25,570,600,593.5,603.5,515.5,515,570.5,555,596,575.5,863.5,533.5,563,595.5,546.5,610,601.5,669,555,555,575.5,744,643.5,551.5,541.5
2024-11-22,571,603.5,592,613,516.5,516.5,566.5,556,596,572,879.5,535.5,565,594,545.5,604.5,602.5,672,555,560,572,748.5,647,553.5,537
2024-11-21,569.5,588,589,609.5,515,512.5,561.5,550,592.5,564.5,849,535.5,560.5,593,544.5,603.5,599.5,665,550,555,564.5,745,649.5,550,534.5
2024-11-20,569.5,590.5,590.5,609,514,512,560.5,547.5,590.5,566,849,537.5,561,593,541.5,609,598.5,665,540,555,566,744.5,646.5,565,534.5
2024-11-19,563,592,581.5,613,511.5,514.5,562.5,547.5,591.5,570.5,849.5,539.5,561.5,587.5,549,604.5,600,664.5,539,550,570.5,743,652.5,559.5,529.5
2024-11-18,559.5,584,580,615,512,508,554,543.5,591.5,562.5,850,535.5,557.5,585,536,604.5,598.5,658.5,532,545,562.5,745,640,562.5,527.5
2024-11-15,565.5,589,584,608.5,510,520.5,555,548,599,559.5,849.5,533.5,555.5,587,537,603.5,602,662.5,537,550,559.5,740,640,565.5,530.5
2024-11-14,571.5,589.5,581.5,608,512,513.5,551.5,545.5,594.5,570,848.5,536.5,560.5,586.5,537,605.5,600,660.5,537.5,555,570,746.5,641.5,565.5,528.5
2024-11-13,571.5,591.5,581,609,515,516.5,554,542.5,596,567,848,538.5,560.5,588.5,539,609,602.5,660.5,537.5,558,567,751.5,638.5,565,534.5
2024-11-12,573,596,586.5,605.5,516.5,519,560,547.5,599,575,848.5,539.5,567,592.5,536,607.5,606.5,663.5,537,556,575,755.5,644,566.5,532
2024-11-11,582.5,595.5,594.5,615,519,523.5,561.5,550,603,579,850,548.5,573,597.5,546.5,621,608,666.5,548.5,550,579,759.5,647,566.5,535.5
2024-11-08,589,601.5,599.5,623.5,523.5,526,571.5,552.5,607.5,590.5,853,556.5,582.5,604,551,623,614,677.5,555.5,555,590.5,766,648,566,538
2024-11-07,596.5,592,600,624.5,523,525,567,550.5,603,589,861,556.5,582,608,548.5,620.5,615.5,675.5,556.5,560,589,766.5,651,565.5,537
2024-11-06,597,591.5,610,630.5,525.5,528,563,550.5,602,586.5,854,559.5,584.5,608,553.5,619,615,675.5,557.5,563,586.5,767,643.5,566,538.5
2024-11-05,598.5,602,602.5,618,525,525.5,560.5,546.5,603,590.5,862.5,553.5,586,606.5,550.5,620.5,622.5,675.5,561.5,575,590.5,764.5,640,569,541.5
2024-11-04,596,600,600.5,613,524.5,527.5,555.5,538,597,578.5,858,541.5,582.5,613.5,555,620,623,670.5,562.5,565,578.5,769,646.5,567,539
2024-11-01,590,614,597,618.5,524,526,549.5,530.5,592.5,576.5,857.5,547.5,581.5,617,551.5,613,617,662.5,556.5,560,576.5,766,641,577.5,539.5
2024-10-31,586,607.5,594,614.5,518.5,517,550.5,523.5,594,568,855,546.5,569.5,603.5,539,612.5,612.5,660.5,555,555,568,766,640.5,572.5,540.5
2024-10-30,582,609.5,588,610,512.5,511.5,551,527,594,563,855,554.5,566.5,601.5,543,615,605,652.5,549,550,563,760,637,585,524
2024-10-29,574.5,597,581.5,604.5,518.5,524.5,541.5,524,586.5,551,843.5,545.5,564,600.5,529,621,617,649.5,537,555,551,759,630,574,530.5
2024-10-28,584,602,593.5,617,524,537,552.5,530,598,562,856.5,554.5,569.5,611,540.5,624.5,606.5,664.5,552,561,562,756,639.5,576.5,547
2024-10-25,608.5,629,608,637,541,545,555,539,597,575.5,846,561.5,587.5,631,560.5,637.5,629.5,667,569,580,575.5,764.5,655.5,575.5,556
2024-10-24,611.5,635,610.5,639,544,546.5,562,540.5,601.5,577,872,580.5,595.5,630,568.5,627.5,627.5,668,575.5,580,577,762.5,657.5,575,557
2024-10-23,601.5,629,609,634,543,549.5,565,541.5,601.5,577.5,862,588.5,585.5,620.5,568.5,634,627.5,665.5,573,584,577.5,755,654,575,553.5
2024-10-22,590,627.5,605.5,632.5,542,551,565.5,537,591.5,574.5,861,582,579.5,612.5,575.5,633.5,618.5,659,576,740,574.5,754.5,655.5,575,563.5
2024-10-21,589,629,599.5,635,547.5,546,563.5,534,587.5,567.5,858,584,576,613.5,566,634.5,615,656.5,571.5,585,567.5,751.5,649.5,576,554
2024-10-18,592.5,628.5,604.5,633,547.5,550,564,533.5,591,569,859,587,580,613,572,637.5,620.5,664.5,572,580,569,753.5,649,575,545.5
2024-10-17,589.5,626,597,630,552.5,550,571.5,537.5,599.5,571,859,603,578.5,608.5,584.5,637,619.5,661.5,577,580,571,750.5,648.5,573,541.5
2024-10-16,591.5,626.5,596.5,630,547.5,548.5,576,535.5,608,573,859,587,582.5,612,582.5,637.5,621,661.5,582.5,580,573,757.5,648,575,555
2024-10-15,594.5,630.5,606.5,636.5,550,553,580.5,542.5,616,579.5,863.5,589.5,586.5,620,572.5,643.5,625,668,580.5,585,579.5,755,650.5,575,552
2024-10-14,614.5,648,620,656.5,562.5,558.5,594,564,635.5,597.5,859,611.5,603,628,595.5,650.5,643.5,704.5,591,588,597.5,768,663.5,570,563.5
2024-10-11,620,638.5,618,652.5,563,557,592,565.5,650,600.5,859,626.5,604.5,623,590,645,644,706.5,597,590,600.5,761,672,570,567.5
2024-10-10,610,641,611.5,652,554.5,554,583.5,553.5,634,589,874,608.5,600,621.5,586,639.5,630,695.5,586.5,585,589,767,657,570,556
2024-10-09,607,641.5,616.5,653,551.5,546,579,547.5,627.5,583,873.5,600.5,596.5,626,584,634.5,629,684.5,585.5,589,583,737,666,571.5,553.5
2024-10-08,609.5,655,622.5,661.5,556.5,552.5,588.5,555,631,593.5,887.5,608.5,601.5,639,567.5,643,636.5,690.5,589.5,600,593.5,764,674.5,557,563
2024-10-07,610,651,609.5,658.5,545,542.5,585,554,622.5,590.5,884.5,581.5,596.5,639,580.5,626.5,629.5,686.5,584,599,590.5,767.5,681.5,554,557.5
2024-10-04,602.5,643,614,653.5,540.5,535.5,582,552.5,620,591,878.5,602.5,592.5,635,570.5,633,631.5,662,583,595,591,756.5,680,552,553.5
2024-10-03,589,640,605,645.5,534,532,575,531,601.5,567,878.5,565.5,575,628.5,553.5,613.5,622.5,649,570,585,567,750.5,683,552,540
2024-10-02,588,631,600,642,530,520,571,530.5,594,567.5,878.5,589.5,578,622.5,552.5,617,620,649,569,590,567.5,749.5,675,554.5,541.5
2024-10-01,563.5,606.5,587.5,606.5,522.5,515,565,514,582.5,561.5,881.5,573,555.5,633,540,615,612,637.5,540.5,570,561.5,741,656.5,551.5,530.5
2024-09-30,583,621.5,597.5,622.5,522.5,520,563.5,508.5,584,554.5,881,556,572.5,619,546.5,617.5,615,646.5,552,580,554.5,743.5,653,550.5,530.5
2024-09-27,579,612.5,594.5,620,520.5,521.5,562,507,584.5,556,879.5,571,567.5,616.5,547.5,617.5,614.5,639.5,552,570,556,750.5,657.5,534.5,522
2024-09-26,591.5,627.5,600,626,525,524,560,505.5,586,556,880.5,590,577.5,634.5,539.5,624.5,616.5,647.5,554,575,556,755,659.5,553.5,536.5
2024-09-25,606.5,633,612.5,632,536,530.5,578.5,521,604.5,575,883,610,590.5,632.5,570.5,618.5,630.5,674,571.5,575,575,757,670,528.5,546.5
2024-09-24,610,635,611.5,637.5,535,530.5,585,523,589.5,569.5,885.5,613.5,595,632.5,579.5,621.5,621,669,579.5,578,569.5,763,681,546,543.5
2024-09-23,604.5,626.5,604,635,526.5,521,578.5,521,591,564.5,885.5,617.5,591.5,624.5,564.5,608.5,613.5,671,562,565,564.5,757.5,668,554.5,539
2024-09-20,597.5,617.5,597.5,630,517,515,575.5,522.5,580,559.5,885.5,611.5,583,613,560.5,604.5,606.5,661.5,556.5,550,559.5,751,670.5,558.5,531.5
2024-09-19,591.5,598.5,590.5,621,515,509,571,515,581.5,549.5,880.5,595.5,576,599,552,606.5,592.5,657.5,550,545,549.5,724,668,558.5,525
2024-09-18,581.5,587,587.5,618.5,507,503,570,516,581.5,550,880.5,602.5,572,596,546,586,593.5,659.5,544.5,545,550,755,658,553.5,510
2024-09-17,587,593,593,620.5,507.5,503.5,568.5,513.5,578,545,882,618,574.5,601,558,585.5,590,665.5,544,555,545,753,665.5,558.5,515.5
2024-09-16,578,598,592,618.5,506,500,573.5,504,590,544,880.5,613,573.5,600.5,544,588.5,596,667.5,539,575,544,754.5,681,559.5,507.5
2024-09-13,581,596,591,619,506,500.5,570,500.5,591.5,546,880.5,616,574,601,541.5,586.5,593.5,667.5,540,580,546,766,679,558.5,511
2024-09-12,579,598,589,620,503.5,502.5,562.5,498,588.5,539,880.5,603,577,601,528.5,578.5,592,667.5,535,575,539,767.5,686.5,558.5,504.5
2024-09-11,582.5,606,590.5,623,503,502,559,498,587.5,532.5,877.5,587,579,595.5,531.5,579,588,664.5,532,579,532.5,756,682,558,509.5
2024-09-10,592.5,614,603.5,634,507,510.5,561,506.5,598,535.5,879.5,616.5,589,608.5,558.5,585,598.5,664.5,540.5,575,535.5,771,679,558.5,516
2024-09-09,604.5,618,612.5,639.5,516,516.5,563.5,516,606,549,881,625.5,597.5,619.5,585,600,609,667.5,546,580,549,764.5,684,557.5,530.5
2024-09-06,627.5,631,623.5,649,530.5,528.5,569.5,526,610,555.5,881,633.5,608.5,620.5,573.5,616,618,677.5,566.5,575,555.5,763,694,553,543.5
2024-09-05,630.5,639.5,626.5,657,533.5,527,568.5,526,612.5,564.5,886.5,635.5,616.5,624,600.5,616.5,621,677.5,575.5,575,564.5,764.5,686,554,548
2024-09-04,624.5,635.5,631.5,659,538.5,541,570.5,526.5,614.5,564.5,885.5,618.5,611.5,619.5,580.5,631.5,623,677,571.5,580,564.5,767,684.5,559,554
2024-09-03,632.5,641.5,642,670.5,548,550.5,591,550,621.5,589.5,888,625.5,617.5,621,578,637.5,627.5,698.5,584.5,585,589.5,766.5,699.5,559.5,565
2024-09-02,627,638,643,664.5,547.5,543,591,548.5,620,588.5,888,619.5,611,621.5,592,640,632.5,698.5,579,590,588.5,766.5,700.5,559.5,567
2024-08-30,633.5,640.5,648,673,559.5,559.5,594.5,554.5,621.5,599,888,636.5,620,625.5,595,649,638.5,700.5,588,590,599,766,690,561.5,565.5
2024-08-29,628.5,635.5,648,669,558.5,560,588,552,626.5,587,888.5,634.5,614,624,592.5,644.5,636,693.5,581,585,587,765,689.5,561.5,559
2024-08-28,639.5,642.5,648.5,677.5,564,570,588.5,554,630.5,588.5,887,638,622.5,632,592.5,650.5,639,688.5,590,588,588.5,777.5,686.5,560.5,568
2024-08-27,644.5,648,650,687,561,560,588.5,560,633.5,592,890.5,643.5,631.5,638.5,580.5,648.5,639,695,592.5,585,592,776,685.5,560.5,559.5
2024-08-26,639,641,629.5,678.5,545.5,546.5,585.5,560,621.5,589,891,637,623,626,579.5,642,626.5,673,584,586,589,760.5,674.5,559.5,557
2024-08-23,622.5,633,612.5,675,539.5,539,581,548,609,582.5,893.5,617.5,609,616,570.5,636.5,621,654,571,580,582.5,758,677,559.5,558
2024-08-22,612,625.5,604,669,536,531.5,577,540.5,602.5,572,888.5,608.5,597,606,556,642,622,652,561,580,572,761,666,559,546.5
2024-08-21,603.5,618,599,672.5,540.5,539,577,547,605.5,575.5,889.5,617.5,598,607.5,569,646.5,620.5,652.5,573.5,580,575.5,747.5,670,559.5,544
2024-08-20,599.5,621.5,603,670,543,541.5,583.5,550.5,605,577.5,890.5,601.5,591.5,609.5,575,639.5,625.5,653.5,565,580,577.5,746,665,561,548.5
2024-08-19,601.5,623,606,668.5,552.5,548,591,560,610,591,894,608.5,600.5,610.5,585,650,629.5,654.5,581,585,591,750,669,561,561.5
2024-08-16,605,626.5,610,676,552,550.5,593,566,614.5,591,897,618.5,601,617.5,584,651,635.5,659.5,587,590,591,748.5,681.5,560,574
2024-08-15,607,632,609,675.5,556,550.5,590.5,566.5,614.5,589.5,897.5,621.5,600.5,617.5,579,654,629.5,656.5,587.5,590,589.5,748,680,560,570
2024-08-14,611,637,619,680,556,551.5,591,567,616.5,587,896,621.5,606.5,626,603,642.5,637.5,654.5,589.5,595,587,754.5,684.5,560,569
2024-08-13,619.5,642.5,617.5,682,556.5,556,592,571,617,593.5,896,625,612,631,587,642,633.5,657.5,582,595,593.5,754.5,687.5,560,560
2024-08-12,602,633,612.5,679,548.5,547,589,564.5,611.5,584.5,898,615,600.5,617.5,578,637.5,631,647.5,579.5,590,584.5,747.5,698.5,560,555
2024-08-09,595,621,603,674.5,546,547.5,588.5,551,605.5,578.5,898,602,599,609,569,637,623.5,645.5,570,585,578.5,742.5,683.5,560,553
2024-08-08,594,618,601,671.5,535.5,538,589.5,551.5,608,573,901,602,590.5,605.5,577.5,639.5,622,640.5,560,580,573,736.5,683.5,558.5,551.5
2024-08-07,588,618,593,665.5,537,538.5,592,545.5,602.5,571.5,899.5,586,582,606,567.5,632.5,616.5,634.5,565,590,571.5,737,676.5,558.5,549.5
2024-08-06,585.5,610.5,586.5,666.5,531.5,538.5,588.5,549.5,603.5,572.5,906.5,589,583.5,603,567,625.5,615.5,633,557,605,572.5,739,702.5,558.5,549
2024-08-05,594,616.5,598,674.5,533,553.5,598,549,606.5,570,909,587,585,603.5,556,646,623,635,552,602,570,745.5,694,561,551
2024-08-02,617.5,627,615,692.5,559,561,605,561.5,618,581.5,913,608,602.5,623,574,661.5,635.5,657,576,605,581.5,745.5,679.5,561,573
2024-08-01,618.5,623.5,617,689,563,560.5,607,575,621.5,592.5,920,622,609,623.5,588,655,642,655,588,605,592.5,745.5,682.5,560,572
2024-07-31,611,613,611.5,680.5,556.5,555.5,605,569,614.5,585.5,934,604,604,620,575,650.5,634.5,645,580.5,600,585.5,733.5,673.5,555,567.5
2024-07-30,613,604,610.5,676,557,555.5,607.5,566.5,608.5,583,929,606,603,626,580,648.5,633,643.5,578,603,583,745,657.5,564,567
2024-07-29,619.5,609.5,613.5,680.5,563.5,562,615.5,574,611.5,590.5,933,613,611,623,583,651,637,650.5,583.5,605,590.5,747,664.5,561.5,576
2024-07-26,611,615,612,680.5,557.5,556.5,617,576,622,602.5,935.5,643,608.5,625,588,656.5,635,652,582.5,608,602.5,729.5,669,565,575.5
2024-07-25,612.5,612.5,614,676.5,558.5,560.5,616,575,624.5,604,940,638,606,621.5,590.5,656.5,640.5,652,578.5,606,604,717.5,666,565,573
2024-07-24,612.5,614.5,609.5,678,562,559.5,615,581.5,624.5,601,940.5,638,608.5,622,580.5,652,637.5,652,582.5,604,601,722,669.5,565,584
2024-07-23,612.5,618.5,617,683.5,566,559.5,615,585,631,603.5,939,643,614.5,622.5,589,650,642,673,591,605,603.5,709,681,564,587
2024-07-22,616,622,617.5,684.5,567.5,564,623,594,639.5,609.5,932,658,614,632,592,657,639.5,675,596,610,609.5,738,662.5,562.5,592
2024-07-19,624,628.5,624.5,689,574,572,628.5,602.5,650,616.5,938.5,658,624.5,632.5,607,667.5,645,685,599.5,618,616.5,748,679,562,588.5
2024-07-18,625,626.5,626.5,690.5,574,572,629,604.5,650,615.5,938,660,626,633,618.5,666,644,686,602.5,614,615.5,734,678.5,562,588.5
2024-07-17,618.5,623.5,624,683,570,567.5,627,601.5,646.5,615,934.5,652,620,627.5,593.5,667,642,681.5,595.5,611,615,773,677,564.5,580.5
2024-07-16,622.5,631,627,684.5,574.5,572,627.5,601,652,620.5,937,656,624.5,636.5,589,670.5,644,683.5,602.5,618,620.5,750.5,685.5,578,588.5
2024-07-15,627,635,634.5,690,580,570,629.5,610.5,645.5,620,922,628,629.5,632.5,608,671.5,644.5,686.5,607,620,620,748,680,578,593
2024-07-12,629.5,635,634.5,682,582,572,630,612,633,617,918.5,626,634,633,608,671.5,641,690,610,632,617,706,675.5,578,589.5
2024-07-11,627.5,643.5,636.5,686.5,574.5,570.5,630,609.5,652,625,919,660,631.5,633.5,609,670,654.5,688,606.5,618,625,706.5,683,578,593
2024-07-10,628,642,637,687,577,571.5,629.5,608,653,624.5,918,657,633.5,636,605,673,654,688.5,609.5,618,624.5,701,681.5,584,592.5
2024-07-09,634,648.5,637,689,582.5,577,630,610,655,629,909.5,659,634,645.5,617.5,673.5,660.5,693,614.5,614,629,703.5,672.5,587,599
2024-07-08,638.5,651.5,642,690.5,587,589.5,636,614.5,653,633,897.5,666,640,643.5,614.5,661.5,662,688,618,620,633,708,689,581,605.5
2024-07-05,642.5,663,649.5,695.5,586.5,584,615,612,665.5,635,896.5,671,642,646.5,623.5,670,668.5,690,623.5,624,635,715.5,689.5,571,597.5
2024-07-04,638,658.5,645,694,589.5,583,634.5,617,654.5,636,896.5,668,639,656,616.5,678,666.5,690,620.5,621,636,709,683.5,560,604
2024-07-03,640.5,657.5,642.5,689,586.5,584,635.5,615,644,632.5,896.5,670,639.5,651.5,618.5,671.5,658.5,687,623.5,625,632.5,707,702.5,,595.5
2024-07-02,642,657,639.5,687.5,583.5,580.5,634.5,615,645.5,628.5,882,669,639.5,639,619,663,661,688,625,628,628.5,700.5,683,585,592
2024-07-01,628.5,641.5,633.5,684.5,575.5,572,625,603.5,638,618,882,667,631.5,628.5,604,662.5,646,680,608,625,618,700,679.5,573,586
2024-06-28,630.5,645.5,636.5,695.5,577.5,575,630.5,609.5,643.5,623,882,667,632.5,626,608,662.5,647,680,611.5,624,623,706.5,679.5,568,590
2024-06-27,627.5,646,633,693.5,573,567.5,628.5,606,640,615.5,882,659,626,622,604,662,642.5,678,610.5,619,615.5,695.5,670.5,,583.5
2024-06-26,622,642.5,626,681.5,570,570.5,621,602,634,619,882,657,623.5,618.5,602,659,645,678,604,615,619,691.5,672.5,,580.5
2024-06-25,623,647,631,682,570,568,618,611,639,620,893,656.5,623.5,617.5,602.5,661,642,680,609,610,620,691.5,666.5,571,586.5
2024-06-24,616,636.5,626,672,562.5,562,606,598,638,614,871,650.5,614,615,602.5,653.5,644.5,678,599,610,614,687.5,660.5,562,584
2024-06-21,615.5,625.5,625.5,675.5,561,558,618.5,591.5,638.5,613.5,878.5,654.5,611.5,615,592.5,656.5,636.5,687,598.5,610,613.5,698.5,668.5,560,584.5
2024-06-20,613.5,623,624.5,671.5,559,557.5,615.5,588,635.5,613,878.5,651.5,610,612.5,598.5,644,630.5,686,597.5,615,613,710,676.5,560,586
2024-06-19,611.5,625,623.5,669,562.5,560.5,621.5,589.5,638.5,615.5,878.5,652.5,610.5,610,594.5,646.5,633,686,599,600,615.5,698,673.5,560,579
2024-06-18,606,626,617.5,669.5,555,558,612.5,586.5,633.5,611,921.5,643.5,606.5,613.5,611,637,625,686,597,596,611,697,662,560,577
2024-06-17,599.5,617.5,615.5,660.5,548,554,612.5,578,629.5,600,927.5,643.5,601.5,604.5,588,642.5,624,678,590.5,585,600,668.5,664,560,577.5
2024-06-14,597.5,620,613,653.5,555,560.5,612,578.5,629.5,605,925,641.5,600,603.5,594.5,642.5,627.5,679,591,590,605,665.5,652,560,578.5
2024-06-13,598,619,619.5,652.5,551,552.5,613,575,631,603,922,642.5,599.5,593,587.5,636.5,626.5,681,589,585,603,666.5,666,560,570
2024-06-12,595,621,617,644,547.5,552.5,606,572.5,625,600.5,927.5,639.5,598,604.5,592.5,631,626.5,683,591,585,600.5,667,672.5,560,570.5
2024-06-11,586,606,611,633,539.5,544,612,574.5,628,595,917,639,593.5,596,580,614.5,626.5,688,584,575,595,661,679.5,560,557.5
2024-06-10,581,603.5,604.5,630.5,533.5,534.5,600,567,615,585.5,937,624,583.5,598.5,581.5,634,618,678,572.5,600,585.5,668.5,676.5,560,558
2024-06-07,581,603.5,608,625,530.5,530.5,596,570.5,620.5,582.5,940.5,627,586,598,563.5,628,619,680,571.5,599,582.5,667.5,674.5,560,552.5
2024-06-06,577.5,592,601,619,528,527,593,559,612.5,581.5,935.5,618,583,588.5,557.5,625,610.5,675,559.5,595,581.5,657,659,560,547.5
2024-06-05,577,594.5,596.5,621,526,525.5,587,563.5,615,578.5,937.5,605.5,574.5,589,551.5,632.5,608,673,560,588,578.5,655.5,654.5,560,548.5
2024-06-04,585.5,599.5,617,630,534,551.5,590,568.5,619.5,586.5,939.5,609,586,599.5,551.5,637.5,617.5,675,571,585,586.5,682.5,672.5,560,553
2024-06-03,597,611,627.5,636.5,548.5,564.5,605.5,579.5,630.5,602.5,933.5,632,596,609.5,581.5,635,625.5,679,581.5,605,602.5,686,669,560,575
2024-05-31,599,613,624,648,556,560.5,608,586,638,607.5,936.5,633,597.5,613,582.5,647,631.5,680,587,620,607.5,690.5,674,560,574.5
2024-05-30,609.5,619.5,635.5,659,561,556.5,615,588.5,644,614,953.5,643,607,622.5,593,652,638.5,685,592,620,614,701.5,684.5,560,572
2024-05-29,613,629,624,659,564,567,612,590.5,645,615.5,958.5,650,609,619.5,600,649.5,642.5,687,600.5,620,615.5,705,682,560,577
2024-05-28,600.5,614,616.5,647.5,555,552,608.5,589,639,612,953.5,650,604.5,619.5,589,644.5,634.5,682.5,591,620,612,704,672.5,560,568.5
2024-05-27,599,616.5,618,650,556.5,562.5,601.5,573,644,605.5,965,644,599.5,611,584,643.5,643,667,583.5,615,605.5,708,685.5,560,602
2024-05-24,602,614.5,617.5,653.5,551,560,604,571.5,641.5,608.5,965,640,601,609,581.5,643,630,679,580.5,614,608.5,708.5,690.5,560,597
2024-05-23,603.5,629,617.5,642.5,559.5,563,603,586,650.5,613,960.5,642,603,624.5,600,655.5,637.5,687,582.5,,613,702,688,560,594.5
2024-05-22,615,633.5,627.5,649,562.5,566,606,585.5,655,613,964.5,644.5,615.5,624,591,655.5,641.5,691.5,593.5,,613,709,690,560,594.5
2024-05-21,621.5,637.5,632,651,571,587.5,603.5,590,661.5,620.5,964.5,654,618,624,605,656,647.5,692.5,596.5,,620.5,709,704.5,560,604
2024-05-20,626,639,633.5,655,577,595,618,593.5,674,628,965,656,628,636.5,605,623,653.5,691.5,606.5,,628,709,703.5,560,601.5
2024-05-17,624.5,640,632.5,653.5,571,572,618,591.5,670,624.5,979.5,653,629,634,605,663,649,691.5,601.5,,624.5,704.5,690.5,560,577.5
2024-05-16,623.5,640,639,653.5,568,569,616,595.5,669.5,621.5,970,649,628.5,635.5,615,669.5,638.5,691.5,597.5,,621.5,706.5,699.5,560,581.5
2024-05-15,623.5,637.5,634.5,654,566,566.5,611,585,675,620,983.5,648,628,638.5,615,656.5,646.5,691.5,590,,620,711,699.5,560,585.5
2024-05-14,624.5,635.5,634.5,652.5,569.5,571.5,621,593,681,627,984.5,651.5,629,642.5,615,669.5,652.5,692.5,595.5,,627,715.5,693,560,582
2024-05-13,627.5,639,634,659.5,570.5,569.5,626,590,679,625.5,984.5,648.5,627,643,615,651,655,692.5,595.5,,625.5,715,703,560,590.5
2024-05-10,635.5,653.5,636,663,580.5,579.5,629,596,682.5,631.5,998,658.5,632.5,646,625,677.5,664,704.5,599,,631.5,725.5,690.5,560,585.5
2024-05-09,630,644,630,672,569,564,630,590.5,678.5,625.5,985.5,651.5,632,649.5,615,666.5,660,704.5,608,,625.5,720,698.5,560,593
2024-05-08,621,630.5,627,661,566.5,569,627.5,589.5,677.5,627.5,997.5,651.5,621,642,615,670,656.5,708.5,601,,627.5,714,693.5,560,595.5
2024-05-07,628,636.5,640,668.5,569,579.5,628.5,591,680.5,625,997,654.5,626.5,641.5,620,673,667.5,712.5,605.5,,625,717.5,694,560,601
2024-05-06,627,637.5,631.5,678.5,579,583.5,631.5,587.5,676,627,996,652.5,622,649,620,655.5,668,717.5,614.5,,627,725.5,682.5,560,588.5
2024-05-03,625,636,634,676.5,577.5,587.5,649,595,679.5,623.5,986,650.5,628.5,653,620,675,669,725.5,607,,623.5,719.5,692.5,560,588.5
2024-05-02,634,646,638,678.5,574,579,656,595.5,680,637,988.5,632.5,624.5,646.5,635,673,670.5,725.5,605.5,,637,727,678.5,560,607.5
2024-05-01,644.5,657,646,687.5,590,609.5,653,608.5,691.5,653.5,992.5,657.5,643,658.5,635,683,681.5,734.5,609,,653.5,738.5,713.5,560,603
2024-04-30,645.5,656.5,649,686,600.5,595.5,656,619.5,693.5,658.5,992.5,660,642.5,658.5,635,694,686,736.5,627.5,,658.5,742.5,715.5,560,608
2024-04-29,649,658.5,650,691,602.5,602.5,658,630.5,700.5,663,996.5,669,648.5,660,635,708.5,687,738.5,636.5,,663,743.5,722.5,560,624
2024-04-26,649,657.5,647.5,689.5,603.5,602.5,649,626.5,699,662.5,991.5,675,649,662,625,701.5,683.5,734.5,632.5,,662.5,741,712.5,560,625
2024-04-25,649.5,660.5,651,692.5,602,599,654.5,624,701.5,657.5,998.5,665,649.5,669.5,645,691.5,682,734.5,628.5,,657.5,745,714.5,560,618
2024-04-24,647.5,658.5,652.5,695,601.5,597,653.5,619,703.5,662,997.5,667,651.5,659.5,645,691,685,735.5,634.5,,662,746.5,715,560,625.5
2024-04-23,646.5,658.5,654,688,604,615,654.5,630.5,693,663.5,995.5,661.5,650.5,657.5,650,694.5,677.5,741.5,639.5,,663.5,739,719,560,627
2024-04-22,641,661,647.5,685,599,592,654,629.5,688,661.5,995.5,656.5,647.5,657,650,698.5,685.5,735.5,630.5,,661.5,746,719,560,627.5
2024-04-19,645,663.5,647.5,687.5,600,602.5,668,627.5,694.5,663.5,983.5,652.5,649.5,662.5,650,701,684,735.5,638,,663.5,759,726,560,630
2024-04-18,647,655.5,646.5,687,608,612,668,636.5,689.5,671,990.5,658.5,649.5,665,655,703,683,735.5,638,,671,732.5,718,560,639
2024-04-17,655.5,659.5,657.5,696,619,602.5,668,628.5,692,676,992.5,674.5,653.5,667.5,655,706,698,744.5,652,,676,764,710,560,639.5
2024-04-16,653.5,660.5,654,708,619,603.5,669,636,694,680.5,995,674,658,661.5,655,703,700.5,745.5,652,,680.5,761,726,560,638.5
2024-04-15,648,660,648.5,704,613.5,609,673.5,646,694,670,996,665,647.5,657,655,712.5,699,741.5,643.5,,670,773.5,741.5,560,634
2024-04-12,646,664.5,639.5,708,618,612,658.5,649,686,680,998.5,670,649,660.5,655,711.5,701,734.5,644,,680,769.5,716,560,633.5
2024-04-11,650.5,664.5,653,705,612,601.5,664.5,647,702,675.5,985.5,673,649,659.5,655,696,705.5,734.5,657,,675.5,769.5,707,560,633
2024-04-10,656,672.5,653.5,706.5,613.5,607.5,658.5,645,701.5,677,988.5,663.5,651.5,658,655,696.5,705,735.5,644,,677,768.5,708.5,560,630.5
2024-04-09,652.5,671.5,655.5,707.5,615.5,625.5,657.5,647,711.5,681.5,983,665,650.5,660,660,705.5,698,737.5,649,,681.5,770.5,699,560,633
2024-04-08,650.5,664,654.5,714,619,620.5,660.5,656.5,721.5,680,985,666,649,656,660,706.5,700.5,736.5,652,,680,801,720.5,560,628
2024-04-05,653,664,653,711,616,611.5,658,657,725.5,678.5,978,668,651.5,653.5,660,698.5,701.5,742.5,653.5,,678.5,796.5,718.5,560,632.5
2024-04-04,649.5,667.5,654.5,703.5,614,582,664,660,718,676,983,665,651.5,662,660,703,691,742.5,645.5,,676,790,717,560,627.5
2024-04-03,652.5,665,653,705,614.5,609,664,661,707.5,673,978,669,652,655.5,660,697,691,743.5,650,,673,805.5,717.5,560,635
2024-04-02,645,665,649,705,610,632,650.5,658,704,668.5,964,665,649.5,664,630,699.5,686,735.5,643,,668.5,797,701.5,560,623
2024-04-01,645.5,659.5,625.5,702.5,602.5,617.5,646.5,654,711.5,663.5,963,664,645,643.5,630,691.5,680,726.5,638.5,,663.5,788.5,734.5,560,618
2024-03-29,647.5,668,631.5,679,600,617.5,645.5,659,716.5,666.5,962,664,640,625.5,630,692,711,724.5,638.5,,666.5,803.5,734.5,560,618
2024-03-28,637.5,668,640.5,695,600,592.5,645.5,652,709.5,664.5,962,656,646,643.5,630,691.5,679,724.5,633.5,,664.5,788.5,707.5,560,618
2024-03-27,640.5,660.5,642,694.5,597,590.5,632.5,652.5,722,661.5,958.5,652,644.5,642,630,692,684,718.5,631,,661.5,805,714.5,560,619
2024-03-26,646,667,645.5,695,601,594.5,633.5,652.5,728,669,965.5,650,645,646.5,640,706.5,684.5,718.5,640,,669,780.5,718.5,560,620.5
2024-03-25,647,670.5,643.5,703.5,600,594,631.5,652.5,721,673,969,650,643,641,640,696,679.5,720.5,624.5,,673,797,708.5,560,617
2024-03-22,642,666,641,704,598.5,593.5,633,654.5,720,670,971.5,651,643,637.5,635,694,677.5,712.5,636,,670,795.5,723.5,560,604
2024-03-21,644,665,643,710.5,597,587,634,654,721.5,672.5,972.5,655,650.5,641,640,703,678.5,712.5,636,,672.5,808.5,724.5,560,613.5
2024-03-20,648.5,667.5,646.5,712,601.5,600.5,637,665.5,727,679,974.5,664,650,645,640,698,689,724.5,634.5,,679,812.5,717.5,560,611
2024-03-19,648,671.5,652.5,719.5,601,599,637,660.5,724.5,681,977.5,663.5,651.5,655,646,694,693.5,725.5,632,,681,808,719,560,613
2024-03-18,650.5,670.5,648.5,717,602.5,602.5,634,656,719.5,677.5,976.5,659.5,649.5,646.5,646,691.5,686,724.5,638,,677.5,817.5,714,560,616.5
2024-03-15,645,667.5,643.5,715,598.5,593,624.5,645.5,707,673.5,961,664.5,647,640,630,685.5,678.5,,630,,673.5,814,717,560,609.5
2024-03-14,638.5,665.5,643.5,711.5,595.5,603.5,624.5,647,703,672,954,660.5,649,639.5,630,675.5,686,,622.5,,672,829,719.5,560,606.5
2024-03-13,633,668.5,642,704,585.5,574.5,609.5,638.5,702,661.5,954,646.5,638,632,630,680.5,679,695.5,625,,661.5,808.5,704.5,560,602
2024-03-12,638.5,652,646,709,586.5,576,611.5,637,702.5,657.5,954,648,639,635,605,675.5,673.5,695.5,620,,657.5,823,701.5,560,600.5
2024-03-11,632.5,659.5,647,712,585.5,584,611.5,636.5,705,659.5,954,645,637,636.5,605,675.5,678.5,695.5,611,,659.5,827,702.5,560,594.5
2024-03-08,638,670.5,653.5,718.5,586,589.5,611.5,638,710.5,664.5,953.5,650,640,643,620,678.5,678.5,695.5,621,,664.5,825,704,560,595.5
2024-03-07,639.5,671,654.5,725.5,582.5,576,609.5,640,713,668,964,646,639,645.5,610,684.5,687.5,695.5,619,,668,826,713,560,594.5
2024-03-06,640,664.5,651.5,723.5,588.5,585,619.5,639,711,673,964,641,638.5,638.5,610,687.5,685,695.5,620.5,,673,825.5,713,560,602.5
2024-03-05,646.5,678.5,649.5,725.5,582.5,579,619.5,638.5,711,677,964,644,644.5,646.5,625,681.5,685,695.5,617.5,,677,841,718.5,560,597
2024-03-04,646,675.5,649.5,720.5,585,577,619.5,639,704.5,676,964,648,651,638.5,625,688.5,689,695.5,628,,676,846,717.5,560,600.5
2024-03-01,641,673.5,639.5,722.5,583,581.5,590.5,633.5,702,670,964,649,635.5,641.5,625,679.5,684,695.5,622,,670,852,714.5,560,588.5
2024-02-29,639.5,665,645.5,719.5,582,579,600,635.5,702,674.5,967,647,632,638,620,681.5,688,695.5,625.5,,674.5,849,716.5,560,598
2024-02-28,640.5,670,644.5,720,581,576,593,636,709,675.5,967,652,631,640,620,682,693,690.5,624,,675.5,841,710,560,595.5
2024-02-27,629.5,657,640.5,715,572.5,564.5,592,638.5,710,671,967,653,624.5,623,620,671,704,670.5,623.5,,671,837.5,697.5,560,601.5
2024-02-26,632,661.5,635.5,711.5,578.5,573,592,633,704,664.5,967,647,625.5,636,620,677.5,681.5,670.5,615.5,,664.5,835,712,560,591.5
2024-02-23,642.5,677,646.5,717,581,580,605,636.5,705,670,971,658,631,642,620,679.5,691,651.5,614,,670,842,717.5,560,599
2024-02-22,640.5,678,647,718,580,575,606.5,639,702.5,671.5,983,656,633.5,639.5,620,677.5,691.5,651.5,611,,671.5,833,716.5,560,605.5
2024-02-21,640.5,674,649.5,713,578.5,581.5,602,635.5,701,665.5,979,653,624.5,651.5,620,675,692,648.5,616.5,,665.5,825.5,714,560,596.5
2024-02-20,644,668,655.5,712.5,578.5,582,599.5,638.5,698.5,664.5,968.5,658.5,633,659.5,620,676.5,694,630.5,625.5,,664.5,844,735,560,600
2024-02-19,646,671,659.5,712,581.5,586,603.5,638,691,668,975,659.5,632,668.5,620,677,690,624.5,619.5,,668,823,730,560,596.5
2024-02-16,652.5,668,663,714.5,577.5,579,614.5,638.5,683,669,978.5,654.5,634,676,620,677,692,624.5,625,,669,818,723.5,560,600
2024-02-15,642,663,647.5,694.5,573,591.5,611,635.5,688.5,667.5,981.5,644.5,619.5,680.5,620,674,689.5,624.5,622.5,,667.5,815,740,560,591
2024-02-14,653,668.5,665.5,699.5,581.5,573,612,634,687.5,667,978.5,622.5,628.5,673,620,677.5,703.5,630.5,624,,667,793,723.5,560,600.5
2024-02-13,652,666,651,699,580.5,568,618.5,639,685,678,969,627.5,627,664,627,680.5,708,628.5,635.5,,678,806,712,560,599.5
2024-02-12,642,656.5,651,689,575.5,568,610.5,637,697,664.5,966,627.5,631,664,627,678,699.5,627.5,630.5,,664.5,815,712,560,592.5
2024-02-09,641,652.5,651,685.5,579,574,600,644,693.5,668.5,964.5,627.5,625,664,627,673.5,703.5,625.5,625.5,,668.5,806,712,560,600
2024-02-08,633.5,648,645.5,679,569.5,566,595,632,692,648.5,969,627.5,617,660,608,664,696.5,625.5,614.5,,648.5,803,712,560,591
2024-02-07,628,644.5,643,683,565.5,561,590,627.5,679.5,646,969,627.5,611,661.5,608,660.5,692.5,615.5,614.5,,646,811,702,560,589.5
2024-02-06,624.5,635,645.5,683,562,555.5,589,633.5,681.5,632.5,926,632.5,612,659.5,608,663,687,616.5,600.5,,632.5,800.5,698.5,560,584
2024-02-05,632.5,636.5,649,685.5,565,559.5,592,625.5,676.5,627,923,627.5,612,669,608,674,689,617.5,609,,627,807,701.5,560,584
2024-02-02,642,640,656,698,572,574,596,623,682,633.5,921.5,636.5,619.5,674,620,683,696,615.5,630,,633.5,799.5,717.5,560,600
2024-02-01,643,652,666.5,703.5,584,580.5,598.5,627,681,634.5,917.5,648.5,620,677,624,689.5,710,615.5,636,,634.5,805.5,720.5,560,604
2024-01-31,661.5,665.5,684,715,595.5,595.5,599.5,631,693,638,921.5,641.5,637,690,624,688,714.5,619.5,636.5,,638,800.5,719.5,560,610.5
2024-01-30,667.5,673.5,699.5,723.5,593,595.5,601.5,625.5,690,634.5,923.5,646,637.5,697.5,638,689.5,712.5,605.5,637.5,,634.5,792,703,560,607.5
2024-01-29,662.5,676.5,692.5,723,585,579,604.5,625,695.5,631.5,922.5,649,644,686,638,671.5,720.5,609.5,640,,631.5,783.5,702,560,606
2024-01-26,655,663,682.5,708.5,581.5,572.5,608.5,616.5,691.5,623,916,641,633,673.5,632,669,697,610.5,638,,623,761,682.5,560,597
2024-01-25,630.5,650,663.5,705,566,550.5,598.5,608.5,681,613.5,922,624,621,664.5,620,661,697,610.5,621.5,,613.5,776.5,685,560,569
2024-01-24,625.5,634,661,704.5,559,556,594,598,677.5,607,918,621,615.5,655.5,620,658,692.5,608.5,610.5,,607,758.5,687,560,567.5
2024-01-23,618.5,627.5,640,689,559.5,544,589,606,669.5,606.5,913.5,626.5,612.5,642.5,600,653,693.5,606.5,598,,606.5,749.5,678,560,565
2024-01-22,621,630,635,695.5,554,551.5,591,595,667.5,599,915.5,624.5,608.5,649,600,642.5,694.5,603.5,612.5,,599,747,677.5,560,562
2024-01-19,616.5,629.5,627,686,549,544,582,595,660,601.5,918,615.5,608,646,600,643.5,689,588.5,608,,601.5,726,673.5,560,562.5
2024-01-18,609,622,620,683.5,546.5,537,585,584,656.5,591.5,917.5,610.5,599.5,636.5,600,638.5,677.5,588.5,596,,591.5,714,669.5,560,561.5
2024-01-17,599.5,622.5,613.5,680,536.5,538,582,581,653,593.5,912.5,607.5,598,639.5,600,637,695,582.5,599.5,,593.5,714.5,680,560,546
2024-01-16,592.5,618,607,680.5,542,524,580,585.5,657.5,593.5,915,617.5,594.5,635,600,638,696.5,577.5,600.5,,593.5,712,689.5,560,552.5
2024-01-15,597,619.5,624,679.5,537.5,544.5,580,591.5,656.5,590.5,915,611,600,640,600,640.5,691.5,577.5,598,,590.5,713,691,560,547.5
2024-01-12,597,627.5,624,688.5,545,546.5,582.5,587,652,593,923,613,599.5,637,590,638,692.5,577.5,597.5,,593,710,699,560,567.5
2024-01-11,589,620.5,617.5,668.5,540.5,540,577.5,579,648,592.5,909,603.5,597.5,632.5,590,634,696.5,577.5,591,,592.5,711.5,700.5,560,567.5
2024-01-10,592.5,626,620.5,672.5,545,543,576,576,663.5,595,910,607.5,598,637.5,590,640.5,711.5,573.5,594,,595,727.5,707.5,560,561.5
2024-01-09,589,623.5,618.5,671,541,540,582,578,646.5,590.5,909,615,600.5,638,605,639,707.5,573.5,589,,590.5,728.5,711,560,564.5
2024-01-08,596.5,629.5,627.5,678.5,548,548,582,576,658,597.5,910,632,603,647.5,605,636.5,721.5,582.5,597,,597.5,726.5,711,560,564
2024-01-05,606.5,644,634.5,682,558.5,544,580.5,576.5,663,599.5,906,631,610.5,653,630,639.5,718.5,611.5,609.5,,599.5,713,721,560,576.5
2024-01-04,606,661,625.5,680,563.5,547,575,576,644.5,598,901,604,616,654,630,646,725.5,611.5,616,,598,726,712.5,560,581
2024-01-03,599.5,667,630,683,549,540,573.5,565,648,597.5,905,604.5,607.5,666,630,641,720.5,605.5,598.5,,597.5,723,718,560,562
2024-01-02,609,687,625,688.5,555.5,522.5,579,562,639,591.5,898.5,604,619.5,689,620,640,723.5,628.5,603,,591.5,721,754.5,560,564.5
2024-01-01,618.5,676.5,627.5,695,554.5,556,579,567,645.5,599.5,898.5,604.5,614.5,693,620,658.5,736.5,628.5,611,,599.5,713,707.5,560,568.5
2023-12-29,618.5,676.5,627.5,695,554.5,556,579,567,645.5,599.5,898.5,604.5,614.5,693,620,658.5,736.5,628.5,611,,599.5,713,707.5,560,568.5
2023-12-28,615,685,633.5,683,558,559.5,583.5,574,647.5,599.5,916,611.5,620,689,635,655,738,628.5,634.5,,599.5,717.5,712.5,560,570
2023-12-27,619.5,691,630.5,697,559.5,552.5,588.5,582.5,650,601.5,916,616,623,697.5,635,648,724,632.5,635.5,,601.5,700,702.5,560,580
2023-12-26,613.5,694.5,620,685,557,556,593.5,579,648.5,597,899,613,619.5,667,635,647,717.5,627.5,626.5,,597,701,666,560,580.5
2023-12-25,613.5,694.5,630,680,557,553,579,583.5,642,607,899,614,621.5,682,635,647,710.5,614.5,626.5,,607,701,689,560,580.5
2023-12-22,613.5,694.5,630,680,557,553,579,583.5,642,607,899,614,621.5,682,635,647,710.5,614.5,626.5,,607,701,689,560,580.5
2023-12-21,614,691,630,690,555.5,546.5,580.5,576,634,610,898,612.5,623.5,687,590,648.5,712.5,614.5,616,,610,701.5,690.5,560,578.5
2023-12-20,614,698,632,684.5,553.5,550.5,580,570.5,648,610,907,615,623.5,670.5,590,641,696.5,614.5,600,,610,693,679,560,566.5
2023-12-19,610,682.5,621.5,680,554,552.5,580.5,562,661,603.5,899,614.5,617,661,590,641,694.5,621.5,602,,603.5,692.5,667.5,542.5,561.5
2023-12-18,599,678.5,612.5,671,541,551,576,559.5,667,591.5,899,602,606,647.5,590,630.5,686,621.5,611.5,,591.5,689,682,542.5,558
2023-12-15,595.5,651.5,605.5,661,547,545,575.5,557,673.5,583.5,898.5,593,599.5,640.5,580,633.5,679.5,597.5,588.5,,583.5,688.5,691,542.5,547
2023-12-14,581.5,635,599.5,644,536.5,532,580,542,657.5,569,616.5,583.5,590.5,640,580,624.5,687.5,597.5,587.5,,569,683,688,542.5,529
2023-12-13,582.5,620.5,606,631.5,518,534,570,535,679,578.5,911.5,576.5,587,645,580,609.5,686,590.5,594,,578.5,680,700,542.5,518
2023-12-12,600,632,617.5,629.5,531.5,526,570,536.5,687,587,903.5,589,599.5,645.5,580,617.5,695,607.5,590,,587,686,721,542.5,535
2023-12-11,603,629.5,616,631,535.5,522.5,583,549.5,683.5,585.5,908.5,580,599.5,640,580,620,703,597.5,580.5,,585.5,696.5,721,542.5,541
2023-12-08,589,629,617,624,532.5,529,584.5,553,684,582,919,581.5,596,628,575,622,710,600.5,577,,582,713.5,729.5,542.5,534.5
2023-12-07,604,633,609,629,540.5,531,584.5,547,689,587,928,583,595.5,637.5,600,621.5,717,600.5,582,,587,728.5,729.5,542.5,565
2023-12-06,625.5,657,651,648.5,556,561.5,595,557,696,598.5,929,607,616,660.5,600,646.5,720,613.5,585.5,,598.5,741,738,542.5,574
2023-12-05,631.5,656.5,645,650.5,562.5,560,627,568.5,698,604.5,923,616.5,623,655,610,641,715.5,612.5,610,,604.5,749.5,756,542.5,588
2023-12-04,643.5,652,654.5,655,564.5,570,622,573.5,707.5,614,926,625.5,630.5,662,610,657.5,718,612.5,606,,614,753,744.5,542.5,582
2023-12-01,670.5,675,673,665,588.5,569,604,577,728,613.5,923.5,638,649,683,620,664,717,645.5,625,,613.5,777,756,542.5,601
2023-11-30,666.5,682.5,667.5,665.5,586.5,569,620,589.5,709.5,625,922.5,637.5,646.5,675,620,661.5,709,645.5,625.5,,625,791.5,754.5,542.5,602.5
2023-11-29,658,671.5,668.5,660.5,576.5,573,602,581,709,614,923.5,625,638,672,620,661.5,708,636.5,617.5,,614,794,722,542.5,592.5
2023-11-28,651.5,663.5,679,670.5,574,572,607.5,571,707.5,614.5,965,623,636.5,669,600,657,706,637.5,613.5,,614.5,796,711.5,542.5,593
2023-11-27,663.5,658.5,686.5,669,567.5,562.5,625,570.5,723.5,617.5,930,629.5,642,673,600,655.5,699.5,652.5,606.5,,617.5,796,717.5,542.5,592
2023-11-24,698,677.5,702.5,694,574,588.5,627,569,726.5,613.5,974.5,653.5,668,689.5,600,661.5,699.5,667.5,614.5,,613.5,797,726.5,542.5,606.5
2023-11-23,708,697.5,710.5,706.5,590,609,631,575,734,611,844.5,663.5,670,696.5,630,652.5,699.5,667.5,619,,611,793,720.5,542.5,604
2023-11-22,715.5,682.5,707,711,593,609,621,570.5,725,627.5,844.5,676.5,682,703.5,630,665.5,698,667.5,630,,627.5,808,729,542.5,606.5
2023-11-21,717,680.5,704,714,596.5,591.5,625,568,728,633.5,782,685.5,674,704.5,630,666.5,697,667.5,633.5,,633.5,810.5,719,542.5,610
2023-11-20,706,678.5,690,707.5,581,591.5,615,565.5,714,627,782,682,671,705,630,656,684.5,667.5,620.5,,627,799,719,542.5,592.5
2023-11-17,678,668,675.5,694.5,573,584,619,566.5,719.5,624,782,663.5,657.5,687,594,655,673.5,667.5,608.5,,624,795,705.5,542.5,588.5
2023-11-16,683,680,678.5,701.5,586.5,595.5,626.5,574.5,722.5,629.5,793.5,677,667,699,600,666.5,689.5,667.5,618,,629.5,800.5,717,542.5,596
2023-11-15,692.5,680,691,705,590,579,631.5,574,727,634,793.5,686.5,678,703.5,600,673.5,702,667.5,621,,634,802.5,745,542.5,603
2023-11-14,694,682.5,690.5,705.5,587,579,626.5,583.5,722,638,793.5,693.5,685.5,709.5,600,665.5,694.5,667.5,623.5,,638,798,763.5,542.5,607
2023-11-13,682,668.5,674.5,691.5,580.5,569,623.5,575.5,720.5,628,793.5,686.5,673.5,691.5,600,652.5,684,647.5,608.5,,628,812,748.5,542.5,599
2023-11-10,679,667.5,668.5,691,571,579,615,574,720,620,774.5,681.5,664.5,685.5,600,667,671,637.5,607,,620,808.5,731,542.5,591.5
2023-11-09,666.5,668,675.5,690.5,572.5,579.5,616,572,723,617,760,679.5,665.5,691,600,656,668.5,637.5,597.5,,617,821,731,542.5,594.5
2023-11-08,677.5,677.5,682.5,693.5,574.5,564.5,620.5,579,723.5,628.5,763,689,673,688.5,600,664,688,637.5,609,,628.5,809.5,717.5,542.5,597
2023-11-07,682.5,694,694,702.5,588,589,622,585.5,731.5,640,769.5,695,679.5,707.5,635,671.5,704,640.5,621.5,,640,807,722,542.5,606.5
2023-11-06,690.5,711,705,714.5,595,588.5,625.5,601,717,644,761.5,699.5,683.5,707,635,672,719.5,662.5,640,,644,817.5,712,542.5,627
2023-11-03,694,714.5,698.5,711.5,604,600,616,606,713.5,640,773.5,706.5,690.5,706.5,630,681,723,667.5,632,,640,812.5,702,542.5,626
2023-11-02,687,711,690,713,598,576.5,636.5,607.5,719.5,642.5,755.5,697,674,704,635,678.5,726,667.5,637,,642.5,836,692,542.5,619.5
2023-11-01,700,718.5,687,707.5,606,596.5,643,611,692,645.5,748.5,706,688,696.5,635,681,723.5,667.5,636.5,,645.5,813.5,737,542.5,623
2023-10-31,677,711.5,678,696,604,580,644,613,689,649.5,758.5,694,672,691.5,645,680,724.5,667.5,637.5,,649.5,819.5,727,542.5,632
2023-10-30,672,706.5,677,693.5,605.5,590,649,612,694,642,748.5,684.5,665.5,686,645,683,720.5,667.5,642,,642,814,722,542.5,633.5
2023-10-27,668,712,675.5,691.5,601.5,600,645.5,612,696.5,629.5,739,684.5,656.5,682,645,677.5,728,662.5,644.5,,629.5,811,700,542.5,630.5
2023-10-26,667,702,666,693.5,609,613.5,648,615,696.5,641,734,684,658,681,640,681.5,728.5,662.5,644,,641,797.5,715,542.5,632
2023-10-25,661,703.5,662.5,688,609,603.5,649.5,623.5,697,644,740.5,683,651.5,674,640,686.5,721,659.5,637.5,,644,800,694,542.5,625.5
2023-10-24,666.5,712.5,671.5,696.5,613.5,605,653,627,703.5,649.5,743,688,654,675,655,701.5,734,687.5,643,,649.5,797.5,677.5,542.5,637
2023-10-23,681.5,719.5,688.5,704.5,625.5,615,655,639,704.5,658,749,701.5,667,694,655,707.5,738.5,692.5,650.5,,658,798.5,747.5,542.5,644.5
2023-10-20,686,729,684,709.5,626.5,615,661.5,633.5,695,661.5,753.5,710.5,674,700,655,695.5,750,705.5,665,,661.5,799.5,747.5,542.5,643.5
2023-10-19,680.5,713,679,703.5,622.5,613.5,660.5,634.5,712,659.5,748.5,703.5,668.5,698,655,709.5,736,705.5,649.5,,659.5,790,762.5,542.5,639.5
2023-10-18,683.5,714,686.5,705,619.5,608.5,656.5,633,695,654,758.5,709,671.5,689.5,655,702,755.5,716.5,654.5,635,654,787.5,717.5,542.5,637
2023-10-17,672.5,704.5,680,709.5,619,616.5,655,632.5,681,656,768,697,661.5,691,640,703,742,713.5,644.5,635,656,792,724.5,542.5,636
2023-10-16,680.5,704.5,682.5,705.5,622.5,631.5,656,635,706.5,657,767,704,666.5,691.5,640,698,746,721.5,648,635,657,777,710,542.5,632
2023-10-13,663.5,705,667.5,694,613,610,645.5,618.5,620.5,652.5,754,699,657.5,678,630,692.5,731,705.5,634.5,635,652.5,771.5,700,632.5,636
2023-10-12,660,689.5,654.5,679,602,610,645.5,613.5,690.5,646.5,765,676,643.5,665,630,688,715,705.5,628,635,646.5,765.5,700,632.5,629
2023-10-11,655,685,666.5,684.5,602,610,647,616.5,692,633.5,767,676,639,669,630,690.5,722,707.5,627,635,633.5,765,686,542.5,623.5
2023-10-10,650,685.5,656.5,680.5,609,614.5,637,622.5,692,633.5,766,673.5,639.5,673,610,696,725.5,705.5,634.5,635,633.5,759,706.5,542.5,626.5
2023-10-09,655,673,644.5,674.5,606.5,596.5,615,590.5,675,627,758,674.5,635,650.5,610,703,732,710.5,628,635,627,739,652,542.5,624
2023-10-06,634.5,660.5,644.5,674.5,594,596.5,630,585.5,675,622.5,758,659.5,621.5,659,610,698,704,710.5,605.5,635,622.5,732,652,542.5,617
2023-10-05,632,658,645,681.5,578.5,596.5,647,610,709,637,761,660.5,626,658,635,679.5,691.5,710.5,610,635,637,735,652,542.5,599
2023-10-04,672,690.5,671.5,699.5,608,596.5,647,632,709,640.5,761,691.5,659,683.5,635,694,721,710.5,636.5,,640.5,761.5,706,542.5,625.5
2023-10-03,677.5,699,680.5,701,616.5,614.5,659,644,720,648,766,698.5,661.5,689,650,701,722,727.5,644.5,,648,762,720.5,542.5,636
2023-10-02,684,696.5,686.5,704,620.5,614.5,663.5,652,717,660.5,756,703.5,671.5,684.5,650,704.5,734,757.5,655,,660.5,755,728,542.5,647.5
2023-09-29,682.5,700,686.5,703.5,625.5,614.5,680,659.5,723,663.5,759.5,696,670.5,684.5,650,709,731.5,762.5,652.5,,663.5,757.5,728,542.5,647.5
2023-09-28,684,696.5,688.5,700.5,638,633.5,680,658,723,662,756,702.5,670.5,713.5,650,721.5,741.5,762.5,655.5,,662,760,738,542.5,653.5
2023-09-27,680,698,677,705,628,618.5,680,661,723,661,756,706,664,687,650,711.5,722,762.5,653.5,710,661,749.5,701.5,542.5,641
2023-09-26,666,688.5,661,691.5,617,606.5,678,655.5,717,657.5,755,686.5,650,682.5,655,704,714.5,753.5,638.5,710,657.5,749,692,542.5,637
2023-09-25,666,686,676.5,696,620,616.5,678,658,709,660,757,695.5,660,675,654.5,711.5,716,770.5,648.5,710,660,741.5,690.5,542.5,648.5
2023-09-22,667.5,690.5,674.5,695.5,627.5,621.5,682,662.5,704,658.5,752,700,663,679,654.5,715.5,725,767.5,643.5,710,658.5,752.5,680.5,542.5,646
2023-09-21,665,691.5,671,700,626,620,680,660,710,662.5,749,692.5,654.5,684,639.5,715,719.5,767.5,642,710,662.5,761,700.5,542.5,643
2023-09-20,672,701,679,704.5,630.5,625,681,667.5,715,663,747,694.5,660.5,689,639.5,721.5,727,767.5,645,710,663,764,705.5,542.5,646.5
2023-09-19,674,691,681.5,708.5,636.5,630,684,672,712,664.5,747.5,698.5,665,690,649.5,714,719.5,777.5,654,710,664.5,755,700,542.5,654
2023-09-18,678,693.5,685,710,640,630,677.5,672.5,725.5,668,751.5,700.5,666.5,690.5,649.5,717.5,734,754.5,655,710,668,748.5,716.5,542.5,651
2023-09-15,676,695.5,687.5,700,643,633.5,674.5,670.5,737.5,676.5,751.5,703.5,669,699.5,649.5,719,729.5,754.5,653.5,710,676.5,750,724,542.5,655.5
2023-09-14,670.5,684,679,700,635,628,671.5,668,724.5,666.5,747.5,698.5,661,694,649.5,719.5,726,754.5,648,710,666.5,750.5,704,542.5,654
2023-09-13,662,678.5,683.5,693.5,627.5,623.5,664,661,722,661,754,676.5,655,690,649.5,711.5,722.5,754.5,647.5,708,661,738.5,705,542.5,639.5
2023-09-12,653,675.5,673.5,685,617.5,607.5,661,669.5,721,662,745,674.5,650,681,631.5,700,714.5,737.5,639,677,662,723.5,732,542.5,631
2023-09-11,653.5,672.5,678.5,683,618.5,617.5,666,663,721,658,748,670,648,679.5,632,704,720,737.5,639,697,658,724,693.5,542.5,632.5
2023-09-08,655.5,668.5,678.5,680.5,617.5,607.5,663,659,717,653.5,743,667,648,677,635,692.5,711,737.5,638.5,670,653.5,720,717,542.5,636.5
2023-09-07,655.5,673,677.5,684,613.5,610,670,658,720,650,738,667,648,682,630,700,700,737.5,630.5,670,650,719,717,542.5,637
2023-09-06,645.5,663.5,681,686,609,610,665,653,705,658.5,738,657,639.5,678,630,692.5,714.5,737.5,625,670,658.5,710.5,684,542.5,627
2023-09-05,642,654,679.5,682.5,605,599,658,657,703,661,739,648.5,634,680.5,634.5,686.5,713,727.5,621.5,670,661,714.5,708.5,542.5,626
2023-09-04,641.5,668.5,691.5,686,613,619,653.5,651,702,658,738,656.5,638,683.5,634.5,696,717,714.5,623,670,658,734.5,698.5,542.5,624.5
2023-09-01,641.5,674,701.5,686.5,609.5,611.5,640.5,647,699,653,737,659,636.5,677,626.5,692,716.5,714.5,624.5,670,653,725,695.5,542.5,625
2023-08-31,637,655,687,677.5,599.5,606.5,637.5,644,699,646,739,647,631.5,670.5,626.5,683.5,710.5,714.5,617.5,670,646,705.5,695.5,542.5,623
2023-08-30,640,658,686.5,683.5,602.5,606.5,636,636,689,646.5,740,654,636,674,626.5,677,712,712.5,620,670,646.5,708.5,681,542.5,621
2023-08-29,642,662.5,683,689,601,606.5,640,632.5,695,647.5,750.5,653.5,636,666,624.5,682.5,706,712.5,619,672,647.5,705.5,729.5,542.5,625
2023-08-28,643,670.5,677,686.5,597.5,596.5,638.5,629,704.5,647,750.5,658.5,636,665,624.5,681.5,713.5,712.5,622,675,647,701,689.5,542.5,623.5
2023-08-25,636.5,652.5,658.5,682.5,601,591.5,626.5,619.5,695,642.5,753,654,633,660,614.5,683,707,697.5,622,,642.5,713,699.5,542.5,620
2023-08-24,629,655.5,652,673,592,593.5,632.5,620,698.5,637.5,752,648.5,622.5,648,609.5,681.5,694,697.5,610.5,,637.5,705,679.5,542.5,603.5
2023-08-23,629.5,652,647,682,592.5,593.5,633,627.5,701,644,752,645,623,648,609.5,680.5,696,697.5,614.5,,644,706.5,668.5,542.5,621
2023-08-22,635.5,658,654,673,602,598,638.5,629,705,645.5,754,649.5,630.5,646,618,682,699.5,702.5,619,,645.5,709.5,673.5,542.5,622.5
2023-08-21,647,669.5,663,684,608.5,608,649.5,634,705,648.5,754,660.5,640,669.5,618,693.5,707,702.5,626.5,,648.5,714.5,673.5,542.5,633
2023-08-18,641.5,671,653.5,680,604.5,605,645,627.5,698,645.5,751.5,653.5,638,656.5,630,694,706,702.5,619.5,,645.5,716.5,678.5,542.5,625.5
2023-08-17,640,672,653.5,685,600.5,595,649.5,625.5,699.5,646.5,751,649.5,632.5,656.5,630,693.5,697,702.5,622,,646.5,710,676,542.5,626.5
2023-08-16,647.5,678,658.5,686,610,605,645,624.5,696,651.5,754,659,641,660,630,700,694.5,692.5,628.5,,651.5,712.5,686,542.5,633.5
2023-08-15,651,686,661,704.5,615.5,611,643.5,626.5,692.5,649.5,753,661.5,645.5,660,630,709.5,693.5,697.5,631.5,,649.5,726.5,702.5,542.5,638.5
2023-08-14,650.5,686,658,704.5,620.5,611,651,636.5,705,654.5,756,664,644.5,657.5,630,710,702.5,702.5,639,,654.5,718,686,542.5,648
2023-08-11,653,682,662,697.5,621,621.5,649,634,716.5,648.5,771.5,658.5,640,657.5,645,713.5,710,702.5,641,,648.5,721.5,679,542.5,645
2023-08-10,663,686,659.5,702.5,627,635.5,652.5,637.5,692.5,658,772.5,669.5,651,670,645,715.5,707,702.5,645.5,,658,729,713.5,542.5,645.5
2023-08-09,640,673,645.5,688,618,605.5,650,625.5,685,657.5,772.5,663,640,649.5,645,706.5,710,692.5,630,,657.5,715,682,532.5,633.5
2023-08-08,637,670,645,682.5,610.5,607,642.5,609.5,683,652,780,648,637.5,647.5,645,702,696.5,690.5,626,,652,719,682,532.5,616
2023-08-07,643.5,676.5,656,690,615.5,612,640,610.5,683,652.5,775,651.5,637,652.5,645,702.5,709.5,692.5,633,,652.5,714,709,532.5,643.5
2023-08-04,639,675,640.5,692.5,621,614,623,605.5,679,654,778,654.5,638.5,651,650,701,706.5,697.5,648.5,,654,706.5,692,532.5,640.5
2023-08-03,631.5,668.5,635.5,677.5,607.5,608,627,597,685.5,645.5,772.5,637,623,646.5,630,693,700.5,697.5,620,,645.5,710,674,532.5,639.5
2023-08-02,638.5,670.5,633.5,684,606,607.5,627,602,678,653.5,777.5,644.5,629,640.5,630,684.5,703,697.5,634,,653.5,700.5,680.5,532.5,630.5
2023-08-01,628,664.5,625.5,672,604,607.5,629,597,649,649.5,769.5,635,624.5,642,605,684.5,689.5,667.5,617.5,,649.5,676.5,671,532.5,618.5
2023-07-31,619.5,653.5,618.5,668,590.5,587.5,619,597.5,644,638.5,769.5,627,612,633,605,673.5,684.5,667.5,608,,638.5,690,663,532.5,603.5
2023-07-28,613.5,644.5,607.5,659.5,590.5,576,622.5,589,650,635.5,779.5,622,608.5,629,580,673.5,679,667.5,603,,635.5,679.5,666.5,532.5,603
2023-07-27,608,638,611,654.5,579.5,571,607.5,591.5,645,622.5,779.5,619,602.5,617,580,657.5,673,667.5,591,,622.5,678.5,656.5,532.5,596
2023-07-26,598.5,627.5,604,649,573.5,571,601.5,577.5,643.5,629.5,767.5,613,594,616.5,580,659.5,667,647.5,588,610,629.5,677,653.5,532.5,594
2023-07-25,592,627.5,596,642.5,574,564.5,596.5,577,638.5,621.5,769.5,605.5,587,613,580,661.5,677.5,647.5,585.5,610,621.5,664,653,532.5,577.5
2023-07-24,583.5,614.5,585,635.5,569.5,557,589.5,577.5,630,609.5,769.5,600.5,576,605.5,580,653.5,665.5,647.5,585,610,609.5,664,650.5,532.5,577.5
2023-07-21,573.5,598.5,585.5,626,555,549,579,569.5,613.5,606.5,764.5,589.5,566.5,594,580,639.5,653.5,657.5,579.5,610,606.5,663,634,532.5,571
2023-07-20,569,592.5,579.5,615.5,549.5,545,579,568.5,618.5,584.5,772.5,583.5,562,591.5,560,647.5,652,657.5,570,610,584.5,662,632,532.5,567
2023-07-19,569,591,582,625.5,551.5,550,579,564.5,613.5,598.5,764.5,585.5,567,590.5,560,643,640.5,657.5,572,610,598.5,656.5,645.5,532.5,560.5
2023-07-18,564.5,582,583,618,551.5,541,578,559,609.5,583,764.5,587.5,565,590,560,644,641,657.5,571,610,583,656,636,532.5,560
2023-07-17,574,591,587.5,620.5,546.5,546,588,560,619.5,614.5,764.5,577.5,566,595.5,560,643,642,657.5,575.5,610,614.5,659.5,639,532.5,554
2023-07-14,581.5,606.5,597.5,627,558.5,556,582,564,619.5,600,759,592.5,575.5,603,570,648,647,657.5,578,610,600,663.5,647,532.5,569.5
2023-07-13,577,604.5,593.5,626.5,550,548,581.5,566,625.5,599,767,590.5,577,601,565,643,643,657.5,576,610,599,663.5,654.5,532.5,569.5
2023-07-12,579.5,599.5,591.5,629,553,550.5,579,559.5,618,594.5,778,590,572.5,602,565,641,641,657.5,568,,594.5,662.5,657.5,532.5,561
2023-07-11,575.5,593,592,626.5,542.5,545,571,548.5,624.5,590,809.5,588.5,567,599,565,633.5,631.5,648.5,564,,590,660,651,532.5,557.5
2023-07-10,587.5,598,592,631,549,543,568,546.5,617,596,781.5,590,574,599.5,565,634.5,632,644.5,561,,596,659.5,660,532.5,557.5
2023-07-07,586.5,593.5,587.5,627.5,543,543,553,533.5,609.5,571,781,590,573,595,560,629,625,647.5,559.5,,571,666.5,652,532.5,548.5
2023-07-06,582,602,589,628.5,546,543.5,551,534.5,611.5,566,782.5,592,572.5,591,560,631,633.5,647.5,564,,566,665.5,663,532.5,552
2023-07-05,585.5,603.5,590.5,630.5,547,548.5,546,534.5,614,572,786.5,593,575,603,560,637,618.5,654.5,565,,572,671,645.5,532.5,558.5
2023-07-04,591,601,594,630,543,537.5,546,523,619,569,786.5,592,572,598,555,621,614.5,677.5,559,,569,655,654,532.5,549
2023-07-03,595,612.5,594.5,641.5,550,557.5,546,523,619,569,786.5,597,584,611,555,633.5,623,677.5,567.5,,569,667,673.5,532.5,554
2023-06-30,594,612,600,636.5,537.5,546,544,520.5,612.5,560.5,786.5,604.5,579,607.5,550,631.5,628.5,655.5,560,,560.5,666.5,664,532.5,553
2023-06-29,587,621.5,597,634,537,543,537.5,522.5,613.5,560,786.5,604,576.5,603.5,550,628,625,655.5,556,,560,662.5,658,532.5,552.5
2023-06-28,585,612,594,627.5,529,538,546,525.5,611,559.5,786.5,595.5,570.5,603,550,626.5,620.5,663.5,548,,559.5,655.5,646.5,532.5,539.5
2023-06-27,594.5,619.5,599.5,640,538.5,541,542,525.5,600,567,784.5,602.5,582,597.5,545,638,632,658.5,549.5,,567,656,661,532.5,543.5
2023-06-26,597,620,611,640,538.5,541,542,530.5,641,568.5,794.5,600.5,582,616.5,545,637,625,662.5,551.5,,568.5,667,657,532.5,548.5
2023-06-23,602.5,621.5,607.5,637,539.5,537,559,532.5,641,567,794.5,612,584,610.5,535,638.5,622.5,677.5,548.5,,567,663.5,656.5,532.5,547.5
2023-06-22,612.5,649.5,622.5,652.5,552,559,569,538.5,641,574.5,794.5,619,600.5,622,565,672.5,647.5,677.5,568.5,,574.5,673.5,670,532.5,551.5
2023-06-21,612,635,616,644.5,553,552,569,545,641,565.5,794.5,618,595,618.5,565,652.5,631,677.5,563.5,,565.5,672,669,532.5,557.5
2023-06-20,626,649,624,641.5,555,551.5,570.5,534,633,579.5,797,623.5,601,632,570,649.5,631,647.5,571.5,,579.5,675.5,661,532.5,558
2023-06-19,616.5,643.5,624.5,640.5,555.5,557.5,570.5,546.5,633,583,797,624.5,605,622,570,665.5,636,647.5,575,,583,677.5,672.5,532.5,559.5
2023-06-16,602,631.5,608,643,550.5,552.5,560.5,526.5,608,575.5,797,609.5,591,614,570,650.5,628,647.5,561,,575.5,671.5,662,532.5,559.5
2023-06-15,590,614,598.5,625,538.5,559,568,545.5,607,564,794.5,594,572.5,593,555,638.5,611.5,647.5,546,,564,654,659.5,532.5,547
2023-06-14,584,621,593,630,541.5,541.5,558,537,607,568,794.5,594.5,571.5,606.5,555,648.5,617.5,635.5,551,,568,669,662,532.5,550.5
2023-06-13,570,606.5,581.5,606.5,530,517.5,574,542,606,566,798,582.5,558,590,540,629,629.5,632.5,538.5,,566,639.5,672,532.5,537.5
2023-06-12,572,615.5,589.5,609,534,532.5,559,528,601,564,788,570.5,556,601,540,629.5,605,617.5,543,,564,653,656.5,602.5,544
2023-06-09,585.5,634.5,604.5,617.5,540,537.5,567,532.5,605,564.5,790,583.5,566.5,609.5,555,631.5,609,642.5,560,,564.5,657.5,653,602.5,551.5
2023-06-08,588.5,635.5,601.5,617.5,545,540.5,572,547.5,610,578,796,589.5,567.5,611,560,634,623,642.5,584,,578,656.5,654.5,602.5,568.5
2023-06-07,582.5,634.5,595,615.5,546.5,540.5,567,534.5,604.5,577.5,796,585,567,614,560,622.5,609,642.5,558.5,,577.5,653,654.5,602.5,554
2023-06-06,572,636.5,597,614.5,539,534,573,532.5,609,576,799.5,575,559,606,525,629,614,637.5,551,,576,652.5,644.5,602.5,555
2023-06-05,585.5,631.5,608.5,621.5,548.5,537.5,563,531,599,568,799.5,585.5,566.5,612.5,525,618.5,612,647.5,554.5,,568,658.5,657.5,602.5,564
2023-06-02,561.5,615.5,607.5,595,534.5,528.5,550.5,520,591.5,571,793,579,547.5,597.5,525,623.5,599,628.5,541.5,,571,643.5,640,602.5,542
2023-06-01,558,599,592,585,522.5,524,535.5,511,586.5,554,819,561.5,547,594.5,525,609.5,594,628.5,537,,554,635.5,630,602.5,524
2023-05-31,561.5,591.5,608.5,593.5,519.5,523,532,518.5,598,573.5,814,562.5,549,593.5,525,597.5,591.5,627.5,532,,573.5,642.5,644,558.5,532.5
2023-05-30,578,611,610,604,531,530.5,539.5,525.5,596.5,590,819,579.5,561.5,599.5,540,614.5,605.5,627.5,549,,590,646,626,558.5,554
2023-05-29,578,610,601.5,600,539,536,561.5,531.5,608,587,824,588.5,565.5,610.5,540,604,611,637.5,571.5,,587,646,648.5,558.5,551.5
2023-05-26,579.5,592.5,595,596.5,534.5,534,561.5,531.5,608,587,824,582.5,561,603.5,540,610.5,604,637.5,548,,587,656,632.5,558.5,547.5
2023-05-25,582,614.5,605.5,597.5,532,525.5,568.5,532.5,606,586,819,589.5,565.5,611,550,610.5,613.5,637.5,553.5,,586,651.5,646,558.5,548.5
2023-05-24,583.5,620.5,597,616,539.5,542,565.5,537,611,591,819,579,574.5,621.5,550,625,612,637.5,546.5,,591,663.5,661,558.5,548.5
2023-05-23,578.5,607,589.5,611.5,528,523,554,525.5,600,584.5,814.5,560.5,562,599,540,621,605.5,637.5,539.5,,584.5,655,659,558.5,535.5
2023-05-22,579,617,602,615,532.5,535,548.5,533.5,605,587,814.5,569.5,564,619.5,540,614.5,611,637.5,543.5,,587,658,668.5,558.5,542
2023-05-19,587,625,606.5,605,533,522,555.5,537,607,589,817.5,574.5,562,610.5,550,611.5,605,643.5,546.5,,589,656.5,654.5,558.5,547
2023-05-18,584.5,627.5,597.5,617,537.5,532,544,528.5,610.5,582.5,810.5,582,566,619,535,617,605.5,643.5,548.5,,582.5,678.5,667,558.5,548
2023-05-17,568,620.5,583.5,597,522.5,514,554,529.5,590.5,581,815.5,569,553.5,598.5,535,604.5,589.5,647.5,532,590,581,648.5,646.5,556.5,538
2023-05-16,565,621,580.5,600.5,525,526.5,541.5,528.5,588,582.5,824.5,569,558,601.5,535,607,598,637.5,535.5,590,582.5,650.5,674,555,543.5
2023-05-15,555,605,575.5,591,519,523,547,528,583,578,824.5,563.5,547.5,590.5,535,592.5,588,627.5,528.5,590,578,647,644.5,555,534.5
2023-05-12,569,617.5,583.5,600.5,528.5,529,543,534,593,610.5,822,561,552,595.5,540,583.5,591,637.5,530.5,590,610.5,653,660.5,555,538.5
2023-05-11,571.5,617,589.5,603.5,536.5,539,554,535.5,592.5,578.5,826.5,575,561.5,606.5,540,564,604.5,637.5,538.5,590,578.5,663.5,650.5,558.5,549
2023-05-10,571,617,586.5,609.5,537.5,539,559,543.5,595,587.5,826.5,573.5,557.5,605.5,540,562.5,602,647.5,542.5,590,587.5,667,645.5,558.5,559
2023-05-09,571.5,615.5,593,611.5,539,542.5,559.5,542.5,601.5,590.5,828.5,572,562,610.5,530,568,602,647.5,544.5,590,590.5,682.5,648.5,550,550.5
2023-05-08,569.5,603,589,614,533,536.5,556.5,540,598.5,589.5,828.5,574,565.5,604,530,548,591.5,647.5,538.5,590,589.5,672,643,550,550.5
2023-05-05,561.5,594,581.5,593.5,528,524,540,523,582,572.5,829.5,566.5,555,596,530,540.5,591.5,637.5,531.5,590,572.5,692,635.5,550,536.5
2023-05-04,563.5,586,582.5,597.5,517.5,515.5,529,519,578,566,829.5,567,555,580.5,535,553,593,637.5,528,590,566,691.5,626,550,534.5
2023-05-03,577,599.5,606,606,528,525.5,549,528.5,603,594.5,829.5,585.5,569,601,535,568,592,637.5,543,,594.5,695,644.5,550,549.5
2023-05-02,593,615.5,624.5,616.5,549,528,563,542.5,614,611,825.5,592.5,583,615.5,560,582,627,647.5,564.5,,611,698,678.5,550,575
2023-05-01,578.5,599.5,607,608,540.5,538.5,576,550.5,622,604,830.5,564,574.5,610.5,560,585,625,657.5,563,,604,689,643,547.5,567.5
2023-04-28,583,600,612,613.5,544,543,564,558.5,615.5,603,837.5,595,574.5,610.5,560,585.5,624.5,652.5,549,,603,692.5,678.5,547.5,567.5
2023-04-27,580.5,599.5,605,603.5,539.5,542,577.5,557,626.5,603,826,594,574,603.5,565,586.5,627,652.5,553.5,,603,701,630.5,547.5,567.5
2023-04-26,600,616.5,618,615.5,554,552,579,566,639,611,826,603,586.5,628,565,587.5,633.5,652.5,567,,611,713,663,547.5,579.5
2023-04-25,605.5,627,615.5,627,562.5,561,588.5,570.5,643,619,851,610,596,632.5,555,608.5,643.5,672.5,578.5,,619,721.5,672.5,547.5,590.5
2023-04-24,594.5,613,609.5,623,558,549,589.5,576,639,617.5,851,601,591,630,555,608,634.5,672.5,567,,617.5,708.5,658.5,548.5,581
2023-04-21,592,613.5,606,648,551,551,600,576.5,650.5,619.5,849,596,591.5,624,555,609.5,642.5,682.5,567.5,,619.5,695,662.5,550,581.5
2023-04-20,598,628.5,613,620.5,558,578,595.5,587.5,663.5,621,846,603,595,633,600,615.5,638,682.5,574.5,,621,714.5,671,570,586.5
2023-04-19,616.5,639.5,626.5,705.5,580.5,586.5,621.5,600.5,681,628.5,887,620,610,645,600,622,655.5,697.5,591,,628.5,728,675.5,566.5,599.5
2023-04-18,616.5,643,633,688,580,582.5,616,608,678,632.5,876,627,614.5,652.5,610,621.5,662.5,697.5,594,,632.5,727,671.5,566.5,601
2023-04-17,627,637,629.5,691.5,590,590.5,629,623.5,682.5,637,914,628.5,619.5,651,610,632.5,668,697.5,599.5,,637,728.5,677.5,566.5,612.5
2023-04-14,624.5,645.5,636.5,700.5,590,587.5,623,623,670.5,637.5,919,628.5,622,652,610,633.5,674.5,697.5,600,,637.5,732,682.5,566.5,610
2023-04-13,625,645,634,696.5,594,593,638,619.5,670.5,638.5,907.5,634.5,623,653.5,610,643,676,697.5,608.5,,638.5,730.5,672.5,566.5,614.5
2023-04-12,621,650,634,698,596,593,623,613.5,670.5,636.5,907.5,628.5,621,651.5,610,647.5,673.5,697.5,602.5,,636.5,729,672.5,566.5,611
2023-04-11,617.5,652.5,630.5,685.5,584.5,583,619.5,617,671,633.5,905,627,615.5,645,605,646,667.5,697.5,607.5,,633.5,729.5,658,566.5,613.5
2023-04-10,610.5,644,637,666.5,595,596.5,599,612.5,665,637,957,624.5,618,629.5,605,662.5,680.5,687.5,617,,637,727,661.5,570,605.5
2023-04-07,610.5,644,637,666.5,595,596.5,599,612.5,665,637,987,618.5,611,629.5,605,652.5,674.5,687.5,602,585,637,727,661.5,565,605.5
2023-04-06,607.5,644,637,685.5,588,596.5,599,612.5,665,637,987,618.5,609.5,629.5,605,653.5,680,687.5,605,585,637,722,678.5,565,605.5
2023-04-05,606,640,625,722.5,588,591.5,593,607.5,662.5,635.5,987,609,601.5,633,605,642,680,693.5,599,585,635.5,724.5,668,568.5,609
2023-04-04,606,650,628,718.5,588,592,599,611.5,660.5,640.5,994,613.5,602.5,636,620,643.5,676,697.5,601.5,585,640.5,722.5,662,568.5,611
2023-04-03,603.5,633,635,721.5,595.5,604,588,590,648,628.5,999,609.5,607,633.5,620,648,684,707.5,612,585,628.5,731.5,687.5,568.5,611
2023-03-31,578,611.5,611.5,697,570.5,566.5,581.5,575.5,634,608,994,587.5,574.5,591,585,620,660.5,687.5,573.5,585,608,699,653,568.5,578
2023-03-30,577,586.5,606,678.5,564,559,579,576,634,604,996.5,585,570.5,596,585,613.5,645.5,687.5,567,585,604,693.5,649,570,579
2023-03-29,579,592.5,600,683.5,563,562,577.5,583,634,608,991.5,586.5,573.5,599.5,585,620.5,656.5,686.5,571,585,608,701.5,655,570,580.5
2023-03-28,571.5,600,588.5,686,562.5,556,581,580.5,634.5,598,1000,586,570,597.5,555,623,662,699.5,571,585,598,702.5,663,570,583
2023-03-27,563,584.5,574.5,671.5,538.5,534,576,573.5,631.5,588,995,574,557,582,555,616,647,699.5,559,585,588,688,653.5,570,568
2023-03-24,564.5,584,584,676.5,530,533.5,581,571.5,639.5,588,1004,571,566,582,555,632.5,645.5,699.5,574.5,580,588,690.5,651,570,572
2023-03-23,565,588.5,578.5,679,542.5,535,554.5,573,631,591.5,997.5,577,566.5,587,560,632.5,652.5,699.5,557.5,590,591.5,692,647,615,574
2023-03-22,566,583,569.5,674.5,536.5,541,595.5,563,630,584.5,1017.5,570.5,562.5,575,560,628.5,646.5,682.5,554.5,,584.5,695,643,570,568.5
2023-03-21,545,577,558.5,678.5,531,534.5,582.5,556.5,625,576.5,1037,569,557.5,555,550,629,649,682.5,543,,576.5,690,661.5,570,564
2023-03-20,543.5,588,565.5,674,524,531.5,585,566,625,579.5,1027,553,549,567.5,550,621.5,644,677.5,550,,579.5,690.5,665,570,569.5
2023-03-17,563,607,574,671.5,535.5,540.5,593,575.5,612.5,585.5,992,574.5,570,576.5,550,632.5,657.5,692.5,553,,585.5,695,663,570,570.5
2023-03-16,560.5,604.5,571,667.5,535,534.5,590,579,616.5,581,1023.5,566.5,553.5,577,575,632.5,643.5,692.5,551.5,,581,701.5,651,532,553.5
2023-03-15,577,620,591.5,678,544.5,548,600,584,629,603,991.5,585,577.5,594,575,660.5,667,702.5,560,,603,708.5,664.5,532,584
2023-03-14,588.5,641.5,597.5,696,557.5,563,606.5,601,637.5,624.5,994,596,578.5,604,590,672.5,679.5,716.5,583,,624.5,719,670.5,532,599
2023-03-13,596.5,648,617,705,568,576,609,607,664,636.5,1004,615.5,595.5,615,590,680,691,722.5,594.5,,636.5,729.5,687.5,532,602
2023-03-10,593,650,612,700.5,563.5,572.5,600.5,607,680,641.5,995,605.5,600,611.5,585,695.5,677,722.5,597,,641.5,726.5,684,532,589.5
2023-03-09,602,639.5,609.5,718.5,578.5,583.5,623.5,629,680,645.5,995,614,599.5,615.5,624,682.5,685.5,722.5,611,,645.5,728.5,650,532,600
2023-03-08,611,662.5,617.5,663.5,580,579.5,636,634,690,652,995,626.5,608.5,625,624,684.5,689.5,729.5,616.5,,652,736,687,532,596
2023-03-07,622,681.5,626,677,597.5,594,638,637,681,662.5,1000.5,637.5,618.5,637.5,624,697.5,703,739.5,621.5,,662.5,740.5,712,532,612
2023-03-06,612,660,621.5,672,590.5,590,642.5,637,686,656,1005.5,622,609.5,629.5,624,700.5,700.5,682.5,621,,656,739.5,719,526.5,602
2023-03-03,606,643.5,611.5,671.5,581.5,577.5,639,624.5,685,652.5,1010.5,614,606.5,625.5,620,693.5,699,747.5,614.5,,652.5,746.5,718.5,564,595.5
2023-03-02,614,643.5,615.5,672.5,579,574,639,631,687,655,1014.5,617.5,610.5,629,620,698.5,710,747.5,620,,655,742,735.5,560,606
2023-03-01,607.5,628.5,614,679,573,567,636.5,624.5,682,651.5,1014.5,621.5,608.5,628.5,620,692,698.5,747.5,607,,651.5,745,709.5,560,588
2023-02-28,592.5,620,608,671,568.5,564,614,633.5,682,648.5,1020,614.5,610.5,615.5,620,681.5,691.5,752.5,609.5,,648.5,746.5,709.5,556.5,591
2023-02-27,606.5,614.5,613.5,671.5,569,565.5,614,617.5,682,653.5,1020,612.5,604.5,628,620,673,690,752.5,635,650,653.5,750.5,726.5,556.5,587
2023-02-24,598,617.5,605.5,677,564,563,605.5,612,675,644.5,1015,614,604.5,626.5,615,667.5,684.5,747.5,632.5,650,644.5,749,718.5,555.5,578.5
2023-02-23,588.5,599.5,601,652.5,556.5,561.5,620,612.5,682,638.5,1042.5,598,592.5,613.5,620,673,680.5,747.5,613.5,650,638.5,749,710,557.5,588.5
2023-02-22,604.5,621,616,670,563,569,633.5,619,692,648,1042.5,609.5,607.5,628,620,680.5,684.5,752.5,631.5,650,648,750.5,718,557.5,598.5
2023-02-21,619.5,630.5,627.5,682,574.5,575.5,633.5,627.5,695.5,656.5,1097.5,622,615,642.5,620,688.5,687.5,762.5,645.5,650,656.5,764,740.5,557.5,603.5
2023-02-20,622,656.5,633.5,681.5,578,581.5,634,613,697,643,1077.5,618.5,626.5,657,620,684.5,691,777.5,667,650,643,769,740.5,565,596.5
2023-02-17,630.5,670.5,647.5,697.5,570,571.5,635,621,707.5,661.5,1072.5,638.5,625.5,657,635,691,690.5,777.5,686,650,661.5,759,743,565,597.5
2023-02-16,653,685,661.5,705.5,594.5,596,645,628.5,714.5,680.5,1097.5,654,644.5,669.5,630,688.5,698,777.5,702,650,680.5,777.5,752,569,614.5
2023-02-15,654,685.5,664,726,592,593.5,655,627.5,722,676.5,1097.5,653.5,645.5,665.5,630,698,701,787.5,710.5,650,676.5,775,769,569,615.5
2023-02-14,667,698,672.5,719,595.5,593.5,652.5,634.5,728,684,1110,663,665,680.5,620,700,699.5,787.5,718,650,684,794.5,762.5,570,615
2023-02-13,671,692.5,677.5,712.5,604,603.5,655,642,727,686.5,1113,668,659.5,681.5,620,689,706,787.5,685.5,650,686.5,778,769.5,574,623.5
2023-02-10,666,697.5,677.5,697,599,601,657,637.5,725,675,1113,668,657.5,682,620,694.5,692,759.5,635,655,675,808.5,755,576.5,617.5
2023-02-09,669,683.5,671,728,597,606,656,630.5,729,676,1113,671.5,661,688.5,620,705,690.5,759.5,635.5,655,676,832.5,767.5,581.5,623.5
2023-02-08,662.5,682,663.5,697.5,593.5,603,651,630.5,719,664,1113,658,646.5,678.5,620,714.5,692.5,759.5,622.5,655,664,803,759,581.5,612
2023-02-07,648.5,673.5,653.5,696,583,594.5,656,638.5,711,647.5,1147.5,649,636,664,620,684,672,755.5,611.5,655,647.5,794.5,739.5,605,601.5
2023-02-06,651,672,656,691,568,585,667,611,726,650.5,1136,636,630.5,667,620,689,672,799.5,599,655,650.5,788.5,738,609,594
2023-02-03,664,688,669,709.5,582.5,610,664,626,759,669,1140.5,648.5,651,684.5,620,722.5,667,799.5,622.5,660,669,804,739,609,607.5
2023-02-02,690.5,721.5,687,698,589,608,662,634,759,672,1120.5,673.5,658.5,679,640,721.5,689.5,799.5,627,685,672,819.5,724.5,615,621.5
2023-02-01,700,742.5,696.5,719,618.5,644,667,635,759,683,1120.5,687,691,712,640,766,711,799.5,643.5,685,683,845,780,585,632
2023-01-31,680.5,734,682.5,707.5,601.5,618,646,636,763,676.5,1111,666.5,659.5,681.5,650,751.5,707,783.5,625.5,685,676.5,804.5,746,632.5,622
2023-01-30,691,745.5,694.5,708.5,613,622,651,638.5,773,677,1111,688.5,680.5,699,650,779.5,711.5,783.5,654,680,677,818,731.5,592.5,636
2023-01-27,709,759.5,689.5,713,623,627,648,652,773,687.5,1118.5,704.5,690,689,660,802,751,783.5,656,680,687.5,820.5,749,592.5,632
2023-01-26,701,739,686,716.5,613,611,644,635.5,773.5,694.5,1107,689,677.5,686.5,665,807,745.5,783.5,649,680,694.5,806,742,581.5,633.5
2023-01-25,701.5,737.5,689,706,606.5,611,641,629.5,776.5,687.5,1115,705.5,682,680,665,841,760,784.5,641,680,687.5,804.5,736,586.5,634
2023-01-24,699.5,731,687,691.5,609,618.5,639.5,633.5,779.5,658,1089,706,685,691,645,838,760.5,780.5,640,680,658,798.5,724,596.5,639
2023-01-23,695,724,685,694,606.5,609.5,640,644,776,684,1094,701,674.5,675.5,645,807,765.5,791.5,632.5,680,684,789.5,721.5,596.5,634
2023-01-20,685,721.5,669.5,684,596.5,594.5,639,633.5,760,666.5,1092.5,690.5,670,684,635,803,731,792.5,627,680,666.5,784.5,723,601.5,610.5
2023-01-19,667,705.5,657,738,580,576,636,635,759.5,657.5,1102.5,672,645,667,630,774.5,730,792.5,614.5,675,657.5,773,678,544,587
2023-01-18,662,700.5,658,690,590,584,636,629.5,752,659,1082.5,682.5,654,672,630,780,735,782.5,620,675,659,774,703,565,611
2023-01-17,648,690,649.5,691,582,575.5,629.5,626.5,746,652,1076.5,666.5,646,663,620,770,729,782.5,627.5,675,652,759.5,687.5,556.5,598.5
2023-01-16,638.5,680,638,658.5,578.5,565.5,621,632,766,654,1076,652.5,633.5,656,620,771,724.5,737.5,618.5,675,654,752.5,675,566.5,597.5
2023-01-13,630,667.5,636,687.5,571,560.5,616,625,746,651,1071.5,645.5,627,648.5,615,762.5,722,737.5,602.5,650,651,738.5,701,559,582.5
2023-01-12,609,663,617.5,696,564.5,555.5,612,620,705,635.5,1071.5,631.5,615,626,580,759,715.5,737.5,599.5,650,635.5,720.5,672,556.5,572
2023-01-11,591,652.5,602,674,542,540,605,585,673,627.5,1061.5,603.5,594,624.5,580,731,700,720.5,578.5,650,627.5,726,666,550,557
2023-01-10,589.5,643.5,608.5,672,536.5,540,605,577,647.5,630,1060.5,602.5,588.5,621.5,585,719.5,689.5,722.5,574.5,650,630,712,683,546,553.5
2023-01-09,593,649.5,602.5,630.5,534.5,537,604.5,578,647,632.5,1058.5,606.5,591.5,625,585,719.5,697,720.5,575.5,650,632.5,726,661,553,556
2023-01-06,586.5,643.5,600.5,617,531.5,532.5,599,556,641.5,627.5,1062,601,587,624,570,718,693,722.5,566.5,650,627.5,726,672.5,554,544.5
2023-01-05,591,648.5,606.5,642.5,540,541,600,554.5,651,634.5,1079,602.5,592.5,619.5,615,712.5,708,722.5,578,650,634.5,718.5,666,559,551
2023-01-04,593,663.5,618,653.5,529.5,530.5,605,561,671,630,1079,611.5,604,642,615,737,704,712.5,580.5,650,630,719.5,668,552.5,552.5
2023-01-03,620.5,689,632.5,671.5,556,550.5,620.5,583.5,674,637,1105.5,634.5,628.5,654,615,751,730.5,692.5,599,660,637,723,681,532,569
2023-01-02,621.5,684.5,629,668,578,535.5,659,570,679,637,1105.5,637,616,650.5,615,746,719,667.5,613.5,660,637,730.5,678.5,577,574
2022-12-30,621.5,684.5,629,668,543,535.5,659,570,679,637,1105.5,628,616,650.5,615,751,719,667.5,593.5,660,637,730.5,678.5,577,574
2022-12-29,643.5,681.5,624.5,648,534.5,540.5,659,568,679,630,1105.5,625.5,614.5,652.5,615,724,704,667.5,591.5,660,630,727,674.5,572,570
2022-12-28,623.5,686,623,656.5,550,547,659,584,679,643.5,1087,635,626.5,654,615,767,719.5,667.5,589,660,643.5,723.5,678.5,575,572.5
2022-12-27,624,689.5,617,657,550,550.5,664,583.5,640.5,665.5,1108,631,634.5,661,590,754.5,744.5,672.5,591,660,665.5,722.5,677.5,590,571
2022-12-26,617,670.5,615.5,640.5,534,533,640,556,737.5,659.5,1108,621,619.5,629,590,750.5,707,672.5,578,660,659.5,720.5,662.5,585,554.5
2022-12-23,617,670.5,615.5,640.5,534,533,640,556,737.5,659.5,1124,615,619.5,629,590,750.5,702,672.5,578,660,659.5,720.5,662.5,575,554.5
2022-12-22,614.5,676,611.5,634,534.5,542.5,622,542,670.5,658,1124,622,619.5,626.5,580,735,704.5,672.5,575.5,660,658,720,682.5,562.5,555
2022-12-21,607,664,602,644.5,528,531.5,617,542,665.5,635,1124,612,611,615,580,731,696.5,672.5,564.5,660,635,730,681.5,572,555.5
2022-12-20,605.5,678,603.5,631.5,532,542,624,562,717.5,632,1131,615.5,609,607.5,575,716.5,685,672.5,566,660,632,730.5,681,577,544.5
2022-12-19,606.5,669,599.5,629,525.5,534,625,556,737.5,622,1131,611.5,604.5,620,575,722,695,677.5,565.5,660,622,722.5,698.5,584,542
2022-12-16,602,660.5,612.5,653,530,545.5,626,553,748.5,627,1160,621.5,651.5,621,575,722.5,702,669.5,564,622,627,733,692.5,580,539
2022-12-15,603,668.5,628,656.5,539,548,625,554,750,618,1188,614.5,651.5,641,575,737,692.5,669.5,579,697,618,738.5,682.5,580,551
2022-12-14,597.5,664.5,611.5,670,530.5,538,629,557.5,743,617.5,1189,607.5,650.5,635.5,575,705.5,681.5,670.5,568.5,697,617.5,729,702.5,580,558.5
2022-12-13,587,668.5,612.5,663,520.5,530.5,625.5,545,734,613.5,1185,599,635,616.5,630,770.5,672.5,667.5,567.5,697,613.5,738.5,700,577.5,533
2022-12-12,584.5,640,603.5,709.5,508.5,519,614,527,732,610,1194,584.5,643.5,629,630,714,661.5,677.5,548.5,697,610,731,724,577.5,527.5
2022-12-09,607.5,657,618.5,678.5,520,518.5,597.5,534.5,739.5,613,1194,598.5,613.5,650.5,630,706,667,677.5,562,697,613,739,705.5,572,527
2022-12-08,610.5,644.5,627.5,671,527.5,530,606,542,739.5,624,1182,606.5,604,639.5,630,706.5,676.5,677.5,556.5,697,624,740,708.5,566,524
2022-12-07,622.5,647.5,639.5,691.5,541.5,536.5,604,548.5,768,636,1187,616,612.5,672.5,630,740.5,697.5,712.5,568,697,636,743.5,725,576,547
2022-12-06,649.5,677.5,660,710.5,556.5,562.5,634,600,808,639,1207,646,633.5,681,630,756.5,728,787.5,584.5,697,639,781.5,738.5,576,581.5
2022-12-05,666.5,674,668,706.5,585,578,634,595,808,656.5,1207,667,654,702.5,630,794,737,787.5,609,697,656.5,798.5,764,582.5,606
2022-12-02,667,665,675,716.5,569,571.5,639,621,817,648,1212,667,647,710,610,793,744.5,795.5,594.5,697,648,796,764,582.5,595
2022-12-01,670,673.5,673.5,725.5,571,574.5,637.5,596,809,651.5,1232,676,647.5,704.5,590,806.5,754.5,795.5,603.5,730,651.5,783,764,595,584.5
2022-11-30,662,655.5,657.5,714,572,574.5,626,588,804,649.5,1217,660,636.5,694.5,590,803,751,785.5,605.5,730,649.5,794.5,764,611.5,584.5
2022-11-29,656,663.5,662.5,732.5,559.5,565,621,573,799,643,1227,677.5,639,686,590,804,733,785.5,605,730,643,813,738,611.5,576.5
2022-11-28,648,637.5,665,712.5,554,553,640.5,564.5,784.5,635.5,1230,640.5,615,702.5,590,793.5,740,765.5,581.5,730,635.5,828,743.5,605.5,584.5
2022-11-25,671.5,650.5,675.5,725,578,578,638,580,807,648,1227.5,673.5,642.5,703.5,610,807.5,754,807.5,613,730,648,852.5,742.5,595.5,601
2022-11-24,677.5,633.5,672,703,557,562.5,626,576,807,646.5,1257.5,663.5,631,711,615,818,731,807.5,595.5,730,646.5,834,731.5,605.5,588.5
2022-11-23,678.5,662,686,730,577,588.5,656,586.5,807,646.5,1257.5,683.5,648,711.5,615,843,746.5,807.5,607.5,775,646.5,847,758.5,605.5,610.5
2022-11-22,659,658,675.5,733,576,592.5,672,586,799.5,639.5,1281.5,684.5,639.5,689.5,595,835,747.5,822.5,605,775,639.5,825,751.5,605.5,604
2022-11-21,647,654.5,670,740.5,559,565,687,593,807,640,1281.5,665.5,629,687,595,854,744.5,822.5,603,775,640,822,754.5,605.5,599.5
2022-11-18,649,665,680,754.5,568.5,578.5,688.5,621.5,766,649,1264,673,628,705.5,615,853.5,761.5,835.5,610,775,649,815.5,745.5,621,594.5
2022-11-17,667.5,673.5,694.5,752.5,593.5,618.5,690.5,636,734,670.5,1274,689,655.5,712,665,892,766.5,835.5,642,775,670.5,839.5,775,631,607.5
2022-11-16,684.5,692.5,705,767.5,626,613.5,708,648,834,694.5,1294,713.5,668,727,665,905.5,770,851.5,657.5,785,694.5,849.5,773.5,616.5,643.5
2022-11-15,676,675,707,753.5,623,624,713.5,649.5,835.5,706,1306,702.5,660.5,714.5,665,891.5,753,870.5,650.5,785,706,837,747.5,617.5,646
2022-11-14,697,758,717,784,646.5,657,723,652.5,830,730,1306,734,690,748,665,887,785.5,902.5,676.5,785,730,863,769,617.5,667.5
2022-11-11,701,753.5,716.5,775.5,656,661.5,723,654.5,830,734.5,1331,740,683.5,745,685,895,772.5,902.5,690,775,734.5,850,758.5,612.5,672
2022-11-10,683,767.5,699,768.5,636.5,649.5,723,642,828,722.5,1326,713.5,669,729,680,893,769.5,902.5,678.5,775,722.5,843,759.5,612.5,652.5
2022-11-09,697.5,707.5,717,778,647.5,657.5,723,675.5,833,738.5,1331,726,681,740.5,680,909,788.5,912.5,687,775,738.5,856,769.5,612.5,712
2022-11-08,705,719.5,727.5,796,649.5,667.5,735.5,689,839,730.5,1358.5,738.5,691.5,741.5,695,906.5,793.5,922.5,694,775,730.5,863.5,779,619,698
2022-11-07,705,722,728.5,784,650.5,666,742,685.5,837.5,727.5,1351.5,737.5,689.5,745.5,695,922,812,947.5,690,757,727.5,858,779,614,734
2022-11-04,700,726.5,724.5,780.5,652,638,724,682.5,823.5,722.5,1357.5,731,687.5,744,685,926.5,803,900.5,681,757,722.5,856.5,783,575,652.5
2022-11-03,693,715.5,718.5,781,633.5,629.5,722.5,668.5,822,714.5,1351.5,721.5,678,732.5,680,909,776,900.5,667.5,757,714.5,859.5,767.5,575,645
2022-11-02,699,721,721,776.5,634,629.5,726,668.5,825.5,708,1361.5,727,680,742.5,680,929.5,766.5,903.5,665.5,758,708,863,772.5,575,646.5
2022-11-01,715.5,738,724,781,625,635,720.5,666.5,821.5,700.5,1383,732,698.5,743.5,680,907,784,903.5,664.5,758,700.5,876.5,776,580,645.5
2022-10-31,705.5,738,720,776.5,641.5,677.5,723,667.5,834,699,1378,730,697,736,680,941.5,779.5,900.5,670,758,699,886,786.5,598,679
2022-10-28,720.5,756,731.5,788,663,689.5,729,674.5,843,709.5,1366,747.5,705,741,680,926.5,772.5,937.5,679.5,758,709.5,892.5,786.5,603,689.5
2022-10-27,718.5,757.5,728,788.5,665,693,722.5,675,841.5,714.5,1395,746,699,742.5,670,936.5,781,937.5,679,758,714.5,878.5,773,593,689.5
2022-10-26,704.5,750,718.5,775,655.5,686.5,720,666,834,706,1395,724,688,730.5,670,946,778.5,892.5,666,,706,887,785,583,672.5
2022-10-25,716.5,755,722,777.5,652.5,678,716.5,658,834,703,1341.5,729.5,693,736,670,931.5,771,910.5,666.5,,703,892,806.5,603,690.5
2022-10-24,713.5,763,718.5,779.5,652,676,711.5,662,834,699,1341.5,722.5,700,739.5,670,940.5,792,910.5,671.5,,699,896,803.5,603,685
2022-10-21,718.5,765,715,766.5,644.5,691,707,651,842.5,695.5,1465.5,736.5,694.5,741.5,670,940.5,764,910.5,669.5,,695.5,908.5,773.5,608,677.5
2022-10-20,720.5,775.5,725,794,669,699.5,707,657,837.5,701,1267,748,707.5,747,665,967.5,788,910.5,676,,701,910,779.5,618,656.5
2022-10-19,712,760.5,718.5,786.5,653.5,689,720,654,837,701.5,1319,731.5,692.5,740,665,951,797.5,910.5,677,,701.5,922,777,618,706.5
2022-10-18,724,771.5,725,793,661.5,696,734,658,835.5,712.5,1248,744.5,704.5,747,690,953,801.5,921.5,679.5,,712.5,935.5,751,624.5,685.5
2022-10-17,726.5,762.5,726.5,784.5,660.5,695,736.5,670,837,716.5,1279,743.5,699.5,750,690,955.5,795.5,920.5,679,,716.5,936.5,761,630.5,684
2022-10-14,738.5,761.5,733.5,794,668,698,753,679.5,825,738.5,1313.5,764.5,719.5,759,665,948,795,1002.5,683,,738.5,946,762,627,694.5
2022-10-13,735.5,799,725,791,661,695,750.5,672.5,832.5,733,1249.5,753.5,715,752,705,992,810,1002.5,670,,733,939,780.5,622.5,692
2022-10-12,747,775.5,746,788.5,655,661,748,680.5,815,739.5,1249.5,762.5,736.5,768,705,948,816,917.5,679.5,,739.5,953,783,635,689
2022-10-11,759,794,766,789,658,668,741,699,824,750,1194.5,773.5,745,783.5,705,980,837,932.5,676,,750,956,774.5,612.5,684.5
2022-10-10,772.5,792,768,794.5,678,685.5,729.5,697.5,847.5,748.5,1190.5,789.5,754.5,799,705,994.5,874.5,920.5,694,,748.5,962,806,667.5,684
2022-10-07,764,781,743,791,665,678.5,715.5,673.5,810.5,730,1200.5,781,750,791.5,680,923.5,875,920.5,685.5,,730,955.5,800,600.5,681.5
2022-10-06,738.5,768.5,737.5,787.5,659,675.5,711.5,662,801,729.5,1203.5,772.5,734,776.5,680,891.5,829,920.5,679,,729.5,938,793,629,668
2022-10-05,716,753,719.5,756,645,652,694,641.5,784,720.5,1200.5,745.5,716,762,680,876.5,842.5,905.5,662.5,,720.5,929.5,795.5,629,672
2022-10-04,698.5,741,708,738.5,635,642.5,682.5,631.5,778.5,708.5,1275.5,724,703,740,665,851,789,885.5,652,,708.5,883.5,815,616.5,656.5
2022-10-03,693.5,741.5,700.5,734.5,636,640.5,680,617,768,696,1089.5,717.5,698,753.5,665,826,760,876.5,651.5,,696,907,809,614,665.5
2022-09-30,696,740.5,703,741,631,642,680.5,625,761,690,1223,721,700,754,665,817.5,745,877.5,657,,690,901.5,819,622.5,663.5
2022-09-29,690,733,693,727,634.5,649,686.5,632.5,755,704,1220,716.5,687.5,740.5,745,807.5,765,877.5,667,,704,885.5,810,630.5,658
2022-09-28,671,712,684,703.5,619,635,689,620,730,715.5,1245,697.5,670,730.5,745,806.5,741,852.5,650,808,715.5,879.5,808,624.5,647.5
2022-09-27,665,709,679,700.5,621,637,687,633,724,697,1254,688,672.5,713,660,809.5,735,863.5,641,808,697,849.5,786.5,620,638.5
2022-09-26,672,714.5,693.5,713,621.5,641,681,635,730,705.5,1251,694,680.5,735,660,831.5,770.5,863.5,653,808,705.5,900.5,811,635,659.5
2022-09-23,690,750.5,702.5,743.5,653.5,662,774,652,777,727.5,1269,720,697.5,751.5,660,838,789.5,875.5,673.5,808,727.5,884,816,629.5,677
2022-09-22,708.5,750,713,742,660,664,771.5,664,756.5,727.5,1268.5,730,707,750.5,660,822,799.5,875.5,688,808,727.5,882.5,816,622.5,679.5
2022-09-21,708,759,717,740.5,672.5,664,769.5,667,782,727,1265.5,731.5,712,753,660,823,813.5,859.5,704,808,727,880,815,638.5,696.5
2022-09-20,699,753.5,721,740.5,670,678,771.5,667.5,815.5,740.5,1276,730,703,742,660,799.5,804.5,867.5,704.5,808,740.5,873,805,638.5,698.5
2022-09-19,683,749.5,702,733.5,665.5,688.5,777,664,823,735,1280,715.5,686,727.5,660,856.5,780.5,866.5,692.5,808,735,881.5,799.5,633.5,686.5
2022-09-16,686.5,733,709.5,740,672,698.5,776,671,802.5,766,1282,706.5,704,740.5,680,839.5,787.5,882.5,693.5,808,766,888,800.5,631,706.5
2022-09-15,696,748,712,765.5,679,675.5,758,689.5,846,780.5,1282,730,715.5,764,715,864,807.5,882.5,727,808,780.5,854,790.5,639,702
2022-09-14,699.5,743,728,751.5,672.5,672,773,711,864,783,1304,725.5,718.5,743,715,882,796,882.5,721.5,,783,862,809,636.5,689
2022-09-13,706.5,757,714,768.5,684,684.5,774.5,691,822.5,785,1338.5,742,719.5,762,715,897.5,820.5,892.5,724,,785,851.5,848,654,704
2022-09-12,690,726,713,748.5,674.5,662,758,687,819,773.5,1250.5,721,711,752,715,893,827,887.5,716,,773.5,842.5,820.5,644,691.5
2022-09-09,670.5,720,694,737,654,654.5,750.5,679,808.5,737,1293.5,703,681.5,738.5,715,885.5,838,852.5,698.5,840,737,837,820,638,681.5
2022-09-08,662,711,696,727,659,654.5,747,682,806.5,745,1300,690.5,685.5,741.5,715,890,825.5,852.5,696,840,745,830,816.5,672,682
2022-09-07,692.5,744.5,714,749.5,686,671,753,691.5,819,760,1297,709,710.5,745.5,715,891.5,837,857.5,715.5,840,760,859,841,643,720
2022-09-06,709,755,743,776,693.5,696,763.5,709.5,829,768.5,1296.5,736,729,765,745,910.5,863,888.5,732.5,840,768.5,1016,835.5,635.5,724.5
2022-09-05,713,758.5,742.5,767.5,695.5,701.5,758.5,717,820,776.5,1275,730,733.5,761,745,915,859.5,902.5,741.5,840,776.5,913,829.5,665.5,729.5
2022-09-02,699,735,743,752,679,690.5,755,713.5,791,778,1218.5,726,723,748,745,960,857.5,902.5,737.5,840,778,904,811,624.5,718.5
2022-09-01,710,750.5,741.5,776,692,696,767.5,718,833.5,797.5,1218.5,740,743,746.5,750,924.5,857,902.5,726,840,797.5,907.5,819.5,626.5,724.5
2022-08-31,742,787.5,770.5,802.5,713.5,728,780,739.5,861,815.5,1228.5,760,777.5,781,750,943.5,896.5,907.5,749.5,840,815.5,946,846.5,633.5,771
2022-08-30,782,820.5,796,821.5,745,763,791.5,766,889.5,832,1204,798,814,820.5,775,970,923.5,957.5,794.5,840,832,944.5,857.5,647,790
2022-08-29,777.5,814,786,808.5,744,763,798,775.5,856.5,826,1214,807,815.5,805.5,775,965,940,962.5,788,840,826,1054.5,832.5,642.5,786.5
2022-08-26,791,815.5,794,812.5,741.5,761,789,763,865,826.5,1199,806,817,802.5,780,958,944.5,950.5,784.5,,826.5,1052,829,638.5,785
2022-08-25,795,820.5,786,816,746,770.5,789,769,856,833.5,1217,810,817.5,800,785,965.5,955,950.5,793,,833.5,953.5,846.5,632.5,769
2022-08-24,784.5,812,779.5,835.5,751,760,788.5,759.5,818.5,819,1219,802,814,785.5,785,938.5,944.5,905.5,794,,819,930.5,830.5,656,789
2022-08-23,763.5,794,767.5,827.5,729.5,745.5,788.5,751,819,820,1233,790.5,800.5,768.5,780,923,926.5,898.5,789.5,,820,917.5,824.5,663.5,777
2022-08-22,761.5,774,760,813,729,727,783.5,735.5,811.5,809,1228,768.5,805,769,780,888.5,917,897.5,778.5,,809,920.5,836.5,672.5,772.5
2022-08-19,763.5,774.5,758.5,818.5,733,737,802,734,807,823.5,1240,772.5,813,770.5,780,879,896.5,927.5,776,,823.5,921.5,844.5,681,765
2022-08-18,748.5,759,761.5,816,732,729,807,736,815,811,1257,768.5,812,764.5,775,875.5,910,927.5,783,,811,906,837,684,767
2022-08-17,736,735.5,749.5,812.5,717,726,802,730.5,824.5,818,1247,754.5,801.5,759,775,869,880.5,901.5,770,,818,911.5,867,689,764.5
2022-08-16,746,738,761.5,807,716,725.5,823,747,827.5,828,1254,748.5,817,777,790,858,882,901.5,766.5,,828,913.5,848,691.5,773.5
2022-08-15,767.5,786,786,829,728,720.5,833,738.5,835,831.5,1254,774.5,828.5,801,790,864,898,922.5,800,,831.5,930.5,888,713.5,773
2022-08-12,797,785,800,840.5,754.5,741,859.5,758,861.5,834.5,1250.5,796.5,844.5,805.5,820,904.5,877.5,889.5,812,913,834.5,929.5,903.5,717.5,785.5
2022-08-11,771,761,785,829,759.5,746.5,855,766.5,869,847.5,1282.5,789.5,830.5,786.5,765,871,883,889.5,810.5,913,847.5,929,861,712.5,786
2022-08-10,745.5,745,776.5,808.5,719.5,725.5,846,750,851,820,1270.5,760.5,826,764,765,848.5,870,874.5,768,913,820,920.5,918,717,733
2022-08-09,743.5,749.5,772,819,725.5,727,840.5,757,858.5,816.5,1284,782.5,823.5,751.5,770,860,868,943.5,778.5,913,816.5,941.5,971,710.5,750
2022-08-08,740.5,754,762,817,705.5,722,851,766,886.5,817,1285,769.5,822,767,770,866,869,944.5,764.5,913,817,938,966,724.5,733.5
2022-08-05,742.5,763.5,772,839,699,705,841,762,885,835,1289,762.5,869,779.5,770,823.5,909,962.5,785,913,835,960,979,713,739
2022-08-04,786,828,799.5,854.5,725,702.5,845.5,772.5,900.5,844.5,1296,781.5,882,798.5,805,924.5,925,962.5,787.5,913,844.5,988,970.5,732.5,748
2022-08-03,810,835,798.5,874,743.5,756.5,849,790,938,863.5,1301,786,915,828.5,805,937.5,949,992.5,809.5,913,863.5,988,1052,734.5,771.5
2022-08-02,842,845,845,891,721.5,706.5,853.5,807.5,951,870,1236.5,806,928.5,841,835,928,932.5,974.5,821,913,870,989,1008,714.5,757
2022-08-01,875,885.5,875.5,926,756,773.5,879,817.5,972.5,880.5,1306.5,845,934,882.5,835,982,974,1013.5,811.5,913,880.5,1036.5,1063,767.5,784.5
2022-07-29,894,932.5,879.5,944,767.5,777,871.5,831.5,966,886.5,1301,874,911.5,895.5,835,973.5,1000,1057.5,850,,886.5,1060.5,1086.5,812,785
2022-07-28,904.5,948,879.5,938.5,787.5,793,858.5,836,973,882,1316,873,910.5,896,850,981.5,1015.5,1057.5,847.5,,882,1070.5,1066,764,814.5
2022-07-27,890.5,901,874,926.5,782,773,856.5,822,961,891,1311,849,893.5,893,850,964,970.5,1041.5,829.5,,891,1063.5,1089,777,798.5
2022-07-26,908.5,915.5,870,925,781.5,761.5,852.5,820.5,984,904,1314.5,872,909,909,830,976,985.5,1026.5,832,,904,1089,1083.5,773.5,809.5
2022-07-25,899,903,871.5,923.5,773.5,771.5,845,818,980,891.5,1322.5,832,894.5,899,830,979,970,999.5,821.5,,891.5,1081,1084,814.5,795
2022-07-22,924.5,939,920.5,983,780,786.5,842,836,983,870.5,1351,849,908,963,830,984.5,962.5,1020.5,834,,870.5,1091,1134,770.5,834.5
2022-07-21,950.5,967,972,1001.5,793.5,794,863,826,975.5,906,1346,881,946.5,960,860,1002,977,1020.5,837.5,,906,1122,1124,784,825
2022-07-20,997,983.5,995,1053,803,809,872,839.5,993,905,1376,935,1000.5,1022.5,860,1014.5,992.5,1034.5,860,,905,1121.5,1139,779.5,823.5
2022-07-19,1006,1000,1025.5,1058,797,803,877,840.5,987,889.5,1383.5,959.5,1009.5,1012.5,840,1038,999,1057.5,854.5,,889.5,1135.5,1170,835.5,811
2022-07-18,1000,986,1010,1038.5,786,800,866,831.5,980,896,1383.5,955,1006.5,999,840,1046,1016,1066.5,844,,896,1151,1221.5,821.5,832.5
2022-07-15,997,983.5,1002.5,1025.5,782.5,803.5,850.5,803,964.5,889,1405.5,940,1004.5,1000,825,1046.5,1032,1044.5,829,,889,1158.5,1182.5,788,832
2022-07-14,1001.5,981.5,1018,1023,774.5,793.5,865.5,807.5,991.5,890,1431.5,945,1004.5,993.5,870,1039,1018.5,1044.5,835.5,,890,1149,1233.5,777,841
2022-07-13,1005,974,1024.5,1032.5,785.5,792.5,887,813.5,1054,908,1433.5,958,1025.5,1010.5,870,1035,1038.5,1049.5,846,,908,1134.5,1144,826,844
2022-07-12,1042,1018.5,1059.5,1082.5,814,818,917.5,844,1105,924.5,1443,966,1050,1042,875,1012,1047,1054.5,878.5,,924.5,1190,1184,806,863
2022-07-11,1056,1034.5,1070.5,1119.5,821.5,831,920.5,853,1115.5,939.5,1448,994,1063.5,1057.5,875,1045,1047.5,1059.5,884,,939.5,1191,1217,803.5,860
2022-07-08,1045,1031,1077.5,1137,808,856.5,912,842,1103,1010.5,1445,993.5,1063.5,1092,880,1142.5,1018.5,1042.5,897,,1010.5,1221,1239.5,821.5,877.5
2022-07-07,994,1054,1040.5,1071,831.5,894.5,908,840,1095.5,1023,1460,959,1026,1034,880,1185,993,1042.5,864.5,,1023,1168,1120.5,782.5,877.5
2022-07-06,1080,1054,1105.5,1102,860,884.5,912,836,1103,1040.5,1459,1023,1095.5,1074.5,880,1189,1020.5,1037.5,910,,1040.5,1190,1181,803,851.5
2022-07-05,1135.5,1121,1153.5,1155,881,891,944.5,904,1150,1076,1495,1091,1144,1147,955,1237,1067.5,1065.5,965.5,,1076,1231.5,1266.5,849.5,904.5
2022-07-04,1124.5,1105.5,1135.5,1135,897,943.5,966,907.5,1165,998,1517.5,1071,1148,1105,955,1268,1066.5,1097.5,951,,998,1238,1280.5,848.5,905.5
2022-07-01,1122,1093.5,1126,1136.5,897.5,936.5,952.5,909,1167,998,1517.5,1049,1128,1078.5,975,1240.5,1056,1097.5,971,,998,1235.5,1287.5,856,917.5
2022-06-30,1116.5,1105.5,1168,1153,919,941.5,953,906,1169,998,1495,1081,1141.5,1116.5,970,1275.5,1082,1097.5,966,,998,1237.5,1188,858.5,920
2022-06-29,1117.5,1102.5,1149.5,1165.5,913.5,941.5,952,899,1167.5,1008.5,1499,1070,1144.5,1116,970,1307,1086,1117.5,973.5,,1008.5,1250.5,1266,857.5,954
2022-06-28,1104.5,1083,1164,1160.5,894.5,862,943.5,897.5,1180,996,1502,1048,1150,1106,940,1321,1117.5,1113.5,961.5,,996,1278,1314.5,853,932
2022-06-27,1078,1049,1133.5,1144.5,927,985,958,888.5,1153.5,992,1499,1037,1119.5,1091,940,1321.5,1122.5,1113.5,940,,992,1267,1276.5,839.5,937.5
2022-06-24,1077,1057,1132,1139.5,885,921,915.5,883.5,1146.5,993,1504,1036.5,1113.5,1087.5,940,1311.5,1124,1089.5,915.5,,993,1279,1246,821.5,903.5
2022-06-23,1074.5,1059.5,1139,1155,871.5,909,925.5,887,1146.5,1003.5,1490.5,1027.5,1113,1077,935,1321.5,1120.5,1089.5,917.5,,1003.5,1291.5,1257.5,827,948
2022-06-22,1074.5,1061.5,1147,1162.5,877.5,909,955.5,915,1203.5,976.5,1493.5,1025.5,1102,1084.5,935,1316.5,1131,1099.5,925.5,,976.5,1317.5,1335.5,857,937.5
2022-06-21,1100,1087,1154.5,1184,900,899,946,923,1151,1011.5,1423,1057,1097.5,1095.5,935,1334.5,1153.5,1111.5,951.5,,1011.5,1311.5,1311,851,969.5
2022-06-20,1058,1082,1138.5,1150,890,919,946,915.5,1147,1004.5,1510.5,1031.5,1112,1083.5,935,1318.5,1151.5,1118.5,944,,1004.5,1309,1280,830.5,950
2022-06-17,1087,1147.5,1167,1208,925.5,902.5,948,933.5,1147,1017.5,1510.5,1079,1134.5,1127,1005,1309.5,1172.5,1118.5,984.5,,1017.5,1298.5,1237,842.5,975
2022-06-16,1103.5,1103.5,1164,1227,915,948.5,967,953,1149,1020.5,1389,1059,1106,1140.5,1005,1292,1150.5,1118.5,980.5,,1020.5,1313.5,1298,842,969
2022-06-15,1099.5,1138.5,1177.5,1208,939.5,939,966,955.5,1174,1034.5,1446,1066,1102.5,1131,1005,1290.5,1169.5,1186.5,995.5,,1034.5,1293,1281,843,969
2022-06-14,1142,1167,1187,1230,953,894.5,968,980.5,1231,1036.5,1352,1070.5,1117.5,1180.5,1025,1286,1149.5,1169.5,1023.5,,1036.5,1314,1430.5,863.5,1001
2022-06-13,1130,1173,1179.5,1191.5,977,963.5,969,966.5,1226,1031.5,1353,1065.5,1107.5,1152.5,1025,1270,1151.5,1124.5,1014,,1031.5,1288.5,1235.5,863.5,1001
2022-06-10,1149,1187.5,1187.5,1212.5,965,979.5,972.5,968,1223.5,1036.5,1341,1100.5,1130.5,1177.5,1045,1305,1170.5,1134.5,1027,980,1036.5,1288,1241,871.5,997
2022-06-09,1136.5,1175,1189,1191,1019.5,943.5,968,971,1208.5,1032.5,1420,1102.5,1122,1181,1030,1288.5,1167,1134.5,1027,980,1032.5,1301.5,1211,854,976.5
2022-06-08,1142,1228.5,1170,1184.5,1018,1008.5,955,955,1216,1021.5,1320,1112.5,1108.5,1164.5,1030,1276,1178,1105.5,1033.5,980,1021.5,1285.5,1217,844,985.5
2022-06-07,1125,1182.5,1154.5,1197,993.5,943.5,940,966,1185,1030.5,1317,1073.5,1085,1196.5,985,1246,1171.5,1102.5,1013.5,980,1030.5,1278.5,1103.5,850,984.5
2022-06-06,1124,1171.5,1169.5,1133,925,934,942,944,1187.5,1016.5,1315,1077,1075.5,1144.5,985,1214,1176.5,1089.5,1022.5,980,1016.5,1249.5,1143,811.5,950.5
2022-06-03,1095,1136,1184,1126,915.5,934,966,950,1150,1036.5,1307,1072,1069,1105,985,1168.5,1166,1064.5,1000.5,980,1036.5,1228,1065,811.5,940.5
2022-06-02,1086,1118.5,1102.5,1068,883.5,879,948,935,1125,991.5,1328.5,1049,1029.5,1096,975,1149,1117,1064.5,977,980,991.5,1167,1042,803,910.5
2022-06-01,1117.5,1112.5,1122,1047,895.5,879,941,950.5,1084.5,991,1325.5,1057,1045.5,1075,975,1154,1124,1034.5,971.5,980,991,1242,1000,828,910.5
2022-05-31,1139.5,1108.5,1128,1040,890,919,921,939,1034.5,971,1372,1080,1058,1079,975,1165.5,1133.5,1049.5,986,980,971,1242,959,834.5,909
2022-05-30,1128.5,1136.5,1094.5,1020,882.5,851.5,925.5,934.5,1034.5,967.5,1146,1072,1037,1090,975,1145,1068.5,1018.5,952.5,980,967.5,1249.5,976.5,841,917
2022-05-27,1061,1120.5,1055,975.5,858,846.5,921.5,930.5,1025,953,1175,1038,1006.5,1047,935,1123.5,1029.5,1018.5,931.5,945,953,1250,967.5,821,890.5
2022-05-26,992,1067,1006.5,985,849.5,830,916.5,909.5,1003,944.5,1187,992,967,1012,910,1091,1023,1018.5,910.5,870,944.5,1236.5,940.5,783,879
2022-05-25,1010.5,1136,997.5,981,845.5,830,914,896,1000,939.5,1187,983,961.5,1005,910,1083.5,1002,988.5,913.5,870,939.5,1217,936,781,879
2022-05-24,954.5,1112.5,965,962,829.5,812.5,908,896,1004.5,935.5,1392,962,942.5,985.5,915,1069.5,968,981.5,910.5,870,935.5,1211.5,940.5,789.5,871
2022-05-23,954.5,1128,966,950.5,839,847,914,887,981.5,915.5,1390,962,942.5,984.5,915,1076,972.5,999.5,922.5,870,915.5,1194.5,937.5,788.5,893.5
2022-05-20,947.5,1134.5,954,963.5,843,827,893,879,954.5,894.5,1389,952,933,977,900,1054,965.5,964.5,914,957,894.5,1184.5,930,769.5,879.5
2022-05-19,919.5,1139.5,935.5,949,829,832.5,905.5,880,1009.5,936,1392,932,918,974,935,1069,947,964.5,891.5,957,936,1168.5,912,789.5,862.5
2022-05-18,931.5,1148,942.5,970.5,841.5,846,905,863.5,1009.5,956.5,1391,966,940.5,976.5,935,1092,980.5,978.5,947.5,957,956.5,1125,936.5,809,882.5
2022-05-17,930,1112,934,963.5,840.5,845.5,910,870,1002,949,1390.5,966.5,922,971.5,890,1113.5,986,989.5,929,940,949,1006.5,918.5,790,878
2022-05-16,874.5,1089,909.5,942.5,824.5,835,909,867.5,1015,915,1397.5,926.5,886.5,941.5,890,1083.5,985,979.5,907.5,940,915,1044.5,914,817.5,881.5
2022-05-13,867,1066.5,890.5,933.5,795,807,900,871.5,996.5,910.5,1384,914.5,867,917,870,1097.5,970.5,987.5,886.5,840,910.5,986.5,918.5,772.5,839
2022-05-12,847,961,872.5,929,783.5,773.5,896,834,986.5,902,1386,876.5,855,901.5,860,1071.5,972,987.5,871.5,905,902,1001.5,923,768,846.5
2022-05-11,848,933,879,930.5,784,818.5,900,832,996.5,902,1383,896,855.5,891.5,860,1067.5,996,949.5,869,905,902,962,941,757.5,838
2022-05-10,857,932,893.5,929,775,843.5,899,841,1011.5,912,1351,883,862,907,905,1063,1034.5,955.5,883,905,912,955.5,922,772.5,859.5
2022-05-09,881.5,931,925.5,949,816.5,822,919,857,1036.5,929.5,1351,916,885,931,905,1107.5,1098,955.5,897,905,929.5,988,935,784.5,881
2022-05-06,880,941,925.5,928.5,829,837,924,856.5,1030.5,930.5,1365,918,884.5,922,905,1123.5,1082.5,963.5,907,870,930.5,979.5,940.5,791,883.5
2022-05-05,876,928.5,928,929,832.5,844,927,868.5,1021.5,930,1318,919,886.5,932,900,1124,1082.5,963.5,902.5,870,930,991,947.5,807.5,884
2022-05-04,870.5,921.5,925.5,924,835.5,845,920,849,996.5,922,1340,909,877,908,900,1114.5,1109,961.5,888,920,922,966,939,760.5,872
2022-05-03,873.5,916,923.5,918,821.5,853,907,831,948,934.5,1302.5,907.5,883.5,908.5,915,1125.5,1155,929.5,875.5,920,934.5,971.5,940.5,818.5,911
2022-05-02,871.5,915.5,918.5,921,834.5,866.5,917,846,948,909.5,1306.5,898.5,872,894.5,915,1104.5,1084,934.5,871.5,920,909.5,954,948.5,785.5,891
2022-04-29,870.5,904.5,918.5,912,858,866.5,912,862,948,924,1296,919.5,861.5,894.5,915,1124,1088.5,899.5,911.5,888,924,973,948.5,778.5,881
2022-04-28,844.5,883,872.5,902,828,848.5,915.5,836.5,923,904.5,1305,893.5,846,865,890,1097,1022,899.5,898,888,904.5,964,944,780,879
2022-04-27,843.5,886,866,910.5,832,848.5,908.5,813.5,923,904.5,1289,895.5,841,863,890,1072,1012,899.5,899,888,904.5,969.5,943,776,879
2022-04-26,813.5,849.5,855,904,814.5,863,904.5,850,923,888.5,1289,869.5,828,847.5,840,1013.5,969,895.5,877.5,888,888.5,966.5,926.5,745,870.5
2022-04-25,833,866.5,871,905,812.5,862.5,906.5,818,923,903,1279,869.5,838.5,841.5,840,1059.5,968.5,877.5,862,877,903,973,934.5,772,870.5
2022-04-22,864.5,893.5,868,926,842.5,878.5,929.5,897.5,949,918,1282,911.5,866.5,874.5,880,1090,1003,917.5,913,877,918,990,948.5,780,879
2022-04-21,862,890.5,867.5,924.5,855.5,891.5,933,906.5,949,912.5,1289,915.5,870.5,868,896,1089.5,1012,917.5,929,877,912.5,1031.5,949.5,781.5,895
2022-04-20,882,902,881,930.5,868.5,895.5,944,893.5,949,919,1286,917.5,876.5,880,896,1115.5,1012.5,907.5,924,,919,1063,949.5,766,879.5
2022-04-19,890,915,888.5,953.5,869,893,949,894.5,950.5,928.5,1293.5,920,890,876.5,896,1106,1008,909.5,956.5,,928.5,1013,977.5,768,874.5
2022-04-18,882.5,913.5,871,972.5,851.5,868,952,905,945,948,1301.5,907,889.5,911,896,1077,992.5,914.5,931,,948,973,979,798,910
2022-04-15,913.5,933.5,881,954.5,849.5,868,944,913,935,873,1306.5,907,883.5,911,896,1130,968,903.5,921,,873,973,979,794,910
2022-04-14,868.5,895.5,861,954.5,849.5,868,944,913,935,873,1306.5,907,883.5,871,896,1075,968,903.5,921,,873,973,979,794,910
2022-04-13,852.5,901,851,944.5,825,861,929,898,927,873,1304.5,888,862.5,871,896,1044,946,897.5,907.5,,873,962,975,825.5,850
2022-04-12,833.5,895,837.5,919,830.5,847.5,902.5,863,920.5,857,1343,856.5,842.5,839,840,1004,955,895.5,896.5,,857,942.5,945,752.5,841
2022-04-11,827,909,839.5,916.5,827,859,891,852,908,868,1325,855.5,840.5,853,840,1015.5,935,882.5,900,,868,943.5,946.5,718,852
2022-04-08,823,902.5,839.5,925,836,881.5,881,864.5,927.5,866,1306,863.5,844.5,844.5,860,1013.5,934.5,916.5,903,,866,945,956,731,858.5
2022-04-07,820,916.5,834.5,905,840,886,893,869,928,874,1306,850.5,849,883,930,1028.5,944,916.5,917,,874,925.5,946,745.5,869
2022-04-06,870,945.5,853.5,951,880,891,899,881.5,928.5,889,1309,906,873.5,885,930,1079.5,1000,936.5,929,,889,968,980.5,779.5,908
2022-04-05,867.5,966,865,938,872,871,908,886.5,930.5,911.5,1297.5,912,878,892.5,900,1081.5,1011,948.5,941,,911.5,978,969,785.5,877.5
2022-04-04,844.5,937,850,926.5,889.5,871,886,874.5,935.5,881.5,1297.5,901,870.5,880,900,1069,1003,953.5,920,,881.5,978,956,790.5,892.5
2022-04-01,853,928,852.5,933,873,891,879,857.5,929.5,878,1296,895,873,882.5,900,1033.5,984.5,958.5,908.5,,878,989.5,971,793,890
2022-03-31,863.5,929,866.5,944.5,876.5,902,905,897.5,949.5,898.5,1298.5,891,893,895,925,1049.5,992,958.5,932,,898.5,1002,959.5,791.5,906
2022-03-30,880,935.5,875,948.5,885,919,927,911,954.5,900.5,1305.5,903,903,920.5,925,1083.5,1058.5,968.5,924.5,,900.5,1015,1003,792,903
2022-03-29,893.5,939.5,871.5,929,904.5,916.5,941,929,971,924,1314,887,907,911.5,945,1110.5,1059,974.5,907.5,,924,1008.5,1011.5,799,934.5
2022-03-28,901.5,947.5,882,947.5,909,921,941,940,971,935.5,1314,904,919.5,929,945,1128.5,1096,974.5,937,,935.5,1019,1046.5,826.5,928
2022-03-25,903.5,957.5,874,924,927,899.5,925,923.5,951,913,1374.5,921,920.5,909.5,895,1182.5,1099,995.5,969,,913,1010.5,1084.5,795.5,928
2022-03-24,930.5,964,903,934,924.5,898,970,960.5,981,956,1374.5,907,947,939.5,895,1115,1132.5,995.5,969,,956,1010.5,1084.5,795.5,948
2022-03-23,896.5,954,888.5,927,910,858,857.5,937.5,965,927.5,1226.5,912,920.5,914.5,895,1063.5,1091.5,993.5,933.5,,927.5,995.5,1073,780.5,937
2022-03-22,897.5,954,880.5,925.5,879.5,910,925.5,930.5,947.5,914,1316.5,891.5,924.5,915.5,895,1087.5,1105,960.5,940,,914,1019.5,1001,771.5,885
2022-03-21,880.5,928,868.5,921.5,865.5,858,912.5,910.5,934,897.5,1298.5,907.5,918,898,895,1049,1064.5,961.5,905.5,,897.5,1010.5,1037.5,719.5,928.5
2022-03-18,842.5,879.5,828.5,901.5,847.5,829.5,908.5,891.5,918.5,868,1346.5,855.5,888,872,885,1001,993,924.5,900,,868,1008.5,1064,736.5,918
2022-03-17,801.5,866.5,823,902.5,826,796,858,861.5,899.5,842.5,1217.5,847.5,873.5,848.5,885,912.5,970,924.5,885.5,,842.5,913.5,1031,722.5,856.5
2022-03-16,825.5,887,842.5,859,817,814.5,859,863,924.5,850.5,1256.5,815.5,863,860,885,926,961,909.5,899.5,,850.5,927.5,1017.5,746.5,841
2022-03-15,828.5,910,861,843.5,820,830.5,885,892,926.5,887.5,1155,806.5,833,864.5,950,964.5,977,894.5,931,,887.5,968,1071,814,841.5
2022-03-14,900,942.5,914,919,920.5,939.5,929,932,983,927,1127,857.5,938.5,930.5,950,1033.5,1043,949.5,985,,927,985.5,1075.5,798,955.5
2022-03-11,934,949.5,930.5,934,957,920.5,948,923,999.5,950,1132,900,949,911.5,988,1105,1085,,973,,950,897.5,1029.5,793.5,950
2022-03-10,978,1007,975.5,994,967,1007,931,945.5,1021.5,943.5,1103.5,933,987,950,835,1228,1117.5,,1023.5,,943.5,930.5,1108,883.5,961.5
2022-03-09,1027.5,1019,993.5,997,1037,956.5,1006,997.5,921.5,1011,1103.5,986,1049.5,1026.5,835,1224,1325.5,,1056,,1011,1039.5,1102,945.5,1047.5
2022-03-08,1001,1001,957.5,990.5,984,956.5,913,951,936,949,1112.5,1002,1024,991,835,1140.5,1238.5,917.5,995,,949,965,1037.5,851.5,972.5
2022-03-07,981,979,951,955,945,909,913,933.5,936,923.5,1112.5,952,1001,966,835,1041.5,1252.5,917.5,979,,923.5,912,961,830.5,926
2022-03-04,892.5,884,856.5,912.5,828.5,847.5,876,852,937.5,889.5,1027,891,924.5,880,835,968,1051.5,917.5,844,748,889.5,888,891.5,812.5,833.5
2022-03-03,904.5,896,876,921.5,836.5,832.5,858.5,828.5,872.5,860.5,1027,877,918,905.5,830,944,1070,917.5,847.5,748,860.5,858,909,779.5,824.5
2022-03-02,850.5,834.5,829.5,848,801,758,855.5,805,835,819,1027,856,868.5,855.5,750,902,951,899.5,806,748,819,832.5,871.5,763,801.5
2022-03-01,798,788.5,796.5,816.5,743,757,838.5,771,830,800.5,1006,784,817.5,785,750,848,890.5,794.5,775.5,748,800.5,825,865.5,703,760.5
2022-02-28,786,785.5,775.5,781,731,734,794.5,767,791,785.5,974.5,768,801.5,762,750,820,845.5,794.5,755.5,748,785.5,813,865,674,738.5
2022-02-25,768.5,770,762,760.5,724,723.5,788.5,768.5,791,783,974.5,730,787.5,751,756.5,833,829,794.5,743,748,783,784,848.5,713,725
2022-02-24,769,772,760,778.5,731.5,699.5,771.5,743.5,779.5,778,973,765,790,757,730,818,846.5,794.5,745.5,748,778,798.5,842.5,705,729
2022-02-23,752,752,741.5,747,700,697.5,749,733.5,769,756,967,730,767.5,741.5,730,793.5,801,768.5,727.5,748,756,782,828,680.5,699.5
2022-02-22,758.5,755.5,748.5,750,705.5,706,748.5,723.5,767.5,749,975,766.5,776.5,753.5,725.5,791.5,810.5,768.5,746,748,749,781,808,682,714.5
2022-02-21,737,742.5,728.5,737,687.5,687,736,696.5,759.5,740.5,955,737.5,754,738.5,717.5,779.5,789.5,755.5,714,748,740.5,780.5,785,672.5,694
2022-02-18,735.5,738,723.5,741,676,674.5,743,704.5,769.5,735.5,955,725.5,746.5,732.5,719.5,782,782,755.5,710.5,754,735.5,750,810.5,666,687.5
2022-02-17,738.5,745,728.5,747.5,677.5,678,746.5,704.5,769.5,736.5,955,738.5,745.5,736,722.5,787,791.5,755.5,735.5,754,736.5,746,756,665,695.5
2022-02-16,744,748.5,735.5,751.5,694,695.5,750,707,765.5,735,950,737.5,751,746,725.5,785.5,801,749.5,731.5,738,735,766.5,788,668.5,705.5
2022-02-15,748.5,758,743,750.5,696.5,688.5,741,701.5,761,736.5,952,737,751,754,726,791,810,749.5,734,738,736.5,757.5,784.5,676,701
2022-02-14,747.5,759,738,752,700.5,692.5,744.5,710.5,757.5,738,950,745,754.5,750,729,786,812,746.5,739,738,738,747.5,776.5,668.5,708
2022-02-11,729,744.5,730.5,741.5,683.5,681,729,706.5,753,723,938,731,733,730.5,727.5,780,788.5,748.5,723.5,738,723,726,775,661.5,692
2022-02-10,725,739,727,734,680.5,671,729,700,756,727,939,725,732,722,712.5,773,790,748.5,713,738,727,729,762,651,687
2022-02-09,718,734,719,727,676.5,670,724,696,747,729.5,935,719,725.5,724,702.5,774.5,786,740.5,701,738,729.5,745,752,652,684
2022-02-08,724.5,746.5,728,732.5,680.5,660,726,702.5,749.5,724,931,725,724.5,736,727.5,777,791.5,739.5,710,738,724,744,738,670.5,689.5
2022-02-07,729,750,736.5,737,693,684,723,704.5,748.5,730.5,938,739,733,739.5,727.5,777,797,752.5,731,679,730.5,741,741.5,673.5,711
2022-02-04,726,756.5,732.5,736,692,675.5,716,698,770,723,938.5,737,733.5,724.5,720,767,787.5,737.5,727,679,723,739.5,750,656,708
2022-02-03,710,727.5,713.5,725,678.5,665.5,714,693,745,715,920.5,723,709,709.5,705,752,762,737.5,713,679,715,726,735,648.5,681
2022-02-02,692,720,701,699,665,657,712,682.5,735.5,708.5,918.5,686,695,707.5,700,749,760.5,711.5,703,679,708.5,726.5,737,646.5,669
2022-02-01,688.5,719,681.5,698,662,658,708,681,730,703.5,911,689,694,704.5,692.5,749.5,764.5,716.5,693,679,703.5,734.5,731,639.5,679
2022-01-31,692,717,708.5,700.5,657.5,654.5,705,679,730,700,911,698,692,706.5,682.5,747,760.5,716.5,697,679,700,731,737.5,641,658.5
2022-01-28,686,708.5,705.5,692.5,659,654.5,722,669.5,714,696.5,904,691,689.5,698,682.5,742.5,759,707.5,689.5,679,696.5,729,742,639.5,665
2022-01-27,687,710,699.5,696,655,655,689,667,709,688.5,882,687,691,695,687.5,744.5,750.5,707.5,690,,688.5,725,738,640.5,669
2022-01-26,676.5,698,690,689,652.5,649,687,662,704,684,887,673,681,687.5,682.5,741,735.5,703.5,681,,684,718.5,737.5,634.5,661
2022-01-25,685.5,697,713.5,685.5,646.5,646.5,667,650.5,699,678,858.5,673,690.5,701.5,675,734.5,732.5,697.5,674,662,678,716,726,629.5,651
2022-01-24,690.5,705,699,694.5,651,649.5,666,637.5,705,678.5,856.5,693,690.5,708.5,675,735,732,698.5,687.5,662,678.5,718,728.5,630,651
2022-01-21,687.5,696.5,695,694,652,649.5,678,664,699,689.5,859,686,684.5,703,680,738,721,704.5,678.5,662,689.5,721.5,730.5,631.5,648
2022-01-20,693.5,697.5,691,694,657.5,656,678,644,699,689.5,850,699,693,709.5,690,734,725,704.5,687.5,662,689.5,722,731,632,653.5
2022-01-19,697.5,699.5,684.5,699.5,656,652,656.5,646,699,682,854,694,693.5,710,675,722.5,734.5,701.5,690,662,682,707,730,620.5,654
2022-01-18,691,697,673,690.5,649.5,643,650.5,633,699,700,848,701,692.5,697.5,667.5,717.5,739.5,701.5,687,662,700,698.5,717.5,616.5,647
2022-01-17,679.5,689,665.5,687,638.5,632,638,636,689,659,854,682,684.5,693.5,662.5,701,726,690.5,677,662,659,693.5,710,612.5,636
2022-01-14,677.5,688,662.5,683,618,613,635,626,691,649,854,672,670.5,685,647.5,686,718,690.5,666.5,662,649,686.5,701,593.5,616
2022-01-13,677.5,690.5,662.5,680.5,606,608,629,613,677,628,844,676,671,692,636.5,683,708.5,690.5,658,662,628,682.5,698,591,612
2022-01-12,675,685.5,651,682.5,594.5,596,629,612.5,676,646.5,814,675,665,680.5,628.5,681,707,689.5,648,662,646.5,674,699.5,580,600.5
2022-01-11,654.5,666,641.5,671.5,582,573,614,603,669,639.5,812,661,648.5,658,616.5,674,696,673.5,627.5,,639.5,666,689,565.5,589
2022-01-10,647.5,662,636.5,660.5,580,587,609.5,596,660,631.5,814,649,641.5,658.5,614.5,663,695.5,664.5,622,,631.5,668,686.5,567.5,589
2022-01-07,640.5,667.5,634,658.5,580.5,579,623.5,592,657,632.5,807,636,637,657,615,660.5,695.5,664.5,617,,632.5,661,690,563,579.5
2022-01-06,633.5,670,626.5,652,577.5,573,607,588,655,627.5,811,618,633,646,610,654.5,692,664.5,622.5,558,627.5,668.5,684.5,561.5,580
2022-01-05,636,665,625.5,650,569.5,573.5,611,588,650,617.5,807,612,628.5,656,610,649.5,686.5,659.5,618.5,558,617.5,669.5,685,557.5,574.5
2022-01-04,638,666.5,628,660,568.5,568.5,587,585.5,647.5,614.5,807.5,611,625.5,659,608.5,648,679,642.5,616,558,614.5,666,672,556,575.5
2022-01-03,637,664.5,623.5,649,562.5,563,584,578,647.5,617.5,806.5,616,622,651,606.5,644,678.5,642.5,608.5,558,617.5,667,671.5,553,574.5
2021-12-31,648.5,664.5,626,634,570.5,574,586,587,645,616.5,807,632,631.5,667.5,606.5,654.5,686.5,614.5,611.5,558,616.5,673.5,675.5,555,579
2021-12-30,647.5,665,628.5,641.5,570,574.5,583.5,589,645,617,792,632,628.5,683.5,608.5,641.5,684,614.5,613,558,617,671,671,552.5,580
2021-12-29,640,661,622,636,566,568,583,590,640,617,792,626,625,641.5,606.5,634,678.5,614.5,605,558,617,664.5,667.5,548,567
2021-12-28,635,663.5,616.5,656.5,564.5,569.5,580,591,649.5,587,796,625,623.5,635,602.5,635.5,681.5,614.5,602.5,558,587,660,673.5,549.5,562
2021-12-27,615.5,638,602,643,546.5,538,592.5,566,623.5,587,792,606,606,629.5,597.5,628.5,658.5,614.5,595.5,558,587,655,672.5,539,552
2021-12-24,620,633,605,642.5,548.5,538,566.5,564.5,618.5,586,792,601.5,608,632,592.5,631,662.5,614.5,593.5,558,586,654,677.5,538,552
2021-12-23,615,626.5,598.5,665,541.5,538,574.5,564,629.5,596,798,601.5,604.5,621,572.5,626.5,649.5,614.5,579.5,,596,658,674.5,527.5,546
2021-12-22,602.5,620,591.5,645,534,530.5,566,544.5,618.5,586,792,591.5,593.5,617,567.5,624.5,639,628.5,565,,586,654,673,528.5,538.5
2021-12-21,592,608.5,588,650,532,528.5,565.5,553,623,579,795,573.5,587.5,609.5,550,611,624.5,628.5,558,,579,644.5,669.5,524,538
2021-12-20,594.5,605,590.5,643.5,529,523.5,560.5,542,622,566,794,571.5,587.5,605,555,618,627.5,626.5,555.5,,566,647,674.5,525,536
2021-12-17,608,616.5,596.5,655,547,539,581,557,633,581.5,818,594.5,600,617.5,562.5,622.5,630.5,650.5,568.5,,581.5,659.5,686,538.5,552
2021-12-16,602.5,618,594,657,539,534.5,572,555.5,630,584.5,828,595.5,598,614,567.5,611,632,650.5,573.5,,584.5,663.5,684,528.5,547.5
2021-12-15,595,604,591.5,643.5,541,536.5,578,560,630,584.5,828,584.5,594.5,610.5,567.5,611,629.5,650.5,565,,584.5,661,677.5,537.5,555
2021-12-14,601.5,610.5,598,651.5,545.5,542.5,573,560,627,584.5,846,590.5,595.5,613.5,562.5,613.5,640.5,650.5,572.5,,584.5,659.5,679,535.5,559
2021-12-13,602.5,612,598.5,661,548,543.5,575,546,627,579.5,846,594.5,598.5,615,567.5,610,630.5,650.5,564,,579.5,659,678.5,531,558.5
2021-12-10,598.5,609.5,597,620.5,545.5,544.5,575,556,624.5,589.5,849,589.5,591.5,606,569,610,618,649.5,567,,589.5,653.5,672,530.5,561
2021-12-09,601,616,595.5,626,547,545,580,556.5,625.5,588,853,592.5,601,612,569.5,609,617,649.5,576,,588,643,685,529.5,562
2021-12-08,602.5,613.5,594.5,619.5,547.5,548,559.5,549,630.5,587.5,853,584.5,595.5,601.5,569.5,597,606,649.5,574,,587.5,654,675.5,528,551.5
2021-12-07,601.5,603,593,629.5,549.5,548.5,556.5,547.5,632,567.5,847,583.5,598,601.5,563,585,602,649.5,566,,567.5,655.5,678,521.5,556.5
2021-12-06,599,597.5,587.5,624.5,532.5,535,557,533,628,559.5,853,568.5,587.5,590.5,565,579.5,590,639.5,562,,559.5,647.5,674,508,538
2021-12-03,607,605.5,584,627.5,538,533,551.5,551.5,634.5,557,851,582.5,592.5,593,560,576.5,591,635.5,563.5,,557,650,683,508.5,542.5
2021-12-02,593,591,580.5,615.5,529,527.5,535,530.5,622.5,552.5,853.5,578.5,575.5,570.5,550,578,574.5,631.5,557,,552.5,649,658,504,526
2021-12-01,593.5,602.5,582,612,528,533,563.5,548,629,551.5,851.5,574.5,586.5,591.5,560,589.5,580,628.5,555.5,,551.5,656.5,660.5,512.5,528
2021-11-30,597.5,606.5,583.5,606,526,549.5,552,544,625.5,553.5,852,569.5,585.5,588.5,563.5,606.5,575,626.5,557,,553.5,650,641.5,515,526.5
2021-11-29,603,610.5,584,609.5,533.5,530,569,565,623.5,581.5,855,585.5,605,593,571.5,614.5,592,625.5,566.5,,581.5,650,629.5,517,549
2021-11-26,627,642,612,649.5,566,546,598,594,622.5,606,859.5,601.5,623.5,625,579,642.5,610.5,656.5,575.5,,606,652,671.5,543.5,574.5
2021-11-25,638,644.5,618.5,654,579.5,584.5,597,597.5,635,616.5,864.5,622.5,629,635,600,647.5,641,656.5,603,,616.5,651,678,546.5,580
2021-11-24,630.5,640.5,606.5,665,573.5,572.5,602.5,592,635,606.5,864.5,626.5,626.5,626.5,599,640,638,656.5,603,,606.5,646,678,545.5,580
2021-11-23,612,636,601,655.5,559,560,600,584.5,633,595.5,865,606.5,606,618.5,595,628.5,625,648.5,586.5,,595.5,647,666.5,546.5,566.5
2021-11-22,611,637.5,607,657,555,547.5,592.5,578,626,596.5,864,592.5,605.5,623,599,628.5,623.5,643.5,585.5,,596.5,648.5,663,538,553.5
2021-11-19,616,642.5,606,697,564.5,559,603.5,586,628,598,866,606.5,611.5,631.5,602.5,643.5,636,635.5,591,645,598,654.5,671,552,569
2021-11-18,610.5,636.5,603,681,560.5,565,609,589.5,627,604.5,864,600,608,620.5,600,651,635,635.5,590,645,604.5,655.5,666.5,546,566.5
2021-11-17,619.5,644,614,682,568,565,615,592.5,642.5,603.5,868,605.5,620.5,630,602,651.5,645,639.5,601,645,603.5,661,671.5,555.5,576.5
2021-11-16,622.5,639,603,691.5,573.5,566.5,617.5,595.5,638.5,607.5,867.5,611.5,624.5,638.5,602.5,651.5,652,637.5,599,645,607.5,657,677.5,558,580
2021-11-15,622,643,610,659.5,563,563.5,612.5,591.5,636,620,872,603.5,623,630,597.5,658.5,655.5,649.5,588,645,620,654,672,557,573.5
2021-11-12,628.5,641.5,609.5,665,571,569,614,595.5,643,620,871,612.5,629,637,596,666,666,649.5,595.5,645,620,660,673,560.5,581
2021-11-11,630,645,611,648,577,576.5,616,601,647.5,617,874,620.5,630.5,631.5,603,675,666.5,649.5,601,645,617,661,665.5,558,582
2021-11-10,639,653.5,616.5,646.5,587,587.5,622,605,657,623.5,868,634.5,642.5,654,616,682.5,676.5,645.5,614.5,645,623.5,663.5,682.5,564,600.5
2021-11-09,628.5,650.5,612.5,628.5,583,584.5,619.5,602.5,643.5,618,871,621.5,636,648,617.5,680,671,644.5,611.5,645,618,656.5,670,558,592.5
2021-11-08,617.5,642.5,608,626.5,580.5,583,616,591,655,622.5,859,617.5,626.5,636,609.5,681,670.5,638.5,609,645,622.5,661.5,688,558,586
2021-11-05,606,624,599.5,628.5,570.5,579.5,597.5,587,621,606,856.5,598.5,623.5,628,612.5,671,657,623.5,596.5,,606,655,659,552,577
2021-11-04,612.5,635.5,606.5,633.5,573,570,611.5,602,620.5,617,854.5,611.5,627,633,612.5,671.5,660,623.5,601,,617,660.5,662,554,584.5
2021-11-03,617,637,610.5,637,583,586.5,612,606,641,617,858.5,611.5,632,642.5,612.5,679.5,670,627.5,605,672,617,665.5,671,563.5,585.5
2021-11-02,623,638,609.5,638,592,593,617.5,615,642,638.5,855.5,616.5,637,646,617.5,678,675,640.5,610.5,672,638.5,667,671.5,566.5,600
2021-11-01,619,633,616.5,639.5,591.5,596.5,628.5,620,636,641,855.5,619.5,633,653.5,617.5,683,679,640.5,611.5,672,641,667.5,674.5,570,597
2021-10-29,617,628.5,607,632.5,589.5,601.5,645.5,623.5,641,661,853.5,611.5,632.5,644,625.5,688,679.5,640.5,614,672,661,660,663.5,560.5,605.5
2021-10-28,609,640,608.5,632.5,584,589.5,620.5,613,641,644.5,855.5,606.5,625,624.5,625.5,703,681.5,640.5,621,672,644.5,660.5,652.5,564.5,595.5
2021-10-27,624,640,617.5,641,605,607,628,618.5,655.5,639.5,855.5,615.5,637,653,625.5,710.5,691.5,640.5,617,672,639.5,669,667.5,581.5,610.5
2021-10-26,625.5,636,618,639,611,614,632.5,626,652.5,645.5,841.5,619.5,637.5,652,629.5,709.5,691.5,645.5,622.5,672,645.5,671.5,664.5,585,616.5
2021-10-25,632.5,629,621.5,638.5,616,620,628.5,616,647.5,636.5,856.5,624.5,637,656,627.5,703,691.5,640,619.5,672,636.5,669,667.5,583,614
2021-10-22,625,620,622,638.5,607,602,616.5,612,649,633,851,620.5,628.5,659.5,622.5,698.5,692.5,644,613,672,633,664.5,658,572,610
2021-10-21,626.5,627,622.5,637.5,607,604.5,634.5,621.5,649,629.5,835,622.5,629.5,658.5,620.5,701,693,644,617.5,672,629.5,662,668.5,573.5,605.5
2021-10-20,620.5,624,613.5,633.5,603.5,604.5,625.5,619.5,645,624.5,835,615,624,657,614.5,703,685,649,614,653,624.5,652,653,563,605
2021-10-19,619,626,612.5,634,602,600,618,615,653.5,631.5,828,614.5,624.5,654.5,612.5,698.5,687,656,609,653,631.5,652,656.5,560,600
2021-10-18,626,623,613.5,639.5,605.5,605,620.5,612,653,625,815,621.5,627,652.5,612.5,701,691.5,643,611,,625,655,650.5,572,609
2021-10-15,622,622.5,608,643.5,606,600,616.5,608.5,644.5,624,811,616.5,622,645.5,617.5,694,688,633,616,,624,653,649,562,601
2021-10-14,618,620,612,626,596,593,623.5,601,637,623.5,793.5,617.5,615.5,636,606.5,682.5,681.5,633,606,,623.5,657.5,656.5,556.5,593
2021-10-13,608.5,617,601,621.5,588,587.5,615,610,622.5,617.5,793.5,606.5,612,626,601.5,677.5,673.5,613,599,,617.5,639,639,551,600
2021-10-12,608,612,600,617,592,582.5,607.5,597.5,627.5,625.5,778.5,611.5,611,624.5,603.5,683.5,677.5,613,603.5,,625.5,644.5,636,554,599
2021-10-11,606.5,612.5,598,621,591,584.5,603,597,616,609,780,606.5,607,624.5,601.5,678.5,672,594.5,601,605,609,636,616,549,592.5
2021-10-08,591.5,606,581,617.5,578,571.5,600.5,595,614,606.5,782.5,597.5,598.5,619.5,585,669.5,661,597.5,585,605,606.5,628,614.5,541,584.5
2021-10-07,581,611,581.5,611,569,557.5,599,587.5,610.5,596.5,773,573.5,578.5,600,570,662.5,657.5,597.5,577.5,605,596.5,624.5,598.5,533.5,578.5
2021-10-06,586,619,582.5,608.5,580.5,572.5,603,583.5,616.5,594,772,588.5,578,608.5,575,653,660.5,608.5,584,605,594,623,615,530.5,581.5
2021-10-05,580,621.5,577,607.5,573,537,598,578.5,610,592,757,579.5,576,603,570,644,656.5,599.5,583.5,605,592,623.5,625,522.5,569
2021-10-04,573.5,615.5,567,597,560,554,595.5,569,608,589,757,581,567.5,594,570,631,629,599.5,570,605,589,616.5,625,523,560.5
2021-10-01,572,613,567.5,594,556,546.5,593,558.5,593,580.5,755,559,563.5,588.5,561.5,629,621.5,588.5,564.5,605,580.5,613.5,616,518,551
2021-09-30,570.5,612.5,566,592,552,542,577,547.5,593,577.5,749.5,571,567.5,586.5,570,623,616.5,588.5,570.5,605,577.5,613.5,621,509,557.5
2021-09-29,569,611,566,587,551,549.5,580,565.5,593,575,752.5,567,563.5,583.5,570,620.5,613.5,587.5,566.5,605,575,605.5,610.5,501.5,554
2021-09-28,576.5,619,572,586,558.5,546.5,587,568.5,590,566,743,572,574,598.5,572,623.5,620,578.5,574,605,566,611,617,503.5,564
2021-09-27,571.5,613,565,585,557,560,574.5,555,580,579,743,572,572,583,580,617,616.5,578.5,578,,579,607.5,616,496.5,563
2021-09-24,565.5,594.5,558.5,577.5,546.5,546,573,547.5,578.5,562.5,740.5,563,562,576,570,612,601.5,575.5,563.5,,562.5,602,600,505,553
2021-09-23,560,580,551.5,571,542,535,574,542,577,559,733,560,558,569,544,601,596,575.5,559.5,568,559,603,613,524.5,542
2021-09-22,559.5,581,554.5,571,535.5,532.5,570.5,532.5,572,561,731.5,558,556,566,545,595.5,589.5,567,554,568,561,597,601.5,497,543.5
2021-09-21,556.5,578,555,570,530,522.5,570.5,531.5,573.5,551,723,557,554,564,540.5,608,587,563,545.5,568,551,593.5,596.5,481.5,543.5
2021-09-20,553.5,578,551.5,570.5,530.5,524.5,566.5,533,571,552,722,553,554,562.5,541.5,604,587,562,547.5,568,552,593.5,599.5,481,540.5
2021-09-17,559,578.5,556.5,571,535.5,532,564.5,530.5,570.5,555,725.5,559,558,564.5,546,605.5,589,564,554,568,555,594,597.5,484.5,545
2021-09-16,558.5,578.5,555,571.5,534,527,561.5,535.5,570.5,557,725,559,555.5,563,545,607.5,586.5,564,549,568,557,592.5,602,477.5,542
2021-09-15,552,574,545.5,570,531,526,558,530.5,569.5,549.5,725,561,550,560.5,535,600.5,579,568,541.5,568,549.5,594,593.5,466,538
2021-09-14,550,572,545.5,563,526,521.5,562,526,570,543.5,725,551,549,568,530,595,574.5,573,531,568,543.5,582,590.5,470,549
2021-09-13,548,571,541.5,582.5,525.5,524.5,539.5,527.5,565.5,543.5,719.5,550,545.5,558,530,589,567.5,581,533.5,568,543.5,585,586.5,473,531.5
2021-09-10,544,564,537.5,567,516,513.5,539.5,519,563,542,719.5,544,540,550.5,525,586.5,561.5,564,528.5,568,542,582,584,472,522.5
2021-09-09,546,562.5,535.5,566,517,514.5,532,521.5,562.5,537,724,544,543,554,529.5,589.5,564,564,532,570,537,586.5,593,469.5,526.5
2021-09-08,544,562.5,536,566.5,513.5,507.5,530,515,566.5,538,727,542,540,549,537.5,585.5,561,563,532,570,538,586.5,588,471,528.5
2021-09-07,544,569,536.5,569.5,515,511.5,542.5,522,566,538.5,718,546,540,549.5,532.5,582.5,562.5,563,532.5,570,538.5,584.5,587.5,472.5,527
2021-09-06,542.5,568.5,532.5,559,518.5,517,542,523,564.5,540,715,539,536.5,547.5,522.5,577.5,565.5,568.5,529.5,,540,580,587,473.5,522
2021-09-03,544.5,568,531,561.5,522,520,542,521,560,540.5,715,545,540,552.5,530,583,570,568.5,539,,540.5,579.5,587.5,473.5,529.5
2021-09-02,534.5,562,530.5,560.5,520,522.5,534.5,528,563.5,541.5,719,535,532.5,542.5,521,581.5,562,568.5,529.5,,541.5,583.5,584,482.5,527.5
2021-09-01,540,562.5,529,563,516.5,514,530,524.5,558.5,537,715,540,533.5,547.5,524,585.5,565,544,532.5,,537,586,583.5,472.5,526
2021-08-31,539.5,560,529,557,518,511,527,518.5,558.5,536.5,714.5,535,533,533.5,518,587,566.5,544,528,,536.5,585.5,579,471.5,527
2021-08-30,538.5,557.5,529,558,515.5,514,527,517.5,557.5,533.5,717.5,534,531.5,541.5,519,584,564,546,531,,533.5,584.5,582.5,478,523
2021-08-27,535,554,528,557,509.5,505.5,527,515,555,529.5,721,529.5,529,538,517,578,561.5,522,525.5,,529.5,578,579,484,515
2021-08-26,531.5,549.5,526.5,556,508,500.5,523.5,514.5,549.5,532.5,714.5,525.5,526,533,508.5,574.5,557,522,517.5,,532.5,579,584,487,513.5
2021-08-25,528.5,545,521.5,551,502,502,524,508,544,527.5,721.5,524,522,531,509.5,570.5,549,521,508,,527.5,569.5,585.5,488.5,506.5
2021-08-24,520,539,513,545.5,497,499.5,524.5,499.5,539.5,515.5,722,519,513,525.5,490.5,555.5,540.5,516,501,,515.5,569.5,594.5,473.5,501.5
2021-08-23,504.5,525.5,501.5,531.5,479,478,510.5,489,523,510,722,514,503,511.5,498.5,541.5,523,491,481.5,,510,548.5,575,459.5,479
2021-08-20,493.5,525.5,499,560,473,475.5,501,479.5,523,503,716,496,500,519,517,540.5,519.5,530,480.5,,503,560.5,575.5,463.5,481.5
2021-08-19,506,536.5,508,558,477.5,471.5,520,487.5,527,510.5,724,495,504,513,517,546.5,521,530,491,,510.5,565.5,573.5,474.5,480.5
2021-08-18,518,543.5,513.5,563,492,494.5,518.5,515.5,524.5,515.5,721,513,513,527,517,557.5,532,540.5,503,,515.5,575.5,576.5,488.5,495.5
2021-08-17,519.5,548,515.5,568.5,494,490.5,520,514,531,519,723,511,515.5,529,517,563,531,540.5,509,,519,577.5,575,488,504.5
2021-08-16,524.5,547,519,569,498,492.5,521.5,504,531,522.5,723,513,518,530,517,567.5,531,540.5,513.5,,522.5,575.5,566,488.5,504.5
2021-08-13,527,549.5,525.5,559.5,504,507.5,526.5,503,530,529,723,521,522.5,535,517,574.5,539.5,531.5,516,,529,585.5,571,487,511.5
2021-08-12,527.5,554,525.5,557,512,509.5,539,518,535,533,724,527,526.5,536,517,570,537.5,531.5,520.5,,533,588,581,488.5,520.5
2021-08-11,527,550,522.5,557,503,499,529,505,530,523.5,724,524,520.5,536,499,575,532.5,561.5,510.5,,523.5,588,576.5,489,507
2021-08-10,522.5,540.5,524.5,550.5,501.5,497,528,509.5,529,524,724,518,516.5,528,495,574,529,561.5,512.5,,524,588,576.5,479,499
2021-08-09,525,546.5,523,556.5,491,481,526,510,531,523,721,511,515,529.5,495,572.5,527.5,548.5,504.5,,523,588,582,490,494.5
2021-08-06,537,549.5,532.5,565.5,513.5,510.5,538,515.5,546,524.5,728,532,538.5,540.5,540,575.5,546,579.5,524.5,,524.5,594,577,492,504
2021-08-05,528,543,528,565.5,515.5,505.5,538,523,546,536.5,728,520,529.5,545.5,540,572.5,541.5,579.5,521.5,,536.5,592,577,500.5,504
2021-08-04,534,550,538,560,520,512,541.5,523.5,545,534.5,723.5,536,535,545.5,540,576,548.5,587,532,,534.5,602,592,505.5,534
2021-08-03,544,552,549,564,532.5,523.5,545,520.5,553.5,540,729,541,542.5,549,530.5,590.5,554.5,587,542.5,,540,600.5,590,513.5,542.5
2021-08-02,552,562.5,555,579,539.5,534,545,529,555,548,720,550,547.5,557,530.5,595,565.5,582,548,,548,603,582,518,543
2021-07-30,554,562.5,555,576.5,537,540,550,541,555,547,720,553,551,562,530.5,592.5,568,582,548,,547,604,582,516.5,543
2021-07-29,551,552.5,552,571.5,534.5,535.5,545,538,552,549,729,550,547,564,530.5,586.5,565,582,546,577,549,603.5,596,511,542
2021-07-28,548,552,549,570,532,536,543.5,535,549.5,545,722,543,542,554,527.5,583.5,557,578,543,577,545,603,582,511.5,538.5
2021-07-27,547,552,546,569.5,530.5,533,541.5,531,545.5,540.5,722,543,543,552.5,525.5,578.5,556.5,576,544,577,540.5,603,598,508.5,537.5
2021-07-26,542,546.5,540.5,561,526,528,538,527,544,537,722,535,541,550,520.5,578.5,550.5,574,534.5,577,537,606,591.5,509,534.5
2021-07-23,546,568,542,565,525,529,533.5,519.5,537.5,536,714,541,542,552.5,520.5,568,546.5,572,530.5,577,536,609,593.5,509,533
2021-07-22,539,568,542.5,565,516.5,527.5,528.5,516,537.5,525,714,535,538.5,548.5,544.5,572,546,572,528.5,577,525,600.5,605,503,531.5
2021-07-21,523,547.5,537,558.5,503.5,519.5,523,515,539.5,520,705.5,527,524,539.5,544.5,562,534,571,515,577,520,598,584.5,500.5,525
2021-07-20,535,550.5,541.5,567,495.5,501,525,511.5,537.5,526,712.5,520,525.5,542.5,535.5,565.5,530,573,508.5,577,526,597,581,501.5,512
2021-07-19,541,551.5,541.5,575.5,517,508,524.5,518.5,544,540.5,722.5,529,538,548.5,535.5,579,543,592,521,577,540.5,608,586,511,521
2021-07-16,547.5,557.5,550,574.5,527.5,526.5,544.5,528.5,559,549.5,722.5,546,541.5,551,540.5,588,546.5,592,534.5,577,549.5,612,576,514,534
2021-07-15,550.5,562.5,555.5,573,530,526,549.5,531.5,559,556.5,722.5,544,544.5,553,538.5,587,554.5,592,539.5,,556.5,611.5,578.5,516,533
2021-07-14,558,571.5,566.5,578,540.5,538,549.5,532,559.5,558,723,558,553.5,565,548.5,592.5,563,592,550,,558,614,583,525.5,546.5
2021-07-13,553,572,558.5,575,539,538,548,533,558,555,719,553.5,550,557,537.5,589.5,553.5,593,546.5,,555,595.5,583,520,539.5
2021-07-12,551,571,553.5,571,532.5,523.5,550.5,536.5,562.5,546,711,550,548,559.5,535.5,589,556,602,539.5,565,546,588,580.5,522,536
2021-07-09,543,570.5,551,563,537,520.5,543,536,562,546.5,705.5,546,543,555.5,535.5,592,548.5,587,535,565,546.5,588,583.5,523,531
2021-07-08,535.5,573.5,546.5,558.5,521.5,513.5,548.5,533.5,561,545.5,699,530,537.5,543,530.5,589,540.5,587,524,565,545.5,586.5,583.5,520,526
2021-07-07,548.5,587.5,551.5,567,537,535,550,542.5,569,550.5,698.5,538,549,556,544.5,604,557.5,596,541.5,565,550.5,590.5,583.5,523.5,541
2021-07-06,559.5,590.5,563,584,542.5,541,547,544,567,555.5,703.5,556,551.5,568,559,615,568.5,596,556,565,555.5,589,577,529.5,550.5
2021-07-05,555.5,581,557.5,575,540.5,541,552,543,579,566,698.5,559,549,565,551,609,557.5,596,543.5,565,566,583,589.5,532.5,547
2021-07-02,553.5,579,551.5,584.5,534,535,553,538.5,569,555,698.5,554,548.5,561,544,604.5,555.5,596,542.5,565,555,582,584,525.5,537
2021-07-01,553.5,568,552.5,569.5,533,535,553,542,569,559,698.5,554,546.5,558.5,539,598.5,556.5,596,544,565,559,579.5,584,518,538.5
2021-06-30,542.5,563,548.5,564.5,527,525,552,540,569,557,699,541.5,539.5,556,536,597.5,554,592.5,539.5,565,557,578.5,586,518.5,531.5
2021-06-29,541.5,563.5,548,565.5,528.5,526,551.5,536,569,555,698,542,540.5,554,535.5,599,556,592.5,540,565,555,579.5,579,519,532.5
2021-06-28,549,570,554,571.5,533,532.5,552.5,537,574,556.5,699.5,548.5,543.5,557.5,537.5,598.5,561.5,592,542.5,535,556.5,580,595.5,517,537.5
2021-06-25,546,570.5,549.5,567,528.5,530.5,551,541,574.5,556,699,547,541,552.5,537.5,599.5,557.5,590,544,535,556,579,589,512,533
2021-06-24,544.5,568,548.5,566,526.5,526.5,544.5,535.5,574.5,555.5,698,546,539,552,535.5,599.5,555.5,590,540.5,535,555.5,580,587,514,535.5
2021-06-23,543,563,548.5,565,525.5,526.5,544.5,534,574.5,553.5,698,545,539.5,552,537.5,598.5,557.5,590,539.5,535,553.5,582,587,512,535.5
2021-06-22,534.5,562.5,541,559.5,522,517,543.5,530.5,568,548.5,692.5,538,535,543,524,593,555.5,584,528,535,548.5,583.5,588.5,504,524
2021-06-21,530,557.5,541,555,521,518,545,534.5,567.5,552,694,536,532,539,531,592,550.5,582.5,537.5,535,552,579,589.5,500.5,517.5
2021-06-18,527,561,540,555.5,514.5,509.5,535,520.5,561.5,551,698,528,526,536.5,526,582,551,581.5,531,535,551,587,589.5,488.5,517
2021-06-17,538,562,543,558.5,517.5,518.5,535.5,530.5,559.5,549,692.5,539,535,540,532,599.5,556.5,581.5,537.5,559,549,586,582,506,525
2021-06-16,537,562,543,571,520,517.5,535.5,527,562,546.5,698,541,532.5,540,536,576.5,552.5,578,533,559,546.5,581.5,583.5,503.5,523
2021-06-15,529,563,537,529.5,516,513,528.5,522,557.5,541,698,534,529,537,530,610.5,551,578,529.5,553,541,579,577,500.5,522
2021-06-14,528,565.5,536.5,557,514.5,511,528.5,516.5,557.5,540.5,701,533,528.5,537,534,585,550.5,575.5,527,553,540.5,579,578,503,519
2021-06-11,524,570,532.5,555.5,512,510,528,518,555,541.5,696.5,531,525.5,536,531,583,548.5,577.5,525,555,541.5,574.5,576.5,497,519
2021-06-10,523.5,569,532.5,550.5,512.5,516.5,525,517.5,554.5,537,700.5,524,524,529.5,521,574,545.5,575.5,522,,537,577,578.5,500,514
2021-06-09,526,570,533,557.5,512,514,528,516,557.5,535.5,696.5,532,529.5,529.5,531,574.5,549,577.5,524.5,,535.5,575,575,500.5,518.5
2021-06-08,520.5,575,528,554.5,507,507,525.5,516,557.5,537.5,693.5,523,524.5,519,520,571.5,541.5,577.5,517.5,,537.5,576,582.5,492,510
2021-06-07,525,572,534,556.5,511,509,523,514,558,535,697.5,528,526.5,529,531,571,546,577,520.5,516,535,576.5,577,499,519
2021-06-04,528,572.5,526.5,557,511,512,523,513,556.5,533.5,697.5,530,527,526,531,566.5,545,568,523,516,533.5,572,577.5,496,518
2021-06-03,524,571,525.5,556,511.5,510.5,519,509.5,554.5,536.5,697.5,530,521.5,526.5,526,562.5,545,568,520.5,516,536.5,572,574.5,490.5,514
2021-06-02,517,565,518,547,508,504,518,509.5,554,535.5,698.5,520,517,523,526,559.5,545,570,517,516,535.5,560.5,570,491,510
2021-06-01,520,563,513,546,504.5,507,509.5,499.5,546,524,697.5,525,515,519.5,531.5,560,546,561,516,516,524,559.5,566,490.5,509.5
2021-05-31,500,556.5,505,534,496.5,495,512.5,501,548,531,695.5,508,505,510.5,513.5,556,542,556,507,516,531,561.5,567,485,501.5
2021-05-28,496,556.5,505,528.5,492,491,507.5,496.5,543,515.5,694.5,503,501.5,504.5,503.5,551.5,537.5,556,505,516,515.5,554.5,566,488,496.5
2021-05-27,492,552,502.5,523,487.5,482,497.5,495,534,513,686.5,493,495.5,502,498.5,547.5,532,556,495,516,513,550.5,554.5,476.5,489.5
2021-05-26,490,553.5,501.5,528,485.5,481,501.5,491.5,536,519.5,687.5,496,493,502,498.5,547,535,552,497.5,516,519.5,550,553,475.5,487
2021-05-25,486.5,551,499.5,527,485.5,483,502.5,491.5,529.5,513.5,684,493,496,504.5,493.5,545.5,533,551,491,516,513.5,548.5,550.5,471.5,487.5
2021-05-24,483.5,551,495.5,525.5,482,485,501,487,521,507.5,662.5,488,491.5,496.5,499.5,548.5,530,543.5,482,,507.5,548.5,552,471.5,475.5
2021-05-21,471,543.5,488,520,473,471,496.5,481.5,521,506.5,644.5,471,482.5,492.5,495.5,547.5,522,544.5,492.5,,506.5,548.5,551.5,469,475
2021-05-20,480.5,544.5,495.5,521.5,476.5,470,502,489,525,504.5,652.5,485,485.5,505,500,547,528.5,544.5,490.5,,504.5,549,554,469,482
2021-05-19,487.5,546.5,499.5,522,482,481,503.5,490,524,508.5,645,488,497.5,508,499,550.5,535,545.5,495,,508.5,554,552.5,478,487.5
2021-05-18,500.5,553,502.5,533.5,490.5,491,515.5,504.5,542.5,521.5,650,499,503,515,509.5,554.5,541,553.5,512,,521.5,558.5,554.5,487,501.5
2021-05-17,498,551,500.5,531.5,488,487.5,515,503,535,522,645,497,505,511.5,500.5,553.5,534,560.5,505,,522,558.5,556,473,498
2021-05-14,496.5,546,495,529,488.5,480,508,496,535.5,521,645,490,500.5,496,497.5,544.5,531,560.5,498,,521,555,553,467.5,498.5
2021-05-13,507.5,552.5,506.5,530.5,494.5,481.5,509,494,542.5,519,653.5,501,505.5,511,505,551.5,534,560.5,504.5,,519,559,550,473.5,502.5
2021-05-12,507.5,551.5,504.5,532,499.5,495.5,513,499.5,540.5,522,644.5,507,507,514,508,551,540.5,574.5,508.5,530,522,560.5,561.5,479.5,504
2021-05-11,500.5,548,503,530.5,490.5,489,509,495,540,521.5,640.5,499,503.5,511,498.5,548,534.5,578.5,501,530,521.5,559.5,564,474.5,498.5
2021-05-10,510,548.5,508,541,495.5,496,522.5,494.5,543,516,643.5,509,509,518,502.5,551,539,578,508,530,516,559,570,495,504.5
2021-05-07,501,544.5,504.5,529.5,494,491,506,489.5,542,524,630,506,507,510,499,546.5,538,588,505.5,530,524,556.5,567,479,499.5
2021-05-06,506.5,544,508,542,496,494.5,515.5,500,552,523.5,633,506,512.5,517,516.5,546,538.5,588,513.5,530,523.5,556.5,555.5,478.5,502.5
2021-05-05,516,548.5,504.5,537,501,495.5,516.5,499,547,521.5,618.5,517,516.5,522.5,510,545,537,589,513.5,530,521.5,559,559.5,483,507
2021-05-04,510,545,494.5,528,490,493.5,507,491,541.5,519.5,637,510,510,504.5,500,540,533.5,560,504.5,530,519.5,558,550.5,475,500
2021-05-03,498.5,525,497.5,529.5,483,478.5,509,489,532.5,516,598,499,502.5,504.5,500,529,515.5,532.5,499.5,530,516,558,561.5,462,489.5
2021-04-30,507,535,498.5,525,486,478.5,505.5,486,533.5,507,593,510,506,500.5,500,534.5,528,552.5,499.5,530,507,554.5,562,471,482.5
2021-04-29,503,531.5,495.5,527,491.5,490.5,509,483,538,515,645,504,506.5,499.5,490,533,522,552.5,496,530,515,552.5,556,474.5,495
2021-04-28,497.5,524.5,490,523,481,473.5,504.5,481,535,502.5,608,501,502.5,495.5,490,528,517,547.5,492.5,485,502.5,557.5,561,466.5,490
2021-04-27,498.5,523.5,491,516,479,479.5,504.5,480,521.5,499,645,500,499.5,497.5,490,529,511,547.5,487.5,485,499,559,551,462.5,484
2021-04-26,488.5,514,486.5,516,475.5,470.5,502,476,519,499.5,601,490,496,491.5,490,527,509,545.5,486,485,499.5,559,555.5,467.5,477.5
2021-04-23,496.5,512,487.5,529,475.5,471.5,502,473.5,518,497,591,495,501.5,493.5,490,523,503.5,544.5,483.5,,497,557.5,558.5,464,477
2021-04-22,496.5,507,487.5,515,475,469,504.5,483,518.5,504.5,625,488,500.5,496,500,523,506,544.5,483.5,,504.5,565,563.5,465,475
2021-04-21,500.5,505,497,520,478.5,477,503.5,486,519.5,504,583,497,505.5,499.5,500,524,502,530.5,489.5,485,504,552,567.5,463.5,477.5
2021-04-20,511,505.5,505.5,519,491,484,505.5,499,519,507,620,506,512,499.5,505,531.5,518.5,554.5,497,485,507,550,574,474.5,492.5
2021-04-19,508,505.5,500,521.5,491,487,507,494,520.5,510.5,581,507,511,499.5,505,530.5,516,529.5,491.5,485,510.5,550,571,473,489.5
2021-04-16,512.5,508,502,521.5,491.5,487,504.5,494,516,509.5,586,510,512,499.5,505,530.5,521.5,529.5,498.5,485,509.5,550,569,473,495
2021-04-15,504,514,500.5,523.5,488.5,483.5,504,493,513.5,508,615,504,509,503,488.5,520.5,518.5,529.5,490,485,508,545,563.5,462.5,489.5
2021-04-14,495,504,488.5,513.5,474.5,470,489.5,486,506.5,497,587,503,493.5,490,488.5,514,504,534.5,484,485,497,545,558.5,456,477
2021-04-13,487.5,502,483,506.5,465.5,465,483.5,479,497,493,610,486,485,492,483.5,509,494.5,514.5,475,485,493,541.5,553,447.5,476.5
2021-04-12,485.5,501,482.5,505,465.5,465,482.5,480,502,491,587,488.5,480.5,492,483.5,513,493.5,515.5,468,485,491,541.5,552.5,455,471.5
2021-04-09,480,499,477.5,502.5,458.5,456.5,482.5,482,496.5,486,584,479,474,492,473.5,507.5,491,511.5,470,485,486,544,560.5,449,464
2021-04-08,480.5,498,478.5,500,461,459.5,477.5,481,497.5,488,615,478,486.5,490.5,473.5,503,493.5,511.5,469,485,488,559,562.5,448,464
2021-04-07,480,502,478,509,459,455.5,481.5,471,503.5,487,589,474,492,497,473.5,505.5,491,512.5,468.5,,487,544,560.5,454,462.5
2021-04-06,485,507,487,511.5,461.5,457.5,480.5,477,502.5,490.5,630,478,494.5,497,488.5,498,497.5,516.5,473,,490.5,536.5,560,452,466.5
2021-04-05,486.5,505.5,487,512.5,465,470,480.5,479,504.5,489,595,479,493,490,488.5,501.5,496,523.5,476,,489,536.5,560,450.5,468.5
2021-04-02,487,502,490.5,527,468,474,489.5,478,507,492,600,470,496.5,504.5,488.5,511,497.5,515.5,477.5,,492,536.5,560,452,474.5
2021-04-01,482.5,502.5,489,508,464.5,471,491,481,506.5,489.5,600,470,492,490,489.5,509.5,495.5,515.5,473,,489.5,538.5,561.5,450.5,468.5
2021-03-31,485,504.5,490.5,522,466,470.5,489,475.5,507,490,600,482,502,502,485.5,514,500,521.5,475,,490,538.5,560.5,452,464.5
2021-03-30,488,513,490,531,467.5,463,498.5,477.5,511,496,645,485,508,507,481,513.5,501,527.5,483,,496,540,564,451.5,465.5
2021-03-29,488.5,509,489.5,524,467,470,498,478,510.5,484.5,613,483.5,505,502.5,481,511,502,529.5,481.5,,484.5,540,569,449.5,464.5
2021-03-26,480,507.5,484.5,506.5,462.5,471,492,470,505,484,612,480,495,500,476.5,504.5,503.5,522.5,480.5,,484,536.5,565.5,437.5,468
2021-03-25,483.5,510.5,489,528,454.5,453,490.5,475,507,481,655,478,502.5,493.5,476.5,502.5,500.5,522.5,475,,481,541,564,441.5,469.5
2021-03-24,476,511,481.5,525.5,460,462.5,500,483.5,509,488,600,476,507,497.5,476.5,515,499.5,528,474,,488,541,564,446,470
2021-03-23,486,519.5,492,525.5,463,454,495,483,516,491.5,640,475.5,513,509,489,524,505.5,533,477.5,,491.5,545,563.5,457.5,473.5
2021-03-22,495.5,519,489.5,530.5,473,473.5,501.5,489.5,517.5,494.5,605,490,535,510,489,521,513.5,535.5,490.5,525,494.5,551,567.5,463,480
2021-03-19,494,516.5,493.5,528,472.5,466,495,491.5,518,504,606,482,527.5,507.5,487.5,518.5,508,545.5,488.5,525,504,549.5,572.5,467,480
2021-03-18,512,530,514,541,488.5,484.5,511.5,505.5,531.5,511.5,611,497.5,553,519.5,511,538,528.5,545.5,502.5,525,511.5,561,575,479,493
2021-03-17,516,535.5,519,545.5,491.5,487.5,522,517,546,519,611,515,560.5,527.5,511,538,535,563.5,509.5,525,519,562,580,489,497.5
2021-03-16,517,535,522.5,546.5,495.5,490,524,521.5,546.5,526,645,515,553.5,530.5,508,535.5,534.5,563.5,514.5,525,526,561.5,580,489,499
2021-03-15,532.5,539,526.5,549,503,502.5,527.5,514.5,549.5,527.5,609,528,544.5,540.5,528,539.5,543.5,559.5,519.5,525,527.5,560.5,574,496.5,512.5
2021-03-12,530.5,539,525,547.5,504,502,527,524,543.5,531,624,527,536.5,540,528,539.5,540.5,557.5,523.5,525,531,560.5,574,493.5,510
2021-03-11,525,537,520,544,499.5,498,529.5,520.5,543,535,645,521,534,538.5,520,535,536,557.5,513,525,535,558.5,568,480.5,505
2021-03-10,511,534,512.5,540.5,492.5,491.5,530,512,544.5,532.5,607,510,522,535.5,518,537,533.5,558,516.5,525,532.5,560.5,564,488,505.5
2021-03-09,525,537.5,525,549,502.5,499,531,512.5,544,535.5,645,518,525,545.5,525,540,538.5,563,519.5,525,535.5,545,566.5,487,506.5
2021-03-08,535,546.5,526.5,554,505.5,501.5,535,515.5,549,539,602,533,532.5,551,528,537.5,543.5,569.5,523.5,525,539,549,571,490,515
2021-03-05,522,536.5,515.5,542.5,502,504,536,511.5,544.5,525.5,599.5,522,522,540.5,515,532.5,535,557.5,515,544.5,525.5,546.5,565,477,513
2021-03-04,507.5,524,507,537,479,482,516.5,496.5,527.5,520,587.5,509,507,520.5,499.5,521,518,560.5,498,544.5,520,536,563,466.5,486.5
2021-03-03,501,524.5,504,529.5,474.5,479.5,508.5,485.5,524,510,587.5,496,502.5,518.5,492.5,522.5,515.5,551.5,494,544.5,510,527.5,569,469.5,487.5
2021-03-02,501.5,524,503,526,471,475,510,489,527.5,512.5,620.5,490,505,514,484.5,525,514,549.5,492,544.5,512.5,533.5,556,469.5,487
2021-03-01,514,536,511.5,538.5,483.5,489,510.5,490,529.5,519,582,511,520,528,502.5,531.5,529,545.5,508,544.5,519,535.5,556,477.5,493.5
2021-02-26,519,541,516,543.5,493,491,514,497,533.5,525,576,516,524.5,526.5,497,532.5,532,555.5,507,544.5,525,539,556,480,495
2021-02-25,528.5,544.5,520.5,541.5,498.5,496.5,509.5,499,527,518.5,610.5,528,527.5,531,497.5,537.5,537,555.5,516,544.5,518.5,536,558.5,474,506
2021-02-24,518,535,508.5,541.5,490.5,493.5,506.5,490.5,523,517,574.5,513,519,520.5,497.5,529,528.5,539,502,544.5,517,536,559.5,474,493.5
2021-02-23,521.5,535,507,536,486,485.5,498,485,516.5,511.5,605.5,519,518.5,525.5,491.5,527.5,529,538,500.5,544.5,511.5,533.5,560,452,494.5
2021-02-22,502.5,520.5,498.5,524,477.5,481.5,496.5,485.5,512,512.5,545.5,504,505.5,513.5,486.5,517,516.5,530.5,490,544.5,512.5,532.5,553.5,466.5,486.5
2021-02-19,503,515,501.5,520.5,478,480.5,489.5,483,506.5,506.5,559.5,495,506.5,517,489,516.5,521,533.5,491,544.5,506.5,531,555.5,465,485
2021-02-18,515.5,522,510,523,486,489.5,495,480.5,517.5,504,617.5,510,513,518.5,493,515,525,533.5,500,547.5,504,534,548.5,470,491.5
2021-02-17,513.5,515.5,503.5,519,479.5,483.5,490.5,474.5,519,497,522.5,499,508.5,516,493,508.5,522,531.5,494.5,488.5,497,532.5,537.5,466,488
2021-02-16,512.5,524,497.5,522.5,478.5,479,486.5,463,511,492,522.5,499,506,523.5,481.5,505,514.5,528.5,488,519.5,492,528.5,542.5,461,478.5
2021-02-15,510,520.5,493,517.5,468.5,470,485,458.5,510.5,487.5,567,499,505.5,515.5,481.5,501,507,523.5,484.5,504.5,487.5,528.5,534.5,458.5,479.5
2021-02-12,506,521,486.5,510.5,459,459,477.5,453,507,480.5,562,490,496,509,471.5,493.5,496,517.5,471.5,537.5,480.5,524,525.5,456,465.5
2021-02-11,501,517,484.5,509.5,461.5,467,476.5,450,509.5,480,564,492,494,507.5,482,493,497,518.5,476,529.5,480,528,525,455.5,471.5
2021-02-10,502,516.5,480.5,510,460.5,461,476,447,506,476,561.5,495,498,508,475,490.5,496,512,474,529.5,476,519.5,520,453,471.5
2021-02-09,501,520,480,508,459,457,470,442,495.5,468.5,554,499,497.5,509,475.5,484,493,493.5,472,521.5,468.5,504.5,514.5,454,468
2021-02-08,494.5,516.5,474.5,499.5,453,459.5,468.5,437,489,459,557,490,486,498.5,469.5,481.5,487.5,491.5,467,506.5,459,500,508.5,442,464
2021-02-05,486,517,469.5,492,446.5,451,462.5,432,484.5,459.5,555,483,478.5,488.5,458.5,469,479,487,461.5,499,459.5,499,513.5,436,453
2021-02-04,477.5,513,466,488,439.5,438,459,429,480,456,554,474,472.5,485.5,454,464.5,476.5,486,453.5,495.5,456,499.5,515,433,444.5
2021-02-03,473.5,512,459,481.5,432,432.5,455.5,422,472.5,450,551,466,469.5,478,448,460.5,469,477,453.5,493.5,450,493.5,515,420,443.5
2021-02-02,469.5,509,449.5,476,428,429.5,450.5,417,466.5,437.5,549,464,465.5,473,445,457.5,464,463,446.5,483.5,437.5,492,506,413.5,439
2021-02-01,454,505,443,474.5,414.5,417,449.5,414,465,436.5,542,453.5,453.5,460.5,432.5,451.5,453,461.5,429,483.5,436.5,486,508,413,423.5
2021-01-29,451,503,439.5,472.5,415,416.5,449,411,463,436.5,537,446,452,458.5,431.5,450.5,452.5,447,430.5,475.5,436.5,492.5,505,414,426
2021-01-28,452.5,511.5,441,475.5,416,418.5,445.5,415,463.5,437.5,544,445,452.5,459,434,449.5,453,449,430.5,460.5,437.5,494,503.5,412,426.5
2021-01-27,454.5,512.5,439,478.5,421.5,421.5,444,415.5,464,438,547,450,453.5,460,431,450,455.5,451,430.5,465.5,438,494,510.5,413,426
2021-01-26,451.5,511.5,435.5,475,419,417.5,444.5,416,462,432.5,544,444,452,459,430.5,451,457,450.5,429,457,432.5,490.5,514,412.5,424
2021-01-25,449.5,508,435,473.5,411.5,415,443,417.5,462,436.5,544.5,443,449.5,458.5,427.5,452,455.5,450,425.5,468,436.5,488.5,514,412.5,423
2021-01-22,450.5,511,435,475,414,413,444.5,420,462,435,544,442,449.5,457,423,454.5,455.5,456,426.5,472.5,435,489.5,511.5,417,424
2021-01-21,455.5,505.5,439,474,420,423.5,443,419.5,460.5,438.5,544.5,448,453,463,436,458.5,462,457,434,472.5,438.5,490.5,501,417.5,429
2021-01-20,457.5,505.5,439.5,476,420.5,419,441.5,417.5,459,437,544.5,454,457,464,436.5,459.5,463.5,455.5,435.5,462,437,490,507,415,428.5
2021-01-19,452,500.5,439.5,470,416,417,439,416,455.5,433.5,541.5,445,452.5,468,433,459,460,451,433.5,459.5,433.5,494.5,503,408.5,426
2021-01-18,449,496,436,469.5,410.5,415,439,417,454.5,433.5,541.5,441,451,450,433,457,460,442,433.5,470.5,433.5,498,494.5,408.5,422
2021-01-15,452,498.5,440,471,415,417,440.5,421,456,439.5,540,446,453.5,465,432,460,464.5,448,436.5,473.5,439.5,498.5,496.5,411.5,434
2021-01-14,452.5,496.5,440.5,471.5,417.5,419,439,420.5,456.5,439,541.5,447,452,466.5,434.5,458,464,451,434.5,478.5,439,497,497.5,412,431
2021-01-13,453,492,438.5,470.5,425.5,421,435.5,421.5,454.5,433,535,449,454.5,467.5,435.5,457,462,448.5,431,468.5,433,498,479,411.5,431.5
2021-01-12,451,483,432.5,466.5,421,420.5,433.5,418,452,428,541.5,445,452,462,428,452,460.5,447.5,427.5,453.5,428,492,469,405,428.5
2021-01-11,443.5,467,427.5,461,408,407,430.5,413,450,424.5,535,438,445.5,460,425,445,449,445,421,455.5,424.5,493,467,401.5,415
2021-01-08,435,464.5,421,457.5,403,408,426.5,405.5,447,418,510,431,439,454.5,416,438,445,435.5,414,436.5,418,473,454,394,412
2021-01-07,433,461.5,419.5,452,402,407.5,425,404,445.5,417,526.5,429,433,457.5,416.5,438,443,436.5,413,436.5,417,469.5,457.5,391.5,410
2021-01-06,430,465,412,449,395,397,419.5,398.5,440.5,414.5,505,425,432.5,449,412.5,431.5,443,430.5,418,430.5,414.5,470,449.5,387,401
2021-01-05,415,452.5,404.5,432.5,390,391,418.5,391.5,439.5,414.5,511.5,416,420.5,447,405.5,429.5,437,430.5,402.5,430.5,414.5,484.5,439.5,376.5,395.5
2021-01-04,424,459,413,430,391,391.5,418,391,438,414.5,505,422,424.5,448,404.5,432.5,441,430,413.5,427,414.5,479,439.5,377.5,398
2021-01-01,414,445.5,402,426.5,390.5,390.5,419,395,438,423.5,505,407,417,437,414,428.5,433.5,432.5,403,425,423.5,492.5,399.5,379.5,403.5
2020-12-31,414,445.5,402,426.5,390.5,390.5,419,395,438,423.5,505,407,417,437,414,428.5,433.5,432.5,403,425,423.5,492.5,399.5,379.5,403.5
2020-12-30,411,448.5,399,426.5,388,384.5,416,392.5,436.5,415.5,490,407,414.5,438.5,403,434,435,434.5,409,419,415.5,488,442.5,376.5,396.5
2020-12-29,412.5,448.5,400,425,389,390.5,417.5,394.5,437,411,491.5,403,416.5,435,402.5,433,433.5,433.5,407,417,411,486.5,436.5,378.5,400.5
2020-12-28,409.5,436.5,407.5,419,392,394.5,415,394.5,436,412,490,404,414.5,433,402.5,433,433,437,406,417,412,486,434.5,379,395.5
2020-12-25,404,424,401.5,433,383,386,409.5,390,431.5,405,475,385,410.5,429,399.5,432.5,428,434,404.5,417,405,483.5,434.5,375.5,391
2020-12-24,404,424,401.5,433,383,386,409.5,390,431.5,405,475,385,410.5,429,399.5,432.5,428,434,404.5,417,405,483.5,434.5,375.5,391
2020-12-23,397,420,396.5,413,376.5,381,405,390,432,402,475,385,400,420.5,398,424.5,421.5,431,398.5,413,402,480,434.5,376.5,387
2020-12-22,395.5,412.5,400.5,412,378,375.5,403.5,389,432,401,476.5,391,400,419.5,392,421.5,423,431.5,394.5,431,401,479.5,441,377,391
2020-12-21,395,413.5,401,412,382,384.5,408,389.5,432.5,403.5,471.5,393,401,422,398.5,426.5,427,436,401,424,403.5,481.5,438,382.5,394
2020-12-18,403.5,414.5,400,415,388,388.5,406,386,433,408.5,476.5,399,408,425,401,431.5,432.5,443,406.5,436,408.5,478,438,377.5,394.5
2020-12-17,403,415.5,400.5,414.5,387.5,386,397.5,386.5,431.5,402.5,471.5,400,408,424.5,401.5,428.5,434,440,405.5,432,402.5,480,445,376,392.5
2020-12-16,396,410,399,411.5,381,376.5,396.5,382.5,418.5,400,476.5,394,400.5,420.5,396.5,426,424.5,436.5,403,427,400,472,429,371,388
2020-12-15,394.5,414,395.5,408.5,377,375.5,395.5,391.5,418.5,397.5,472.5,394,396,420,396.5,419,422.5,436.5,398.5,427,397.5,471.5,419.5,367.5,387.5
2020-12-14,397,412,393.5,408,374,373,392.5,380,411,399.5,482.5,393,398.5,418.5,392,417,421,434.5,397,421,399.5,470,437.5,368.5,386.5
2020-12-11,393,411.5,388,401.5,371.5,369.5,388.5,399,406.5,397.5,467.5,390,395.5,417,388.5,415,413.5,434,392,419,397.5,462,437.5,362,385.5
2020-12-10,388,407,386,397.5,368.5,370.5,390.5,380.5,402,394.5,460,390,391,412,385,407,409.5,431.5,387.5,413,394.5,462,440.5,358.5,382
2020-12-09,388.5,409,387,393,367.5,370,386,369.5,398,390,460,381.5,390,412,386,407.5,410,428,387.5,410,390,462,433,360.5,380
2020-12-08,384.5,406.5,384.5,394,368,366,385.5,368.5,397,387.5,460,379.5,389,405,385.5,408,407.5,427,383.5,410,387.5,452,426,361.5,377.5
2020-12-07,384.5,404,385,395.5,366,367.5,384,363.5,397.5,390.5,451.5,380,388.5,405.5,380,405.5,404,424,383.5,398,390.5,452.5,429,363,377.5
2020-12-04,395,408,386,396,368,366,381,361,398,388,446.5,390,389.5,406.5,375.5,404.5,405.5,424,386,406,388,450,425,356,380
2020-12-03,383.5,398,382.5,400,357.5,359,381,360.5,390,385.5,445,379,383.5,404,377,398,399,420,377.5,393,385.5,446,416.5,348,373
2020-12-02,376.5,398,379.5,395,357.5,353.5,372.5,357,382.5,382.5,441,369,380.5,400,369.5,394,395,415,374,388,382.5,447,411.5,344.5,364.5
2020-12-01,383,404,380,412,358.5,357.5,373,358,381.5,383.5,438,378,384,394.5,369,393,396.5,415,382,392,383.5,447.5,405,346,371
2020-11-30,379.5,400.5,377,411,357,356,373.5,354.5,380.5,378,436,376,385.5,397.5,366.5,396,398.5,421.5,376.5,383,378,446,405,350.5,367
2020-11-27,381.5,402,381.5,409,356.5,356,372.5,354,385.5,378.5,433,376,385,388,371,394.5,400.5,430,379.5,382,378.5,442.5,384,347.5,369.5
2020-11-26,383,399.5,383.5,409.5,356,356.5,374,353,382.5,373.5,439,379,387,387.5,372,391.5,401,430,382.5,382,373.5,451,384,350,367
2020-11-25,386.5,398.5,379,410.5,358,356,373,351.5,374,370.5,421,380,386.5,383.5,372.5,391,396,424,377.5,382,370.5,435,384,342,366.5
2020-11-24,377,389.5,369,402,346,348.5,366.5,344,372,367,422,373,378.5,374,365.5,380,385.5,421.5,368.5,401,367,423,379.5,329,360.5
2020-11-23,374.5,383.5,363.5,401.5,339.5,341,362.5,327,362.5,353.5,411.5,368,376.5,370,350.5,372,378,420,355.5,378,353.5,421,379.5,326,349.5
2020-11-20,366,373.5,358,395.5,334,335.5,359,315,357,348.5,408.5,361,368,362.5,341.5,369.5,370,374.5,350,377,348.5,411.5,379.5,323.5,344.5
2020-11-19,363.5,369,356.5,384.5,333.5,337,358.5,328,357.5,350.5,404,359,366,362.5,338,363.5,368,404.5,348,378,350.5,407,379.5,320.5,343
2020-11-18,365,366.5,355,385.5,338,335.5,356,335.5,356.5,355,402,361,367,364,339.5,362.5,369,415,344.5,373,355,401,379.5,318.5,348
2020-11-17,361,366,353.5,389,331.5,333.5,356.5,334,356,348.5,399,356,368.5,366,337,363.5,364,412,347,373,348.5,404,385,321,343
2020-11-16,359,361,350,369.5,335.5,333.5,353.5,336,356.5,353,392,354,367,366,341,359.5,364.5,403,342.5,370,353,396,385,320.5,344.5
2020-11-13,353,366,350,370,328,331,352,330,359,354,387,348,365,366,342.5,361,364.5,402,343.5,377,354,393.5,385,326.5,339.5
2020-11-12,363,366,352.5,367,338,337,352,333,362.5,352,399,356,370,369,354,365.5,371,400,348.5,383,352,398.5,379.5,329,347
2020-11-11,368.5,364,351,384.5,343,343,348,337,358,348,389.5,363,372.5,372.5,348.5,359,374.5,396,351.5,379,348,394.5,382.5,322,349
2020-11-10,356,350,340,377,331.5,328.5,341,325.5,352.5,335.5,399,351,363,357,334.5,346,354,381,339.5,376,335.5,376,363,315.5,338
2020-11-09,340,341,329.5,350.5,317.5,319.5,331.5,310,345.5,328.5,389.5,345,347,348,316.5,330.5,347.5,369,322,350,328.5,371.5,363,302,320
2020-11-06,339,337.5,328.5,346.5,309,308.5,328,302,343.5,325.5,390.5,331,342,351,314.5,326,336.5,368.5,320,354,325.5,358,361,304,316
2020-11-05,339,337.5,329,341,311.5,311,330,303,341.5,326,394,334,341.5,352.5,314,321.5,337,370.5,323,346,326,357,362,303.5,319
2020-11-04,334,335,319,354,310.5,308.5,327,298.5,339.5,321.5,394.5,325,339.5,344,308.5,313,331,371,318,341,321.5,358,360,297.5,318
2020-11-03,334.5,337.5,318,345,304,302.5,317,291.5,333.5,311.5,404,325,335,340,302.5,312,327,349,312.5,333,311.5,367.5,353.5,290,313.5
2020-11-02,311,317,303,325.5,287,289,317.5,287,333.5,310,393.5,299,323.5,325.5,294.5,308.5,315.5,344,295.5,320,310,366.5,358.5,289,300.5
2020-10-30,318,326.5,309,338,294,296.5,318.5,287.5,336,317.5,394.5,311,328.5,336.5,299.5,314.5,323,355,301.5,320,317.5,364.5,363,291,302
2020-10-29,320,328.5,309.5,340.5,296,295.5,326.5,297.5,343,320.5,404,309,332,340,296.5,320.5,327,357,306.5,327,320.5,371.5,362,297,297.5
2020-10-28,322.5,335,313,342,304,303.5,333,302,345.5,326.5,406,319,335,344.5,316,327,337.5,357,316.5,333,326.5,372.5,363.5,296.5,315
2020-10-27,325.5,337.5,313,345.5,308.5,308.5,332.5,304.5,345,324.5,407,324,340.5,347.5,306.5,327,334,357,317,333,324.5,372.5,362,297,317.5
2020-10-26,330.5,340.5,314.5,342.5,305.5,309.5,334.5,303.5,349.5,331,396,320,338,350,319,335,339.5,370,323.5,352,331,378.5,362,307,318.5
2020-10-23,340.5,346.5,318,347,316,315,336.5,305.5,350.5,331.5,394.5,335,342.5,354,322.5,339.5,346.5,358,321,353,331.5,379,359,306,323.5
2020-10-22,338.5,348,316,339,313,310,337.5,311.5,348,332.5,394,330,342.5,352,319,339,343,345,323,349,332.5,378,361.5,300,322
2020-10-21,340,350.5,319.5,337.5,311.5,313.5,338.5,311,348.5,332,392,330,341.5,354,316.5,343,346.5,344.5,329.5,353,332,375,359.5,302,322.5
2020-10-20,340,348.5,320.5,334.5,314,310.5,340.5,307,348.5,331.5,394,334,342,353.5,327.5,346,349,345.5,325,353,331.5,380.5,357.5,306.5,325.5
2020-10-19,343.5,354.5,323.5,336,316,317,340,303.5,352.5,331,381,338,341.5,356,332.5,345,351,345,332,359,331,378.5,357.5,306,330
2020-10-16,344.5,354,326,340,315.5,315.5,340,309.5,353,335.5,377,342,342,358,325.5,348.5,349.5,346.5,328.5,360,335.5,381,357.5,302,326.5
2020-10-15,349,354.5,326,341,315.5,317,339,317.5,353.5,335,379,335.5,344,360,323,345.5,351.5,344.5,329.5,349,335,381.5,356,304,325.5
2020-10-14,342.5,351.5,321,340,310,316.5,335,319,351,336.5,378,337,341,355,328,344,347,339,328,348,336.5,380.5,356,300.5,323.5
2020-10-13,344,352.5,322,344.5,315.5,312.5,335,311.5,351,336,375.5,337,343.5,354.5,338,344.5,350,340,329,361,336,380,350.5,305.5,326.5
2020-10-12,343,353,323,346,317.5,319.5,337,313,353.5,339.5,377.5,336,343,353,328,342,353,338,331,358,339.5,376.5,350.5,307,327.5
2020-10-09,344.5,354,326,352,317.5,315.5,334,307.5,353,338,377.5,341,346,354.5,331,345,350.5,338,333.5,354,338,375.5,357.5,299,329
2020-10-08,343.5,351.5,320.5,347.5,316,314.5,332.5,305,359.5,334,374.5,340,343.5,352.5,327,342,347.5,326,331,349,334,371,356,291,328.5
2020-10-07,342.5,350.5,318,351.5,311,312.5,333.5,311.5,358,337.5,388.5,334,343,350.5,323.5,335,342,321.5,330.5,354,337.5,366,366,293.5,319
2020-10-06,338.5,349.5,313,351.5,311.5,311.5,329.5,297,356.5,328,374.5,331,340,349.5,321,331,334.5,316.5,318.5,350,328,364.5,354.5,291,316.5
2020-10-05,330,345,306,349.5,302.5,306,329,301.5,357,325,388.5,323,334,345.5,318,328,328.5,315.5,314.5,343,325,361.5,354.5,289,310
2020-10-02,330,347.5,308.5,349.5,296.5,300.5,331,307,357.5,323.5,374.5,318,331,350,312.5,329.5,325,321,312.5,344,323.5,361,351,293,308
2020-10-01,339,351.5,314,354.5,305,306.5,329.5,307,357,323,374.5,332,339,354.5,314,332,330.5,325,320.5,349,323,363.5,351,296.5,317
2020-09-30,333.5,348.5,306,351,303.5,308,329,311.5,360,324.5,389.5,325,339,350.5,310.5,328.5,326.5,338,314.5,345,324.5,361,359.5,299,309.5
2020-09-29,336,349,306,351,305,308,328,314,358.5,324,388.5,328,343,346.5,311,328.5,326.5,340,315,340,324,361,364,300,316
2020-09-28,333.5,347.5,305,350.5,301.5,303.5,325,309.5,357.5,321,401,326,340.5,338.5,307.5,326,320.5,349.5,312.5,338,321,362,359,291.5,312.5
2020-09-25,335.5,346.5,306,350,301.5,299,325.5,310.5,357.5,322,404,328,342,335,304,329,318,345,310.5,333,322,364,359,297,309.5
2020-09-24,327,346.5,305.5,353,300.5,299,325.5,314.5,354.5,320.5,399.5,316,338,331.5,304,326,313,352.5,306.5,336,320.5,364.5,358.5,304,306
2020-09-23,327.5,345.5,308,357,296,296,324,316.5,356.5,320,407.5,320,337,331.5,297.5,328.5,314,302.5,304,324,320,366.5,360,303,304
2020-09-22,329.5,338,309.5,353,296.5,294.5,332,320,359,326,407.5,319,335,333,298,327.5,314.5,302.5,306.5,324,326,366.5,354,304.5,303
2020-09-21,335,339.5,314,368.5,302.5,302.5,331.5,321,358,327,412,322,339,335.5,310,331.5,325.5,307.5,311,333,327,366.5,369,309,315.5
2020-09-18,343,344,317.5,373.5,308,305.5,332.5,321.5,357,326.5,408,330,338.5,338,313,327.5,328.5,307.5,318,353,326.5,381.5,363.5,304.5,312.5
2020-09-17,334,335,312,359,298.5,299.5,326.5,313.5,355,325,419.5,322,328,335.5,307,324.5,312,307.5,306,337,325,382.5,363.5,300,301.5
2020-09-16,330,329.5,310.5,358,292.5,290.5,327.5,315.5,352.5,322,421,325,322,331,297,321,311,287.5,300.5,315,322,385,368.5,295.5,301
2020-09-15,315.5,326,306,352,288.5,285.5,321.5,306.5,350,315,421,306,312,324,292,320.5,309,287.5,295.5,313,315,376,361,296.5,295
2020-09-14,313.5,325.5,307,339.5,285.5,286.5,339.5,319.5,354.5,323,424,306,308,324.5,295.5,320.5,311,320,298.5,333,323,381.5,361,295,294.5
2020-09-11,311,325.5,308,340,285,282.5,335.5,301.5,352,322.5,424,302,305,325.5,290,319.5,308,320,296.5,313,322.5,379,373.5,295,292.5
2020-09-10,314,332,313,339.5,286.5,282.5,335.5,306,355.5,315.5,421,306,306.5,330,287.5,327.5,306,320,297,305,315.5,385,373.5,294,298.5
2020-09-09,313,334.5,313,337.5,281,281,340,314,356,322.5,424,300,302,329,294.5,335,306.5,320,297,306,322.5,383,373.5,295,296.5
2020-09-08,320,345.5,321.5,349,289,293,344,315.5,363,329.5,424,305,309.5,337.5,311,344.5,315,320,309,328,329.5,401.5,384,302,305.5
2020-09-07,323.5,345.5,327.5,353.5,312.5,291,348,325.5,369.5,334,424,312,316.5,342.5,315,348,321,332.5,312,323,334,406,374,304.5,306.5
2020-09-04,337,350,331,356,317.5,314,356,325,372,342,425,325,327,349,311.5,350,326.5,332.5,314.5,338,342,413.5,371.5,311,310
2020-09-03,334,357.5,330,356,322.5,337,359,333,376.5,341,421,325,332,349,323,351.5,334.5,332.5,320,348,341,412.5,380,320,310
2020-09-02,350.5,369,341.5,363.5,322,320.5,362.5,340,387,350,423,342,340,356.5,328,362,345,340,332.5,353,350,414.5,380,323.5,332.5
2020-09-01,349.5,369.5,341,362,322,320,360,333,386,337,420,339,340.5,356.5,328.5,365.5,343,340,331,352,337,422,382,322,332
2020-08-31,353,375,340.5,365,322,320,355,331,384.5,335,422.5,346,342.5,353,328.5,365,348,336,332,352,335,410.5,382,321,328
2020-08-28,345,371,339,361,318.5,315.5,357.5,321,384.5,335,422.5,335,335.5,353.5,332.5,366,345,336,328,365,335,404.5,386.5,317.5,327
2020-08-27,351.5,382,341,365,321.5,317,355.5,326,386,337,420,343,339.5,354.5,321,366,351.5,336,335,368,337,418.5,386.5,321.5,334
2020-08-26,353,384,342.5,365,327.5,325.5,353.5,319,384.5,338,420,346,344,355,330,368.5,352.5,330,335.5,363,338,418.5,386.5,321.5,339.5
2020-08-25,350.5,383,341.5,365,320,319.5,359.5,317,384.5,336.5,419,344,343.5,353.5,343,363,352.5,330,336.5,366,336.5,395,379,318,329.5
2020-08-24,346.5,378,337,361.5,316,314.5,356,317,382,333,419,338,337,350.5,324,358,348,330,331.5,362,333,381,381,319,325
2020-08-21,347,379.5,338,372,318.5,319,353,316.5,381.5,334,412,336,340,353.5,322,362,347.5,330,332,367,334,382.5,381,320.5,328.5
2020-08-20,349,380,336.5,361,318.5,318.5,356,322.5,382.5,338,412,340,341.5,356,330,362,351.5,330,335,369,338,388,381,323.5,328
2020-08-19,350,377.5,338.5,362.5,321,322,353,322.5,382.5,336.5,412,343,343,357.5,340.5,364.5,355,330,334,364,336.5,387,381,321.5,331
2020-08-18,353,380,340,364.5,322.5,320,354,328.5,381,337.5,419.5,348,343.5,356,338,366.5,353.5,330,338,362,337.5,384,377,319,329
2020-08-17,351,380,339.5,363,315.5,315,351,317.5,381,333,410.5,342,343,355.5,341,366,354.5,335,334.5,362,333,384,377,319,328.5
2020-08-14,351.5,379,341,364,317,314.5,350,315,382,334,414,340,342,355.5,344.5,365.5,358.5,335,337.5,363,334,357.5,374,317,330.5
2020-08-13,356,375,346,363,317.5,309.5,349,315.5,379,332.5,420.5,343,343.5,358.5,347,366.5,358,335,340.5,363,332.5,355,376.5,319,330
2020-08-12,353,374,345.5,371.5,316,325,346.5,316.5,383.5,331,409,341,345.5,357,339,366,356,330,341.5,363,331,355,375.5,317.5,328
2020-08-11,353,374,345.5,369.5,314.5,292,347.5,308,361.5,326.5,411.5,337,347,358,334,365,353.5,330,336,352,326.5,353,375.5,316.5,331
2020-08-10,347.5,373.5,343.5,366.5,314,346,331.5,311,374,327,413,333,344,353,334,367,351.5,335,337,348,327,348.5,380.5,320.5,325.5
2020-08-07,349,371,346.5,369.5,314,315,344,309.5,374,331.5,413,334.5,345,352,331.5,365.5,353,335,330.5,350,331.5,372,377.5,325.5,330
2020-08-06,350,366,349.5,382,323,325,343,307,370.5,327,408,337.5,349,353,338.5,368.5,355.5,335,337,353,327,372.5,377.5,321,338
2020-08-05,353,366.5,350.5,382,322.5,319,341.5,305,366,330.5,404.5,346.5,349,354,335,367.5,353.5,335,338,351,330.5,368.5,377.5,314,327.5
2020-08-04,333,358,345.5,388.5,312.5,312.5,337,301,362.5,324,398,322.5,343,356,328.5,362.5,346,335,328.5,346,324,364.5,376.5,316,323
2020-08-03,335.5,359,346,386,310,311.5,336,297,363,326.5,409.5,327,348.5,354.5,329,357.5,346.5,353,334,345,326.5,361,376.5,314,324.5
2020-07-31,342.5,361,344.5,377,313,318.5,331.5,290.5,361.5,325,411.5,331,347.5,352,334.5,359.5,350.5,340,333,351,325,360.5,376.5,316,319
2020-07-30,338.5,365.5,348.5,382,316.5,320,337.5,295.5,368,329,410.5,331,346.5,352.5,335.5,364.5,353,339,336,359,329,363.5,375,319.5,328.5
2020-07-29,349.5,366,351,379.5,318.5,316,339,298,367.5,339,417,334,347.5,352.5,330.5,365,353,340,338,356,339,359,375,319,324.5
2020-07-28,349,366.5,352.5,369.5,317,319,338.5,296.5,367.5,340,413.5,327,345.5,352,332.5,363,354.5,340,333,356,340,359.5,370.5,317.5,325
2020-07-27,348,364.5,354,367,314.5,316,339.5,306.5,365,340.5,417,325,345.5,352,331.5,364,354,340,339.5,358,340.5,360.5,370.5,323.5,327.5
2020-07-24,350.5,370.5,352.5,370.5,316,318.5,344.5,308,365.5,339,417,325,348,359,333.5,365,355.5,340,336.5,362,339,359.5,364.5,323,329.5
2020-07-23,361,372.5,360.5,369.5,324,325.5,342.5,308,369,339.5,419,340,351.5,361,342.5,367.5,361,340,343,367,339.5,359,369,318,333
2020-07-22,353,369,354.5,376.5,318.5,323,343.5,309,362.5,342,418.5,335,346.5,355.5,331.5,365,356.5,325,340,363,342,359,359,308,328
2020-07-21,347,367,348.5,371.5,318,319.5,339.5,304.5,358.5,328,419,328,342,350.5,326,368,354.5,325,333,349,328,355,349.5,308,328.5
2020-07-20,335,364.5,345,349.5,302.5,306,335,302.5,355,330.5,419,315,336,347,324.5,365,347.5,325,327,353,330.5,356.5,349.5,308,316.5
2020-07-17,335.5,364,349,348.5,308,311.5,339,306.5,356.5,334,427.5,318,333.5,347,323.5,366,347.5,335,334.5,350,334,356.5,367,311,324
2020-07-16,336,362.5,350,343.5,308.5,310,340.5,307.5,355,335.5,427.5,317,334,348,323,367.5,348.5,335,335.5,351,335.5,355,361.5,309.5,323.5
2020-07-15,337,362.5,348.5,351.5,304.5,306,339,302,352.5,335,427.5,315,333,343.5,323.5,362.5,347.5,335,331,348,335,354.5,361.5,306,320.5
2020-07-14,334,360,347.5,353,301.5,306,336.5,300.5,354,335,416.5,311,329,346,322.5,366.5,351.5,335,326.5,360,335,357,373,300.5,319
2020-07-13,337,362,349,349,306,309,337,304.5,354.5,339,427.5,315,333.5,347,324,368.5,354.5,350,335.5,348,339,358,373,302,323
2020-07-10,330.5,363,349.5,347,300,305,331,298,353,335,417.5,313,332,347,323,364,351,350,331,351,335,358,371.5,307,318.5
2020-07-09,336.5,362.5,354,345.5,306.5,309,338,306.5,354,337,433.5,319,335,352.5,333.5,369,356.5,350,335.5,355,337,362,371.5,308,327.5
2020-07-08,332.5,361.5,356.5,353,306,310,334,307.5,348.5,335.5,433.5,317,333.5,349.5,332.5,366.5,354.5,350,335.5,357,335.5,353.5,371.5,308,327
2020-07-07,331,361.5,358,359.5,307,311,333.5,300.5,355.5,330,418.5,313,331.5,353.5,335,365.5,355,350,341,346,330,362,368,307,325.5
2020-07-06,339,365.5,355.5,359,310,310,327,297,347,326,418.5,322,335,349.5,336,365.5,358,325,334.5,353,326,361.5,363,306.5,329
2020-07-03,334.5,361,351.5,350.5,300.5,303,326,303.5,348.5,323.5,429.5,314,328,347,328,364,352.5,325,327,341,323.5,356.5,363,305.5,313.5
2020-07-02,333.5,360.5,348.5,341.5,300,302,316.5,293,344,320.5,397.5,314,328,350,325.5,350.5,347,310,327.5,338,320.5,354,359,301.5,309.5
2020-07-01,329,347.5,346,345.5,297.5,298.5,316.5,289,341,324,424.5,310,324.5,341.5,317.5,352,347,310,323,358,324,358,364,299,302.5
2020-06-30,321,343,338.5,332.5,290,293,320.5,293.5,342.5,319.5,394.5,293,319,333,311,345.5,335,310,313.5,349,319.5,359,366.5,298.5,303.5
2020-06-29,318.5,341,332.5,329.5,284.5,291.5,322,292,346.5,327,389.5,283,318,334.5,305.5,346.5,329,320,310,328,327,362,366.5,291.5,298
2020-06-26,324.5,343,334.5,332,284.5,281,322.5,289.5,341.5,329.5,389.5,294,322,342,307,351,332,320,314.5,330,329.5,365,366.5,296.5,301
2020-06-25,318.5,346,327.5,328,281.5,280.5,321,288,340.5,337.5,367,292,321,341.5,324,353,331.5,320,320.5,347,337.5,367.5,353.5,311,302.5
2020-06-24,330,347,339,330.5,298,303,327,289.5,339.5,344,367,302,330.5,348,335.5,362.5,345.5,335,334.5,368,344,375,353.5,322,319
2020-06-23,338.5,342,337,333,308,308.5,328,291,340,346.5,369,314,334,353.5,339,358.5,347.5,315,334.5,367,346.5,384,347,318,320
2020-06-22,334,337.5,336,330,304.5,308,321.5,290,333,341.5,369,308,333,354.5,321,348.5,346,315,330,359,341.5,383,342,310,320.5
2020-06-19,335,337,333.5,325,306.5,309,318.5,291,329,340.5,369,307,335.5,352.5,323,346,343.5,310,327,354,340.5,381,356.5,295.5,315.5
2020-06-18,329,333.5,324,319,294.5,298.5,315,283.5,325.5,327.5,369,301,327,350,317,337.5,331.5,310,316,348,327.5,381.5,356.5,284,305
2020-06-17,331.5,329,322,319,294.5,298,318.5,285,321.5,322.5,369,298,330.5,341.5,320.5,333,331.5,315,318.5,338,322.5,380,356.5,273,307
2020-06-16,323,326.5,320.5,310,290,297.5,306,282.5,316.5,316,363.5,295,321.5,324.5,304.5,328,321,305,311,331,316,371.5,351,274.5,307
2020-06-15,308.5,318,310.5,302.5,274.5,272,314,279.5,315.5,317.5,363.5,274,307.5,314.5,296.5,324,307,295,304,324,317.5,372.5,351,280,283.5
2020-06-12,306,325,310,320.5,270,276.5,312.5,283,322,311.5,356.5,286,307,323,295.5,328.5,306.5,305,300.5,343,311.5,378.5,351,282,287
2020-06-11,323,329,319,316.5,290,301,318.5,285,329,318.5,353,298,315,327.5,306.5,338.5,319,305,310.5,339,318.5,384.5,338,293,305
2020-06-10,323,328.5,318.5,336.5,289.5,293.5,314.5,291,324,318.5,353,298,317.5,325.5,302.5,333.5,314.5,305,304,331,318.5,387,368,286,297.5
2020-06-09,315.5,324.5,317,340.5,285.5,290.5,311.5,295,326,316.5,353,292,312,322.5,300.5,326.5,307,305,300,334,316.5,383.5,392,284.5,300
2020-06-08,327,333,325.5,340,296,302.5,317,315.5,322.5,317,353,307,322,323.5,304.5,312.5,307.5,295,302.5,283,317,389,352,272,303
2020-06-05,306.5,310,309.5,327,277,280,298.5,279,313,303.5,340.5,288,300.5,310.5,289.5,307.5,293,298,287.5,283,303.5,375.5,352,254.5,285.5
2020-06-04,300,312,304.5,318,270,277,299,279,309,300,341.5,276,294,310,289.5,310.5,285,295,274,276,300,377.5,343.5,257.5,277.5
2020-06-03,306,315.5,303,323,274.5,277.5,300,276,312,294,341.5,277,300.5,312.5,284,294.5,293,295,284.5,276,294,371,343.5,254.5,280.5
2020-06-02,300,315,299.5,309,265.5,265,294,269,306,284,336.5,265,298,302.5,273.5,292.5,287,275,278,284,284,369,329,239.5,276
2020-06-01,293,302.5,292,297.5,253,258,281,261.5,300,288.5,336.5,259,291,282.5,259.5,283.5,279.5,275,265,280,288.5,368,349,234,260
2020-05-29,264.5,287.5,278.5,288.5,234,240,286,256.5,299,276.5,341.5,239,275,276.5,266.5,270.5,268.5,275,257.5,275,276.5,364.5,349,237.5,244.5
2020-05-28,273,291.5,277,268.5,237.5,245.5,289,253,294,279.5,330.5,251,278,281,259,281.5,278,275,266,270,279.5,365,347,240,255.5
2020-05-27,287,307,286,289.5,254.5,261,292,253,299.5,281.5,296.5,270,289.5,287,286,288,282,275,273.5,281,281.5,365,347,238.5,268
2020-05-26,290,308,285.5,277.5,257.5,256.5,281,252.5,292,288,320.5,282,288.5,280,277,281,279.5,310,270.5,291,288,364.5,354,219,271
2020-05-22,274,302,273,269.5,240.5,245.5,277,249,293,293.5,296.5,261,277.5,281.5,267.5,282,278,310,271.5,298,293.5,363,329,204,260.5
2020-05-21,288.5,290.5,278,264,254.5,257.5,275.5,254,294,281.5,316,275,286.5,282.5,283,282,283.5,305,270,294,281.5,362.5,332,203,257.5
2020-05-20,279.5,279.5,273.5,286,244,248,268,257,290.5,282.5,316,276,274.5,275.5,264,278.5,277,300,259.5,299,282.5,360,332,202.5,256
2020-05-19,278,270.5,270.5,288,249,255.5,264,246.5,279.5,275.5,316,274,274.5,275,273,281,281.5,255,260.5,266,275.5,348,318,186.5,260
2020-05-18,272,270.5,262,276,234,233.5,258.5,238,273.5,265.5,316,269.5,261.5,267.5,251,259,266.5,250,242,248,265.5,331,318,181,244
2020-05-15,250,237.5,248.5,257.5,219,222,247,227,261.5,251,316,246,239.5,256.5,233.5,241,242,235,233,252,251,310.5,312.5,164,229
2020-05-14,242,229,243,245.5,198.5,203.5,238,222,263.5,246.5,316,233,231,245,224,231,234,230,218.5,247,246.5,303,321,163,210
2020-05-13,242.5,225.5,242,265.5,194,202.5,236,224.5,250,244,316,230,227.5,249,233.5,229,244,235,220,254,244,300.5,301,166,206.5
2020-05-12,250,227.5,247,271,206.5,212,234.5,228,255,240,333.5,243,235.5,254,237.5,230,250.5,240,237,249,240,303.5,320,165.5,213
2020-05-11,257,224,245.5,264,205,207.5,232,228,236.5,237.5,333.5,247,237.5,253.5,242,230,251.5,260,234.5,213,237.5,303.5,320,169,212
2020-05-08,250.5,233.5,244,255,195,202,228.5,226.5,243,233.5,348.5,237,238.5,258.5,239.5,226.5,253,235,228.5,213,233.5,303.5,320,169.5,211.5
2020-05-07,257,239.5,242.5,258,199,209.5,236,214.5,238.5,235,363.5,245,239,260,237.5,225,247,235,225,201,235,299.5,320,168,206
2020-05-06,260,243.5,246.5,273,206,212.5,224.5,207.5,234.5,230,363.5,239,241,256,228.5,231,246,245,226,193,230,294,320,169,219.5
2020-05-05,252,239,234.5,264.5,193.5,198,228.5,204.5,232,225.5,364.5,235.5,239,244,221,219,221.5,210,216,179,225.5,285.5,254,167,216
2020-05-04,238.5,226,224,258,180,180.5,216.5,185,224,209,364.5,218,223,238,203,216.5,212,255,208,183,209,284,254,155,194.5
2020-05-01,239,235,237.5,256.5,216,187.5,217,177,225.5,216.5,372.5,224.5,232.5,228,188,199,206,245,191.5,174,216.5,274,325.5,154.5,199
2020-04-30,239,224.5,219,250,189.5,203,214.5,177.5,228.5,201,362.5,224.5,218.5,222,214,211,208.5,200,196.5,174,201,277,310.5,155,209
2020-04-29,220,211,208.5,241,166,163.5,212,172,223.5,203,362.5,200,193.5,214,187.5,186.5,182.5,200,176.5,170,203,273.5,310.5,154,176
2020-04-28,209,202.5,201.5,243,149.5,151,219,176,244.5,212,363.5,187,185.5,211,197.5,184,181.5,205,172,200,212,270,285,153,169
2020-04-27,220,218,208.5,254.5,166,166.5,228,183,253,226,363.5,193,196.5,214.5,198.5,200.5,194.5,230,187,200,226,279,285,157,174
2020-04-24,225.5,231,220,254,179.5,176.5,227,174,251.5,228,359.5,198,203,219,208,207,210,210,195,198,228,279,274,152,194.5
2020-04-23,229,235,219,246.5,179,177.5,234.5,184.5,235.5,230,369.5,200,203,219,210,195.5,209.5,208,189,203,230,278.5,318,149,192
2020-04-22,206.5,227.5,207.5,235,166.5,175,232.5,179,265.5,227,369.5,195.5,178,217.5,211.5,199,217.5,280,197.5,233,227,273.5,318,155,194
2020-04-21,228.5,241.5,235.5,249,195.5,198,246.5,195,267,247.5,386,224,203,247.5,197.5,228,240,280,211,,247.5,291,351,154.5,201.5
2020-04-20,261.5,259.5,248.5,263,218,219,265.5,220,282,272.5,386,250,243.5,247,245,245,252.5,280,230,,272.5,308,386,156.5,204.5
2020-04-17,262,263,253.5,268,218.5,221,269.5,229,279.5,272,391,253,246,251.5,248,252,255,270,234.5,,272,304,376,155.5,230
2020-04-16,257,269.5,249,256.5,211.5,210,275,235,277.5,277.5,391,247,238,246,251.5,242,253,275,232,,277.5,303.5,326,160,235
2020-04-15,249,269.5,258,266,214,215,284,243,285,279.5,391,248.5,244,252.5,254.5,259.5,266,270,232.5,,279.5,311,326,150,237.5
2020-04-14,260,273.5,267,278.5,228.5,231,285,250,292,285.5,405,275.5,256,261,270.5,273,276.5,290,248,,285.5,314.5,331.5,149,244
2020-04-13,256.5,276,268.5,276.5,236,235,282.5,256,303,293,393,273,259,265.5,271,276,280,285,258,,293,311,306.5,151,252.5
2020-04-09,269.5,275.5,274.5,287,240.5,241.5,293.5,259.5,299.5,296,411,291.5,271.5,270,274,278.5,292.5,285,260.5,,296,314.5,321.5,149,250
2020-04-08,265.5,271,278.5,291,238,236,297,260.5,305,290.5,421,288,272.5,271,267.5,283.5,296.5,295,264,,290.5,314,286.5,146,251
2020-04-07,274,275,280,292.5,242,240,299.5,265,310.5,291.5,416,288,274.5,277.5,271.5,281,305.5,310,265.5,,291.5,309,310.5,150,250.5
2020-04-06,271.5,272,277,286,249,252.5,295,257.5,310,290.5,421,279.5,276.5,270.5,271.5,286,307,310,259,,290.5,315.5,310.5,155,248
2020-04-03,260,262,265,278.5,240,237.5,274.5,241,300.5,288,421,267,269.5,265,267.5,285,300,300,256.5,,288,314.5,310.5,138.5,242
2020-04-02,254.5,251.5,258.5,283.5,219,215.5,266,230,298.5,287,431,274,259,262,237,268.5,290.5,280,239,,287,316,300,141,220.5
2020-04-01,254.5,258.5,267,305,217.5,219.5,260,224,300.5,292,431,262,263,269,253.5,279.5,292,280,248.5,,292,316.5,325,150,233
2020-03-31,263.5,264,276,319,231,228.5,255.5,230,305.5,294,452,277,272,275,254,288.5,304.5,280,260,,294,324,258,157.5,234.5
2020-03-30,266,261,278,321,231,231,266,237,322,299,452,278,276,277.5,264.5,294,307,285,265,,299,323,258,151,240.5
2020-03-27,269,261,282,331,232,234.5,273.5,244.5,329.5,307,472,275,282,282,275,305,309,290,277.5,,307,323,318,151,249.5
2020-03-26,270.5,264.5,286,337,239,242,275.5,248,334.5,310.5,506.5,278,283,288,274,307,315,305,281,,310.5,319.5,289,173.5,247.5
2020-03-25,281.5,267.5,287,339,236.5,235.5,281,246,330,304,506.5,290,290,284,275,304.5,315,300,275.5,,304,318,396.5,176,253
2020-03-24,283,276,286.5,346,236.5,235.5,283,254,331,309.5,528.5,285,290.5,288,266.5,310,316.5,295,265,,309.5,329,267.5,171.5,237
2020-03-23,265,283,286.5,332.5,227.5,229.5,288.5,250.5,332,307.5,528.5,271,282,292.5,269,304.5,311.5,300,253.5,,307.5,325.5,267.5,189.5,244
2020-03-20,297.5,297.5,301.5,332,250,248.5,305.5,250,331,295.5,533.5,300,300.5,295.5,282,305.5,317,280,276,,295.5,337,435,201,252.5
2020-03-19,269,287,285,324.5,220.5,222,297.5,265,337,312.5,553.5,268,281,287,256,305,302,280,271,,312.5,333,476,208,238.5
2020-03-18,281.5,300.5,299.5,330,233,234,321,292.5,350.5,333.5,553.5,288,288.5,310.5,262,314,315.5,330,272,,333.5,339.5,476,213,245
2020-03-17,303.5,317.5,325,342.5,250.5,250,340.5,319,356.5,358,587,312,303.5,332.5,297.5,337.5,332.5,335,304,,358,367,536.5,218,245
2020-03-16,304,321,335,345.5,257.5,257,368,321,376,357,587,312,305,341.5,320.5,344,353,380,306.5,,357,383,536.5,235.5,262.5
2020-03-13,334,330,348.5,361,286.5,284.5,389,348,398,361,573,348,326,348,342.5,389.5,365.5,395,317.5,,361,411.5,536.5,299.5,281.5
2020-03-12,329,339,348.5,353.5,292,288,389,358,406,391,587,334,330,351.5,353.5,396,377,395,339,,391,421.5,536.5,272,291.5
2020-03-11,357,355.5,373,370.5,312,312.5,406,373,412,399.5,587,360,348.5,367.5,354.5,394,382.5,375,348,,399.5,430,536.5,281,309.5
2020-03-10,347,354,369,357.5,311,306.5,396.5,397,430,425.5,603,331.5,345.5,364,345.5,398,382.5,375,343.5,,425.5,425,557.5,289,312.5
2020-03-09,337.5,369,372.5,356,300.5,300,432.5,415,465.5,442,603,321,354.5,384.5,377.5,433,405.5,485,359,,442,468,557.5,321,344.5
2020-03-06,415.5,424.5,431,431,379,381,464,440.5,491,471.5,611,396,422,427.5,426,484.5,458,485,421,,471.5,515,572.5,319,405.5
2020-03-05,444.5,441.5,443,446,399.5,399,471,459.5,502.5,479.5,629.5,425,435.5,439,445,492,470.5,488,440,,479.5,518,566,320.5,413
2020-03-04,439,448,449,456.5,406.5,407.5,470,459,504,475.5,629.5,423,441.5,442,447,501,474.5,485,444.5,,475.5,520,581,336,419
2020-03-03,441.5,450.5,458,466.5,406,404.5,464,448.5,511,482,641,430,442,447,439,501,477,480,447,,482,519,583,327.5,413.5
2020-03-02,441,448.5,446,464,394,394,479,466,513,500,641,425,440.5,437.5,437.5,504.5,482.5,480,439.5,,500,543,593,342,407.5
2020-02-28,428,436.5,451.5,465,382.5,384,476,453.5,528.5,505,654.5,440.5,435,440.5,429.5,501.5,488,492,428.5,473,505,536,583,353.5,410
2020-02-27,440,452.5,460.5,473,397.5,398.5,488.5,477,547.5,519,663,442.5,445.5,465.5,456,495.5,497,496,454.5,479,519,570.5,587.5,352,425
2020-02-26,459.5,474.5,485.5,502,419,421,496,483.5,556.5,530,674,487.5,468,483.5,478.5,521,508.5,500.5,485,499,530,581.5,587.5,360,444
2020-02-25,481.5,513,499.5,524,444.5,441,503.5,495,603,530.5,679,487.5,482,500,492.5,534.5,519,514,490,521,530.5,598,572,371.5,451.5
2020-02-24,485,524.5,507,526.5,456.5,456,512.5,502.5,604,536.5,679,486,493.5,517.5,499.5,533,525.5,524,502,519,536.5,595,572,365.5,473
2020-02-21,505,535.5,518,536.5,464,461,516.5,508,613,541.5,680,492.5,506.5,530.5,508.5,549,535.5,542.5,504.5,531,541.5,610.5,587,368,484
2020-02-20,510.5,541,515.5,542,470,468,520.5,507,615.5,535,681,501,508,537.5,513.5,557.5,536.5,543.5,511,536,535,607,578.5,375.5,495.5
2020-02-19,514,544,524,544,472,468.5,517.5,498.5,610.5,536.5,681,496,506.5,538.5,510.5,555.5,536.5,537.5,505.5,519,536.5,633,598.5,381.5,485.5
2020-02-18,512.5,535.5,527,543.5,469,467,520.5,501.5,612.5,540.5,683,488.5,508.5,544,515.5,551.5,538,540.5,506,515,540.5,654.5,597,397.5,484.5
2020-02-14,513.5,551.5,536.5,547,472,472.5,516.5,493,619.5,538,688,497.5,513.5,550.5,514,549.5,547,547,515.5,536,538,666.5,603.5,403.5,484.5
2020-02-13,518,551.5,537,552,470,466,518,497,619.5,537,702.5,498.5,516.5,554.5,521,547.5,546.5,558.5,512,536,537,673,686.5,405.5,483
2020-02-12,526,552.5,536.5,550.5,468,460,518,492,621,544.5,702.5,500,516.5,557.5,510.5,548,552,556.5,513.5,,544.5,676,686.5,414.5,479.5
2020-02-11,522,556,541.5,562,462,457.5,515.5,490.5,623,540,709,494,516.5,575.5,509.5,550,547.5,558.5,508,,540,692,706.5,415.5,480
2020-02-10,524,557.5,543.5,563,465.5,462.5,517,488.5,626,549,699,494.5,519.5,577.5,510,550.5,551.5,557.5,511,,549,700.5,706.5,418,480
2020-02-07,535,562.5,554.5,570.5,468,467.5,514.5,487.5,623.5,554.5,696.5,537.5,524,590,508,550,557.5,567,517.5,,554.5,709,706.5,423,480.5
2020-02-06,546,565,553,577,473,470,515.5,491,615.5,557,702,553,532,583,505,543.5,565,565.5,518,,557,719.5,710.5,421,482
2020-02-05,538.5,559.5,545.5,590.5,463.5,461,516.5,496,618.5,563.5,711,528.5,525.5,586,505,538.5,571.5,567.5,502.5,,563.5,713.5,710.5,424,477
2020-02-04,543,557.5,556.5,603,456.5,453.5,515.5,500.5,622,568,711,531.5,530,600,503.5,533.5,570,570.5,498.5,,568,727.5,710.5,431,476
2020-02-03,549,574,561.5,611,460,455,524.5,504,626.5,572,712,550.5,536.5,609,511,561,593.5,573.5,503,,572,731,710.5,437.5,478
2020-01-31,572.5,590.5,579,629,472.5,472,533,520.5,640.5,578,713,561.5,560.5,629.5,539,579,618,582.5,519,,578,730,752.5,445,486
2020-01-30,582.5,595,584,628,475.5,475.5,544,524.5,634,581,714,560.5,573,628,535,573,629,587.5,527,,581,725,752.5,449,488.5
2020-01-29,596,602.5,593,643.5,491,489.5,547,529,635.5,591,726,575.5,582.5,658,536,581,645.5,597.5,541,,591,725.5,752.5,459,497
2020-01-28,593,618.5,618,676.5,479,477.5,556.5,535.5,647,596.5,726.5,567,589,678.5,520,586,648,573,527,,596.5,730,739,462,494
2020-01-27,626.5,641.5,628.5,679.5,480.5,477.5,554.5,539.5,644.5,605.5,726,579.5,612.5,681,536,593.5,656,593.5,529.5,,605.5,730.5,794,465.5,510
2020-01-24,627.5,641.5,637.5,681,510.5,506.5,566,554,655.5,617.5,727,600.5,626,683,569,608,680,630.5,576.5,,617.5,732,794,474,524
2020-01-23,627,641.5,633.5,690,516.5,513,574,555.5,659,622,736,600.5,633,691,569,615,688,636,573.5,,622,729,774,477,529.5
2020-01-22,646.5,661,637.5,687,527.5,523.5,586.5,573.5,665,627,741,612.5,651,697.5,594,622,693.5,639.5,590.5,,627,732,774,481,537.5
2020-01-21,657,666.5,651.5,687.5,534.5,530.5,585,577.5,670,634.5,749,616.5,660.5,702.5,604,630,700.5,636,595,,634.5,730,707.5,488.5,541.5
2020-01-20,662.5,666.5,653.5,687,537,533.5,595,582.5,667,639.5,746.5,618,671,699.5,609,630,703.5,637.5,597,,639.5,731.5,707.5,489,548
2020-01-17,655.5,665,644,683,531.5,530,598,568.5,669,641.5,746,619,675.5,698.5,607,625,700,634.5,596,,641.5,735,707.5,490,549
2020-01-16,663.5,675,652.5,682,539,534.5,604,580,679.5,646,745,624.5,685.5,700.5,606,638,707.5,635.5,599.5,,646,736,707.5,491,551
2020-01-15,672,680,661.5,680.5,541,537.5,611,583.5,689,660.5,743,630.5,696.5,713.5,627.5,645,720,623.5,606,,660.5,738,707.5,490.5,555.5
2020-01-14,674.5,685.5,677,698,545.5,542,626.5,601.5,693.5,675.5,738.5,641.5,710,713.5,638,654,726,633.5,616,,675.5,735.5,707.5,500,561.5
2020-01-13,688.5,685,695,686,551,546.5,625,604,698,693.5,737,657.5,726,736.5,645,654,731.5,635,650,,693.5,739.5,707.5,495,569
2020-01-10,703,687,712,684.5,559.5,549.5,634,628.5,707.5,699.5,733.5,661,739.5,755.5,669,660.5,732.5,645.5,655,,699.5,740.5,722.5,492,575.5
2020-01-09,723.5,691.5,724.5,698,567.5,560,633,640,697.5,690,733,668.5,752.5,764.5,705.5,686.5,731,649,670.5,,690,731.5,722.5,490.5,586
2020-01-08,736,692,738.5,689,586,581,641,659.5,687,691,733,671.5,770.5,758,713.5,687,733,624.5,694,,691,728.5,722.5,493,597
2020-01-07,730.5,697,731,678.5,580,576,642,673,675.5,706.5,727,671.5,778,743.5,703.5,685.5,740,622.5,701.5,,706.5,721.5,722.5,493.5,599
2020-01-06,741,702,733,677.5,598,594,646,673.5,686.5,711,725,671.5,793.5,749.5,714,688,748.5,638.5,704.5,,711,711,691.5,488,614.5
2020-01-03,724.5,704.5,710.5,667.5,593.5,583,649,661.5,654,709,722.5,652.5,777.5,740,701.5,691.5,738,635,713.5,,709,694,676.5,485,599.5
2020-01-02,706,692,694.5,656,584.5,575,642,660,647,706,716.5,639,769,718.5,693,677.5,736,632,709,,706,693.5,676.5,481.5,585
2019-12-31,734,689.5,685,653,586.5,580,639.5,646,663,699.5,686.5,639,771.5,691.5,708.5,664,730,615,699,,699.5,687,676.5,480,584.5
2019-12-30,720,694.5,677,651,588.5,582,639,649.5,653,691,686.5,639,775.5,719,706.5,660.5,733.5,615,700,,691,674,676.5,479,584.5
2019-12-27,699.5,692.5,664,647,585,579,621,646,640,697,686.5,634,770,688,712,656,722,615,691,,697,673,676.5,476,573.5
2019-12-26,687,689,646,626,575.5,572,629.5,640.5,632,685.5,686,627,733.5,674,721,666,718.5,615,666.5,,685.5,682.5,666.5,476,573.5
2019-12-24,693,673,647.5,627.5,575.5,568,607,633.5,627,681.5,684,606,738,674,696,651.5,719,615,691.5,,681.5,682,666.5,473.5,573.5
2019-12-23,674.5,676,644.5,627.5,571,568,603,632.5,627,681,684,606,742.5,664.5,696,657,720.5,615,665,,681,673,666.5,473.5,573.5
2019-12-20,669,673,638.5,623.5,573,563.5,593.5,626,623,676.5,682.5,614,703,656.5,701.5,633,713.5,615,631.5,,676.5,676,701.5,470.5,565.5
2019-12-19,655,676.5,635.5,623.5,565.5,558,591.5,627,612,676.5,680.5,606,703.5,649.5,688,623,698.5,620,622.5,,676.5,639,701.5,465,552
2019-12-18,644,662.5,629,615.5,569,561,586.5,620.5,607,673.5,677.5,605,688,646.5,643,618.5,686,605,624.5,,673.5,621,701.5,463.5,547.5
2019-12-17,631.5,655,620,607,556,545,581,605.5,593.5,651,678.5,600,643.5,634,611,609.5,684,595,607,,651,624,701.5,462.5,543.5
2019-12-16,623,653,611.5,603.5,539.5,538,578,597,592,656,678.5,589,627,623,623,604.5,664.5,590,596.5,,656,594.5,701.5,463.5,525
2019-12-13,613,624.5,604,605,527,522,569.5,591.5,592.5,649,677.5,579,614.5,616,603,601,651,590,591,,649,592.5,701.5,462.5,520.5
2019-12-12,599.5,607.5,596,602.5,511,508.5,570.5,584.5,590,646,678.5,569,608.5,614.5,595,592.5,636.5,590,581.5,,646,590.5,685,462,512
2019-12-11,597.5,606,591,613.5,510,507.5,571.5,583.5,589.5,643.5,675.5,558,601.5,614,587.5,592.5,635.5,590,579,,643.5,590.5,640,461,505
2019-12-10,598,604.5,586.5,610.5,507,505.5,566.5,581.5,589,643,676,548,599.5,600.5,579.5,592,625,590,574,,643,591,620,471,506.5
2019-12-09,577.5,603,576.5,604.5,510.5,507,565,581,588.5,636,674,556,600,590.5,572,587,624.5,590,564.5,,636,591,620,446.5,482.5
2019-12-06,581.5,595.5,565,603,502.5,499,566,577.5,588.5,636,675.5,550,587,582.5,567,587,623,585,563.5,,636,581.5,620,434,498
2019-12-05,573.5,581,558,605,497.5,496.5,565,575.5,583.5,637.5,676,529,576,575,567,586.5,624.5,585,563.5,,637.5,586.5,620,434.5,495
2019-12-04,562.5,590.5,553.5,605,494.5,494,566.5,582,590.5,627.5,674,520,572,574,557,587.5,620.5,590,564.5,,627.5,588,620,433.5,491
2019-12-03,561.5,584.5,551,605.5,494,497,570,577,577.5,622.5,674,517,570,571.5,547.5,578,616.5,595,553.5,,622.5,583,,432.5,485.5
2019-12-02,552.5,575.5,551.5,607.5,498,498.5,574,578,590,635,674,516,573.5,569,543,572.5,612,575,549.5,,635,582,,432,488.5
2019-11-29,558,581.5,557,608.5,497.5,498.5,573.5,577.5,584,630.5,670.5,530,574.5,565.5,560,579,608,575,549,,630.5,580.5,,433,499.5
2019-11-28,561,589,557.5,609,495,490.5,573,575.5,582.5,625,664,529.5,575,580,562.5,580,603,570,550,,625,580.5,,439,504.5
2019-11-27,559,590.5,560,609,509.5,514,569,577,582.5,625.5,659.5,532,575.5,577,565.5,573,602,575,551.5,,625.5,580.5,,437,504.5
2019-11-26,556.5,584,554.5,607,512,515,572,577,589,622,658.5,525,574,579.5,557.5,568,598.5,565,546,,622,578,,452.5,499.5
2019-11-25,553,583.5,550,607.5,504.5,507,575.5,580.5,587.5,622,653.5,523,570,576,546.5,571,596,565,539.5,,622,576.5,,428,498.5
2019-11-22,549.5,574,550,609.5,503.5,502,575,579,587.5,616,653.5,525.5,574,579,540.5,572.5,598.5,565,542,,616,574.5,,427.5,493
2019-11-21,540,568,546,611.5,498,504,569,583,578,619,653.5,512.5,570,567.5,531,567.5,592,572.5,540,,619,571,,420,489
2019-11-20,537,572.5,546.5,612,481,475.5,568,580,582,615.5,652,503.5,574.5,568.5,530.5,572.5,587.5,597.5,527,,615.5,583,,420,483
2019-11-19,541,571,550,620,490.5,490,570.5,581.5,584.5,614.5,646.5,516.5,570.5,568.5,546,574.5,590,597.5,544,,614.5,587,,426.5,486.5
2019-11-18,553,579,559.5,616,517,502.5,571.5,578,585,619,643.5,524.5,568.5,567.5,557,577.5,592.5,585,543.5,,619,589.5,,427.5,503
2019-11-15,553.5,576,554.5,616.5,497,492,570,574.5,572.5,611.5,643.5,521.5,565.5,565,549,578,584.5,580,539,,611.5,586.5,,426.5,503
2019-11-14,549,577,553.5,618.5,501,496.5,571,571,587.5,610,648,520,565,565.5,560,563,582.5,565,545,,610,601.5,,426.5,504.5
2019-11-13,546,575.5,559.5,622.5,489,491,567.5,581,587.5,612.5,654.5,504,558.5,567.5,553,561,577,570,550,,612.5,619.5,,425,484.5
2019-11-12,551,575,562.5,616,499,498,564,581,588.5,610.5,657,510,566.5,569,547.5,566.5,579,570,548,,610.5,621.5,,423,492.5
2019-11-11,546.5,578,564.5,601,500,499,565,582.5,588.5,615,658,505,566.5,568,553.5,559,580.5,570,543,,615,619,,422,495
2019-11-08,550.5,577.5,558,603.5,498,500.5,571.5,596.5,589.5,614,654,505,555.5,568.5,553.5,557,584,570,544.5,,614,618.5,,421,495
2019-11-07,559.5,580.5,563,608.5,509.5,513.5,579.5,600,586,615.5,665.5,514,568,567.5,554.5,547,580.5,570,549,,615.5,623,,422.5,509.5
2019-11-06,557.5,582.5,572,607.5,509,511,579.5,593.5,592.5,623,666.5,519,576.5,567,559.5,539.5,581,570,550.5,,623,623,,423.5,513.5
2019-11-05,556,582,567.5,600,509,508.5,583,589,598,621,669.5,513,584.5,564,560.5,526.5,583,,555,,621,626,,426,518.5
2019-11-04,559,576,568,606,511,510.5,579,585.5,592,617,669.5,518,584.5,571,566,533,579,,558,,617,622.5,,423.5,525
2019-11-01,546,575.5,560.5,595,500,497.5,575,572,576.5,612.5,,496,581,566,552,528,577,,562.5,,612.5,611,,422,513.5
2019-10-31,551,576.5,568,594.5,497,506.5,576,567,571,591.5,,506.5,576,570.5,546,534,575,,566,,591.5,609,,421.5,512.5
2019-10-30,552.5,584.5,571,596.5,500.5,503,578.5,577,588.5,603.5,,509,582.5,570.5,566.5,534,582,,569,,603.5,607.5,,425,512.5
2019-10-29,550,590,571.5,598,509.5,517,585.5,578,595,588.5,,515,596,572,561,532,584.5,,562,,588.5,604,,430.5,530
2019-10-28,556,587.5,574,600,508.5,510,561.5,556.5,595,585,,523,579,572,572.5,538.5,587.5,,579,,585,604,,425.5,545.5
2019-10-25,550.5,585,574.5,601,516,512.5,562,556,578.5,584,,521,583.5,577,572.5,537.5,585,,579,,584,604.5,,431.5,545.5
2019-10-24,546.5,581.5,568,601,508,508.5,554,532.5,575,586,,513,570,567.5,568,540,581,,575.5,,586,600.5,,427.5,545.5
2019-10-23,542.5,579.5,562,599,506,503,554,533.5,565,582,,509,563.5,553.5,568,535.5,568,,570,,582,598,,424,536
2019-10-22,544,580,565,606.5,502.5,501.5,552.5,531,586.5,585.5,,501.5,566,558.5,564.5,535.5,576,,572,,585.5,602.5,,424,536
2019-10-21,547.5,572.5,566,604.5,506.5,516.5,557,542,586.5,580.5,,496,573.5,557.5,561,533,579.5,,572,,580.5,590.5,,422.5,526
2019-10-18,548.5,564,564.5,603,510,515.5,559.5,542.5,586.5,585,,488,566.5,559,565.5,527,583,,572,,585,579,,422.5,
2019-10-17,552,564.5,560,600.5,508,510,553,527.5,585,586,,478,574,560,564.5,524,580.5,,566,,586,561,,421,
2019-10-16,542,562.5,557.5,603.5,502.5,508,550.5,529,585,584,,478,560,576.5,562.5,516,580.5,,566,,584,556,,425,
2019-10-15,543.5,560.5,557.5,603,517,507,548,528,,573.5,,475,568.5,564.5,551,520,580,,578,,573.5,556,,421,
2019-10-14,551,567,558,600.5,511.5,512,549,527,590,571.5,,486,570.5,600.5,570,522.5,584.5,,578,,571.5,555,,427.5,
2019-10-11,544,569,552,598.5,521,515,546.5,531,580,562,,485,577,596.5,572.5,522,585,,575,,562,556,,439.5,
2019-10-10,534.5,544,547.5,573.5,512,508,545.5,530,,559.5,,447.5,594,591,565.5,521.5,584,,,,559.5,550,,472,
2019-10-09,528.5,543,550.5,575.5,508,502,545,532,580,562.5,,432.5,584.5,570,557.5,519.5,584.5,,550,,562.5,551,,467,
2019-10-08,526,551,541,577,511.5,509.5,543,531,,565.5,,432.5,569,572.5,550.5,523,589,,,,565.5,561,,461,
2019-10-07,527.5,571,549,586,514.5,509.5,540.5,528.5,,557.5,,427,563.5,573,547.5,534,589.5,,540,,557.5,579,,454,
2019-10-04,538,576,554,589,504.5,502.5,549,539,,569,,429.5,557.5,588.5,541,531,588,,540,,569,581,,441.5,533
2019-10-03,534.5,,,,504,,,,,,,409,533.5,620,,,594,,,,,,,445,542.5
2019-10-02,542.5,,,,510,510,,,,600,,420.5,533.5,620,570,,594,,570,,600,,,445,542.5
2019-10-01,550,,,,529.5,,,,,,,423,533.5,620,,,599,,,,,,,483.5,550.5
2019-09-30,566.5,,,,536,,,,,,,,608.5,620,,,596.5,,,,,,,485,552
2019-09-27,576.5,,,,550.5,,,,,,,,608.5,620,,,,,,,,,,495,552
2019-09-26,569,,,,544.5,568,,,,,,,608.5,620,,,,,,,,,,,
2019-09-25,559.5,,,,543.5,,,,,,,,620,,,,,,,,,,,505,
2019-09-24,562,,,,553,,,,,,,,650,,,,,,,,,,,,574
2019-09-23,556.5,,,,552,,,,,,,,650,,,,,,,,,,,,574
2019-09-20,558,,,,553,,,,,,,,650,,,,,,,,,,,,577
2019-09-19,555,,,,558.5,,,,,,,,625,,,,,,,,,,,,
2019-09-18,566,,,,549,,,,,,,,650,,,,,,,,,,,,572
2019-09-17,608.5,,,,581,,,,,,,,660,,,,,,,,,,,,
2019-09-16,569,,,,552,,,,,,,,660,598,,,,,,,,,,,
2019-09-13,538.5,,,,511.5,,532.5,517.5,,547.5,,,571.5,598,,,,,,,547.5,,,,
2019-09-12,544,,,,515,,532.5,517.5,,547.5,,,578,592,,,,,,,547.5,,,,
2019-09-11,548,,,,521.5,,532.5,517.5,,547.5,,,568.5,580,,,,,,,547.5,,,,
2019-09-10,544.5,,,,527.5,,532.5,532.5,,547.5,,,,,,,,,,,,,,,
2019-09-09,526.5,,,,522.5,,477.5,532.5,,562.5,,,,,,,,,,,,,,,
2019-09-06,533.5,,,,509,,467.5,532.5,,562.5,,,,,,,,,,,,,,,
2019-09-05,535.5,,,,516,,467.5,,,,,,,,,,,,,,,,,,
2019-09-04,523,,,,492,,447.5,,,,,,,,,,,,,,,,,,
2019-09-03,523,,,,486,,447.5,,,,,,,,,,,,,,,,,,
2019-09-02,520,,,,491.5,,,,,,,,,,,,,,,,,,,,
2019-08-30,520,,,,500.5,,,,,,,,,,,,,,,,,,,,
2019-08-29,520,,,,502.5,,,,,,,,,,,,,,,,,,,,
2019-08-28,533,,,,505.5,,,,,,,,,,,,,,,,,,,,
2019-08-27,533,,,,501.5,,,,,,,,,,,,,,,,,,,,
2019-08-26,533,,,,513,,,,,,,,,,,,,,,,,,,,
2019-08-23,533,,,,508,,,,,,,,,,,,,,,,,,,,
2019-08-22,533,,,,502,,,,,,,,,,,,,,,,,,,,
2019-08-21,533,,,,501.5,,,,,,,,,,,,,,,,,,,,
2019-08-20,523,,,,499,,,,,,,,,,,,,,,,,,,,
2019-08-19,523,,,,500,,,,,,,,,,,,,,,,,,,,
2019-08-16,520,,,,496.5,,,,,,,,,,,,,,,,,,,,
2019-08-15,563,,,,501.5,,,,,,,,,,,,,,,,,,,,
2019-08-14,563,,,,515.5,,,,,,,,,,,,,,,,,,,,
2019-08-13,533,,,,499,,,,,,,,,,,,,,,,,,,,
2019-08-12,533,,,,505,,,,,,,,,,,,,,,,,,,,
2019-08-09,533,,,,499.5,,,,,,,,,,,,,,,,,,,,
2019-08-08,533,,,,494,,,,,,,,,,,,,,,,,,,,
2019-08-07,553,,,,520,,,,,,,,,,,,,,,,,,,,
2019-08-06,553,,,,526.5,,,,,,,,,,,,,,,,,,,,
2019-08-05,553,,,,536.5,,,,,,,,,,,,,,,,,,,,
2019-08-02,553,,,,531.5,,,,,,,,,,,,,,,,,,,,
2019-08-01,573,,,,564,,,,,,,,,,,,,,,,,,,,
2019-07-31,573,,,,551.5,,,,,,,,,,,,,,,,,,,,
2019-07-30,563,,,,550,,,,,,,,,,,,,,,,,,,,
2019-07-29,563,,,,551.5,,,,,,,,,,,,,,,,,,,,
2019-07-26,568,,,,548,,,,,,,,,,,,,,,,,,,,
2019-07-25,568,,,,531.5,,,,,,,,,,,,,,,,,,,,
2019-07-24,568,,,,523,,,,,,,,,,,,,,,,,,,,
2019-07-23,576,,,,531,,,,,,,,,,,,,,,,,,,,
2019-07-22,576,,,,531,,,,,,,,,,,,,,,,,,,,
2019-07-19,570.5,,,,526,,,,,,,,,,,,,,,,,,,,
2019-07-18,570.5,,,,526,,,,,,,,,,,,,,,,,,,,
2019-07-17,570.5,,,,526,,,,,,,,,,,,,,,,,,,,
2019-07-16,572,,,,546,,,,,,,,,,,,,,,,,,,,
2019-07-15,572,,,,546,,,,,,,,,,,,,,,,,,,,
2019-07-12,569.5,,,,551,,,,,,,,,,,,,,,,,,,,
2019-07-11,572.5,,,,552,,,,,,,,,,,,,,,,,,,,
2019-07-10,567.5,,,,,,,,,,,,,,,,,,,,,,,,
2019-07-09,552.5,,,,,,,,,,,,,,,,,,,,,,,,
2019-07-08,552.5,,,,,,,,,,,,,,,,,,,,,,,,
2019-07-05,552.5,,,,,,,,,,,,,,,,,,,,,,,,
2019-07-04,550,,,,,,,,,,,,,,,,,,,,,,,,
2019-07-03,,,,,,,,,,,,,,,,,,,,,,,,,
2019-07-02,,,,,,,,,,,,,,,,,,,,,,,,,
2019-07-01,,,,,,,,,,,,,,,,,,,,,,,,,
2019-06-28,,,,,,,,,,,,,,,,,,,,,,,,,
2019-06-27,,,,,,,,,,,,,,,,,,,,,,,,,
2019-06-26,,,,,,,,,,,,,,,,,,,,,,,,,
2019-06-25,,,,,,,,,,,,,,,,,,,,,,,,,
2019-06-24,,,,,,,,,,,,,,,,,,,,,,,,,
2019-06-21,,,,,,,,,,,,,,,,,,,,,,,,,
2019-06-20,,,,,,,,,,,,,,,,,,,,,,,,,
2019-06-19,,,,,,,,,,,,,,,,,,,,,,,,,
2019-06-18,,,,,,,,,,,,,,,,,,,,,,,,,
2019-06-17,,,,,,,,,,,,,,,,,,,,,,,,,
2019-06-14,,,,,,,,,,,,,,,,,,,,,,,,,
2019-06-13,,,,,,,,,,,,,,,,,,,,,,,,,
2019-06-12,,,,,,,,,,,,,,,,,,,,,,,,,
2019-06-11,,,,,,,,,,,,,,,,,,,,,,,,,
2019-06-10,,,,,,,,,,,,,,,,,,,,,,,,,
2019-06-07,,,,,,,,,,,,,,,,,,,,,,,,,
2019-06-06,,,,,,,,,,,,,,,,,,,,,,,,,
2019-06-05,,,,,,,,,,,,,,,,,,,,,,,,,
2019-06-04,,,,,,,,,,,,,,,,,,,,,,,,,
2019-06-03,,,,,,,,,,,,,,,,,,,,,,,,,
2019-05-31,,,,,,,,,,,,,,,,,,,,,,,,,
2019-05-30,,,,,,,,,,,,,,,,,,,,,,,,,
2019-05-29,,,,,,,,,,,,,,,,,,,,,,,,,
2019-05-28,,,,,,,,,,,,,,,,,,,,,,,,,
2019-05-27,,,,,,,,,,,,,,,,,,,,,,,,,
2019-05-24,,,,,,,,,,,,,,,,,,,,,,,,,
2019-05-23,,,,,,,,,,,,,,,,,,,,,,,,,
2019-05-22,,,,,,,,,,,,,,,,,,,,,,,,,
2019-05-21,,,,,,,,,,,,,,,,,,,,,,,,,
2019-05-20,,,,,,,,,,,,,,,,,,,,,,,,,
2019-05-17,,,,,,,,,,,,,,,,,,,,,,,,,
2019-05-16,,,,,,,,,,,,,,,,,,,,,,,,,
2019-05-15,,,,,,,,,,,,,,,,,,,,,,,,,
2019-05-14,,,,,,,,,,,,,,,,,,,,,,,,,
2019-05-13,,,,,,,,,,,,,,,,,,,,,,,,,
2019-05-10,,,,,,,,,,,,,,,,,,,,,,,,,
2019-05-09,,,,,,,,,,,,,,,,,,,,,,,,,
2019-05-08,,,,,,,,,,,,,,,,,,,,,,,,,
2019-05-07,,,,,,,,,,,,,,,,,,,,,,,,,
2019-05-06,,,,,,,,,,,,,,,,,,,,,,,,,
2019-05-03,,,,,,,,,,,,,,,,,,,,,,,,,
2019-05-02,,,,,,,,,,,,,,,,,,,,,,,,,
2019-05-01,,,,,,,,,,,,,,,,,,,,,,,,,
2019-04-30,,,,,,,,,,,,,,,,,,,,,,,,,
2019-04-29,,,,,,,,,,,,,,,,,,,,,,,,,
2019-04-26,,,,,,,,,,,,,,,,,,,,,,,,,
2019-04-25,,,,,,,,,,,,,,,,,,,,,,,,,
2019-04-24,,,,,,,,,,,,,,,,,,,,,,,,,
2019-04-23,,,,,,,,,,,,,,,,,,,,,,,,,
2019-04-22,,,,,,,,,,,,,,,,,,,,,,,,,
2019-04-18,,,,,,,,,,,,,,,,,,,,,,,,,
2019-04-17,,,,,,,,,,,,,,,,,,,,,,,,,
2019-04-16,,,,,,,,,,,,,,,,,,,,,,,,,
2019-04-15,,,,,,,,,,,,,,,,,,,,,,,,,
2019-04-12,,,,,,,,,,,,,,,,,,,,,,,,,
2019-04-11,,,,,,,,,,,,,,,,,,,,,,,,,
2019-04-10,,,,,,,,,,,,,,,,,,,,,,,,,
2019-04-09,,,,,,,,,,,,,,,,,,,,,,,,,
2019-04-08,,,,,,,,,,,,,,,,,,,,,,,,,
2019-04-05,,,,,,,,,,,,,,,,,,,,,,,,,
2019-04-04,,,,,,,,,,,,,,,,,,,,,,,,,
2019-04-03,,,,,,,,,,,,,,,,,,,,,,,,,
2019-04-02,,,,,,,,,,,,,,,,,,,,,,,,,
2019-04-01,,,,,,,,,,,,,,,,,,,,,,,,,
2019-03-29,,,,,,,,,,,,,,,,,,,,,,,,,
2019-03-28,,,,,,,,,,,,,,,,,,,,,,,,,
2019-03-27,,,,,,,,,,,,,,,,,,,,,,,,,
2019-03-26,,,,,,,,,,,,,,,,,,,,,,,,,
2019-03-25,,,,,,,,,,,,,,,,,,,,,,,,,
2019-03-22,,,,,,,,,,,,,,,,,,,,,,,,,
2019-03-21,,,,,,,,,,,,,,,,,,,,,,,,,
2019-03-20,,,,,,,,,,,,,,,,,,,,,,,,,
2019-03-19,,,,,,,,,,,,,,,,,,,,,,,,,
2019-03-18,,,,,,,,,,,,,,,,,,,,,,,,,
2019-03-15,,,,,,,,,,,,,,,,,,,,,,,,,
2019-03-14,,,,,,,,,,,,,,,,,,,,,,,,,
2019-03-13,,,,,,,,,,,,,,,,,,,,,,,,,
2019-03-12,,,,,,,,,,,,,,,,,,,,,,,,,
2019-03-11,,,,,,,,,,,,,,,,,,,,,,,,,
2019-03-08,,,,,,,,,,,,,,,,,,,,,,,,,
2019-03-07,,,,,,,,,,,,,,,,,,,,,,,,,
2019-03-06,,,,,,,,,,,,,,,,,,,,,,,,,
2019-03-05,,,,,,,,,,,,,,,,,,,,,,,,,
2019-03-04,,,,,,,,,,,,,,,,,,,,,,,,,
2019-03-01,,,,,,,,,,,,,,,,,,,,,,,,,
2019-02-28,,,,,,,,,,,,,,,,,,,,,,,,,
2019-02-27,,,,,,,,,,,,,,,,,,,,,,,,,
2019-02-26,,,,,,,,,,,,,,,,,,,,,,,,,
2019-02-25,,,,,,,,,,,,,,,,,,,,,,,,,
2019-02-22,,,,,,,,,,,,,,,,,,,,,,,,,
2019-02-21,,,,,,,,,,,,,,,,,,,,,,,,,
2019-02-20,,,,,,,,,,,,,,,,,,,,,,,,,
2019-02-19,,,,,,,,,,,,,,,,,,,,,,,,,
2019-02-18,,,,,,,,,,,,,,,,,,,,,,,,,
2019-02-15,,,,,,,,,,,,,,,,,,,,,,,,,
2019-02-14,,,,,,,,,,,,,,,,,,,,,,,,,
2019-02-13,,,,,,,,,,,,,,,,,,,,,,,,,
2019-02-12,,,,,,,,,,,,,,,,,,,,,,,,,
2019-02-11,,,,,,,,,,,,,,,,,,,,,,,,,
2019-02-08,,,,,,,,,,,,,,,,,,,,,,,,,
2019-02-07,,,,,,,,,,,,,,,,,,,,,,,,,
2019-02-06,,,,,,,,,,,,,,,,,,,,,,,,,
2019-02-05,,,,,,,,,,,,,,,,,,,,,,,,,
2019-02-04,,,,,,,,,,,,,,,,,,,,,,,,,
2019-02-01,,,,,,,,,,,,,,,,,,,,,,,,,
2019-01-31,,,,,,,,,,,,,,,,,,,,,,,,,
2019-01-30,,,,,,,,,,,,,,,,,,,,,,,,,
2019-01-29,,,,,,,,,,,,,,,,,,,,,,,,,
2019-01-28,,,,,,,,,,,,,,,,,,,,,,,,,
2019-01-25,,,,,,,,,,,,,,,,,,,,,,,,,
2019-01-24,,,,,,,,,,,,,,,,,,,,,,,,,
2019-01-23,,,,,,,,,,,,,,,,,,,,,,,,,
2019-01-22,,,,,,,,,,,,,,,,,,,,,,,,,
2019-01-21,,,,,,,,,,,,,,,,,,,,,,,,,
2019-01-18,,,,,,,,,,,,,,,,,,,,,,,,,
2019-01-17,,,,,,,,,,,,,,,,,,,,,,,,,
2019-01-16,,,,,,,,,,,,,,,,,,,,,,,,,
2019-01-15,,,,,,,,,,,,,,,,,,,,,,,,,
2019-01-14,,,,,,,,,,,,,,,,,,,,,,,,,
2019-01-11,,,,,,,,,,,,,,,,,,,,,,,,,
2019-01-10,,,,,,,,,,,,,,,,,,,,,,,,,
2019-01-09,,,,,,,,,,,,,,,,,,,,,,,,,
2019-01-08,,,,,,,,,,,,,,,,,,,,,,,,,
2019-01-07,,,,,,,,,,,,,,,,,,,,,,,,,
2019-01-04,,,,,,,,,,,,,,,,,,,,,,,,,
2019-01-03,,,,,,,,,,,,,,,,,,,,,,,,,
2019-01-02,,,,,,,,,,,,,,,,,,,,,,,,,
