Vessel_Name,Service_Code,Port_Name,Port_Code,Timestamp,Synthetic_Latitude,Synthetic_Longitude,Operational_Phase,VLSFO_ROB_MT,HSFO_ROB_MT,MGO_ROB_MT,VLSFO_Bunkered_MT,HSFO_Bunkered_MT,MGO_Bunkered_MT,Source_File,Data_Notes
ASTERIOS,NCI,Qingdao,CNTAO,2026-08-01 00:00:00,4.55,173.35,Transit,0,408.111,119.903,0,0,0,Vessel Live Movement,
ASTERIOS,NCI,Qingdao,CNTAO,2026-08-01 03:00:00,4.510757,170.434418,Transit,0,405.552,119.903,0,0,0,Vessel Live Movement,
ASTERIOS,NCI,Qingdao,CNTAO,2026-08-01 06:00:00,4.459886,167.519198,Transit,0,402.993,119.903,0,0,0,Vessel Live Movement,
ASTERIOS,NCI,Qingdao,CNTAO,2026-08-01 09:00:00,4.39752,164.604427,Transit,0,400.433,119.903,0,0,0,Vessel Live Movement,
ASTERIOS,NCI,Qingdao,CNTAO,2026-08-01 12:00:00,4.323822,161.690189,Transit,0,397.874,119.903,0,0,0,Vessel Live Movement,
ASTERIOS,NCI,Qingdao,CNTAO,2026-08-01 15:00:00,4.238985,158.776559,Transit,0,395.315,119.903,0,0,0,Vessel Live Movement,
ASTERIOS,NCI,Qingdao,CNTAO,2026-08-01 18:00:00,4.143231,155.86361,Transit,0,392.755,119.903,0,0,0,Vessel Live Movement,
ASTERIOS,NCI,Qingdao,CNTAO,2026-08-01 21:00:00,4.03681,152.951405,Transit,0,390.196,119.903,0,0,0,Vessel Live Movement,
ASTERIOS,NCI,Qingdao,CNTAO,2026-08-02 00:00:00,3.920358,150.038788,Berthed,0,389.769,119.903,0,0,0,Vessel Live Movement,
ASTERIOS,NCI,Qingdao,CNTAO,2026-08-02 03:00:00,3.918713,150.038526,Berthed,0,389.343,119.903,0,0,0,Vessel Live Movement,
ASTERIOS,NCI,Qingdao,CNTAO,2026-08-02 06:00:00,3.920173,150.039134,Berthed,0,388.916,119.903,0,0,0,Vessel Live Movement,
ASTERIOS,NCI,Qingdao,CNTAO,2026-08-02 09:00:00,3.919249,150.039193,Berthed,0,388.49,119.903,0,0,0,Vessel Live Movement,
ASTERIOS,NCI,Qingdao,CNTAO,2026-08-02 12:00:00,3.920944,150.040889,Berthed,0,388.063,119.903,0,0,0,Vessel Live Movement,
ASTERIOS,NCI,Qingdao,CNTAO,2026-08-02 15:00:00,3.920758,150.037535,Berthed,0,387.636,119.903,0,0,0,Vessel Live Movement,
ASTERIOS,NCI,Qingdao,CNTAO,2026-08-02 18:00:00,3.919627,150.041437,Berthed,0,387.21,119.903,0,0,0,Vessel Live Movement,
ASTERIOS,NCI,Qingdao,CNTAO,2026-08-02 21:00:00,3.919313,150.039682,Berthed,0,386.783,119.903,0,0,0,Vessel Live Movement,
ASTERIOS,NCI,Qingdao,CNTAO,2026-08-03 00:00:00,3.920685,150.040298,Berthed,0,386.357,119.903,0,0,0,Vessel Live Movement,
ASTERIOS,NCI,Qingdao,CNTAO,2026-08-03 03:00:00,3.920524,150.039661,Berthed,0,385.93,119.903,0,0,0,Vessel Live Movement,
ASTERIOS,NCI,Qingdao,CNTAO,2026-08-03 06:00:00,3.921897,150.039845,Berthed,0,385.504,119.903,0,0,0,Vessel Live Movement,
ASTERIOS,NCI,Qingdao,CNTAO,2026-08-03 09:00:00,3.920278,150.038826,Berthed,0,385.077,119.903,0,0,0,Vessel Live Movement,
ASTERIOS,NCI,Qingdao,CNTAO,2026-08-03 12:00:00,3.920829,150.040007,Berthed,0,384.651,119.903,0,0,0,Vessel Live Movement,
ASTERIOS,NCI,Qingdao,CNTAO,2026-08-03 15:00:00,3.922657,150.040151,Berthed,0,384.224,119.903,0,0,0,Vessel Live Movement,
ASTERIOS,NCI,Qingdao,CNTAO,2026-08-03 18:00:00,3.918228,150.041687,Berthed,0,383.797,119.903,0,0,0,Vessel Live Movement,
ASTERIOS,NCI,Qingdao,CNTAO,2026-08-03 21:00:00,3.920297,150.0406,Berthed,0,383.371,119.903,0,0,0,Vessel Live Movement,
ASTERIOS,NCI,Xiamen,CNXMN,2026-08-04 00:00:00,3.92,150.04,Transit,0,380.811,119.903,0,0,0,Vessel Live Movement,
ASTERIOS,NCI,Xiamen,CNXMN,2026-08-04 03:00:00,3.631221,150.886735,Transit,0,378.252,119.903,0,0,0,Vessel Live Movement,
ASTERIOS,NCI,Xiamen,CNXMN,2026-08-04 06:00:00,3.341653,151.732928,Transit,0,375.693,119.903,0,0,0,Vessel Live Movement,
ASTERIOS,NCI,Xiamen,CNXMN,2026-08-04 09:00:00,3.051357,152.578621,Transit,0,373.133,119.903,0,0,0,Vessel Live Movement,
ASTERIOS,NCI,Xiamen,CNXMN,2026-08-04 12:00:00,2.760398,153.423857,Transit,0,370.574,119.903,0,0,0,Vessel Live Movement,
ASTERIOS,NCI,Xiamen,CNXMN,2026-08-04 15:00:00,2.46884,154.268679,Transit,0,368.015,119.903,0,0,0,Vessel Live Movement,
ASTERIOS,NCI,Xiamen,CNXMN,2026-08-04 18:00:00,2.176745,155.113129,Transit,0,365.455,119.903,0,0,0,Vessel Live Movement,
ASTERIOS,NCI,Xiamen,CNXMN,2026-08-04 21:00:00,1.884179,155.957253,Transit,0,362.896,119.903,0,0,0,Vessel Live Movement,
ASTERIOS,NCI,Xiamen,CNXMN,2026-08-05 00:00:00,1.591204,156.801092,Transit,0,360.336,119.903,0,0,0,Vessel Live Movement,
ASTERIOS,NCI,Xiamen,CNXMN,2026-08-05 03:00:00,1.297884,157.644692,Transit,0,357.777,119.903,0,0,0,Vessel Live Movement,
ASTERIOS,NCI,Xiamen,CNXMN,2026-08-05 06:00:00,1.004283,158.488096,Transit,0,355.218,119.903,0,0,0,Vessel Live Movement,
ASTERIOS,NCI,Xiamen,CNXMN,2026-08-05 09:00:00,0.710465,159.331348,Transit,0,352.658,119.903,0,0,0,Vessel Live Movement,
ASTERIOS,NCI,Xiamen,CNXMN,2026-08-05 12:00:00,0.416492,160.174493,Transit,0,350.099,119.903,0,0,0,Vessel Live Movement,
ASTERIOS,NCI,Xiamen,CNXMN,2026-08-05 15:00:00,0.12243,161.017575,Transit,0,347.54,119.903,0,0,0,Vessel Live Movement,
ASTERIOS,NCI,Xiamen,CNXMN,2026-08-05 18:00:00,-0.171659,161.860639,Transit,0,344.98,119.903,0,0,0,Vessel Live Movement,
ASTERIOS,NCI,Xiamen,CNXMN,2026-08-05 21:00:00,-0.465711,162.703729,Transit,0,342.421,119.903,0,0,0,Vessel Live Movement,
ASTERIOS,NCI,Xiamen,CNXMN,2026-08-06 00:00:00,-0.759662,163.546889,Transit,0,339.861,119.903,0,0,0,Vessel Live Movement,
ASTERIOS,NCI,Xiamen,CNXMN,2026-08-06 03:00:00,-1.053449,164.390163,Transit,0,337.302,119.903,0,0,0,Vessel Live Movement,
ASTERIOS,NCI,Xiamen,CNXMN,2026-08-06 06:00:00,-1.347007,165.233597,Transit,0,334.743,119.903,0,0,0,Vessel Live Movement,
ASTERIOS,NCI,Xiamen,CNXMN,2026-08-06 09:00:00,-1.640274,166.077234,Transit,0,332.183,119.903,0,0,0,Vessel Live Movement,
ASTERIOS,NCI,Xiamen,CNXMN,2026-08-06 12:00:00,-1.933185,166.921118,Transit,0,329.624,119.903,0,0,0,Vessel Live Movement,
ASTERIOS,NCI,Xiamen,CNXMN,2026-08-06 15:00:00,-2.225676,167.765293,Transit,0,327.065,119.903,0,0,0,Vessel Live Movement,
ASTERIOS,NCI,Xiamen,CNXMN,2026-08-06 18:00:00,-2.517685,168.609803,Transit,0,324.505,119.903,0,0,0,Vessel Live Movement,
ASTERIOS,NCI,Xiamen,CNXMN,2026-08-06 21:00:00,-2.809148,169.454691,Transit,0,321.946,119.903,0,0,0,Vessel Live Movement,
ASTERIOS,NCI,Xiamen,CNXMN,2026-08-07 00:00:00,-3.102214,170.299564,Berthed,0,321.519,119.903,0,0,0,Vessel Live Movement,
ASTERIOS,NCI,Xiamen,CNXMN,2026-08-07 03:00:00,-3.09969,170.300954,Berthed,0,321.093,119.903,0,0,0,Vessel Live Movement,
ASTERIOS,NCI,Xiamen,CNXMN,2026-08-07 06:00:00,-3.10032,170.299199,Berthed,0,320.666,119.903,0,0,0,Vessel Live Movement,
ASTERIOS,NCI,Xiamen,CNXMN,2026-08-07 09:00:00,-3.100754,170.301769,Berthed,0,320.24,119.903,0,0,0,Vessel Live Movement,
ASTERIOS,NCI,Xiamen,CNXMN,2026-08-07 12:00:00,-3.102286,170.298379,Berthed,0,319.813,119.903,0,0,0,Vessel Live Movement,
ASTERIOS,NCI,Xiamen,CNXMN,2026-08-07 15:00:00,-3.097877,170.298776,Berthed,0,319.386,119.903,0,0,0,Vessel Live Movement,
ASTERIOS,NCI,Xiamen,CNXMN,2026-08-07 18:00:00,-3.099831,170.298905,Berthed,0,318.96,119.903,0,0,0,Vessel Live Movement,
ASTERIOS,NCI,Xiamen,CNXMN,2026-08-07 21:00:00,-3.099158,170.29869,Berthed,0,318.533,119.903,0,0,0,Vessel Live Movement,
ASTERIOS,NCI,Jakarta,IDJKT,2026-08-08 00:00:00,-3.1,170.3,Transit,0,315.974,119.903,0,0,0,Vessel Live Movement,
ASTERIOS,NCI,Jakarta,IDJKT,2026-08-08 03:00:00,-2.917186,170.070702,Transit,0,313.415,119.903,0,0,0,Vessel Live Movement,
ASTERIOS,NCI,Jakarta,IDJKT,2026-08-08 06:00:00,-2.734326,169.841479,Transit,0,310.855,119.903,0,0,0,Vessel Live Movement,
ASTERIOS,NCI,Jakarta,IDJKT,2026-08-08 09:00:00,-2.551422,169.612325,Transit,0,308.296,119.903,0,0,0,Vessel Live Movement,
ASTERIOS,NCI,Jakarta,IDJKT,2026-08-08 12:00:00,-2.368477,169.383237,Transit,0,305.736,119.903,0,0,0,Vessel Live Movement,
ASTERIOS,NCI,Jakarta,IDJKT,2026-08-08 15:00:00,-2.185494,169.154209,Transit,0,303.177,119.903,0,0,0,Vessel Live Movement,
ASTERIOS,NCI,Jakarta,IDJKT,2026-08-08 18:00:00,-2.002476,168.925237,Transit,0,300.618,119.903,0,0,0,Vessel Live Movement,
ASTERIOS,NCI,Jakarta,IDJKT,2026-08-08 21:00:00,-1.819427,168.696316,Transit,0,298.058,119.903,0,0,0,Vessel Live Movement,
ASTERIOS,NCI,Jakarta,IDJKT,2026-08-09 00:00:00,-1.636348,168.467441,Transit,0,295.499,119.903,0,0,0,Vessel Live Movement,
ASTERIOS,NCI,Jakarta,IDJKT,2026-08-09 03:00:00,-1.453244,168.238609,Transit,0,292.94,119.903,0,0,0,Vessel Live Movement,
ASTERIOS,NCI,Jakarta,IDJKT,2026-08-09 06:00:00,-1.270116,168.009813,Transit,0,290.38,119.903,0,0,0,Vessel Live Movement,
ASTERIOS,NCI,Jakarta,IDJKT,2026-08-09 09:00:00,-1.086968,167.78105,Transit,0,287.821,119.903,0,0,0,Vessel Live Movement,
ASTERIOS,NCI,Jakarta,IDJKT,2026-08-09 12:00:00,-0.903802,167.552315,Transit,0,285.261,119.903,0,0,0,Vessel Live Movement,
ASTERIOS,NCI,Jakarta,IDJKT,2026-08-09 15:00:00,-0.720623,167.323602,Transit,0,282.702,119.903,0,0,0,Vessel Live Movement,
ASTERIOS,NCI,Jakarta,IDJKT,2026-08-09 18:00:00,-0.537431,167.094909,Transit,0,280.143,119.903,0,0,0,Vessel Live Movement,
ASTERIOS,NCI,Jakarta,IDJKT,2026-08-09 21:00:00,-0.354232,166.866228,Transit,0,277.583,119.903,0,0,0,Vessel Live Movement,
ASTERIOS,NCI,Jakarta,IDJKT,2026-08-10 00:00:00,-0.171026,166.637557,Transit,0,275.024,119.903,0,0,0,Vessel Live Movement,
ASTERIOS,NCI,Jakarta,IDJKT,2026-08-10 03:00:00,0.012182,166.40889,Transit,0,272.465,119.903,0,0,0,Vessel Live Movement,
ASTERIOS,NCI,Jakarta,IDJKT,2026-08-10 06:00:00,0.19539,166.180223,Transit,0,269.905,119.903,0,0,0,Vessel Live Movement,
ASTERIOS,NCI,Jakarta,IDJKT,2026-08-10 09:00:00,0.378595,165.951551,Transit,0,267.346,119.903,0,0,0,Vessel Live Movement,
ASTERIOS,NCI,Jakarta,IDJKT,2026-08-10 12:00:00,0.561794,165.72287,Transit,0,264.786,119.903,0,0,0,Vessel Live Movement,
ASTERIOS,NCI,Jakarta,IDJKT,2026-08-10 15:00:00,0.744984,165.494174,Transit,0,262.227,119.903,0,0,0,Vessel Live Movement,
ASTERIOS,NCI,Jakarta,IDJKT,2026-08-10 18:00:00,0.928162,165.265458,Transit,0,259.668,119.903,0,0,0,Vessel Live Movement,
ASTERIOS,NCI,Jakarta,IDJKT,2026-08-10 21:00:00,1.111325,165.03672,Transit,0,257.108,119.903,0,0,0,Vessel Live Movement,
ASTERIOS,NCI,Jakarta,IDJKT,2026-08-11 00:00:00,1.29447,164.807952,Transit,0,254.549,119.903,0,0,0,Vessel Live Movement,
ASTERIOS,NCI,Jakarta,IDJKT,2026-08-11 03:00:00,1.477595,164.579152,Transit,0,251.99,119.903,0,0,0,Vessel Live Movement,
ASTERIOS,NCI,Jakarta,IDJKT,2026-08-11 06:00:00,1.660697,164.350314,Transit,0,249.43,119.903,0,0,0,Vessel Live Movement,
ASTERIOS,NCI,Jakarta,IDJKT,2026-08-11 09:00:00,1.843772,164.121434,Transit,0,246.871,119.903,0,0,0,Vessel Live Movement,
ASTERIOS,NCI,Jakarta,IDJKT,2026-08-11 12:00:00,2.026817,163.892507,Transit,0,244.311,119.903,0,0,0,Vessel Live Movement,
ASTERIOS,NCI,Jakarta,IDJKT,2026-08-11 15:00:00,2.20983,163.663527,Transit,0,241.752,119.903,0,0,0,Vessel Live Movement,
ASTERIOS,NCI,Jakarta,IDJKT,2026-08-11 18:00:00,2.392808,163.434492,Transit,0,239.193,119.903,0,0,0,Vessel Live Movement,
ASTERIOS,NCI,Jakarta,IDJKT,2026-08-11 21:00:00,2.575748,163.205395,Transit,0,236.633,119.903,0,0,0,Vessel Live Movement,
ASTERIOS,NCI,Jakarta,IDJKT,2026-08-12 00:00:00,2.758646,162.976232,Transit,0,234.074,119.903,0,0,0,Vessel Live Movement,
ASTERIOS,NCI,Jakarta,IDJKT,2026-08-12 03:00:00,2.941501,162.746999,Transit,0,231.515,119.903,0,0,0,Vessel Live Movement,
ASTERIOS,NCI,Jakarta,IDJKT,2026-08-12 06:00:00,3.124308,162.517691,Transit,0,228.955,119.903,0,0,0,Vessel Live Movement,
ASTERIOS,NCI,Jakarta,IDJKT,2026-08-12 09:00:00,3.307065,162.288303,Transit,0,226.396,119.903,0,0,0,Vessel Live Movement,
ASTERIOS,NCI,Jakarta,IDJKT,2026-08-12 12:00:00,3.48977,162.05883,Transit,0,223.836,119.903,0,0,0,Vessel Live Movement,
ASTERIOS,NCI,Jakarta,IDJKT,2026-08-12 15:00:00,3.672419,161.829268,Transit,0,221.277,119.903,0,0,0,Vessel Live Movement,
ASTERIOS,NCI,Jakarta,IDJKT,2026-08-12 18:00:00,3.855009,161.599612,Transit,0,218.718,119.903,0,0,0,Vessel Live Movement,
ASTERIOS,NCI,Jakarta,IDJKT,2026-08-12 21:00:00,4.037537,161.369858,Transit,0,216.158,119.903,0,0,0,Vessel Live Movement,
ASTERIOS,NCI,Jakarta,IDJKT,2026-08-13 00:00:00,4.219733,161.14042,Berthed,0,215.732,119.903,0,0,0,Vessel Live Movement,
ASTERIOS,NCI,Jakarta,IDJKT,2026-08-13 03:00:00,4.218244,161.141286,Berthed,0,215.305,119.903,0,0,0,Vessel Live Movement,
ASTERIOS,NCI,Jakarta,IDJKT,2026-08-13 06:00:00,4.220333,161.140267,Berthed,0,214.879,119.903,0,0,0,Vessel Live Movement,
ASTERIOS,NCI,Jakarta,IDJKT,2026-08-13 09:00:00,4.221151,161.141603,Berthed,0,214.452,119.903,0,0,0,Vessel Live Movement,
ASTERIOS,NCI,Jakarta,IDJKT,2026-08-13 12:00:00,4.220191,161.140415,Berthed,0,214.026,119.903,0,0,0,Vessel Live Movement,
ASTERIOS,NCI,Jakarta,IDJKT,2026-08-13 15:00:00,4.221556,161.139519,Berthed,0,213.599,119.903,0,0,0,Vessel Live Movement,
ASTERIOS,NCI,Jakarta,IDJKT,2026-08-13 18:00:00,4.219553,161.140001,Berthed,0,213.172,119.903,0,0,0,Vessel Live Movement,
ASTERIOS,NCI,Jakarta,IDJKT,2026-08-13 21:00:00,4.220372,161.14012,Berthed,0,212.746,119.903,0,0,0,Vessel Live Movement,
ASTERIOS,NCI,Jakarta,IDJKT,2026-08-14 00:00:00,4.218549,161.140468,Berthed,0,212.319,119.903,0,0,0,Vessel Live Movement,
ASTERIOS,NCI,Jakarta,IDJKT,2026-08-14 03:00:00,4.220558,161.139951,Berthed,0,211.893,119.903,0,0,0,Vessel Live Movement,
ASTERIOS,NCI,Jakarta,IDJKT,2026-08-14 06:00:00,4.218667,161.140282,Berthed,0,211.466,119.903,0,0,0,Vessel Live Movement,
ASTERIOS,NCI,Jakarta,IDJKT,2026-08-14 09:00:00,4.220262,161.139879,Berthed,0,211.04,119.903,0,0,0,Vessel Live Movement,
ASTERIOS,NCI,Jakarta,IDJKT,2026-08-14 12:00:00,4.218917,161.138699,Berthed,0,210.613,119.903,0,0,0,Vessel Live Movement,
ASTERIOS,NCI,Jakarta,IDJKT,2026-08-14 15:00:00,4.219684,161.138424,Berthed,0,210.186,119.903,0,0,0,Vessel Live Movement,
ASTERIOS,NCI,Jakarta,IDJKT,2026-08-14 18:00:00,4.221001,161.138612,Berthed,0,209.76,119.903,0,0,0,Vessel Live Movement,
ASTERIOS,NCI,Jakarta,IDJKT,2026-08-14 21:00:00,4.220539,161.138676,Berthed,0,209.333,119.903,0,0,0,Vessel Live Movement,
ASTERIOS,NCI,Surabaya,IDSUB,2026-08-15 00:00:00,4.22,161.14,Transit,0,206.774,119.903,0,0,0,Vessel Live Movement,
ASTERIOS,NCI,Surabaya,IDSUB,2026-08-15 03:00:00,4.767156,162.577239,Transit,0,204.215,119.903,0,0,0,Vessel Live Movement,
ASTERIOS,NCI,Surabaya,IDSUB,2026-08-15 06:00:00,5.311322,164.016763,Transit,0,201.655,119.903,0,0,0,Vessel Live Movement,
ASTERIOS,NCI,Surabaya,IDSUB,2026-08-15 09:00:00,5.852148,165.458823,Transit,0,199.096,119.903,0,0,0,Vessel Live Movement,
ASTERIOS,NCI,Surabaya,IDSUB,2026-08-15 12:00:00,6.389286,166.903667,Transit,0,196.536,119.903,0,0,0,Vessel Live Movement,
ASTERIOS,NCI,Surabaya,IDSUB,2026-08-15 15:00:00,6.922387,168.351535,Transit,0,193.977,119.903,0,0,0,Vessel Live Movement,
ASTERIOS,NCI,Surabaya,IDSUB,2026-08-15 18:00:00,7.4511,169.802665,Transit,0,191.418,119.903,0,0,0,Vessel Live Movement,
ASTERIOS,NCI,Surabaya,IDSUB,2026-08-15 21:00:00,7.975076,171.257285,Transit,0,188.858,119.903,0,0,0,Vessel Live Movement,
ASTERIOS,NCI,Surabaya,IDSUB,2026-08-16 00:00:00,8.493965,172.715619,Transit,0,186.299,119.903,0,0,0,Vessel Live Movement,
ASTERIOS,NCI,Surabaya,IDSUB,2026-08-16 03:00:00,9.007418,174.177883,Transit,0,183.74,119.903,0,0,0,Vessel Live Movement,
ASTERIOS,NCI,Surabaya,IDSUB,2026-08-16 06:00:00,9.515084,175.644282,Transit,0,181.18,119.903,0,0,0,Vessel Live Movement,
ASTERIOS,NCI,Surabaya,IDSUB,2026-08-16 09:00:00,10.016613,177.115017,Transit,0,178.621,119.903,0,0,0,Vessel Live Movement,
ASTERIOS,NCI,Surabaya,IDSUB,2026-08-16 12:00:00,10.511656,178.590277,Transit,0,176.061,119.903,0,0,0,Vessel Live Movement,
ASTERIOS,NCI,Surabaya,IDSUB,2026-08-16 15:00:00,10.999865,-179.929758,Transit,0,173.502,119.903,0,0,0,Vessel Live Movement,
ASTERIOS,NCI,Surabaya,IDSUB,2026-08-16 18:00:00,11.48089,-178.44492,Transit,0,170.943,119.903,0,0,0,Vessel Live Movement,
ASTERIOS,NCI,Surabaya,IDSUB,2026-08-16 21:00:00,11.954384,-176.955049,Transit,0,168.383,119.903,0,0,0,Vessel Live Movement,
ASTERIOS,NCI,Surabaya,IDSUB,2026-08-17 00:00:00,12.420426,-175.458749,Berthed,0,167.957,119.903,0,0,0,Vessel Live Movement,
ASTERIOS,NCI,Surabaya,IDSUB,2026-08-17 03:00:00,12.42075,-175.458407,Berthed,0,167.53,119.903,0,0,0,Vessel Live Movement,
ASTERIOS,NCI,Surabaya,IDSUB,2026-08-17 06:00:00,12.420621,-175.461575,Berthed,0,167.104,119.903,0,0,0,Vessel Live Movement,
ASTERIOS,NCI,Surabaya,IDSUB,2026-08-17 09:00:00,12.421373,-175.46,Berthed,0,166.677,119.903,0,0,0,Vessel Live Movement,
ASTERIOS,NCI,Surabaya,IDSUB,2026-08-17 12:00:00,12.41969,-175.458595,Berthed,0,166.251,119.903,0,0,0,Vessel Live Movement,
ASTERIOS,NCI,Surabaya,IDSUB,2026-08-17 15:00:00,12.421302,-175.460853,Berthed,0,165.824,119.903,0,0,0,Vessel Live Movement,
ASTERIOS,NCI,Surabaya,IDSUB,2026-08-17 18:00:00,12.419824,-175.459377,Berthed,0,165.397,119.903,0,0,0,Vessel Live Movement,
ASTERIOS,NCI,Surabaya,IDSUB,2026-08-17 21:00:00,12.420653,-175.4586,Berthed,0,164.971,119.903,0,0,0,Vessel Live Movement,
ASTERIOS,NCI,Tianjin,CNTSN,2026-08-18 00:00:00,12.42,-175.46,Transit,0,162.411,119.903,0,0,0,Vessel Live Movement,
ASTERIOS,NCI,Tianjin,CNTSN,2026-08-18 03:00:00,12.099445,-175.936768,Transit,0,159.852,119.903,0,0,0,Vessel Live Movement,
ASTERIOS,NCI,Tianjin,CNTSN,2026-08-18 06:00:00,11.778078,-176.412393,Transit,0,157.293,119.903,0,0,0,Vessel Live Movement,
ASTERIOS,NCI,Tianjin,CNTSN,2026-08-18 09:00:00,11.455925,-176.886905,Transit,0,154.733,119.903,0,0,0,Vessel Live Movement,
ASTERIOS,NCI,Tianjin,CNTSN,2026-08-18 12:00:00,11.133008,-177.360336,Transit,0,152.174,119.903,0,0,0,Vessel Live Movement,
ASTERIOS,NCI,Tianjin,CNTSN,2026-08-18 15:00:00,10.809352,-177.832716,Transit,0,149.615,119.903,0,0,0,Vessel Live Movement,
ASTERIOS,NCI,Tianjin,CNTSN,2026-08-18 18:00:00,10.48498,-178.304078,Transit,0,147.055,119.903,0,0,0,Vessel Live Movement,
ASTERIOS,NCI,Tianjin,CNTSN,2026-08-18 21:00:00,10.159915,-178.774451,Transit,0,144.496,119.903,0,0,0,Vessel Live Movement,
ASTERIOS,NCI,Tianjin,CNTSN,2026-08-19 00:00:00,9.834181,-179.243869,Transit,0,141.936,119.903,0,0,0,Vessel Live Movement,
ASTERIOS,NCI,Tianjin,CNTSN,2026-08-19 03:00:00,9.507802,-179.712361,Transit,0,139.377,119.903,0,0,0,Vessel Live Movement,
ASTERIOS,NCI,Tianjin,CNTSN,2026-08-19 06:00:00,9.180799,179.820041,Transit,0,136.818,119.903,0,0,0,Vessel Live Movement,
ASTERIOS,NCI,Tianjin,CNTSN,2026-08-19 09:00:00,8.853197,179.353306,Transit,0,134.258,119.903,0,0,0,Vessel Live Movement,
ASTERIOS,NCI,Tianjin,CNTSN,2026-08-19 12:00:00,8.525017,178.887402,Transit,0,131.699,119.903,0,0,0,Vessel Live Movement,
ASTERIOS,NCI,Tianjin,CNTSN,2026-08-19 15:00:00,8.196283,178.422298,Transit,0,129.14,119.903,0,0,0,Vessel Live Movement,
ASTERIOS,NCI,Tianjin,CNTSN,2026-08-19 18:00:00,7.867017,177.957962,Transit,0,126.58,119.903,0,0,0,Vessel Live Movement,
ASTERIOS,NCI,Tianjin,CNTSN,2026-08-19 21:00:00,7.537242,177.494364,Transit,0,124.021,119.903,0,0,0,Vessel Live Movement,
ASTERIOS,NCI,Tianjin,CNTSN,2026-08-20 00:00:00,7.206979,177.031472,Transit,0,121.461,119.903,0,0,0,Vessel Live Movement,
ASTERIOS,NCI,Tianjin,CNTSN,2026-08-20 03:00:00,6.876252,176.569255,Transit,0,118.902,119.903,0,0,0,Vessel Live Movement,
ASTERIOS,NCI,Tianjin,CNTSN,2026-08-20 06:00:00,6.545083,176.107682,Transit,0,116.343,119.903,0,0,0,Vessel Live Movement,
ASTERIOS,NCI,Tianjin,CNTSN,2026-08-20 09:00:00,6.213492,175.64672,Transit,0,113.783,119.903,0,0,0,Vessel Live Movement,
ASTERIOS,NCI,Tianjin,CNTSN,2026-08-20 12:00:00,5.881503,175.186339,Transit,0,111.224,119.903,0,0,0,Vessel Live Movement,
ASTERIOS,NCI,Tianjin,CNTSN,2026-08-20 15:00:00,5.549138,174.726508,Transit,0,108.665,119.903,0,0,0,Vessel Live Movement,
ASTERIOS,NCI,Tianjin,CNTSN,2026-08-20 18:00:00,5.216418,174.267196,Transit,0,106.105,119.903,0,0,0,Vessel Live Movement,
ASTERIOS,NCI,Tianjin,CNTSN,2026-08-20 21:00:00,4.883365,173.80837,Transit,0,103.546,119.903,0,0,0,Vessel Live Movement,
ASTERIOS,NCI,Tianjin,CNTSN,2026-08-21 00:00:00,4.548368,173.348156,Berthed,0,462.473,119.903,0,359.354,0,Vessel Live Movement,
ASTERIOS,NCI,Tianjin,CNTSN,2026-08-21 03:00:00,4.550475,173.350433,Berthed,0,462.046,119.903,0,0,0,Vessel Live Movement,
ASTERIOS,NCI,Tianjin,CNTSN,2026-08-21 06:00:00,4.549641,173.349625,Berthed,0,461.62,119.903,0,0,0,Vessel Live Movement,
ASTERIOS,NCI,Tianjin,CNTSN,2026-08-21 09:00:00,4.551631,173.350892,Berthed,0,461.193,119.903,0,0,0,Vessel Live Movement,
ASTERIOS,NCI,Tianjin,CNTSN,2026-08-21 12:00:00,4.548828,173.349108,Berthed,0,460.767,119.903,0,0,0,Vessel Live Movement,
ASTERIOS,NCI,Tianjin,CNTSN,2026-08-21 15:00:00,4.55152,173.350407,Berthed,0,460.34,119.903,0,0,0,Vessel Live Movement,
ASTERIOS,NCI,Tianjin,CNTSN,2026-08-21 18:00:00,4.548743,173.35153,Berthed,0,459.914,119.903,0,0,0,Vessel Live Movement,
ASTERIOS,NCI,Tianjin,CNTSN,2026-08-21 21:00:00,4.549285,173.349336,Berthed,0,459.487,119.903,0,0,0,Vessel Live Movement,
ASTERIOS,NCI,Tianjin,CNTSN,2026-08-22 00:00:00,4.550076,173.351575,Berthed,0,459.061,119.903,0,0,0,Vessel Live Movement,
ASTERIOS,NCI,Tianjin,CNTSN,2026-08-22 03:00:00,4.549727,173.348593,Berthed,0,458.634,119.903,0,0,0,Vessel Live Movement,
ASTERIOS,NCI,Tianjin,CNTSN,2026-08-22 06:00:00,4.550907,173.350746,Berthed,0,458.207,119.903,0,0,0,Vessel Live Movement,
ASTERIOS,NCI,Tianjin,CNTSN,2026-08-22 09:00:00,4.550492,173.349278,Berthed,0,457.781,119.903,0,0,0,Vessel Live Movement,
ASTERIOS,NCI,Tianjin,CNTSN,2026-08-22 12:00:00,4.550795,173.351191,Berthed,0,457.354,119.903,0,0,0,Vessel Live Movement,
ASTERIOS,NCI,Tianjin,CNTSN,2026-08-22 15:00:00,4.55008,173.350049,Berthed,0,456.928,119.903,0,0,0,Vessel Live Movement,
ASTERIOS,NCI,Tianjin,CNTSN,2026-08-22 18:00:00,4.549888,173.349879,Berthed,0,456.501,119.903,0,0,0,Vessel Live Movement,
ASTERIOS,NCI,Tianjin,CNTSN,2026-08-22 21:00:00,4.549293,173.348913,Berthed,0,456.075,119.903,0,0,0,Vessel Live Movement,
ASTERIOS,NCI,Qingdao,CNTAO,2026-08-23 00:00:00,4.55,173.35,Transit,0,453.515,119.903,0,0,0,Vessel Live Movement,
ASTERIOS,NCI,Qingdao,CNTAO,2026-08-23 03:00:00,4.510757,170.434418,Transit,0,450.956,119.903,0,0,0,Vessel Live Movement,
ASTERIOS,NCI,Qingdao,CNTAO,2026-08-23 06:00:00,4.459886,167.519198,Transit,0,448.396,119.903,0,0,0,Vessel Live Movement,
ASTERIOS,NCI,Qingdao,CNTAO,2026-08-23 09:00:00,4.39752,164.604427,Transit,0,445.837,119.903,0,0,0,Vessel Live Movement,
ASTERIOS,NCI,Qingdao,CNTAO,2026-08-23 12:00:00,4.323822,161.690189,Transit,0,443.278,119.903,0,0,0,Vessel Live Movement,
ASTERIOS,NCI,Qingdao,CNTAO,2026-08-23 15:00:00,4.238985,158.776559,Transit,0,440.718,119.903,0,0,0,Vessel Live Movement,
ASTERIOS,NCI,Qingdao,CNTAO,2026-08-23 18:00:00,4.143231,155.86361,Transit,0,438.159,119.903,0,0,0,Vessel Live Movement,
ASTERIOS,NCI,Qingdao,CNTAO,2026-08-23 21:00:00,4.03681,152.951405,Transit,0,435.6,119.903,0,0,0,Vessel Live Movement,
ASTERIOS,NCI,Qingdao,CNTAO,2026-08-24 00:00:00,3.919168,150.038779,Berthed,0,435.173,119.903,0,0,0,Vessel Live Movement,
ASTERIOS,NCI,Qingdao,CNTAO,2026-08-24 03:00:00,3.919283,150.040795,Berthed,0,434.746,119.903,0,0,0,Vessel Live Movement,
ASTERIOS,NCI,Qingdao,CNTAO,2026-08-24 06:00:00,3.920806,150.039328,Berthed,0,434.32,119.903,0,0,0,Vessel Live Movement,
ASTERIOS,NCI,Qingdao,CNTAO,2026-08-24 09:00:00,3.91981,150.040711,Berthed,0,433.893,119.903,0,0,0,Vessel Live Movement,
ASTERIOS,NCI,Qingdao,CNTAO,2026-08-24 12:00:00,3.918194,150.038215,Berthed,0,433.467,119.903,0,0,0,Vessel Live Movement,
ASTERIOS,NCI,Qingdao,CNTAO,2026-08-24 15:00:00,3.918707,150.039867,Berthed,0,433.04,119.903,0,0,0,Vessel Live Movement,
ASTERIOS,NCI,Qingdao,CNTAO,2026-08-24 18:00:00,3.919622,150.040835,Berthed,0,432.614,119.903,0,0,0,Vessel Live Movement,
ASTERIOS,NCI,Qingdao,CNTAO,2026-08-24 21:00:00,3.918517,150.039696,Berthed,0,432.187,119.903,0,0,0,Vessel Live Movement,
ASTERIOS,NCI,Qingdao,CNTAO,2026-08-25 00:00:00,3.922025,150.039068,Berthed,0,431.761,119.903,0,0,0,Vessel Live Movement,
ASTERIOS,NCI,Qingdao,CNTAO,2026-08-25 03:00:00,3.920335,150.041146,Berthed,0,431.334,119.903,0,0,0,Vessel Live Movement,
ASTERIOS,NCI,Qingdao,CNTAO,2026-08-25 06:00:00,3.920754,150.039752,Berthed,0,430.907,119.903,0,0,0,Vessel Live Movement,
ASTERIOS,NCI,Qingdao,CNTAO,2026-08-25 09:00:00,3.920176,150.040272,Berthed,0,430.481,119.903,0,0,0,Vessel Live Movement,
ASTERIOS,NCI,Qingdao,CNTAO,2026-08-25 12:00:00,3.920653,150.040189,Berthed,0,430.054,119.903,0,0,0,Vessel Live Movement,
ASTERIOS,NCI,Qingdao,CNTAO,2026-08-25 15:00:00,3.918521,150.040782,Berthed,0,429.628,119.903,0,0,0,Vessel Live Movement,
ASTERIOS,NCI,Qingdao,CNTAO,2026-08-25 18:00:00,3.921362,150.04056,Berthed,0,429.201,119.903,0,0,0,Vessel Live Movement,
ASTERIOS,NCI,Qingdao,CNTAO,2026-08-25 21:00:00,3.919474,150.04058,Berthed,0,428.775,119.903,0,0,0,Vessel Live Movement,
ASTERIOS,NCI,Xiamen,CNXMN,2026-08-26 00:00:00,3.92,150.04,Transit,0,426.215,119.903,0,0,0,Vessel Live Movement,
ASTERIOS,NCI,Xiamen,CNXMN,2026-08-26 03:00:00,3.631221,150.886735,Transit,0,423.656,119.903,0,0,0,Vessel Live Movement,
ASTERIOS,NCI,Xiamen,CNXMN,2026-08-26 06:00:00,3.341653,151.732928,Transit,0,421.096,119.903,0,0,0,Vessel Live Movement,
ASTERIOS,NCI,Xiamen,CNXMN,2026-08-26 09:00:00,3.051357,152.578621,Transit,0,418.537,119.903,0,0,0,Vessel Live Movement,
ASTERIOS,NCI,Xiamen,CNXMN,2026-08-26 12:00:00,2.760398,153.423857,Transit,0,415.978,119.903,0,0,0,Vessel Live Movement,
ASTERIOS,NCI,Xiamen,CNXMN,2026-08-26 15:00:00,2.46884,154.268679,Transit,0,413.418,119.903,0,0,0,Vessel Live Movement,
ASTERIOS,NCI,Xiamen,CNXMN,2026-08-26 18:00:00,2.176745,155.113129,Transit,0,410.859,119.903,0,0,0,Vessel Live Movement,
ASTERIOS,NCI,Xiamen,CNXMN,2026-08-26 21:00:00,1.884179,155.957253,Transit,0,408.3,119.903,0,0,0,Vessel Live Movement,
ASTERIOS,NCI,Xiamen,CNXMN,2026-08-27 00:00:00,1.591204,156.801092,Transit,0,405.74,119.903,0,0,0,Vessel Live Movement,
ASTERIOS,NCI,Xiamen,CNXMN,2026-08-27 03:00:00,1.297884,157.644692,Transit,0,403.181,119.903,0,0,0,Vessel Live Movement,
ASTERIOS,NCI,Xiamen,CNXMN,2026-08-27 06:00:00,1.004283,158.488096,Transit,0,400.621,119.903,0,0,0,Vessel Live Movement,
ASTERIOS,NCI,Xiamen,CNXMN,2026-08-27 09:00:00,0.710465,159.331348,Transit,0,398.062,119.903,0,0,0,Vessel Live Movement,
ASTERIOS,NCI,Xiamen,CNXMN,2026-08-27 12:00:00,0.416492,160.174493,Transit,0,395.503,119.903,0,0,0,Vessel Live Movement,
ASTERIOS,NCI,Xiamen,CNXMN,2026-08-27 15:00:00,0.12243,161.017575,Transit,0,392.943,119.903,0,0,0,Vessel Live Movement,
ASTERIOS,NCI,Xiamen,CNXMN,2026-08-27 18:00:00,-0.171659,161.860639,Transit,0,390.384,119.903,0,0,0,Vessel Live Movement,
ASTERIOS,NCI,Xiamen,CNXMN,2026-08-27 21:00:00,-0.465711,162.703729,Transit,0,387.825,119.903,0,0,0,Vessel Live Movement,
ASTERIOS,NCI,Xiamen,CNXMN,2026-08-28 00:00:00,-0.759662,163.546889,Transit,0,385.265,119.903,0,0,0,Vessel Live Movement,
ASTERIOS,NCI,Xiamen,CNXMN,2026-08-28 03:00:00,-1.053449,164.390163,Transit,0,382.706,119.903,0,0,0,Vessel Live Movement,
ASTERIOS,NCI,Xiamen,CNXMN,2026-08-28 06:00:00,-1.347007,165.233597,Transit,0,380.146,119.903,0,0,0,Vessel Live Movement,
ASTERIOS,NCI,Xiamen,CNXMN,2026-08-28 09:00:00,-1.640274,166.077234,Transit,0,377.587,119.903,0,0,0,Vessel Live Movement,
ASTERIOS,NCI,Xiamen,CNXMN,2026-08-28 12:00:00,-1.933185,166.921118,Transit,0,375.028,119.903,0,0,0,Vessel Live Movement,
ASTERIOS,NCI,Xiamen,CNXMN,2026-08-28 15:00:00,-2.225676,167.765293,Transit,0,372.468,119.903,0,0,0,Vessel Live Movement,
ASTERIOS,NCI,Xiamen,CNXMN,2026-08-28 18:00:00,-2.517685,168.609803,Transit,0,369.909,119.903,0,0,0,Vessel Live Movement,
ASTERIOS,NCI,Xiamen,CNXMN,2026-08-28 21:00:00,-2.809148,169.454691,Transit,0,367.35,119.903,0,0,0,Vessel Live Movement,
ASTERIOS,NCI,Xiamen,CNXMN,2026-08-29 00:00:00,-3.099419,170.300782,Berthed,0,366.923,119.903,0,0,0,Vessel Live Movement,
ASTERIOS,NCI,Xiamen,CNXMN,2026-08-29 03:00:00,-3.098309,170.300417,Berthed,0,366.496,119.903,0,0,0,Vessel Live Movement,
ASTERIOS,NCI,Xiamen,CNXMN,2026-08-29 06:00:00,-3.101935,170.299389,Berthed,0,366.07,119.903,0,0,0,Vessel Live Movement,
ASTERIOS,NCI,Xiamen,CNXMN,2026-08-29 09:00:00,-3.099178,170.301354,Berthed,0,365.643,119.903,0,0,0,Vessel Live Movement,
ASTERIOS,NCI,Xiamen,CNXMN,2026-08-29 12:00:00,-3.100883,170.299499,Berthed,0,365.217,119.903,0,0,0,Vessel Live Movement,
ASTERIOS,NCI,Xiamen,CNXMN,2026-08-29 15:00:00,-3.099013,170.300536,Berthed,0,364.79,119.903,0,0,0,Vessel Live Movement,
ASTERIOS,NCI,Xiamen,CNXMN,2026-08-29 18:00:00,-3.100507,170.299026,Berthed,0,364.364,119.903,0,0,0,Vessel Live Movement,
ASTERIOS,NCI,Xiamen,CNXMN,2026-08-29 21:00:00,-3.099296,170.301676,Berthed,0,363.937,119.903,0,0,0,Vessel Live Movement,
ASTERIOS,NCI,Jakarta,IDJKT,2026-08-30 00:00:00,-3.1,170.3,Transit,0,361.378,119.903,0,0,0,Vessel Live Movement,
ASTERIOS,NCI,Jakarta,IDJKT,2026-08-30 03:00:00,-2.917186,170.070702,Transit,0,358.818,119.903,0,0,0,Vessel Live Movement,
ASTERIOS,NCI,Jakarta,IDJKT,2026-08-30 06:00:00,-2.734326,169.841479,Transit,0,356.259,119.903,0,0,0,Vessel Live Movement,
ASTERIOS,NCI,Jakarta,IDJKT,2026-08-30 09:00:00,-2.551422,169.612325,Transit,0,353.7,119.903,0,0,0,Vessel Live Movement,
ASTERIOS,NCI,Jakarta,IDJKT,2026-08-30 12:00:00,-2.368477,169.383237,Transit,0,351.14,119.903,0,0,0,Vessel Live Movement,
ASTERIOS,NCI,Jakarta,IDJKT,2026-08-30 15:00:00,-2.185494,169.154209,Transit,0,348.581,119.903,0,0,0,Vessel Live Movement,
ASTERIOS,NCI,Jakarta,IDJKT,2026-08-30 18:00:00,-2.002476,168.925237,Transit,0,346.021,119.903,0,0,0,Vessel Live Movement,
ASTERIOS,NCI,Jakarta,IDJKT,2026-08-30 21:00:00,-1.819427,168.696316,Transit,0,343.462,119.903,0,0,0,Vessel Live Movement,
ASTERIOS,NCI,Jakarta,IDJKT,2026-08-31 00:00:00,-1.636348,168.467441,Transit,0,340.903,119.903,0,0,0,Vessel Live Movement,
ASTERIOS,NCI,Jakarta,IDJKT,2026-08-31 03:00:00,-1.453244,168.238609,Transit,0,338.343,119.903,0,0,0,Vessel Live Movement,
ASTERIOS,NCI,Jakarta,IDJKT,2026-08-31 06:00:00,-1.270116,168.009813,Transit,0,335.784,119.903,0,0,0,Vessel Live Movement,
ASTERIOS,NCI,Jakarta,IDJKT,2026-08-31 09:00:00,-1.086968,167.78105,Transit,0,333.225,119.903,0,0,0,Vessel Live Movement,
ASTERIOS,NCI,Jakarta,IDJKT,2026-08-31 12:00:00,-0.903802,167.552315,Transit,0,330.665,119.903,0,0,0,Vessel Live Movement,
ASTERIOS,NCI,Jakarta,IDJKT,2026-08-31 15:00:00,-0.720623,167.323602,Transit,0,328.106,119.903,0,0,0,Vessel Live Movement,
ASTERIOS,NCI,Jakarta,IDJKT,2026-08-31 18:00:00,-0.537431,167.094909,Transit,0,325.546,119.903,0,0,0,Vessel Live Movement,
ASTERIOS,NCI,Jakarta,IDJKT,2026-08-31 21:00:00,-0.354232,166.866228,Transit,0,322.987,119.903,0,0,0,Vessel Live Movement,
ASTERIOS,NCI,Jakarta,IDJKT,2026-09-01 00:00:00,-0.171026,166.637557,Transit,0,320.428,119.903,0,0,0,Vessel Live Movement,
ASTERIOS,NCI,Jakarta,IDJKT,2026-09-01 03:00:00,0.012182,166.40889,Transit,0,317.868,119.903,0,0,0,Vessel Live Movement,
ASTERIOS,NCI,Jakarta,IDJKT,2026-09-01 06:00:00,0.19539,166.180223,Transit,0,315.309,119.903,0,0,0,Vessel Live Movement,
ASTERIOS,NCI,Jakarta,IDJKT,2026-09-01 09:00:00,0.378595,165.951551,Transit,0,312.75,119.903,0,0,0,Vessel Live Movement,
ASTERIOS,NCI,Jakarta,IDJKT,2026-09-01 12:00:00,0.561794,165.72287,Transit,0,310.19,119.903,0,0,0,Vessel Live Movement,
ASTERIOS,NCI,Jakarta,IDJKT,2026-09-01 15:00:00,0.744984,165.494174,Transit,0,307.631,119.903,0,0,0,Vessel Live Movement,
ASTERIOS,NCI,Jakarta,IDJKT,2026-09-01 18:00:00,0.928162,165.265458,Transit,0,305.071,119.903,0,0,0,Vessel Live Movement,
ASTERIOS,NCI,Jakarta,IDJKT,2026-09-01 21:00:00,1.111325,165.03672,Transit,0,302.512,119.903,0,0,0,Vessel Live Movement,
ASTERIOS,NCI,Jakarta,IDJKT,2026-09-02 00:00:00,1.29447,164.807952,Transit,0,299.953,119.903,0,0,0,Vessel Live Movement,
ASTERIOS,NCI,Jakarta,IDJKT,2026-09-02 03:00:00,1.477595,164.579152,Transit,0,297.393,119.903,0,0,0,Vessel Live Movement,
ASTERIOS,NCI,Jakarta,IDJKT,2026-09-02 06:00:00,1.660697,164.350314,Transit,0,294.834,119.903,0,0,0,Vessel Live Movement,
ASTERIOS,NCI,Jakarta,IDJKT,2026-09-02 09:00:00,1.843772,164.121434,Transit,0,292.275,119.903,0,0,0,Vessel Live Movement,
ASTERIOS,NCI,Jakarta,IDJKT,2026-09-02 12:00:00,2.026817,163.892507,Transit,0,289.715,119.903,0,0,0,Vessel Live Movement,
ASTERIOS,NCI,Jakarta,IDJKT,2026-09-02 15:00:00,2.20983,163.663527,Transit,0,287.156,119.903,0,0,0,Vessel Live Movement,
ASTERIOS,NCI,Jakarta,IDJKT,2026-09-02 18:00:00,2.392808,163.434492,Transit,0,284.596,119.903,0,0,0,Vessel Live Movement,
ASTERIOS,NCI,Jakarta,IDJKT,2026-09-02 21:00:00,2.575748,163.205395,Transit,0,282.037,119.903,0,0,0,Vessel Live Movement,
ASTERIOS,NCI,Jakarta,IDJKT,2026-09-03 00:00:00,2.758646,162.976232,Transit,0,279.478,119.903,0,0,0,Vessel Live Movement,
ASTERIOS,NCI,Jakarta,IDJKT,2026-09-03 03:00:00,2.941501,162.746999,Transit,0,276.918,119.903,0,0,0,Vessel Live Movement,
ASTERIOS,NCI,Jakarta,IDJKT,2026-09-03 06:00:00,3.124308,162.517691,Transit,0,274.359,119.903,0,0,0,Vessel Live Movement,
ASTERIOS,NCI,Jakarta,IDJKT,2026-09-03 09:00:00,3.307065,162.288303,Transit,0,271.8,119.903,0,0,0,Vessel Live Movement,
ASTERIOS,NCI,Jakarta,IDJKT,2026-09-03 12:00:00,3.48977,162.05883,Transit,0,269.24,119.903,0,0,0,Vessel Live Movement,
ASTERIOS,NCI,Jakarta,IDJKT,2026-09-03 15:00:00,3.672419,161.829268,Transit,0,266.681,119.903,0,0,0,Vessel Live Movement,
ASTERIOS,NCI,Jakarta,IDJKT,2026-09-03 18:00:00,3.855009,161.599612,Transit,0,264.121,119.903,0,0,0,Vessel Live Movement,
ASTERIOS,NCI,Jakarta,IDJKT,2026-09-03 21:00:00,4.037537,161.369858,Transit,0,261.562,119.903,0,0,0,Vessel Live Movement,
ASTERIOS,NCI,Jakarta,IDJKT,2026-09-04 00:00:00,4.221803,161.139597,Berthed,0,261.136,119.903,0,0,0,Vessel Live Movement,
ASTERIOS,NCI,Jakarta,IDJKT,2026-09-04 03:00:00,4.221207,161.140094,Berthed,0,260.709,119.903,0,0,0,Vessel Live Movement,
ASTERIOS,NCI,Jakarta,IDJKT,2026-09-04 06:00:00,4.21846,161.139959,Berthed,0,260.282,119.903,0,0,0,Vessel Live Movement,
ASTERIOS,NCI,Jakarta,IDJKT,2026-09-04 09:00:00,4.220776,161.14035,Berthed,0,259.856,119.903,0,0,0,Vessel Live Movement,
ASTERIOS,NCI,Jakarta,IDJKT,2026-09-04 12:00:00,4.221586,161.141344,Berthed,0,259.429,119.903,0,0,0,Vessel Live Movement,
ASTERIOS,NCI,Jakarta,IDJKT,2026-09-04 15:00:00,4.219155,161.13955,Berthed,0,259.003,119.903,0,0,0,Vessel Live Movement,
ASTERIOS,NCI,Jakarta,IDJKT,2026-09-04 18:00:00,4.220994,161.139598,Berthed,0,258.576,119.903,0,0,0,Vessel Live Movement,
ASTERIOS,NCI,Jakarta,IDJKT,2026-09-04 21:00:00,4.218791,161.139253,Berthed,0,258.15,119.903,0,0,0,Vessel Live Movement,
ASTERIOS,NCI,Jakarta,IDJKT,2026-09-05 00:00:00,4.220364,161.140425,Berthed,0,257.723,119.903,0,0,0,Vessel Live Movement,
ASTERIOS,NCI,Jakarta,IDJKT,2026-09-05 03:00:00,4.219294,161.141657,Berthed,0,257.296,119.903,0,0,0,Vessel Live Movement,
ASTERIOS,NCI,Jakarta,IDJKT,2026-09-05 06:00:00,4.221091,161.13772,Berthed,0,256.87,119.903,0,0,0,Vessel Live Movement,
ASTERIOS,NCI,Jakarta,IDJKT,2026-09-05 09:00:00,4.220112,161.139389,Berthed,0,256.443,119.903,0,0,0,Vessel Live Movement,
ASTERIOS,NCI,Jakarta,IDJKT,2026-09-05 12:00:00,4.219472,161.139421,Berthed,0,256.017,119.903,0,0,0,Vessel Live Movement,
ASTERIOS,NCI,Jakarta,IDJKT,2026-09-05 15:00:00,4.220803,161.140404,Berthed,0,255.59,119.903,0,0,0,Vessel Live Movement,
ASTERIOS,NCI,Jakarta,IDJKT,2026-09-05 18:00:00,4.221528,161.138506,Berthed,0,255.164,119.903,0,0,0,Vessel Live Movement,
ASTERIOS,NCI,Jakarta,IDJKT,2026-09-05 21:00:00,4.218506,161.139919,Berthed,0,254.737,119.903,0,0,0,Vessel Live Movement,
ASTERIOS,NCI,Surabaya,IDSUB,2026-09-06 00:00:00,4.22,161.14,Transit,0,252.178,119.903,0,0,0,Vessel Live Movement,
ASTERIOS,NCI,Surabaya,IDSUB,2026-09-06 03:00:00,4.767156,162.577239,Transit,0,249.618,119.903,0,0,0,Vessel Live Movement,
ASTERIOS,NCI,Surabaya,IDSUB,2026-09-06 06:00:00,5.311322,164.016763,Transit,0,247.059,119.903,0,0,0,Vessel Live Movement,
ASTERIOS,NCI,Surabaya,IDSUB,2026-09-06 09:00:00,5.852148,165.458823,Transit,0,244.5,119.903,0,0,0,Vessel Live Movement,
ASTERIOS,NCI,Surabaya,IDSUB,2026-09-06 12:00:00,6.389286,166.903667,Transit,0,241.94,119.903,0,0,0,Vessel Live Movement,
ASTERIOS,NCI,Surabaya,IDSUB,2026-09-06 15:00:00,6.922387,168.351535,Transit,0,239.381,119.903,0,0,0,Vessel Live Movement,
ASTERIOS,NCI,Surabaya,IDSUB,2026-09-06 18:00:00,7.4511,169.802665,Transit,0,236.821,119.903,0,0,0,Vessel Live Movement,
ASTERIOS,NCI,Surabaya,IDSUB,2026-09-06 21:00:00,7.975076,171.257285,Transit,0,234.262,119.903,0,0,0,Vessel Live Movement,
ASTERIOS,NCI,Surabaya,IDSUB,2026-09-07 00:00:00,8.493965,172.715619,Transit,0,231.703,119.903,0,0,0,Vessel Live Movement,
ASTERIOS,NCI,Surabaya,IDSUB,2026-09-07 03:00:00,9.007418,174.177883,Transit,0,229.143,119.903,0,0,0,Vessel Live Movement,
ASTERIOS,NCI,Surabaya,IDSUB,2026-09-07 06:00:00,9.515084,175.644282,Transit,0,226.584,119.903,0,0,0,Vessel Live Movement,
ASTERIOS,NCI,Surabaya,IDSUB,2026-09-07 09:00:00,10.016613,177.115017,Transit,0,224.025,119.903,0,0,0,Vessel Live Movement,
ASTERIOS,NCI,Surabaya,IDSUB,2026-09-07 12:00:00,10.511656,178.590277,Transit,0,221.465,119.903,0,0,0,Vessel Live Movement,
ASTERIOS,NCI,Surabaya,IDSUB,2026-09-07 15:00:00,10.999865,-179.929758,Transit,0,218.906,119.903,0,0,0,Vessel Live Movement,
ASTERIOS,NCI,Surabaya,IDSUB,2026-09-07 18:00:00,11.48089,-178.44492,Transit,0,216.346,119.903,0,0,0,Vessel Live Movement,
ASTERIOS,NCI,Surabaya,IDSUB,2026-09-07 21:00:00,11.954384,-176.955049,Transit,0,213.787,119.903,0,0,0,Vessel Live Movement,
ASTERIOS,NCI,Surabaya,IDSUB,2026-09-08 00:00:00,12.420034,-175.460552,Berthed,0,213.361,119.903,0,0,0,Vessel Live Movement,
ASTERIOS,NCI,Surabaya,IDSUB,2026-09-08 03:00:00,12.418966,-175.458919,Berthed,0,212.934,119.903,0,0,0,Vessel Live Movement,
ASTERIOS,NCI,Surabaya,IDSUB,2026-09-08 06:00:00,12.421386,-175.460835,Berthed,0,212.507,119.903,0,0,0,Vessel Live Movement,
ASTERIOS,NCI,Surabaya,IDSUB,2026-09-08 09:00:00,12.422864,-175.460625,Berthed,0,212.081,119.903,0,0,0,Vessel Live Movement,
ASTERIOS,NCI,Surabaya,IDSUB,2026-09-08 12:00:00,12.421726,-175.462237,Berthed,0,211.654,119.903,0,0,0,Vessel Live Movement,
ASTERIOS,NCI,Surabaya,IDSUB,2026-09-08 15:00:00,12.420336,-175.460076,Berthed,0,211.228,119.903,0,0,0,Vessel Live Movement,
ASTERIOS,NCI,Surabaya,IDSUB,2026-09-08 18:00:00,12.420263,-175.458409,Berthed,0,210.801,119.903,0,0,0,Vessel Live Movement,
ASTERIOS,NCI,Surabaya,IDSUB,2026-09-08 21:00:00,12.419051,-175.460696,Berthed,0,210.375,119.903,0,0,0,Vessel Live Movement,
ASTERIOS,NCI,Tianjin,CNTSN,2026-09-09 00:00:00,12.42,-175.46,Transit,0,207.815,119.903,0,0,0,Vessel Live Movement,
ASTERIOS,NCI,Tianjin,CNTSN,2026-09-09 03:00:00,12.099445,-175.936768,Transit,0,205.256,119.903,0,0,0,Vessel Live Movement,
ASTERIOS,NCI,Tianjin,CNTSN,2026-09-09 06:00:00,11.778078,-176.412393,Transit,0,202.696,119.903,0,0,0,Vessel Live Movement,
ASTERIOS,NCI,Tianjin,CNTSN,2026-09-09 09:00:00,11.455925,-176.886905,Transit,0,200.137,119.903,0,0,0,Vessel Live Movement,
ASTERIOS,NCI,Tianjin,CNTSN,2026-09-09 12:00:00,11.133008,-177.360336,Transit,0,197.578,119.903,0,0,0,Vessel Live Movement,
ASTERIOS,NCI,Tianjin,CNTSN,2026-09-09 15:00:00,10.809352,-177.832716,Transit,0,195.018,119.903,0,0,0,Vessel Live Movement,
ASTERIOS,NCI,Tianjin,CNTSN,2026-09-09 18:00:00,10.48498,-178.304078,Transit,0,192.459,119.903,0,0,0,Vessel Live Movement,
ASTERIOS,NCI,Tianjin,CNTSN,2026-09-09 21:00:00,10.159915,-178.774451,Transit,0,189.9,119.903,0,0,0,Vessel Live Movement,
ASTERIOS,NCI,Tianjin,CNTSN,2026-09-10 00:00:00,9.834181,-179.243869,Transit,0,187.34,119.903,0,0,0,Vessel Live Movement,
ASTERIOS,NCI,Tianjin,CNTSN,2026-09-10 03:00:00,9.507802,-179.712361,Transit,0,184.781,119.903,0,0,0,Vessel Live Movement,
ASTERIOS,NCI,Tianjin,CNTSN,2026-09-10 06:00:00,9.180799,179.820041,Transit,0,182.221,119.903,0,0,0,Vessel Live Movement,
ASTERIOS,NCI,Tianjin,CNTSN,2026-09-10 09:00:00,8.853197,179.353306,Transit,0,179.662,119.903,0,0,0,Vessel Live Movement,
ASTERIOS,NCI,Tianjin,CNTSN,2026-09-10 12:00:00,8.525017,178.887402,Transit,0,177.103,119.903,0,0,0,Vessel Live Movement,
ASTERIOS,NCI,Tianjin,CNTSN,2026-09-10 15:00:00,8.196283,178.422298,Transit,0,174.543,119.903,0,0,0,Vessel Live Movement,
ASTERIOS,NCI,Tianjin,CNTSN,2026-09-10 18:00:00,7.867017,177.957962,Transit,0,171.984,119.903,0,0,0,Vessel Live Movement,
ASTERIOS,NCI,Tianjin,CNTSN,2026-09-10 21:00:00,7.537242,177.494364,Transit,0,169.425,119.903,0,0,0,Vessel Live Movement,
ASTERIOS,NCI,Tianjin,CNTSN,2026-09-11 00:00:00,7.206979,177.031472,Transit,0,166.865,119.903,0,0,0,Vessel Live Movement,
ASTERIOS,NCI,Tianjin,CNTSN,2026-09-11 03:00:00,6.876252,176.569255,Transit,0,164.306,119.903,0,0,0,Vessel Live Movement,
ASTERIOS,NCI,Tianjin,CNTSN,2026-09-11 06:00:00,6.545083,176.107682,Transit,0,161.746,119.903,0,0,0,Vessel Live Movement,
ASTERIOS,NCI,Tianjin,CNTSN,2026-09-11 09:00:00,6.213492,175.64672,Transit,0,159.187,119.903,0,0,0,Vessel Live Movement,
ASTERIOS,NCI,Tianjin,CNTSN,2026-09-11 12:00:00,5.881503,175.186339,Transit,0,156.628,119.903,0,0,0,Vessel Live Movement,
ASTERIOS,NCI,Tianjin,CNTSN,2026-09-11 15:00:00,5.549138,174.726508,Transit,0,154.068,119.903,0,0,0,Vessel Live Movement,
ASTERIOS,NCI,Tianjin,CNTSN,2026-09-11 18:00:00,5.216418,174.267196,Transit,0,151.509,119.903,0,0,0,Vessel Live Movement,
ASTERIOS,NCI,Tianjin,CNTSN,2026-09-11 21:00:00,4.883365,173.80837,Transit,0,148.95,119.903,0,0,0,Vessel Live Movement,
ASTERIOS,NCI,Tianjin,CNTSN,2026-09-12 00:00:00,4.549961,173.349149,Berthed,0,148.523,119.903,0,0,0,Vessel Live Movement,
ASTERIOS,NCI,Tianjin,CNTSN,2026-09-12 03:00:00,4.551358,173.349239,Berthed,0,148.096,119.903,0,0,0,Vessel Live Movement,
ASTERIOS,NCI,Tianjin,CNTSN,2026-09-12 06:00:00,4.552024,173.349781,Berthed,0,147.67,119.903,0,0,0,Vessel Live Movement,
ASTERIOS,NCI,Tianjin,CNTSN,2026-09-12 09:00:00,4.549447,173.352057,Berthed,0,147.243,119.903,0,0,0,Vessel Live Movement,
ASTERIOS,NCI,Tianjin,CNTSN,2026-09-12 12:00:00,4.550457,173.35073,Berthed,0,146.817,119.903,0,0,0,Vessel Live Movement,
ASTERIOS,NCI,Tianjin,CNTSN,2026-09-12 15:00:00,4.550146,173.351477,Berthed,0,146.39,119.903,0,0,0,Vessel Live Movement,
ASTERIOS,NCI,Tianjin,CNTSN,2026-09-12 18:00:00,4.550279,173.35002,Berthed,0,145.964,119.903,0,0,0,Vessel Live Movement,
ASTERIOS,NCI,Tianjin,CNTSN,2026-09-12 21:00:00,4.550948,173.34917,Berthed,0,145.537,119.903,0,0,0,Vessel Live Movement,
ASTERIOS,NCI,Tianjin,CNTSN,2026-09-13 00:00:00,4.548725,173.349138,Berthed,0,145.111,119.903,0,0,0,Vessel Live Movement,
ASTERIOS,NCI,Tianjin,CNTSN,2026-09-13 03:00:00,4.549271,173.350957,Berthed,0,144.684,119.903,0,0,0,Vessel Live Movement,
ASTERIOS,NCI,Tianjin,CNTSN,2026-09-13 06:00:00,4.550394,173.35043,Berthed,0,144.257,119.903,0,0,0,Vessel Live Movement,
ASTERIOS,NCI,Tianjin,CNTSN,2026-09-13 09:00:00,4.548381,173.350262,Berthed,0,143.831,119.903,0,0,0,Vessel Live Movement,
ASTERIOS,NCI,Tianjin,CNTSN,2026-09-13 12:00:00,4.550238,173.349186,Berthed,0,143.404,119.903,0,0,0,Vessel Live Movement,
ASTERIOS,NCI,Tianjin,CNTSN,2026-09-13 15:00:00,4.550169,173.347714,Berthed,0,142.978,119.903,0,0,0,Vessel Live Movement,
ASTERIOS,NCI,Tianjin,CNTSN,2026-09-13 18:00:00,4.551268,173.35111,Berthed,0,142.551,119.903,0,0,0,Vessel Live Movement,
ASTERIOS,NCI,Tianjin,CNTSN,2026-09-13 21:00:00,4.549903,173.35001,Berthed,0,142.125,119.903,0,0,0,Vessel Live Movement,
ASTERIOS,NCI,Qingdao,CNTAO,2026-09-14 00:00:00,4.55,173.35,Transit,0,139.565,119.903,0,0,0,Vessel Live Movement,
ASTERIOS,NCI,Qingdao,CNTAO,2026-09-14 03:00:00,4.510757,170.434418,Transit,0,137.006,119.903,0,0,0,Vessel Live Movement,
ASTERIOS,NCI,Qingdao,CNTAO,2026-09-14 06:00:00,4.459886,167.519198,Transit,0,134.446,119.903,0,0,0,Vessel Live Movement,
ASTERIOS,NCI,Qingdao,CNTAO,2026-09-14 09:00:00,4.39752,164.604427,Transit,0,131.887,119.903,0,0,0,Vessel Live Movement,
ASTERIOS,NCI,Qingdao,CNTAO,2026-09-14 12:00:00,4.323822,161.690189,Transit,0,129.328,119.903,0,0,0,Vessel Live Movement,
ASTERIOS,NCI,Qingdao,CNTAO,2026-09-14 15:00:00,4.238985,158.776559,Transit,0,126.768,119.903,0,0,0,Vessel Live Movement,
ASTERIOS,NCI,Qingdao,CNTAO,2026-09-14 18:00:00,4.143231,155.86361,Transit,0,124.209,119.903,0,0,0,Vessel Live Movement,
ASTERIOS,NCI,Qingdao,CNTAO,2026-09-14 21:00:00,4.03681,152.951405,Transit,0,121.65,119.903,0,0,0,Vessel Live Movement,
ASTERIOS,NCI,Qingdao,CNTAO,2026-09-15 00:00:00,3.918782,150.040714,Berthed,0,121.223,119.903,0,0,0,Vessel Live Movement,
ASTERIOS,NCI,Qingdao,CNTAO,2026-09-15 03:00:00,3.919749,150.039639,Berthed,0,120.796,119.903,0,0,0,Vessel Live Movement,
ASTERIOS,NCI,Qingdao,CNTAO,2026-09-15 06:00:00,3.920516,150.039883,Berthed,0,120.37,119.903,0,0,0,Vessel Live Movement,
ASTERIOS,NCI,Qingdao,CNTAO,2026-09-15 09:00:00,3.919048,150.041399,Berthed,0,119.943,119.903,0,0,0,Vessel Live Movement,
ASTERIOS,NCI,Qingdao,CNTAO,2026-09-15 12:00:00,3.919435,150.041201,Berthed,0,119.517,119.903,0,0,0,Vessel Live Movement,
ASTERIOS,NCI,Qingdao,CNTAO,2026-09-15 15:00:00,3.918586,150.038767,Berthed,0,119.09,119.903,0,0,0,Vessel Live Movement,
ASTERIOS,NCI,Qingdao,CNTAO,2026-09-15 18:00:00,3.920302,150.039759,Berthed,0,118.664,119.903,0,0,0,Vessel Live Movement,
ASTERIOS,NCI,Qingdao,CNTAO,2026-09-15 21:00:00,3.918768,150.039268,Berthed,0,118.237,119.903,0,0,0,Vessel Live Movement,
ASTERIOS,NCI,Qingdao,CNTAO,2026-09-16 00:00:00,3.919711,150.039842,Berthed,0,117.811,119.903,0,0,0,Vessel Live Movement,
ASTERIOS,NCI,Qingdao,CNTAO,2026-09-16 03:00:00,3.918409,150.041309,Berthed,0,117.384,119.903,0,0,0,Vessel Live Movement,
ASTERIOS,NCI,Qingdao,CNTAO,2026-09-16 06:00:00,3.922022,150.041192,Berthed,0,116.957,119.903,0,0,0,Vessel Live Movement,
ASTERIOS,NCI,Qingdao,CNTAO,2026-09-16 09:00:00,3.920946,150.03906,Berthed,0,116.531,119.903,0,0,0,Vessel Live Movement,
ASTERIOS,NCI,Qingdao,CNTAO,2026-09-16 12:00:00,3.919663,150.039034,Berthed,0,116.104,119.903,0,0,0,Vessel Live Movement,
ASTERIOS,NCI,Qingdao,CNTAO,2026-09-16 15:00:00,3.920417,150.040108,Berthed,0,115.678,119.903,0,0,0,Vessel Live Movement,
ASTERIOS,NCI,Qingdao,CNTAO,2026-09-16 18:00:00,3.919489,150.039512,Berthed,0,115.251,119.903,0,0,0,Vessel Live Movement,
ASTERIOS,NCI,Qingdao,CNTAO,2026-09-16 21:00:00,3.919898,150.039836,Berthed,0,114.825,119.903,0,0,0,Vessel Live Movement,
ASTERIOS,NCI,Xiamen,CNXMN,2026-09-17 00:00:00,3.92,150.04,Transit,0,112.265,119.903,0,0,0,Vessel Live Movement,
ASTERIOS,NCI,Xiamen,CNXMN,2026-09-17 03:00:00,3.631221,150.886735,Transit,0,109.706,119.903,0,0,0,Vessel Live Movement,
ASTERIOS,NCI,Xiamen,CNXMN,2026-09-17 06:00:00,3.341653,151.732928,Transit,0,107.146,119.903,0,0,0,Vessel Live Movement,
ASTERIOS,NCI,Xiamen,CNXMN,2026-09-17 09:00:00,3.051357,152.578621,Transit,0,104.587,119.903,0,0,0,Vessel Live Movement,
ASTERIOS,NCI,Xiamen,CNXMN,2026-09-17 12:00:00,2.760398,153.423857,Transit,0,102.028,119.903,0,0,0,Vessel Live Movement,
ASTERIOS,NCI,Xiamen,CNXMN,2026-09-17 15:00:00,2.46884,154.268679,Transit,0,99.468,119.903,0,0,0,Vessel Live Movement,
ASTERIOS,NCI,Xiamen,CNXMN,2026-09-17 18:00:00,2.176745,155.113129,Transit,0,96.909,119.903,0,0,0,Vessel Live Movement,
ASTERIOS,NCI,Xiamen,CNXMN,2026-09-17 21:00:00,1.884179,155.957253,Transit,0,94.35,119.903,0,0,0,Vessel Live Movement,
ASTERIOS,NCI,Xiamen,CNXMN,2026-09-18 00:00:00,1.591204,156.801092,Transit,0,91.79,119.903,0,0,0,Vessel Live Movement,
ASTERIOS,NCI,Xiamen,CNXMN,2026-09-18 03:00:00,1.297884,157.644692,Transit,0,89.231,119.903,0,0,0,Vessel Live Movement,
ASTERIOS,NCI,Xiamen,CNXMN,2026-09-18 06:00:00,1.004283,158.488096,Transit,0,86.671,119.903,0,0,0,Vessel Live Movement,
ASTERIOS,NCI,Xiamen,CNXMN,2026-09-18 09:00:00,0.710465,159.331348,Transit,0,84.112,119.903,0,0,0,Vessel Live Movement,
ASTERIOS,NCI,Xiamen,CNXMN,2026-09-18 12:00:00,0.416492,160.174493,Transit,0,81.553,119.903,0,0,0,Vessel Live Movement,
ASTERIOS,NCI,Xiamen,CNXMN,2026-09-18 15:00:00,0.12243,161.017575,Transit,0,78.993,119.903,0,0,0,Vessel Live Movement,
ASTERIOS,NCI,Xiamen,CNXMN,2026-09-18 18:00:00,-0.171659,161.860639,Transit,0,76.434,119.903,0,0,0,Vessel Live Movement,
ASTERIOS,NCI,Xiamen,CNXMN,2026-09-18 21:00:00,-0.465711,162.703729,Transit,0,73.875,119.903,0,0,0,Vessel Live Movement,
ASTERIOS,NCI,Xiamen,CNXMN,2026-09-19 00:00:00,-0.759662,163.546889,Transit,0,71.315,119.903,0,0,0,Vessel Live Movement,
ASTERIOS,NCI,Xiamen,CNXMN,2026-09-19 03:00:00,-1.053449,164.390163,Transit,0,68.756,119.903,0,0,0,Vessel Live Movement,
ASTERIOS,NCI,Xiamen,CNXMN,2026-09-19 06:00:00,-1.347007,165.233597,Transit,0,66.196,119.903,0,0,0,Vessel Live Movement,
ASTERIOS,NCI,Xiamen,CNXMN,2026-09-19 09:00:00,-1.640274,166.077234,Transit,0,63.637,119.903,0,0,0,Vessel Live Movement,
ASTERIOS,NCI,Xiamen,CNXMN,2026-09-19 12:00:00,-1.933185,166.921118,Transit,0,61.078,119.903,0,0,0,Vessel Live Movement,
ASTERIOS,NCI,Xiamen,CNXMN,2026-09-19 15:00:00,-2.225676,167.765293,Transit,0,58.518,119.903,0,0,0,Vessel Live Movement,
ASTERIOS,NCI,Xiamen,CNXMN,2026-09-19 18:00:00,-2.517685,168.609803,Transit,0,55.959,119.903,0,0,0,Vessel Live Movement,
ASTERIOS,NCI,Xiamen,CNXMN,2026-09-19 21:00:00,-2.809148,169.454691,Transit,0,53.4,119.903,0,0,0,Vessel Live Movement,
ASTERIOS,NCI,Xiamen,CNXMN,2026-09-20 00:00:00,-3.099649,170.299871,Berthed,0,397.963,119.903,0,344.99,0,Vessel Live Movement,
ASTERIOS,NCI,Xiamen,CNXMN,2026-09-20 03:00:00,-3.101214,170.300563,Berthed,0,397.537,119.903,0,0,0,Vessel Live Movement,
ASTERIOS,NCI,Xiamen,CNXMN,2026-09-20 06:00:00,-3.099257,170.299592,Berthed,0,397.11,119.903,0,0,0,Vessel Live Movement,
ASTERIOS,NCI,Xiamen,CNXMN,2026-09-20 09:00:00,-3.098157,170.299954,Berthed,0,396.684,119.903,0,0,0,Vessel Live Movement,
ASTERIOS,NCI,Xiamen,CNXMN,2026-09-20 12:00:00,-3.100726,170.300617,Berthed,0,396.257,119.903,0,0,0,Vessel Live Movement,
ASTERIOS,NCI,Xiamen,CNXMN,2026-09-20 15:00:00,-3.100029,170.299787,Berthed,0,395.831,119.903,0,0,0,Vessel Live Movement,
ASTERIOS,NCI,Xiamen,CNXMN,2026-09-20 18:00:00,-3.100691,170.298915,Berthed,0,395.404,119.903,0,0,0,Vessel Live Movement,
ASTERIOS,NCI,Xiamen,CNXMN,2026-09-20 21:00:00,-3.1006,170.298851,Berthed,0,394.977,119.903,0,0,0,Vessel Live Movement,
ASTERIOS,NCI,Jakarta,IDJKT,2026-09-21 00:00:00,-3.1,170.3,Transit,0,392.418,119.903,0,0,0,Vessel Live Movement,
ASTERIOS,NCI,Jakarta,IDJKT,2026-09-21 03:00:00,-2.917186,170.070702,Transit,0,389.859,119.903,0,0,0,Vessel Live Movement,
ASTERIOS,NCI,Jakarta,IDJKT,2026-09-21 06:00:00,-2.734326,169.841479,Transit,0,387.299,119.903,0,0,0,Vessel Live Movement,
ASTERIOS,NCI,Jakarta,IDJKT,2026-09-21 09:00:00,-2.551422,169.612325,Transit,0,384.74,119.903,0,0,0,Vessel Live Movement,
ASTERIOS,NCI,Jakarta,IDJKT,2026-09-21 12:00:00,-2.368477,169.383237,Transit,0,382.181,119.903,0,0,0,Vessel Live Movement,
ASTERIOS,NCI,Jakarta,IDJKT,2026-09-21 15:00:00,-2.185494,169.154209,Transit,0,379.621,119.903,0,0,0,Vessel Live Movement,
ASTERIOS,NCI,Jakarta,IDJKT,2026-09-21 18:00:00,-2.002476,168.925237,Transit,0,377.062,119.903,0,0,0,Vessel Live Movement,
ASTERIOS,NCI,Jakarta,IDJKT,2026-09-21 21:00:00,-1.819427,168.696316,Transit,0,374.502,119.903,0,0,0,Vessel Live Movement,
ASTERIOS,NCI,Jakarta,IDJKT,2026-09-22 00:00:00,-1.636348,168.467441,Transit,0,371.943,119.903,0,0,0,Vessel Live Movement,
ASTERIOS,NCI,Jakarta,IDJKT,2026-09-22 03:00:00,-1.453244,168.238609,Transit,0,369.384,119.903,0,0,0,Vessel Live Movement,
ASTERIOS,NCI,Jakarta,IDJKT,2026-09-22 06:00:00,-1.270116,168.009813,Transit,0,366.824,119.903,0,0,0,Vessel Live Movement,
ASTERIOS,NCI,Jakarta,IDJKT,2026-09-22 09:00:00,-1.086968,167.78105,Transit,0,364.265,119.903,0,0,0,Vessel Live Movement,
ASTERIOS,NCI,Jakarta,IDJKT,2026-09-22 12:00:00,-0.903802,167.552315,Transit,0,361.706,119.903,0,0,0,Vessel Live Movement,
ASTERIOS,NCI,Jakarta,IDJKT,2026-09-22 15:00:00,-0.720623,167.323602,Transit,0,359.146,119.903,0,0,0,Vessel Live Movement,
ASTERIOS,NCI,Jakarta,IDJKT,2026-09-22 18:00:00,-0.537431,167.094909,Transit,0,356.587,119.903,0,0,0,Vessel Live Movement,
ASTERIOS,NCI,Jakarta,IDJKT,2026-09-22 21:00:00,-0.354232,166.866228,Transit,0,354.027,119.903,0,0,0,Vessel Live Movement,
ASTERIOS,NCI,Jakarta,IDJKT,2026-09-23 00:00:00,-0.171026,166.637557,Transit,0,351.468,119.903,0,0,0,Vessel Live Movement,
ASTERIOS,NCI,Jakarta,IDJKT,2026-09-23 03:00:00,0.012182,166.40889,Transit,0,348.909,119.903,0,0,0,Vessel Live Movement,
ASTERIOS,NCI,Jakarta,IDJKT,2026-09-23 06:00:00,0.19539,166.180223,Transit,0,346.349,119.903,0,0,0,Vessel Live Movement,
ASTERIOS,NCI,Jakarta,IDJKT,2026-09-23 09:00:00,0.378595,165.951551,Transit,0,343.79,119.903,0,0,0,Vessel Live Movement,
ASTERIOS,NCI,Jakarta,IDJKT,2026-09-23 12:00:00,0.561794,165.72287,Transit,0,341.231,119.903,0,0,0,Vessel Live Movement,
ASTERIOS,NCI,Jakarta,IDJKT,2026-09-23 15:00:00,0.744984,165.494174,Transit,0,338.671,119.903,0,0,0,Vessel Live Movement,
ASTERIOS,NCI,Jakarta,IDJKT,2026-09-23 18:00:00,0.928162,165.265458,Transit,0,336.112,119.903,0,0,0,Vessel Live Movement,
ASTERIOS,NCI,Jakarta,IDJKT,2026-09-23 21:00:00,1.111325,165.03672,Transit,0,333.552,119.903,0,0,0,Vessel Live Movement,
ASTERIOS,NCI,Jakarta,IDJKT,2026-09-24 00:00:00,1.29447,164.807952,Transit,0,330.993,119.903,0,0,0,Vessel Live Movement,
ASTERIOS,NCI,Jakarta,IDJKT,2026-09-24 03:00:00,1.477595,164.579152,Transit,0,328.434,119.903,0,0,0,Vessel Live Movement,
ASTERIOS,NCI,Jakarta,IDJKT,2026-09-24 06:00:00,1.660697,164.350314,Transit,0,325.874,119.903,0,0,0,Vessel Live Movement,
ASTERIOS,NCI,Jakarta,IDJKT,2026-09-24 09:00:00,1.843772,164.121434,Transit,0,323.315,119.903,0,0,0,Vessel Live Movement,
ASTERIOS,NCI,Jakarta,IDJKT,2026-09-24 12:00:00,2.026817,163.892507,Transit,0,320.756,119.903,0,0,0,Vessel Live Movement,
ASTERIOS,NCI,Jakarta,IDJKT,2026-09-24 15:00:00,2.20983,163.663527,Transit,0,318.196,119.903,0,0,0,Vessel Live Movement,
ASTERIOS,NCI,Jakarta,IDJKT,2026-09-24 18:00:00,2.392808,163.434492,Transit,0,315.637,119.903,0,0,0,Vessel Live Movement,
ASTERIOS,NCI,Jakarta,IDJKT,2026-09-24 21:00:00,2.575748,163.205395,Transit,0,313.077,119.903,0,0,0,Vessel Live Movement,
ASTERIOS,NCI,Jakarta,IDJKT,2026-09-25 00:00:00,2.758646,162.976232,Transit,0,310.518,119.903,0,0,0,Vessel Live Movement,
ASTERIOS,NCI,Jakarta,IDJKT,2026-09-25 03:00:00,2.941501,162.746999,Transit,0,307.959,119.903,0,0,0,Vessel Live Movement,
ASTERIOS,NCI,Jakarta,IDJKT,2026-09-25 06:00:00,3.124308,162.517691,Transit,0,305.399,119.903,0,0,0,Vessel Live Movement,
ASTERIOS,NCI,Jakarta,IDJKT,2026-09-25 09:00:00,3.307065,162.288303,Transit,0,302.84,119.903,0,0,0,Vessel Live Movement,
ASTERIOS,NCI,Jakarta,IDJKT,2026-09-25 12:00:00,3.48977,162.05883,Transit,0,300.281,119.903,0,0,0,Vessel Live Movement,
ASTERIOS,NCI,Jakarta,IDJKT,2026-09-25 15:00:00,3.672419,161.829268,Transit,0,297.721,119.903,0,0,0,Vessel Live Movement,
ASTERIOS,NCI,Jakarta,IDJKT,2026-09-25 18:00:00,3.855009,161.599612,Transit,0,295.162,119.903,0,0,0,Vessel Live Movement,
ASTERIOS,NCI,Jakarta,IDJKT,2026-09-25 21:00:00,4.037537,161.369858,Transit,0,292.602,119.903,0,0,0,Vessel Live Movement,
ASTERIOS,NCI,Jakarta,IDJKT,2026-09-26 00:00:00,4.2199,161.141331,Berthed,0,292.176,119.903,0,0,0,Vessel Live Movement,
ASTERIOS,NCI,Jakarta,IDJKT,2026-09-26 03:00:00,4.218453,161.141903,Berthed,0,291.749,119.903,0,0,0,Vessel Live Movement,
ASTERIOS,NCI,Jakarta,IDJKT,2026-09-26 06:00:00,4.221438,161.139355,Berthed,0,291.323,119.903,0,0,0,Vessel Live Movement,
ASTERIOS,NCI,Jakarta,IDJKT,2026-09-26 09:00:00,4.220285,161.140393,Berthed,0,290.896,119.903,0,0,0,Vessel Live Movement,
ASTERIOS,NCI,Jakarta,IDJKT,2026-09-26 12:00:00,4.219117,161.138923,Berthed,0,290.47,119.903,0,0,0,Vessel Live Movement,
ASTERIOS,NCI,Jakarta,IDJKT,2026-09-26 15:00:00,4.220738,161.140644,Berthed,0,290.043,119.903,0,0,0,Vessel Live Movement,
ASTERIOS,NCI,Jakarta,IDJKT,2026-09-26 18:00:00,4.220327,161.140633,Berthed,0,289.616,119.903,0,0,0,Vessel Live Movement,
ASTERIOS,NCI,Jakarta,IDJKT,2026-09-26 21:00:00,4.220329,161.138611,Berthed,0,289.19,119.903,0,0,0,Vessel Live Movement,
ASTERIOS,NCI,Jakarta,IDJKT,2026-09-27 00:00:00,4.219843,161.141707,Berthed,0,288.763,119.903,0,0,0,Vessel Live Movement,
ASTERIOS,NCI,Jakarta,IDJKT,2026-09-27 03:00:00,4.220269,161.139089,Berthed,0,288.337,119.903,0,0,0,Vessel Live Movement,
ASTERIOS,NCI,Jakarta,IDJKT,2026-09-27 06:00:00,4.219001,161.138833,Berthed,0,287.91,119.903,0,0,0,Vessel Live Movement,
ASTERIOS,NCI,Jakarta,IDJKT,2026-09-27 09:00:00,4.219815,161.138769,Berthed,0,287.484,119.903,0,0,0,Vessel Live Movement,
ASTERIOS,NCI,Jakarta,IDJKT,2026-09-27 12:00:00,4.219588,161.140163,Berthed,0,287.057,119.903,0,0,0,Vessel Live Movement,
ASTERIOS,NCI,Jakarta,IDJKT,2026-09-27 15:00:00,4.219819,161.139711,Berthed,0,286.631,119.903,0,0,0,Vessel Live Movement,
ASTERIOS,NCI,Jakarta,IDJKT,2026-09-27 18:00:00,4.219205,161.140746,Berthed,0,286.204,119.903,0,0,0,Vessel Live Movement,
ASTERIOS,NCI,Jakarta,IDJKT,2026-09-27 21:00:00,4.219624,161.141989,Berthed,0,285.777,119.903,0,0,0,Vessel Live Movement,
ASTERIOS,NCI,Surabaya,IDSUB,2026-09-28 00:00:00,4.22,161.14,Transit,0,283.218,119.903,0,0,0,Vessel Live Movement,
ASTERIOS,NCI,Surabaya,IDSUB,2026-09-28 03:00:00,4.767156,162.577239,Transit,0,280.659,119.903,0,0,0,Vessel Live Movement,
ASTERIOS,NCI,Surabaya,IDSUB,2026-09-28 06:00:00,5.311322,164.016763,Transit,0,278.099,119.903,0,0,0,Vessel Live Movement,
ASTERIOS,NCI,Surabaya,IDSUB,2026-09-28 09:00:00,5.852148,165.458823,Transit,0,275.54,119.903,0,0,0,Vessel Live Movement,
ASTERIOS,NCI,Surabaya,IDSUB,2026-09-28 12:00:00,6.389286,166.903667,Transit,0,272.981,119.903,0,0,0,Vessel Live Movement,
ASTERIOS,NCI,Surabaya,IDSUB,2026-09-28 15:00:00,6.922387,168.351535,Transit,0,270.421,119.903,0,0,0,Vessel Live Movement,
ASTERIOS,NCI,Surabaya,IDSUB,2026-09-28 18:00:00,7.4511,169.802665,Transit,0,267.862,119.903,0,0,0,Vessel Live Movement,
ASTERIOS,NCI,Surabaya,IDSUB,2026-09-28 21:00:00,7.975076,171.257285,Transit,0,265.302,119.903,0,0,0,Vessel Live Movement,
ASTERIOS,NCI,Surabaya,IDSUB,2026-09-29 00:00:00,8.493965,172.715619,Transit,0,262.743,119.903,0,0,0,Vessel Live Movement,
ASTERIOS,NCI,Surabaya,IDSUB,2026-09-29 03:00:00,9.007418,174.177883,Transit,0,260.184,119.903,0,0,0,Vessel Live Movement,
ASTERIOS,NCI,Surabaya,IDSUB,2026-09-29 06:00:00,9.515084,175.644282,Transit,0,257.624,119.903,0,0,0,Vessel Live Movement,
ASTERIOS,NCI,Surabaya,IDSUB,2026-09-29 09:00:00,10.016613,177.115017,Transit,0,255.065,119.903,0,0,0,Vessel Live Movement,
ASTERIOS,NCI,Surabaya,IDSUB,2026-09-29 12:00:00,10.511656,178.590277,Transit,0,252.506,119.903,0,0,0,Vessel Live Movement,
ASTERIOS,NCI,Surabaya,IDSUB,2026-09-29 15:00:00,10.999865,-179.929758,Transit,0,249.946,119.903,0,0,0,Vessel Live Movement,
ASTERIOS,NCI,Surabaya,IDSUB,2026-09-29 18:00:00,11.48089,-178.44492,Transit,0,247.387,119.903,0,0,0,Vessel Live Movement,
ASTERIOS,NCI,Surabaya,IDSUB,2026-09-29 21:00:00,11.954384,-176.955049,Transit,0,244.827,119.903,0,0,0,Vessel Live Movement,
KOTA ANGGUN,VCS,Qui Nhon,VNUIH,2026-08-01 00:00:00,7.877365,80.499295,Transit,347.648,0,50.71,0,0,0,Vessel Live Movement,
KOTA ANGGUN,VCS,Qui Nhon,VNUIH,2026-08-01 03:00:00,8.073105,79.032979,Transit,344.966,0,50.71,0,0,0,Vessel Live Movement,
KOTA ANGGUN,VCS,Qui Nhon,VNUIH,2026-08-01 06:00:00,8.263622,77.56526,Transit,342.284,0,50.71,0,0,0,Vessel Live Movement,
KOTA ANGGUN,VCS,Qui Nhon,VNUIH,2026-08-01 09:00:00,8.448787,76.096143,Transit,339.602,0,50.71,0,0,0,Vessel Live Movement,
KOTA ANGGUN,VCS,Qui Nhon,VNUIH,2026-08-01 12:00:00,8.628472,74.625637,Transit,336.919,0,50.71,0,0,0,Vessel Live Movement,
KOTA ANGGUN,VCS,Qui Nhon,VNUIH,2026-08-01 15:00:00,8.802555,73.153751,Transit,334.237,0,50.71,0,0,0,Vessel Live Movement,
KOTA ANGGUN,VCS,Qui Nhon,VNUIH,2026-08-01 18:00:00,8.970914,71.680504,Transit,331.555,0,50.71,0,0,0,Vessel Live Movement,
KOTA ANGGUN,VCS,Qui Nhon,VNUIH,2026-08-01 21:00:00,9.133433,70.205912,Transit,328.873,0,50.71,0,0,0,Vessel Live Movement,
KOTA ANGGUN,VCS,Qui Nhon,VNUIH,2026-08-02 00:00:00,9.290278,68.729901,Berthed,328.426,0,50.71,0,0,0,Vessel Live Movement,
KOTA ANGGUN,VCS,Qui Nhon,VNUIH,2026-08-02 03:00:00,9.290673,68.730764,Berthed,327.979,0,50.71,0,0,0,Vessel Live Movement,
KOTA ANGGUN,VCS,Qui Nhon,VNUIH,2026-08-02 06:00:00,9.291373,68.731491,Berthed,327.532,0,50.71,0,0,0,Vessel Live Movement,
KOTA ANGGUN,VCS,Qui Nhon,VNUIH,2026-08-02 09:00:00,9.288897,68.731498,Berthed,327.085,0,50.71,0,0,0,Vessel Live Movement,
KOTA ANGGUN,VCS,Qui Nhon,VNUIH,2026-08-02 12:00:00,9.289119,68.728839,Berthed,326.638,0,50.71,0,0,0,Vessel Live Movement,
KOTA ANGGUN,VCS,Qui Nhon,VNUIH,2026-08-02 15:00:00,9.289929,68.730592,Berthed,326.19,0,50.71,0,0,0,Vessel Live Movement,
KOTA ANGGUN,VCS,Qui Nhon,VNUIH,2026-08-02 18:00:00,9.291023,68.730287,Berthed,325.743,0,50.71,0,0,0,Vessel Live Movement,
KOTA ANGGUN,VCS,Qui Nhon,VNUIH,2026-08-02 21:00:00,9.289322,68.730729,Berthed,325.296,0,50.71,0,0,0,Vessel Live Movement,
KOTA ANGGUN,VCS,Haiphong,VNHPH,2026-08-03 00:00:00,9.29,68.73,Transit,322.614,0,50.71,0,0,0,Vessel Live Movement,
KOTA ANGGUN,VCS,Haiphong,VNHPH,2026-08-03 03:00:00,9.448356,68.754703,Transit,319.932,0,50.71,0,0,0,Vessel Live Movement,
KOTA ANGGUN,VCS,Haiphong,VNHPH,2026-08-03 06:00:00,9.60671,68.779429,Transit,317.25,0,50.71,0,0,0,Vessel Live Movement,
KOTA ANGGUN,VCS,Haiphong,VNHPH,2026-08-03 09:00:00,9.765062,68.804179,Transit,314.568,0,50.71,0,0,0,Vessel Live Movement,
KOTA ANGGUN,VCS,Haiphong,VNHPH,2026-08-03 12:00:00,9.923413,68.828951,Transit,311.885,0,50.71,0,0,0,Vessel Live Movement,
KOTA ANGGUN,VCS,Haiphong,VNHPH,2026-08-03 15:00:00,10.081762,68.853748,Transit,309.203,0,50.71,0,0,0,Vessel Live Movement,
KOTA ANGGUN,VCS,Haiphong,VNHPH,2026-08-03 18:00:00,10.240109,68.878569,Transit,306.521,0,50.71,0,0,0,Vessel Live Movement,
KOTA ANGGUN,VCS,Haiphong,VNHPH,2026-08-03 21:00:00,10.398454,68.903415,Transit,303.839,0,50.71,0,0,0,Vessel Live Movement,
KOTA ANGGUN,VCS,Haiphong,VNHPH,2026-08-04 00:00:00,10.556797,68.928286,Transit,301.156,0,50.71,0,0,0,Vessel Live Movement,
KOTA ANGGUN,VCS,Haiphong,VNHPH,2026-08-04 03:00:00,10.715138,68.953183,Transit,298.474,0,50.71,0,0,0,Vessel Live Movement,
KOTA ANGGUN,VCS,Haiphong,VNHPH,2026-08-04 06:00:00,10.873477,68.978106,Transit,295.792,0,50.71,0,0,0,Vessel Live Movement,
KOTA ANGGUN,VCS,Haiphong,VNHPH,2026-08-04 09:00:00,11.031814,69.003055,Transit,293.11,0,50.71,0,0,0,Vessel Live Movement,
KOTA ANGGUN,VCS,Haiphong,VNHPH,2026-08-04 12:00:00,11.19015,69.028031,Transit,290.427,0,50.71,0,0,0,Vessel Live Movement,
KOTA ANGGUN,VCS,Haiphong,VNHPH,2026-08-04 15:00:00,11.348483,69.053035,Transit,287.745,0,50.71,0,0,0,Vessel Live Movement,
KOTA ANGGUN,VCS,Haiphong,VNHPH,2026-08-04 18:00:00,11.506814,69.078066,Transit,285.063,0,50.71,0,0,0,Vessel Live Movement,
KOTA ANGGUN,VCS,Haiphong,VNHPH,2026-08-04 21:00:00,11.665142,69.103125,Transit,282.381,0,50.71,0,0,0,Vessel Live Movement,
KOTA ANGGUN,VCS,Haiphong,VNHPH,2026-08-05 00:00:00,11.823469,69.128213,Transit,279.699,0,50.71,0,0,0,Vessel Live Movement,
KOTA ANGGUN,VCS,Haiphong,VNHPH,2026-08-05 03:00:00,11.981793,69.153331,Transit,277.016,0,50.71,0,0,0,Vessel Live Movement,
KOTA ANGGUN,VCS,Haiphong,VNHPH,2026-08-05 06:00:00,12.140116,69.178477,Transit,274.334,0,50.71,0,0,0,Vessel Live Movement,
KOTA ANGGUN,VCS,Haiphong,VNHPH,2026-08-05 09:00:00,12.298436,69.203654,Transit,271.652,0,50.71,0,0,0,Vessel Live Movement,
KOTA ANGGUN,VCS,Haiphong,VNHPH,2026-08-05 12:00:00,12.456753,69.22886,Transit,268.97,0,50.71,0,0,0,Vessel Live Movement,
KOTA ANGGUN,VCS,Haiphong,VNHPH,2026-08-05 15:00:00,12.615069,69.254098,Transit,266.287,0,50.71,0,0,0,Vessel Live Movement,
KOTA ANGGUN,VCS,Haiphong,VNHPH,2026-08-05 18:00:00,12.773381,69.279367,Transit,263.605,0,50.71,0,0,0,Vessel Live Movement,
KOTA ANGGUN,VCS,Haiphong,VNHPH,2026-08-05 21:00:00,12.931692,69.304667,Transit,260.923,0,50.71,0,0,0,Vessel Live Movement,
KOTA ANGGUN,VCS,Haiphong,VNHPH,2026-08-06 00:00:00,13.089052,69.328829,Berthed,260.476,0,50.71,0,0,0,Vessel Live Movement,
KOTA ANGGUN,VCS,Haiphong,VNHPH,2026-08-06 03:00:00,13.092126,69.329416,Berthed,260.029,0,50.71,0,0,0,Vessel Live Movement,
KOTA ANGGUN,VCS,Haiphong,VNHPH,2026-08-06 06:00:00,13.089895,69.329977,Berthed,259.582,0,50.71,0,0,0,Vessel Live Movement,
KOTA ANGGUN,VCS,Haiphong,VNHPH,2026-08-06 09:00:00,13.088611,69.330666,Berthed,259.135,0,50.71,0,0,0,Vessel Live Movement,
KOTA ANGGUN,VCS,Haiphong,VNHPH,2026-08-06 12:00:00,13.090906,69.329743,Berthed,258.688,0,50.71,0,0,0,Vessel Live Movement,
KOTA ANGGUN,VCS,Haiphong,VNHPH,2026-08-06 15:00:00,13.089073,69.329184,Berthed,258.241,0,50.71,0,0,0,Vessel Live Movement,
KOTA ANGGUN,VCS,Haiphong,VNHPH,2026-08-06 18:00:00,13.088849,69.330409,Berthed,257.794,0,50.71,0,0,0,Vessel Live Movement,
KOTA ANGGUN,VCS,Haiphong,VNHPH,2026-08-06 21:00:00,13.089507,69.329639,Berthed,257.347,0,50.71,0,0,0,Vessel Live Movement,
KOTA ANGGUN,VCS,Qinzhou,CNQZH,2026-08-07 00:00:00,13.09,69.33,Transit,254.664,0,50.71,0,0,0,Vessel Live Movement,
KOTA ANGGUN,VCS,Qinzhou,CNQZH,2026-08-07 03:00:00,12.312614,72.241603,Transit,251.982,0,50.71,0,0,0,Vessel Live Movement,
KOTA ANGGUN,VCS,Qinzhou,CNQZH,2026-08-07 06:00:00,11.504592,75.135681,Transit,249.3,0,50.71,0,0,0,Vessel Live Movement,
KOTA ANGGUN,VCS,Qinzhou,CNQZH,2026-08-07 09:00:00,10.668172,78.012908,Transit,246.618,0,50.71,0,0,0,Vessel Live Movement,
KOTA ANGGUN,VCS,Qinzhou,CNQZH,2026-08-07 12:00:00,9.805617,80.874114,Transit,243.936,0,50.71,0,0,0,Vessel Live Movement,
KOTA ANGGUN,VCS,Qinzhou,CNQZH,2026-08-07 15:00:00,8.919214,83.720269,Transit,241.253,0,50.71,0,0,0,Vessel Live Movement,
KOTA ANGGUN,VCS,Qinzhou,CNQZH,2026-08-07 18:00:00,8.011266,86.552474,Transit,238.571,0,50.71,0,0,0,Vessel Live Movement,
KOTA ANGGUN,VCS,Qinzhou,CNQZH,2026-08-07 21:00:00,7.084087,89.371946,Transit,235.889,0,50.71,0,0,0,Vessel Live Movement,
KOTA ANGGUN,VCS,Qinzhou,CNQZH,2026-08-08 00:00:00,6.141399,92.182085,Berthed,235.442,0,50.71,0,0,0,Vessel Live Movement,
KOTA ANGGUN,VCS,Qinzhou,CNQZH,2026-08-08 03:00:00,6.139568,92.179323,Berthed,234.995,0,50.71,0,0,0,Vessel Live Movement,
KOTA ANGGUN,VCS,Qinzhou,CNQZH,2026-08-08 06:00:00,6.13992,92.181621,Berthed,234.548,0,50.71,0,0,0,Vessel Live Movement,
KOTA ANGGUN,VCS,Qinzhou,CNQZH,2026-08-08 09:00:00,6.139367,92.179737,Berthed,234.101,0,50.71,0,0,0,Vessel Live Movement,
KOTA ANGGUN,VCS,Qinzhou,CNQZH,2026-08-08 12:00:00,6.142368,92.179201,Berthed,233.654,0,50.71,0,0,0,Vessel Live Movement,
KOTA ANGGUN,VCS,Qinzhou,CNQZH,2026-08-08 15:00:00,6.140946,92.179533,Berthed,233.207,0,50.71,0,0,0,Vessel Live Movement,
KOTA ANGGUN,VCS,Qinzhou,CNQZH,2026-08-08 18:00:00,6.141774,92.179886,Berthed,232.76,0,50.71,0,0,0,Vessel Live Movement,
KOTA ANGGUN,VCS,Qinzhou,CNQZH,2026-08-08 21:00:00,6.139376,92.180224,Berthed,232.313,0,50.71,0,0,0,Vessel Live Movement,
KOTA ANGGUN,VCS,Qui Nhon,VNUIH,2026-08-09 00:00:00,6.14,92.18,Transit,229.63,0,50.71,0,0,0,Vessel Live Movement,
KOTA ANGGUN,VCS,Qui Nhon,VNUIH,2026-08-09 03:00:00,6.372494,90.724628,Transit,226.948,0,50.71,0,0,0,Vessel Live Movement,
KOTA ANGGUN,VCS,Qui Nhon,VNUIH,2026-08-09 06:00:00,6.600907,89.267948,Transit,224.266,0,50.71,0,0,0,Vessel Live Movement,
KOTA ANGGUN,VCS,Qui Nhon,VNUIH,2026-08-09 09:00:00,6.825087,87.809937,Transit,221.584,0,50.71,0,0,0,Vessel Live Movement,
KOTA ANGGUN,VCS,Qui Nhon,VNUIH,2026-08-09 12:00:00,7.044886,86.350572,Transit,218.901,0,50.71,0,0,0,Vessel Live Movement,
KOTA ANGGUN,VCS,Qui Nhon,VNUIH,2026-08-09 15:00:00,7.260155,84.889837,Transit,216.219,0,50.71,0,0,0,Vessel Live Movement,
KOTA ANGGUN,VCS,Qui Nhon,VNUIH,2026-08-09 18:00:00,7.470753,83.427719,Transit,213.537,0,50.71,0,0,0,Vessel Live Movement,
KOTA ANGGUN,VCS,Qui Nhon,VNUIH,2026-08-09 21:00:00,7.676535,81.964207,Transit,210.855,0,50.71,0,0,0,Vessel Live Movement,
KOTA ANGGUN,VCS,Qui Nhon,VNUIH,2026-08-10 00:00:00,7.877365,80.499295,Transit,208.173,0,50.71,0,0,0,Vessel Live Movement,
KOTA ANGGUN,VCS,Qui Nhon,VNUIH,2026-08-10 03:00:00,8.073105,79.032979,Transit,205.49,0,50.71,0,0,0,Vessel Live Movement,
KOTA ANGGUN,VCS,Qui Nhon,VNUIH,2026-08-10 06:00:00,8.263622,77.56526,Transit,202.808,0,50.71,0,0,0,Vessel Live Movement,
KOTA ANGGUN,VCS,Qui Nhon,VNUIH,2026-08-10 09:00:00,8.448787,76.096143,Transit,200.126,0,50.71,0,0,0,Vessel Live Movement,
KOTA ANGGUN,VCS,Qui Nhon,VNUIH,2026-08-10 12:00:00,8.628472,74.625637,Transit,197.444,0,50.71,0,0,0,Vessel Live Movement,
KOTA ANGGUN,VCS,Qui Nhon,VNUIH,2026-08-10 15:00:00,8.802555,73.153751,Transit,194.761,0,50.71,0,0,0,Vessel Live Movement,
KOTA ANGGUN,VCS,Qui Nhon,VNUIH,2026-08-10 18:00:00,8.970914,71.680504,Transit,192.079,0,50.71,0,0,0,Vessel Live Movement,
KOTA ANGGUN,VCS,Qui Nhon,VNUIH,2026-08-10 21:00:00,9.133433,70.205912,Transit,189.397,0,50.71,0,0,0,Vessel Live Movement,
KOTA ANGGUN,VCS,Qui Nhon,VNUIH,2026-08-11 00:00:00,9.288692,68.729925,Berthed,528.806,0,50.71,339.856,0,0,Vessel Live Movement,
KOTA ANGGUN,VCS,Qui Nhon,VNUIH,2026-08-11 03:00:00,9.290523,68.728823,Berthed,528.359,0,50.71,0,0,0,Vessel Live Movement,
KOTA ANGGUN,VCS,Qui Nhon,VNUIH,2026-08-11 06:00:00,9.289143,68.73094,Berthed,527.912,0,50.71,0,0,0,Vessel Live Movement,
KOTA ANGGUN,VCS,Qui Nhon,VNUIH,2026-08-11 09:00:00,9.290438,68.730446,Berthed,527.465,0,50.71,0,0,0,Vessel Live Movement,
KOTA ANGGUN,VCS,Qui Nhon,VNUIH,2026-08-11 12:00:00,9.290636,68.731452,Berthed,527.018,0,50.71,0,0,0,Vessel Live Movement,
KOTA ANGGUN,VCS,Qui Nhon,VNUIH,2026-08-11 15:00:00,9.290105,68.728925,Berthed,526.571,0,50.71,0,0,0,Vessel Live Movement,
KOTA ANGGUN,VCS,Qui Nhon,VNUIH,2026-08-11 18:00:00,9.288165,68.729238,Berthed,526.124,0,50.71,0,0,0,Vessel Live Movement,
KOTA ANGGUN,VCS,Qui Nhon,VNUIH,2026-08-11 21:00:00,9.290361,68.730342,Berthed,525.677,0,50.71,0,0,0,Vessel Live Movement,
KOTA ANGGUN,VCS,Haiphong,VNHPH,2026-08-12 00:00:00,9.29,68.73,Transit,522.994,0,50.71,0,0,0,Vessel Live Movement,
KOTA ANGGUN,VCS,Haiphong,VNHPH,2026-08-12 03:00:00,9.448356,68.754703,Transit,520.312,0,50.71,0,0,0,Vessel Live Movement,
KOTA ANGGUN,VCS,Haiphong,VNHPH,2026-08-12 06:00:00,9.60671,68.779429,Transit,517.63,0,50.71,0,0,0,Vessel Live Movement,
KOTA ANGGUN,VCS,Haiphong,VNHPH,2026-08-12 09:00:00,9.765062,68.804179,Transit,514.948,0,50.71,0,0,0,Vessel Live Movement,
KOTA ANGGUN,VCS,Haiphong,VNHPH,2026-08-12 12:00:00,9.923413,68.828951,Transit,512.266,0,50.71,0,0,0,Vessel Live Movement,
KOTA ANGGUN,VCS,Haiphong,VNHPH,2026-08-12 15:00:00,10.081762,68.853748,Transit,509.583,0,50.71,0,0,0,Vessel Live Movement,
KOTA ANGGUN,VCS,Haiphong,VNHPH,2026-08-12 18:00:00,10.240109,68.878569,Transit,506.901,0,50.71,0,0,0,Vessel Live Movement,
KOTA ANGGUN,VCS,Haiphong,VNHPH,2026-08-12 21:00:00,10.398454,68.903415,Transit,504.219,0,50.71,0,0,0,Vessel Live Movement,
KOTA ANGGUN,VCS,Haiphong,VNHPH,2026-08-13 00:00:00,10.556797,68.928286,Transit,501.537,0,50.71,0,0,0,Vessel Live Movement,
KOTA ANGGUN,VCS,Haiphong,VNHPH,2026-08-13 03:00:00,10.715138,68.953183,Transit,498.854,0,50.71,0,0,0,Vessel Live Movement,
KOTA ANGGUN,VCS,Haiphong,VNHPH,2026-08-13 06:00:00,10.873477,68.978106,Transit,496.172,0,50.71,0,0,0,Vessel Live Movement,
KOTA ANGGUN,VCS,Haiphong,VNHPH,2026-08-13 09:00:00,11.031814,69.003055,Transit,493.49,0,50.71,0,0,0,Vessel Live Movement,
KOTA ANGGUN,VCS,Haiphong,VNHPH,2026-08-13 12:00:00,11.19015,69.028031,Transit,490.808,0,50.71,0,0,0,Vessel Live Movement,
KOTA ANGGUN,VCS,Haiphong,VNHPH,2026-08-13 15:00:00,11.348483,69.053035,Transit,488.125,0,50.71,0,0,0,Vessel Live Movement,
KOTA ANGGUN,VCS,Haiphong,VNHPH,2026-08-13 18:00:00,11.506814,69.078066,Transit,485.443,0,50.71,0,0,0,Vessel Live Movement,
KOTA ANGGUN,VCS,Haiphong,VNHPH,2026-08-13 21:00:00,11.665142,69.103125,Transit,482.761,0,50.71,0,0,0,Vessel Live Movement,
KOTA ANGGUN,VCS,Haiphong,VNHPH,2026-08-14 00:00:00,11.823469,69.128213,Transit,480.079,0,50.71,0,0,0,Vessel Live Movement,
KOTA ANGGUN,VCS,Haiphong,VNHPH,2026-08-14 03:00:00,11.981793,69.153331,Transit,477.397,0,50.71,0,0,0,Vessel Live Movement,
KOTA ANGGUN,VCS,Haiphong,VNHPH,2026-08-14 06:00:00,12.140116,69.178477,Transit,474.714,0,50.71,0,0,0,Vessel Live Movement,
KOTA ANGGUN,VCS,Haiphong,VNHPH,2026-08-14 09:00:00,12.298436,69.203654,Transit,472.032,0,50.71,0,0,0,Vessel Live Movement,
KOTA ANGGUN,VCS,Haiphong,VNHPH,2026-08-14 12:00:00,12.456753,69.22886,Transit,469.35,0,50.71,0,0,0,Vessel Live Movement,
KOTA ANGGUN,VCS,Haiphong,VNHPH,2026-08-14 15:00:00,12.615069,69.254098,Transit,466.668,0,50.71,0,0,0,Vessel Live Movement,
KOTA ANGGUN,VCS,Haiphong,VNHPH,2026-08-14 18:00:00,12.773381,69.279367,Transit,463.985,0,50.71,0,0,0,Vessel Live Movement,
KOTA ANGGUN,VCS,Haiphong,VNHPH,2026-08-14 21:00:00,12.931692,69.304667,Transit,461.303,0,50.71,0,0,0,Vessel Live Movement,
KOTA ANGGUN,VCS,Haiphong,VNHPH,2026-08-15 00:00:00,13.090329,69.329062,Berthed,460.856,0,50.71,0,0,0,Vessel Live Movement,
KOTA ANGGUN,VCS,Haiphong,VNHPH,2026-08-15 03:00:00,13.088219,69.330776,Berthed,460.409,0,50.71,0,0,0,Vessel Live Movement,
KOTA ANGGUN,VCS,Haiphong,VNHPH,2026-08-15 06:00:00,13.089833,69.330306,Berthed,459.962,0,50.71,0,0,0,Vessel Live Movement,
KOTA ANGGUN,VCS,Haiphong,VNHPH,2026-08-15 09:00:00,13.090615,69.330363,Berthed,459.515,0,50.71,0,0,0,Vessel Live Movement,
KOTA ANGGUN,VCS,Haiphong,VNHPH,2026-08-15 12:00:00,13.090252,69.329519,Berthed,459.068,0,50.71,0,0,0,Vessel Live Movement,
KOTA ANGGUN,VCS,Haiphong,VNHPH,2026-08-15 15:00:00,13.090686,69.330687,Berthed,458.621,0,50.71,0,0,0,Vessel Live Movement,
KOTA ANGGUN,VCS,Haiphong,VNHPH,2026-08-15 18:00:00,13.089244,69.330605,Berthed,458.174,0,50.71,0,0,0,Vessel Live Movement,
KOTA ANGGUN,VCS,Haiphong,VNHPH,2026-08-15 21:00:00,13.08868,69.327611,Berthed,457.727,0,50.71,0,0,0,Vessel Live Movement,
KOTA ANGGUN,VCS,Qinzhou,CNQZH,2026-08-16 00:00:00,13.09,69.33,Transit,455.045,0,50.71,0,0,0,Vessel Live Movement,
KOTA ANGGUN,VCS,Qinzhou,CNQZH,2026-08-16 03:00:00,12.312614,72.241603,Transit,452.362,0,50.71,0,0,0,Vessel Live Movement,
KOTA ANGGUN,VCS,Qinzhou,CNQZH,2026-08-16 06:00:00,11.504592,75.135681,Transit,449.68,0,50.71,0,0,0,Vessel Live Movement,
KOTA ANGGUN,VCS,Qinzhou,CNQZH,2026-08-16 09:00:00,10.668172,78.012908,Transit,446.998,0,50.71,0,0,0,Vessel Live Movement,
KOTA ANGGUN,VCS,Qinzhou,CNQZH,2026-08-16 12:00:00,9.805617,80.874114,Transit,444.316,0,50.71,0,0,0,Vessel Live Movement,
KOTA ANGGUN,VCS,Qinzhou,CNQZH,2026-08-16 15:00:00,8.919214,83.720269,Transit,441.634,0,50.71,0,0,0,Vessel Live Movement,
KOTA ANGGUN,VCS,Qinzhou,CNQZH,2026-08-16 18:00:00,8.011266,86.552474,Transit,438.951,0,50.71,0,0,0,Vessel Live Movement,
KOTA ANGGUN,VCS,Qinzhou,CNQZH,2026-08-16 21:00:00,7.084087,89.371946,Transit,436.269,0,50.71,0,0,0,Vessel Live Movement,
KOTA ANGGUN,VCS,Qinzhou,CNQZH,2026-08-17 00:00:00,6.140935,92.181177,Berthed,435.822,0,50.71,0,0,0,Vessel Live Movement,
KOTA ANGGUN,VCS,Qinzhou,CNQZH,2026-08-17 03:00:00,6.139763,92.180532,Berthed,435.375,0,50.71,0,0,0,Vessel Live Movement,
KOTA ANGGUN,VCS,Qinzhou,CNQZH,2026-08-17 06:00:00,6.138387,92.179336,Berthed,434.928,0,50.71,0,0,0,Vessel Live Movement,
KOTA ANGGUN,VCS,Qinzhou,CNQZH,2026-08-17 09:00:00,6.139611,92.181247,Berthed,434.481,0,50.71,0,0,0,Vessel Live Movement,
KOTA ANGGUN,VCS,Qinzhou,CNQZH,2026-08-17 12:00:00,6.140381,92.180411,Berthed,434.034,0,50.71,0,0,0,Vessel Live Movement,
KOTA ANGGUN,VCS,Qinzhou,CNQZH,2026-08-17 15:00:00,6.139003,92.180405,Berthed,433.587,0,50.71,0,0,0,Vessel Live Movement,
KOTA ANGGUN,VCS,Qinzhou,CNQZH,2026-08-17 18:00:00,6.139896,92.180044,Berthed,433.14,0,50.71,0,0,0,Vessel Live Movement,
KOTA ANGGUN,VCS,Qinzhou,CNQZH,2026-08-17 21:00:00,6.138771,92.182039,Berthed,432.693,0,50.71,0,0,0,Vessel Live Movement,
KOTA ANGGUN,VCS,Qui Nhon,VNUIH,2026-08-18 00:00:00,6.14,92.18,Transit,430.011,0,50.71,0,0,0,Vessel Live Movement,
KOTA ANGGUN,VCS,Qui Nhon,VNUIH,2026-08-18 03:00:00,6.372494,90.724628,Transit,427.328,0,50.71,0,0,0,Vessel Live Movement,
KOTA ANGGUN,VCS,Qui Nhon,VNUIH,2026-08-18 06:00:00,6.600907,89.267948,Transit,424.646,0,50.71,0,0,0,Vessel Live Movement,
KOTA ANGGUN,VCS,Qui Nhon,VNUIH,2026-08-18 09:00:00,6.825087,87.809937,Transit,421.964,0,50.71,0,0,0,Vessel Live Movement,
KOTA ANGGUN,VCS,Qui Nhon,VNUIH,2026-08-18 12:00:00,7.044886,86.350572,Transit,419.282,0,50.71,0,0,0,Vessel Live Movement,
KOTA ANGGUN,VCS,Qui Nhon,VNUIH,2026-08-18 15:00:00,7.260155,84.889837,Transit,416.599,0,50.71,0,0,0,Vessel Live Movement,
KOTA ANGGUN,VCS,Qui Nhon,VNUIH,2026-08-18 18:00:00,7.470753,83.427719,Transit,413.917,0,50.71,0,0,0,Vessel Live Movement,
KOTA ANGGUN,VCS,Qui Nhon,VNUIH,2026-08-18 21:00:00,7.676535,81.964207,Transit,411.235,0,50.71,0,0,0,Vessel Live Movement,
KOTA ANGGUN,VCS,Qui Nhon,VNUIH,2026-08-19 00:00:00,7.877365,80.499295,Transit,408.553,0,50.71,0,0,0,Vessel Live Movement,
KOTA ANGGUN,VCS,Qui Nhon,VNUIH,2026-08-19 03:00:00,8.073105,79.032979,Transit,405.871,0,50.71,0,0,0,Vessel Live Movement,
KOTA ANGGUN,VCS,Qui Nhon,VNUIH,2026-08-19 06:00:00,8.263622,77.56526,Transit,403.188,0,50.71,0,0,0,Vessel Live Movement,
KOTA ANGGUN,VCS,Qui Nhon,VNUIH,2026-08-19 09:00:00,8.448787,76.096143,Transit,400.506,0,50.71,0,0,0,Vessel Live Movement,
KOTA ANGGUN,VCS,Qui Nhon,VNUIH,2026-08-19 12:00:00,8.628472,74.625637,Transit,397.824,0,50.71,0,0,0,Vessel Live Movement,
KOTA ANGGUN,VCS,Qui Nhon,VNUIH,2026-08-19 15:00:00,8.802555,73.153751,Transit,395.142,0,50.71,0,0,0,Vessel Live Movement,
KOTA ANGGUN,VCS,Qui Nhon,VNUIH,2026-08-19 18:00:00,8.970914,71.680504,Transit,392.459,0,50.71,0,0,0,Vessel Live Movement,
KOTA ANGGUN,VCS,Qui Nhon,VNUIH,2026-08-19 21:00:00,9.133433,70.205912,Transit,389.777,0,50.71,0,0,0,Vessel Live Movement,
KOTA ANGGUN,VCS,Qui Nhon,VNUIH,2026-08-20 00:00:00,9.289783,68.73095,Berthed,389.33,0,50.71,0,0,0,Vessel Live Movement,
KOTA ANGGUN,VCS,Qui Nhon,VNUIH,2026-08-20 03:00:00,9.289878,68.729854,Berthed,388.883,0,50.71,0,0,0,Vessel Live Movement,
KOTA ANGGUN,VCS,Qui Nhon,VNUIH,2026-08-20 06:00:00,9.288774,68.728228,Berthed,388.436,0,50.71,0,0,0,Vessel Live Movement,
KOTA ANGGUN,VCS,Qui Nhon,VNUIH,2026-08-20 09:00:00,9.289507,68.731487,Berthed,387.989,0,50.71,0,0,0,Vessel Live Movement,
KOTA ANGGUN,VCS,Qui Nhon,VNUIH,2026-08-20 12:00:00,9.29024,68.729157,Berthed,387.542,0,50.71,0,0,0,Vessel Live Movement,
KOTA ANGGUN,VCS,Qui Nhon,VNUIH,2026-08-20 15:00:00,9.288647,68.730077,Berthed,387.095,0,50.71,0,0,0,Vessel Live Movement,
KOTA ANGGUN,VCS,Qui Nhon,VNUIH,2026-08-20 18:00:00,9.289187,68.729848,Berthed,386.648,0,50.71,0,0,0,Vessel Live Movement,
KOTA ANGGUN,VCS,Qui Nhon,VNUIH,2026-08-20 21:00:00,9.289366,68.729951,Berthed,386.201,0,50.71,0,0,0,Vessel Live Movement,
KOTA ANGGUN,VCS,Haiphong,VNHPH,2026-08-21 00:00:00,9.29,68.73,Transit,383.519,0,50.71,0,0,0,Vessel Live Movement,
KOTA ANGGUN,VCS,Haiphong,VNHPH,2026-08-21 03:00:00,9.448356,68.754703,Transit,380.836,0,50.71,0,0,0,Vessel Live Movement,
KOTA ANGGUN,VCS,Haiphong,VNHPH,2026-08-21 06:00:00,9.60671,68.779429,Transit,378.154,0,50.71,0,0,0,Vessel Live Movement,
KOTA ANGGUN,VCS,Haiphong,VNHPH,2026-08-21 09:00:00,9.765062,68.804179,Transit,375.472,0,50.71,0,0,0,Vessel Live Movement,
KOTA ANGGUN,VCS,Haiphong,VNHPH,2026-08-21 12:00:00,9.923413,68.828951,Transit,372.79,0,50.71,0,0,0,Vessel Live Movement,
KOTA ANGGUN,VCS,Haiphong,VNHPH,2026-08-21 15:00:00,10.081762,68.853748,Transit,370.108,0,50.71,0,0,0,Vessel Live Movement,
KOTA ANGGUN,VCS,Haiphong,VNHPH,2026-08-21 18:00:00,10.240109,68.878569,Transit,367.425,0,50.71,0,0,0,Vessel Live Movement,
KOTA ANGGUN,VCS,Haiphong,VNHPH,2026-08-21 21:00:00,10.398454,68.903415,Transit,364.743,0,50.71,0,0,0,Vessel Live Movement,
KOTA ANGGUN,VCS,Haiphong,VNHPH,2026-08-22 00:00:00,10.556797,68.928286,Transit,362.061,0,50.71,0,0,0,Vessel Live Movement,
KOTA ANGGUN,VCS,Haiphong,VNHPH,2026-08-22 03:00:00,10.715138,68.953183,Transit,359.379,0,50.71,0,0,0,Vessel Live Movement,
KOTA ANGGUN,VCS,Haiphong,VNHPH,2026-08-22 06:00:00,10.873477,68.978106,Transit,356.696,0,50.71,0,0,0,Vessel Live Movement,
KOTA ANGGUN,VCS,Haiphong,VNHPH,2026-08-22 09:00:00,11.031814,69.003055,Transit,354.014,0,50.71,0,0,0,Vessel Live Movement,
KOTA ANGGUN,VCS,Haiphong,VNHPH,2026-08-22 12:00:00,11.19015,69.028031,Transit,351.332,0,50.71,0,0,0,Vessel Live Movement,
KOTA ANGGUN,VCS,Haiphong,VNHPH,2026-08-22 15:00:00,11.348483,69.053035,Transit,348.65,0,50.71,0,0,0,Vessel Live Movement,
KOTA ANGGUN,VCS,Haiphong,VNHPH,2026-08-22 18:00:00,11.506814,69.078066,Transit,345.968,0,50.71,0,0,0,Vessel Live Movement,
KOTA ANGGUN,VCS,Haiphong,VNHPH,2026-08-22 21:00:00,11.665142,69.103125,Transit,343.285,0,50.71,0,0,0,Vessel Live Movement,
KOTA ANGGUN,VCS,Haiphong,VNHPH,2026-08-23 00:00:00,11.823469,69.128213,Transit,340.603,0,50.71,0,0,0,Vessel Live Movement,
KOTA ANGGUN,VCS,Haiphong,VNHPH,2026-08-23 03:00:00,11.981793,69.153331,Transit,337.921,0,50.71,0,0,0,Vessel Live Movement,
KOTA ANGGUN,VCS,Haiphong,VNHPH,2026-08-23 06:00:00,12.140116,69.178477,Transit,335.239,0,50.71,0,0,0,Vessel Live Movement,
KOTA ANGGUN,VCS,Haiphong,VNHPH,2026-08-23 09:00:00,12.298436,69.203654,Transit,332.556,0,50.71,0,0,0,Vessel Live Movement,
KOTA ANGGUN,VCS,Haiphong,VNHPH,2026-08-23 12:00:00,12.456753,69.22886,Transit,329.874,0,50.71,0,0,0,Vessel Live Movement,
KOTA ANGGUN,VCS,Haiphong,VNHPH,2026-08-23 15:00:00,12.615069,69.254098,Transit,327.192,0,50.71,0,0,0,Vessel Live Movement,
KOTA ANGGUN,VCS,Haiphong,VNHPH,2026-08-23 18:00:00,12.773381,69.279367,Transit,324.51,0,50.71,0,0,0,Vessel Live Movement,
KOTA ANGGUN,VCS,Haiphong,VNHPH,2026-08-23 21:00:00,12.931692,69.304667,Transit,321.828,0,50.71,0,0,0,Vessel Live Movement,
KOTA ANGGUN,VCS,Haiphong,VNHPH,2026-08-24 00:00:00,13.090282,69.330189,Berthed,321.381,0,50.71,0,0,0,Vessel Live Movement,
KOTA ANGGUN,VCS,Haiphong,VNHPH,2026-08-24 03:00:00,13.09034,69.330776,Berthed,320.933,0,50.71,0,0,0,Vessel Live Movement,
KOTA ANGGUN,VCS,Haiphong,VNHPH,2026-08-24 06:00:00,13.090833,69.33124,Berthed,320.486,0,50.71,0,0,0,Vessel Live Movement,
KOTA ANGGUN,VCS,Haiphong,VNHPH,2026-08-24 09:00:00,13.088569,69.329719,Berthed,320.039,0,50.71,0,0,0,Vessel Live Movement,
KOTA ANGGUN,VCS,Haiphong,VNHPH,2026-08-24 12:00:00,13.092685,69.329012,Berthed,319.592,0,50.71,0,0,0,Vessel Live Movement,
KOTA ANGGUN,VCS,Haiphong,VNHPH,2026-08-24 15:00:00,13.093287,69.32868,Berthed,319.145,0,50.71,0,0,0,Vessel Live Movement,
KOTA ANGGUN,VCS,Haiphong,VNHPH,2026-08-24 18:00:00,13.090061,69.330644,Berthed,318.698,0,50.71,0,0,0,Vessel Live Movement,
KOTA ANGGUN,VCS,Haiphong,VNHPH,2026-08-24 21:00:00,13.090056,69.329199,Berthed,318.251,0,50.71,0,0,0,Vessel Live Movement,
KOTA ANGGUN,VCS,Qinzhou,CNQZH,2026-08-25 00:00:00,13.09,69.33,Transit,315.569,0,50.71,0,0,0,Vessel Live Movement,
KOTA ANGGUN,VCS,Qinzhou,CNQZH,2026-08-25 03:00:00,12.312614,72.241603,Transit,312.887,0,50.71,0,0,0,Vessel Live Movement,
KOTA ANGGUN,VCS,Qinzhou,CNQZH,2026-08-25 06:00:00,11.504592,75.135681,Transit,310.205,0,50.71,0,0,0,Vessel Live Movement,
KOTA ANGGUN,VCS,Qinzhou,CNQZH,2026-08-25 09:00:00,10.668172,78.012908,Transit,307.522,0,50.71,0,0,0,Vessel Live Movement,
KOTA ANGGUN,VCS,Qinzhou,CNQZH,2026-08-25 12:00:00,9.805617,80.874114,Transit,304.84,0,50.71,0,0,0,Vessel Live Movement,
KOTA ANGGUN,VCS,Qinzhou,CNQZH,2026-08-25 15:00:00,8.919214,83.720269,Transit,302.158,0,50.71,0,0,0,Vessel Live Movement,
KOTA ANGGUN,VCS,Qinzhou,CNQZH,2026-08-25 18:00:00,8.011266,86.552474,Transit,299.476,0,50.71,0,0,0,Vessel Live Movement,
KOTA ANGGUN,VCS,Qinzhou,CNQZH,2026-08-25 21:00:00,7.084087,89.371946,Transit,296.793,0,50.71,0,0,0,Vessel Live Movement,
KOTA ANGGUN,VCS,Qinzhou,CNQZH,2026-08-26 00:00:00,6.139241,92.180038,Berthed,296.346,0,50.71,0,0,0,Vessel Live Movement,
KOTA ANGGUN,VCS,Qinzhou,CNQZH,2026-08-26 03:00:00,6.140024,92.179972,Berthed,295.899,0,50.71,0,0,0,Vessel Live Movement,
KOTA ANGGUN,VCS,Qinzhou,CNQZH,2026-08-26 06:00:00,6.14127,92.179747,Berthed,295.452,0,50.71,0,0,0,Vessel Live Movement,
KOTA ANGGUN,VCS,Qinzhou,CNQZH,2026-08-26 09:00:00,6.138219,92.178785,Berthed,295.005,0,50.71,0,0,0,Vessel Live Movement,
KOTA ANGGUN,VCS,Qinzhou,CNQZH,2026-08-26 12:00:00,6.139578,92.179853,Berthed,294.558,0,50.71,0,0,0,Vessel Live Movement,
KOTA ANGGUN,VCS,Qinzhou,CNQZH,2026-08-26 15:00:00,6.14095,92.179237,Berthed,294.111,0,50.71,0,0,0,Vessel Live Movement,
KOTA ANGGUN,VCS,Qinzhou,CNQZH,2026-08-26 18:00:00,6.139762,92.17858,Berthed,293.664,0,50.71,0,0,0,Vessel Live Movement,
KOTA ANGGUN,VCS,Qinzhou,CNQZH,2026-08-26 21:00:00,6.139776,92.179875,Berthed,293.217,0,50.71,0,0,0,Vessel Live Movement,
KOTA ANGGUN,VCS,Qui Nhon,VNUIH,2026-08-27 00:00:00,6.14,92.18,Transit,290.535,0,50.71,0,0,0,Vessel Live Movement,
KOTA ANGGUN,VCS,Qui Nhon,VNUIH,2026-08-27 03:00:00,6.372494,90.724628,Transit,287.853,0,50.71,0,0,0,Vessel Live Movement,
KOTA ANGGUN,VCS,Qui Nhon,VNUIH,2026-08-27 06:00:00,6.600907,89.267948,Transit,285.17,0,50.71,0,0,0,Vessel Live Movement,
KOTA ANGGUN,VCS,Qui Nhon,VNUIH,2026-08-27 09:00:00,6.825087,87.809937,Transit,282.488,0,50.71,0,0,0,Vessel Live Movement,
KOTA ANGGUN,VCS,Qui Nhon,VNUIH,2026-08-27 12:00:00,7.044886,86.350572,Transit,279.806,0,50.71,0,0,0,Vessel Live Movement,
KOTA ANGGUN,VCS,Qui Nhon,VNUIH,2026-08-27 15:00:00,7.260155,84.889837,Transit,277.124,0,50.71,0,0,0,Vessel Live Movement,
KOTA ANGGUN,VCS,Qui Nhon,VNUIH,2026-08-27 18:00:00,7.470753,83.427719,Transit,274.442,0,50.71,0,0,0,Vessel Live Movement,
KOTA ANGGUN,VCS,Qui Nhon,VNUIH,2026-08-27 21:00:00,7.676535,81.964207,Transit,271.759,0,50.71,0,0,0,Vessel Live Movement,
KOTA ANGGUN,VCS,Qui Nhon,VNUIH,2026-08-28 00:00:00,7.877365,80.499295,Transit,269.077,0,50.71,0,0,0,Vessel Live Movement,
KOTA ANGGUN,VCS,Qui Nhon,VNUIH,2026-08-28 03:00:00,8.073105,79.032979,Transit,266.395,0,50.71,0,0,0,Vessel Live Movement,
KOTA ANGGUN,VCS,Qui Nhon,VNUIH,2026-08-28 06:00:00,8.263622,77.56526,Transit,263.713,0,50.71,0,0,0,Vessel Live Movement,
KOTA ANGGUN,VCS,Qui Nhon,VNUIH,2026-08-28 09:00:00,8.448787,76.096143,Transit,261.03,0,50.71,0,0,0,Vessel Live Movement,
KOTA ANGGUN,VCS,Qui Nhon,VNUIH,2026-08-28 12:00:00,8.628472,74.625637,Transit,258.348,0,50.71,0,0,0,Vessel Live Movement,
KOTA ANGGUN,VCS,Qui Nhon,VNUIH,2026-08-28 15:00:00,8.802555,73.153751,Transit,255.666,0,50.71,0,0,0,Vessel Live Movement,
KOTA ANGGUN,VCS,Qui Nhon,VNUIH,2026-08-28 18:00:00,8.970914,71.680504,Transit,252.984,0,50.71,0,0,0,Vessel Live Movement,
KOTA ANGGUN,VCS,Qui Nhon,VNUIH,2026-08-28 21:00:00,9.133433,70.205912,Transit,250.302,0,50.71,0,0,0,Vessel Live Movement,
KOTA ANGGUN,VCS,Qui Nhon,VNUIH,2026-08-29 00:00:00,9.289038,68.728564,Berthed,249.855,0,50.71,0,0,0,Vessel Live Movement,
KOTA ANGGUN,VCS,Qui Nhon,VNUIH,2026-08-29 03:00:00,9.290984,68.731617,Berthed,249.407,0,50.71,0,0,0,Vessel Live Movement,
KOTA ANGGUN,VCS,Qui Nhon,VNUIH,2026-08-29 06:00:00,9.291418,68.730686,Berthed,248.96,0,50.71,0,0,0,Vessel Live Movement,
KOTA ANGGUN,VCS,Qui Nhon,VNUIH,2026-08-29 09:00:00,9.288888,68.730758,Berthed,248.513,0,50.71,0,0,0,Vessel Live Movement,
KOTA ANGGUN,VCS,Qui Nhon,VNUIH,2026-08-29 12:00:00,9.28962,68.730252,Berthed,248.066,0,50.71,0,0,0,Vessel Live Movement,
KOTA ANGGUN,VCS,Qui Nhon,VNUIH,2026-08-29 15:00:00,9.290045,68.729576,Berthed,247.619,0,50.71,0,0,0,Vessel Live Movement,
KOTA ANGGUN,VCS,Qui Nhon,VNUIH,2026-08-29 18:00:00,9.289453,68.730092,Berthed,247.172,0,50.71,0,0,0,Vessel Live Movement,
KOTA ANGGUN,VCS,Qui Nhon,VNUIH,2026-08-29 21:00:00,9.289376,68.731651,Berthed,246.725,0,50.71,0,0,0,Vessel Live Movement,
KOTA ANGGUN,VCS,Haiphong,VNHPH,2026-08-30 00:00:00,9.29,68.73,Transit,244.043,0,50.71,0,0,0,Vessel Live Movement,
KOTA ANGGUN,VCS,Haiphong,VNHPH,2026-08-30 03:00:00,9.448356,68.754703,Transit,241.361,0,50.71,0,0,0,Vessel Live Movement,
KOTA ANGGUN,VCS,Haiphong,VNHPH,2026-08-30 06:00:00,9.60671,68.779429,Transit,238.679,0,50.71,0,0,0,Vessel Live Movement,
KOTA ANGGUN,VCS,Haiphong,VNHPH,2026-08-30 09:00:00,9.765062,68.804179,Transit,235.996,0,50.71,0,0,0,Vessel Live Movement,
KOTA ANGGUN,VCS,Haiphong,VNHPH,2026-08-30 12:00:00,9.923413,68.828951,Transit,233.314,0,50.71,0,0,0,Vessel Live Movement,
KOTA ANGGUN,VCS,Haiphong,VNHPH,2026-08-30 15:00:00,10.081762,68.853748,Transit,230.632,0,50.71,0,0,0,Vessel Live Movement,
KOTA ANGGUN,VCS,Haiphong,VNHPH,2026-08-30 18:00:00,10.240109,68.878569,Transit,227.95,0,50.71,0,0,0,Vessel Live Movement,
KOTA ANGGUN,VCS,Haiphong,VNHPH,2026-08-30 21:00:00,10.398454,68.903415,Transit,225.267,0,50.71,0,0,0,Vessel Live Movement,
KOTA ANGGUN,VCS,Haiphong,VNHPH,2026-08-31 00:00:00,10.556797,68.928286,Transit,222.585,0,50.71,0,0,0,Vessel Live Movement,
KOTA ANGGUN,VCS,Haiphong,VNHPH,2026-08-31 03:00:00,10.715138,68.953183,Transit,219.903,0,50.71,0,0,0,Vessel Live Movement,
KOTA ANGGUN,VCS,Haiphong,VNHPH,2026-08-31 06:00:00,10.873477,68.978106,Transit,217.221,0,50.71,0,0,0,Vessel Live Movement,
KOTA ANGGUN,VCS,Haiphong,VNHPH,2026-08-31 09:00:00,11.031814,69.003055,Transit,214.539,0,50.71,0,0,0,Vessel Live Movement,
KOTA ANGGUN,VCS,Haiphong,VNHPH,2026-08-31 12:00:00,11.19015,69.028031,Transit,211.856,0,50.71,0,0,0,Vessel Live Movement,
KOTA ANGGUN,VCS,Haiphong,VNHPH,2026-08-31 15:00:00,11.348483,69.053035,Transit,209.174,0,50.71,0,0,0,Vessel Live Movement,
KOTA ANGGUN,VCS,Haiphong,VNHPH,2026-08-31 18:00:00,11.506814,69.078066,Transit,206.492,0,50.71,0,0,0,Vessel Live Movement,
KOTA ANGGUN,VCS,Haiphong,VNHPH,2026-08-31 21:00:00,11.665142,69.103125,Transit,203.81,0,50.71,0,0,0,Vessel Live Movement,
KOTA ANGGUN,VCS,Haiphong,VNHPH,2026-09-01 00:00:00,11.823469,69.128213,Transit,201.127,0,50.71,0,0,0,Vessel Live Movement,
KOTA ANGGUN,VCS,Haiphong,VNHPH,2026-09-01 03:00:00,11.981793,69.153331,Transit,198.445,0,50.71,0,0,0,Vessel Live Movement,
KOTA ANGGUN,VCS,Haiphong,VNHPH,2026-09-01 06:00:00,12.140116,69.178477,Transit,195.763,0,50.71,0,0,0,Vessel Live Movement,
KOTA ANGGUN,VCS,Haiphong,VNHPH,2026-09-01 09:00:00,12.298436,69.203654,Transit,193.081,0,50.71,0,0,0,Vessel Live Movement,
KOTA ANGGUN,VCS,Haiphong,VNHPH,2026-09-01 12:00:00,12.456753,69.22886,Transit,190.399,0,50.71,0,0,0,Vessel Live Movement,
KOTA ANGGUN,VCS,Haiphong,VNHPH,2026-09-01 15:00:00,12.615069,69.254098,Transit,187.716,0,50.71,0,0,0,Vessel Live Movement,
KOTA ANGGUN,VCS,Haiphong,VNHPH,2026-09-01 18:00:00,12.773381,69.279367,Transit,185.034,0,50.71,0,0,0,Vessel Live Movement,
KOTA ANGGUN,VCS,Haiphong,VNHPH,2026-09-01 21:00:00,12.931692,69.304667,Transit,182.352,0,50.71,0,0,0,Vessel Live Movement,
KOTA ANGGUN,VCS,Haiphong,VNHPH,2026-09-02 00:00:00,13.088496,69.329303,Berthed,501.722,0,50.71,319.817,0,0,Vessel Live Movement,
KOTA ANGGUN,VCS,Haiphong,VNHPH,2026-09-02 03:00:00,13.09055,69.32839,Berthed,501.275,0,50.71,0,0,0,Vessel Live Movement,
KOTA ANGGUN,VCS,Haiphong,VNHPH,2026-09-02 06:00:00,13.089848,69.330177,Berthed,500.828,0,50.71,0,0,0,Vessel Live Movement,
KOTA ANGGUN,VCS,Haiphong,VNHPH,2026-09-02 09:00:00,13.090484,69.328815,Berthed,500.381,0,50.71,0,0,0,Vessel Live Movement,
KOTA ANGGUN,VCS,Haiphong,VNHPH,2026-09-02 12:00:00,13.089937,69.331001,Berthed,499.934,0,50.71,0,0,0,Vessel Live Movement,
KOTA ANGGUN,VCS,Haiphong,VNHPH,2026-09-02 15:00:00,13.089221,69.328909,Berthed,499.487,0,50.71,0,0,0,Vessel Live Movement,
KOTA ANGGUN,VCS,Haiphong,VNHPH,2026-09-02 18:00:00,13.089478,69.32939,Berthed,499.04,0,50.71,0,0,0,Vessel Live Movement,
KOTA ANGGUN,VCS,Haiphong,VNHPH,2026-09-02 21:00:00,13.086255,69.329447,Berthed,498.593,0,50.71,0,0,0,Vessel Live Movement,
KOTA ANGGUN,VCS,Qinzhou,CNQZH,2026-09-03 00:00:00,13.09,69.33,Transit,495.91,0,50.71,0,0,0,Vessel Live Movement,
KOTA ANGGUN,VCS,Qinzhou,CNQZH,2026-09-03 03:00:00,12.312614,72.241603,Transit,493.228,0,50.71,0,0,0,Vessel Live Movement,
KOTA ANGGUN,VCS,Qinzhou,CNQZH,2026-09-03 06:00:00,11.504592,75.135681,Transit,490.546,0,50.71,0,0,0,Vessel Live Movement,
KOTA ANGGUN,VCS,Qinzhou,CNQZH,2026-09-03 09:00:00,10.668172,78.012908,Transit,487.864,0,50.71,0,0,0,Vessel Live Movement,
KOTA ANGGUN,VCS,Qinzhou,CNQZH,2026-09-03 12:00:00,9.805617,80.874114,Transit,485.181,0,50.71,0,0,0,Vessel Live Movement,
KOTA ANGGUN,VCS,Qinzhou,CNQZH,2026-09-03 15:00:00,8.919214,83.720269,Transit,482.499,0,50.71,0,0,0,Vessel Live Movement,
KOTA ANGGUN,VCS,Qinzhou,CNQZH,2026-09-03 18:00:00,8.011266,86.552474,Transit,479.817,0,50.71,0,0,0,Vessel Live Movement,
KOTA ANGGUN,VCS,Qinzhou,CNQZH,2026-09-03 21:00:00,7.084087,89.371946,Transit,477.135,0,50.71,0,0,0,Vessel Live Movement,
KOTA ANGGUN,VCS,Qinzhou,CNQZH,2026-09-04 00:00:00,6.139707,92.179795,Berthed,476.688,0,50.71,0,0,0,Vessel Live Movement,
KOTA ANGGUN,VCS,Qinzhou,CNQZH,2026-09-04 03:00:00,6.14043,92.179781,Berthed,476.241,0,50.71,0,0,0,Vessel Live Movement,
KOTA ANGGUN,VCS,Qinzhou,CNQZH,2026-09-04 06:00:00,6.140796,92.179905,Berthed,475.794,0,50.71,0,0,0,Vessel Live Movement,
KOTA ANGGUN,VCS,Qinzhou,CNQZH,2026-09-04 09:00:00,6.14042,92.179299,Berthed,475.347,0,50.71,0,0,0,Vessel Live Movement,
KOTA ANGGUN,VCS,Qinzhou,CNQZH,2026-09-04 12:00:00,6.140805,92.179503,Berthed,474.9,0,50.71,0,0,0,Vessel Live Movement,
KOTA ANGGUN,VCS,Qinzhou,CNQZH,2026-09-04 15:00:00,6.139807,92.1801,Berthed,474.453,0,50.71,0,0,0,Vessel Live Movement,
KOTA ANGGUN,VCS,Qinzhou,CNQZH,2026-09-04 18:00:00,6.141727,92.181171,Berthed,474.005,0,50.71,0,0,0,Vessel Live Movement,
KOTA ANGGUN,VCS,Qinzhou,CNQZH,2026-09-04 21:00:00,6.140068,92.180625,Berthed,473.558,0,50.71,0,0,0,Vessel Live Movement,
KOTA ANGGUN,VCS,Qui Nhon,VNUIH,2026-09-05 00:00:00,6.14,92.18,Transit,470.876,0,50.71,0,0,0,Vessel Live Movement,
KOTA ANGGUN,VCS,Qui Nhon,VNUIH,2026-09-05 03:00:00,6.372494,90.724628,Transit,468.194,0,50.71,0,0,0,Vessel Live Movement,
KOTA ANGGUN,VCS,Qui Nhon,VNUIH,2026-09-05 06:00:00,6.600907,89.267948,Transit,465.512,0,50.71,0,0,0,Vessel Live Movement,
KOTA ANGGUN,VCS,Qui Nhon,VNUIH,2026-09-05 09:00:00,6.825087,87.809937,Transit,462.83,0,50.71,0,0,0,Vessel Live Movement,
KOTA ANGGUN,VCS,Qui Nhon,VNUIH,2026-09-05 12:00:00,7.044886,86.350572,Transit,460.147,0,50.71,0,0,0,Vessel Live Movement,
KOTA ANGGUN,VCS,Qui Nhon,VNUIH,2026-09-05 15:00:00,7.260155,84.889837,Transit,457.465,0,50.71,0,0,0,Vessel Live Movement,
KOTA ANGGUN,VCS,Qui Nhon,VNUIH,2026-09-05 18:00:00,7.470753,83.427719,Transit,454.783,0,50.71,0,0,0,Vessel Live Movement,
KOTA ANGGUN,VCS,Qui Nhon,VNUIH,2026-09-05 21:00:00,7.676535,81.964207,Transit,452.101,0,50.71,0,0,0,Vessel Live Movement,
KOTA ANGGUN,VCS,Qui Nhon,VNUIH,2026-09-06 00:00:00,7.877365,80.499295,Transit,449.418,0,50.71,0,0,0,Vessel Live Movement,
KOTA ANGGUN,VCS,Qui Nhon,VNUIH,2026-09-06 03:00:00,8.073105,79.032979,Transit,446.736,0,50.71,0,0,0,Vessel Live Movement,
KOTA ANGGUN,VCS,Qui Nhon,VNUIH,2026-09-06 06:00:00,8.263622,77.56526,Transit,444.054,0,50.71,0,0,0,Vessel Live Movement,
KOTA ANGGUN,VCS,Qui Nhon,VNUIH,2026-09-06 09:00:00,8.448787,76.096143,Transit,441.372,0,50.71,0,0,0,Vessel Live Movement,
KOTA ANGGUN,VCS,Qui Nhon,VNUIH,2026-09-06 12:00:00,8.628472,74.625637,Transit,438.69,0,50.71,0,0,0,Vessel Live Movement,
KOTA ANGGUN,VCS,Qui Nhon,VNUIH,2026-09-06 15:00:00,8.802555,73.153751,Transit,436.007,0,50.71,0,0,0,Vessel Live Movement,
KOTA ANGGUN,VCS,Qui Nhon,VNUIH,2026-09-06 18:00:00,8.970914,71.680504,Transit,433.325,0,50.71,0,0,0,Vessel Live Movement,
KOTA ANGGUN,VCS,Qui Nhon,VNUIH,2026-09-06 21:00:00,9.133433,70.205912,Transit,430.643,0,50.71,0,0,0,Vessel Live Movement,
KOTA ANGGUN,VCS,Qui Nhon,VNUIH,2026-09-07 00:00:00,9.290175,68.730189,Berthed,430.196,0,50.71,0,0,0,Vessel Live Movement,
KOTA ANGGUN,VCS,Qui Nhon,VNUIH,2026-09-07 03:00:00,9.291413,68.73122,Berthed,429.749,0,50.71,0,0,0,Vessel Live Movement,
KOTA ANGGUN,VCS,Qui Nhon,VNUIH,2026-09-07 06:00:00,9.289652,68.730634,Berthed,429.302,0,50.71,0,0,0,Vessel Live Movement,
KOTA ANGGUN,VCS,Qui Nhon,VNUIH,2026-09-07 09:00:00,9.290847,68.730824,Berthed,428.855,0,50.71,0,0,0,Vessel Live Movement,
KOTA ANGGUN,VCS,Qui Nhon,VNUIH,2026-09-07 12:00:00,9.290366,68.729301,Berthed,428.408,0,50.71,0,0,0,Vessel Live Movement,
KOTA ANGGUN,VCS,Qui Nhon,VNUIH,2026-09-07 15:00:00,9.289465,68.730177,Berthed,427.961,0,50.71,0,0,0,Vessel Live Movement,
KOTA ANGGUN,VCS,Qui Nhon,VNUIH,2026-09-07 18:00:00,9.291536,68.730168,Berthed,427.514,0,50.71,0,0,0,Vessel Live Movement,
KOTA ANGGUN,VCS,Qui Nhon,VNUIH,2026-09-07 21:00:00,9.287947,68.729862,Berthed,427.067,0,50.71,0,0,0,Vessel Live Movement,
KOTA ANGGUN,VCS,Haiphong,VNHPH,2026-09-08 00:00:00,9.29,68.73,Transit,424.384,0,50.71,0,0,0,Vessel Live Movement,
KOTA ANGGUN,VCS,Haiphong,VNHPH,2026-09-08 03:00:00,9.448356,68.754703,Transit,421.702,0,50.71,0,0,0,Vessel Live Movement,
KOTA ANGGUN,VCS,Haiphong,VNHPH,2026-09-08 06:00:00,9.60671,68.779429,Transit,419.02,0,50.71,0,0,0,Vessel Live Movement,
KOTA ANGGUN,VCS,Haiphong,VNHPH,2026-09-08 09:00:00,9.765062,68.804179,Transit,416.338,0,50.71,0,0,0,Vessel Live Movement,
KOTA ANGGUN,VCS,Haiphong,VNHPH,2026-09-08 12:00:00,9.923413,68.828951,Transit,413.655,0,50.71,0,0,0,Vessel Live Movement,
KOTA ANGGUN,VCS,Haiphong,VNHPH,2026-09-08 15:00:00,10.081762,68.853748,Transit,410.973,0,50.71,0,0,0,Vessel Live Movement,
KOTA ANGGUN,VCS,Haiphong,VNHPH,2026-09-08 18:00:00,10.240109,68.878569,Transit,408.291,0,50.71,0,0,0,Vessel Live Movement,
KOTA ANGGUN,VCS,Haiphong,VNHPH,2026-09-08 21:00:00,10.398454,68.903415,Transit,405.609,0,50.71,0,0,0,Vessel Live Movement,
KOTA ANGGUN,VCS,Haiphong,VNHPH,2026-09-09 00:00:00,10.556797,68.928286,Transit,402.927,0,50.71,0,0,0,Vessel Live Movement,
KOTA ANGGUN,VCS,Haiphong,VNHPH,2026-09-09 03:00:00,10.715138,68.953183,Transit,400.244,0,50.71,0,0,0,Vessel Live Movement,
KOTA ANGGUN,VCS,Haiphong,VNHPH,2026-09-09 06:00:00,10.873477,68.978106,Transit,397.562,0,50.71,0,0,0,Vessel Live Movement,
KOTA ANGGUN,VCS,Haiphong,VNHPH,2026-09-09 09:00:00,11.031814,69.003055,Transit,394.88,0,50.71,0,0,0,Vessel Live Movement,
KOTA ANGGUN,VCS,Haiphong,VNHPH,2026-09-09 12:00:00,11.19015,69.028031,Transit,392.198,0,50.71,0,0,0,Vessel Live Movement,
KOTA ANGGUN,VCS,Haiphong,VNHPH,2026-09-09 15:00:00,11.348483,69.053035,Transit,389.515,0,50.71,0,0,0,Vessel Live Movement,
KOTA ANGGUN,VCS,Haiphong,VNHPH,2026-09-09 18:00:00,11.506814,69.078066,Transit,386.833,0,50.71,0,0,0,Vessel Live Movement,
KOTA ANGGUN,VCS,Haiphong,VNHPH,2026-09-09 21:00:00,11.665142,69.103125,Transit,384.151,0,50.71,0,0,0,Vessel Live Movement,
KOTA ANGGUN,VCS,Haiphong,VNHPH,2026-09-10 00:00:00,11.823469,69.128213,Transit,381.469,0,50.71,0,0,0,Vessel Live Movement,
KOTA ANGGUN,VCS,Haiphong,VNHPH,2026-09-10 03:00:00,11.981793,69.153331,Transit,378.786,0,50.71,0,0,0,Vessel Live Movement,
KOTA ANGGUN,VCS,Haiphong,VNHPH,2026-09-10 06:00:00,12.140116,69.178477,Transit,376.104,0,50.71,0,0,0,Vessel Live Movement,
KOTA ANGGUN,VCS,Haiphong,VNHPH,2026-09-10 09:00:00,12.298436,69.203654,Transit,373.422,0,50.71,0,0,0,Vessel Live Movement,
KOTA ANGGUN,VCS,Haiphong,VNHPH,2026-09-10 12:00:00,12.456753,69.22886,Transit,370.74,0,50.71,0,0,0,Vessel Live Movement,
KOTA ANGGUN,VCS,Haiphong,VNHPH,2026-09-10 15:00:00,12.615069,69.254098,Transit,368.058,0,50.71,0,0,0,Vessel Live Movement,
KOTA ANGGUN,VCS,Haiphong,VNHPH,2026-09-10 18:00:00,12.773381,69.279367,Transit,365.375,0,50.71,0,0,0,Vessel Live Movement,
KOTA ANGGUN,VCS,Haiphong,VNHPH,2026-09-10 21:00:00,12.931692,69.304667,Transit,362.693,0,50.71,0,0,0,Vessel Live Movement,
KOTA ANGGUN,VCS,Haiphong,VNHPH,2026-09-11 00:00:00,13.090948,69.330104,Berthed,362.246,0,50.71,0,0,0,Vessel Live Movement,
KOTA ANGGUN,VCS,Haiphong,VNHPH,2026-09-11 03:00:00,13.088948,69.331159,Berthed,361.799,0,50.71,0,0,0,Vessel Live Movement,
KOTA ANGGUN,VCS,Haiphong,VNHPH,2026-09-11 06:00:00,13.090401,69.331915,Berthed,361.352,0,50.71,0,0,0,Vessel Live Movement,
KOTA ANGGUN,VCS,Haiphong,VNHPH,2026-09-11 09:00:00,13.089454,69.331259,Berthed,360.905,0,50.71,0,0,0,Vessel Live Movement,
KOTA ANGGUN,VCS,Haiphong,VNHPH,2026-09-11 12:00:00,13.089252,69.329442,Berthed,360.458,0,50.71,0,0,0,Vessel Live Movement,
KOTA ANGGUN,VCS,Haiphong,VNHPH,2026-09-11 15:00:00,13.090266,69.329164,Berthed,360.011,0,50.71,0,0,0,Vessel Live Movement,
KOTA ANGGUN,VCS,Haiphong,VNHPH,2026-09-11 18:00:00,13.091113,69.329908,Berthed,359.564,0,50.71,0,0,0,Vessel Live Movement,
KOTA ANGGUN,VCS,Haiphong,VNHPH,2026-09-11 21:00:00,13.090896,69.331169,Berthed,359.117,0,50.71,0,0,0,Vessel Live Movement,
KOTA ANGGUN,VCS,Qinzhou,CNQZH,2026-09-12 00:00:00,13.09,69.33,Transit,356.435,0,50.71,0,0,0,Vessel Live Movement,
KOTA ANGGUN,VCS,Qinzhou,CNQZH,2026-09-12 03:00:00,12.312614,72.241603,Transit,353.752,0,50.71,0,0,0,Vessel Live Movement,
KOTA ANGGUN,VCS,Qinzhou,CNQZH,2026-09-12 06:00:00,11.504592,75.135681,Transit,351.07,0,50.71,0,0,0,Vessel Live Movement,
KOTA ANGGUN,VCS,Qinzhou,CNQZH,2026-09-12 09:00:00,10.668172,78.012908,Transit,348.388,0,50.71,0,0,0,Vessel Live Movement,
KOTA ANGGUN,VCS,Qinzhou,CNQZH,2026-09-12 12:00:00,9.805617,80.874114,Transit,345.706,0,50.71,0,0,0,Vessel Live Movement,
KOTA ANGGUN,VCS,Qinzhou,CNQZH,2026-09-12 15:00:00,8.919214,83.720269,Transit,343.023,0,50.71,0,0,0,Vessel Live Movement,
KOTA ANGGUN,VCS,Qinzhou,CNQZH,2026-09-12 18:00:00,8.011266,86.552474,Transit,340.341,0,50.71,0,0,0,Vessel Live Movement,
KOTA ANGGUN,VCS,Qinzhou,CNQZH,2026-09-12 21:00:00,7.084087,89.371946,Transit,337.659,0,50.71,0,0,0,Vessel Live Movement,
KOTA ANGGUN,VCS,Qinzhou,CNQZH,2026-09-13 00:00:00,6.137041,92.180455,Berthed,337.212,0,50.71,0,0,0,Vessel Live Movement,
KOTA ANGGUN,VCS,Qinzhou,CNQZH,2026-09-13 03:00:00,6.139636,92.180447,Berthed,336.765,0,50.71,0,0,0,Vessel Live Movement,
KOTA ANGGUN,VCS,Qinzhou,CNQZH,2026-09-13 06:00:00,6.139602,92.179737,Berthed,336.318,0,50.71,0,0,0,Vessel Live Movement,
KOTA ANGGUN,VCS,Qinzhou,CNQZH,2026-09-13 09:00:00,6.141229,92.179316,Berthed,335.871,0,50.71,0,0,0,Vessel Live Movement,
KOTA ANGGUN,VCS,Qinzhou,CNQZH,2026-09-13 12:00:00,6.138982,92.180008,Berthed,335.424,0,50.71,0,0,0,Vessel Live Movement,
KOTA ANGGUN,VCS,Qinzhou,CNQZH,2026-09-13 15:00:00,6.139833,92.181597,Berthed,334.977,0,50.71,0,0,0,Vessel Live Movement,
KOTA ANGGUN,VCS,Qinzhou,CNQZH,2026-09-13 18:00:00,6.140296,92.180349,Berthed,334.53,0,50.71,0,0,0,Vessel Live Movement,
KOTA ANGGUN,VCS,Qinzhou,CNQZH,2026-09-13 21:00:00,6.139041,92.179548,Berthed,334.083,0,50.71,0,0,0,Vessel Live Movement,
KOTA ANGGUN,VCS,Qui Nhon,VNUIH,2026-09-14 00:00:00,6.14,92.18,Transit,331.401,0,50.71,0,0,0,Vessel Live Movement,
KOTA ANGGUN,VCS,Qui Nhon,VNUIH,2026-09-14 03:00:00,6.372494,90.724628,Transit,328.718,0,50.71,0,0,0,Vessel Live Movement,
KOTA ANGGUN,VCS,Qui Nhon,VNUIH,2026-09-14 06:00:00,6.600907,89.267948,Transit,326.036,0,50.71,0,0,0,Vessel Live Movement,
KOTA ANGGUN,VCS,Qui Nhon,VNUIH,2026-09-14 09:00:00,6.825087,87.809937,Transit,323.354,0,50.71,0,0,0,Vessel Live Movement,
KOTA ANGGUN,VCS,Qui Nhon,VNUIH,2026-09-14 12:00:00,7.044886,86.350572,Transit,320.672,0,50.71,0,0,0,Vessel Live Movement,
KOTA ANGGUN,VCS,Qui Nhon,VNUIH,2026-09-14 15:00:00,7.260155,84.889837,Transit,317.989,0,50.71,0,0,0,Vessel Live Movement,
KOTA ANGGUN,VCS,Qui Nhon,VNUIH,2026-09-14 18:00:00,7.470753,83.427719,Transit,315.307,0,50.71,0,0,0,Vessel Live Movement,
KOTA ANGGUN,VCS,Qui Nhon,VNUIH,2026-09-14 21:00:00,7.676535,81.964207,Transit,312.625,0,50.71,0,0,0,Vessel Live Movement,
KOTA ANGGUN,VCS,Qui Nhon,VNUIH,2026-09-15 00:00:00,7.877365,80.499295,Transit,309.943,0,50.71,0,0,0,Vessel Live Movement,
KOTA ANGGUN,VCS,Qui Nhon,VNUIH,2026-09-15 03:00:00,8.073105,79.032979,Transit,307.26,0,50.71,0,0,0,Vessel Live Movement,
KOTA ANGGUN,VCS,Qui Nhon,VNUIH,2026-09-15 06:00:00,8.263622,77.56526,Transit,304.578,0,50.71,0,0,0,Vessel Live Movement,
KOTA ANGGUN,VCS,Qui Nhon,VNUIH,2026-09-15 09:00:00,8.448787,76.096143,Transit,301.896,0,50.71,0,0,0,Vessel Live Movement,
KOTA ANGGUN,VCS,Qui Nhon,VNUIH,2026-09-15 12:00:00,8.628472,74.625637,Transit,299.214,0,50.71,0,0,0,Vessel Live Movement,
KOTA ANGGUN,VCS,Qui Nhon,VNUIH,2026-09-15 15:00:00,8.802555,73.153751,Transit,296.532,0,50.71,0,0,0,Vessel Live Movement,
KOTA ANGGUN,VCS,Qui Nhon,VNUIH,2026-09-15 18:00:00,8.970914,71.680504,Transit,293.849,0,50.71,0,0,0,Vessel Live Movement,
KOTA ANGGUN,VCS,Qui Nhon,VNUIH,2026-09-15 21:00:00,9.133433,70.205912,Transit,291.167,0,50.71,0,0,0,Vessel Live Movement,
KOTA ANGGUN,VCS,Qui Nhon,VNUIH,2026-09-16 00:00:00,9.290587,68.729018,Berthed,290.72,0,50.71,0,0,0,Vessel Live Movement,
KOTA ANGGUN,VCS,Qui Nhon,VNUIH,2026-09-16 03:00:00,9.290908,68.729521,Berthed,290.273,0,50.71,0,0,0,Vessel Live Movement,
KOTA ANGGUN,VCS,Qui Nhon,VNUIH,2026-09-16 06:00:00,9.290769,68.729744,Berthed,289.826,0,50.71,0,0,0,Vessel Live Movement,
KOTA ANGGUN,VCS,Qui Nhon,VNUIH,2026-09-16 09:00:00,9.291032,68.728021,Berthed,289.379,0,50.71,0,0,0,Vessel Live Movement,
KOTA ANGGUN,VCS,Qui Nhon,VNUIH,2026-09-16 12:00:00,9.289865,68.72863,Berthed,288.932,0,50.71,0,0,0,Vessel Live Movement,
KOTA ANGGUN,VCS,Qui Nhon,VNUIH,2026-09-16 15:00:00,9.289475,68.729753,Berthed,288.485,0,50.71,0,0,0,Vessel Live Movement,
KOTA ANGGUN,VCS,Qui Nhon,VNUIH,2026-09-16 18:00:00,9.291235,68.729385,Berthed,288.038,0,50.71,0,0,0,Vessel Live Movement,
KOTA ANGGUN,VCS,Qui Nhon,VNUIH,2026-09-16 21:00:00,9.290567,68.73027,Berthed,287.591,0,50.71,0,0,0,Vessel Live Movement,
KOTA ANGGUN,VCS,Haiphong,VNHPH,2026-09-17 00:00:00,9.29,68.73,Transit,284.909,0,50.71,0,0,0,Vessel Live Movement,
KOTA ANGGUN,VCS,Haiphong,VNHPH,2026-09-17 03:00:00,9.448356,68.754703,Transit,282.226,0,50.71,0,0,0,Vessel Live Movement,
KOTA ANGGUN,VCS,Haiphong,VNHPH,2026-09-17 06:00:00,9.60671,68.779429,Transit,279.544,0,50.71,0,0,0,Vessel Live Movement,
KOTA ANGGUN,VCS,Haiphong,VNHPH,2026-09-17 09:00:00,9.765062,68.804179,Transit,276.862,0,50.71,0,0,0,Vessel Live Movement,
KOTA ANGGUN,VCS,Haiphong,VNHPH,2026-09-17 12:00:00,9.923413,68.828951,Transit,274.18,0,50.71,0,0,0,Vessel Live Movement,
KOTA ANGGUN,VCS,Haiphong,VNHPH,2026-09-17 15:00:00,10.081762,68.853748,Transit,271.497,0,50.71,0,0,0,Vessel Live Movement,
KOTA ANGGUN,VCS,Haiphong,VNHPH,2026-09-17 18:00:00,10.240109,68.878569,Transit,268.815,0,50.71,0,0,0,Vessel Live Movement,
KOTA ANGGUN,VCS,Haiphong,VNHPH,2026-09-17 21:00:00,10.398454,68.903415,Transit,266.133,0,50.71,0,0,0,Vessel Live Movement,
KOTA ANGGUN,VCS,Haiphong,VNHPH,2026-09-18 00:00:00,10.556797,68.928286,Transit,263.451,0,50.71,0,0,0,Vessel Live Movement,
KOTA ANGGUN,VCS,Haiphong,VNHPH,2026-09-18 03:00:00,10.715138,68.953183,Transit,260.769,0,50.71,0,0,0,Vessel Live Movement,
KOTA ANGGUN,VCS,Haiphong,VNHPH,2026-09-18 06:00:00,10.873477,68.978106,Transit,258.086,0,50.71,0,0,0,Vessel Live Movement,
KOTA ANGGUN,VCS,Haiphong,VNHPH,2026-09-18 09:00:00,11.031814,69.003055,Transit,255.404,0,50.71,0,0,0,Vessel Live Movement,
KOTA ANGGUN,VCS,Haiphong,VNHPH,2026-09-18 12:00:00,11.19015,69.028031,Transit,252.722,0,50.71,0,0,0,Vessel Live Movement,
KOTA ANGGUN,VCS,Haiphong,VNHPH,2026-09-18 15:00:00,11.348483,69.053035,Transit,250.04,0,50.71,0,0,0,Vessel Live Movement,
KOTA ANGGUN,VCS,Haiphong,VNHPH,2026-09-18 18:00:00,11.506814,69.078066,Transit,247.357,0,50.71,0,0,0,Vessel Live Movement,
KOTA ANGGUN,VCS,Haiphong,VNHPH,2026-09-18 21:00:00,11.665142,69.103125,Transit,244.675,0,50.71,0,0,0,Vessel Live Movement,
KOTA ANGGUN,VCS,Haiphong,VNHPH,2026-09-19 00:00:00,11.823469,69.128213,Transit,241.993,0,50.71,0,0,0,Vessel Live Movement,
KOTA ANGGUN,VCS,Haiphong,VNHPH,2026-09-19 03:00:00,11.981793,69.153331,Transit,239.311,0,50.71,0,0,0,Vessel Live Movement,
KOTA ANGGUN,VCS,Haiphong,VNHPH,2026-09-19 06:00:00,12.140116,69.178477,Transit,236.629,0,50.71,0,0,0,Vessel Live Movement,
KOTA ANGGUN,VCS,Haiphong,VNHPH,2026-09-19 09:00:00,12.298436,69.203654,Transit,233.946,0,50.71,0,0,0,Vessel Live Movement,
KOTA ANGGUN,VCS,Haiphong,VNHPH,2026-09-19 12:00:00,12.456753,69.22886,Transit,231.264,0,50.71,0,0,0,Vessel Live Movement,
KOTA ANGGUN,VCS,Haiphong,VNHPH,2026-09-19 15:00:00,12.615069,69.254098,Transit,228.582,0,50.71,0,0,0,Vessel Live Movement,
KOTA ANGGUN,VCS,Haiphong,VNHPH,2026-09-19 18:00:00,12.773381,69.279367,Transit,225.9,0,50.71,0,0,0,Vessel Live Movement,
KOTA ANGGUN,VCS,Haiphong,VNHPH,2026-09-19 21:00:00,12.931692,69.304667,Transit,223.217,0,50.71,0,0,0,Vessel Live Movement,
KOTA ANGGUN,VCS,Haiphong,VNHPH,2026-09-20 00:00:00,13.090779,69.330041,Berthed,222.77,0,50.71,0,0,0,Vessel Live Movement,
KOTA ANGGUN,VCS,Haiphong,VNHPH,2026-09-20 03:00:00,13.090163,69.330415,Berthed,222.323,0,50.71,0,0,0,Vessel Live Movement,
KOTA ANGGUN,VCS,Haiphong,VNHPH,2026-09-20 06:00:00,13.090714,69.329325,Berthed,221.876,0,50.71,0,0,0,Vessel Live Movement,
KOTA ANGGUN,VCS,Haiphong,VNHPH,2026-09-20 09:00:00,13.089459,69.328474,Berthed,221.429,0,50.71,0,0,0,Vessel Live Movement,
KOTA ANGGUN,VCS,Haiphong,VNHPH,2026-09-20 12:00:00,13.090635,69.329357,Berthed,220.982,0,50.71,0,0,0,Vessel Live Movement,
KOTA ANGGUN,VCS,Haiphong,VNHPH,2026-09-20 15:00:00,13.087996,69.330243,Berthed,220.535,0,50.71,0,0,0,Vessel Live Movement,
KOTA ANGGUN,VCS,Haiphong,VNHPH,2026-09-20 18:00:00,13.090673,69.329644,Berthed,220.088,0,50.71,0,0,0,Vessel Live Movement,
KOTA ANGGUN,VCS,Haiphong,VNHPH,2026-09-20 21:00:00,13.089058,69.331986,Berthed,219.641,0,50.71,0,0,0,Vessel Live Movement,
KOTA ANGGUN,VCS,Qinzhou,CNQZH,2026-09-21 00:00:00,13.09,69.33,Transit,216.959,0,50.71,0,0,0,Vessel Live Movement,
KOTA ANGGUN,VCS,Qinzhou,CNQZH,2026-09-21 03:00:00,12.312614,72.241603,Transit,214.277,0,50.71,0,0,0,Vessel Live Movement,
KOTA ANGGUN,VCS,Qinzhou,CNQZH,2026-09-21 06:00:00,11.504592,75.135681,Transit,211.594,0,50.71,0,0,0,Vessel Live Movement,
KOTA ANGGUN,VCS,Qinzhou,CNQZH,2026-09-21 09:00:00,10.668172,78.012908,Transit,208.912,0,50.71,0,0,0,Vessel Live Movement,
KOTA ANGGUN,VCS,Qinzhou,CNQZH,2026-09-21 12:00:00,9.805617,80.874114,Transit,206.23,0,50.71,0,0,0,Vessel Live Movement,
KOTA ANGGUN,VCS,Qinzhou,CNQZH,2026-09-21 15:00:00,8.919214,83.720269,Transit,203.548,0,50.71,0,0,0,Vessel Live Movement,
KOTA ANGGUN,VCS,Qinzhou,CNQZH,2026-09-21 18:00:00,8.011266,86.552474,Transit,200.866,0,50.71,0,0,0,Vessel Live Movement,
KOTA ANGGUN,VCS,Qinzhou,CNQZH,2026-09-21 21:00:00,7.084087,89.371946,Transit,198.183,0,50.71,0,0,0,Vessel Live Movement,
KOTA ANGGUN,VCS,Qinzhou,CNQZH,2026-09-22 00:00:00,6.141126,92.179793,Berthed,570.181,0,50.71,372.445,0,0,Vessel Live Movement,
KOTA ANGGUN,VCS,Qinzhou,CNQZH,2026-09-22 03:00:00,6.139044,92.180503,Berthed,569.734,0,50.71,0,0,0,Vessel Live Movement,
KOTA ANGGUN,VCS,Qinzhou,CNQZH,2026-09-22 06:00:00,6.140419,92.178731,Berthed,569.287,0,50.71,0,0,0,Vessel Live Movement,
KOTA ANGGUN,VCS,Qinzhou,CNQZH,2026-09-22 09:00:00,6.140231,92.180581,Berthed,568.84,0,50.71,0,0,0,Vessel Live Movement,
KOTA ANGGUN,VCS,Qinzhou,CNQZH,2026-09-22 12:00:00,6.139715,92.178695,Berthed,568.393,0,50.71,0,0,0,Vessel Live Movement,
KOTA ANGGUN,VCS,Qinzhou,CNQZH,2026-09-22 15:00:00,6.141239,92.179547,Berthed,567.946,0,50.71,0,0,0,Vessel Live Movement,
KOTA ANGGUN,VCS,Qinzhou,CNQZH,2026-09-22 18:00:00,6.137795,92.180085,Berthed,567.499,0,50.71,0,0,0,Vessel Live Movement,
KOTA ANGGUN,VCS,Qinzhou,CNQZH,2026-09-22 21:00:00,6.139166,92.179256,Berthed,567.052,0,50.71,0,0,0,Vessel Live Movement,
KOTA ANGGUN,VCS,Qui Nhon,VNUIH,2026-09-23 00:00:00,6.14,92.18,Transit,564.369,0,50.71,0,0,0,Vessel Live Movement,
KOTA ANGGUN,VCS,Qui Nhon,VNUIH,2026-09-23 03:00:00,6.372494,90.724628,Transit,561.687,0,50.71,0,0,0,Vessel Live Movement,
KOTA ANGGUN,VCS,Qui Nhon,VNUIH,2026-09-23 06:00:00,6.600907,89.267948,Transit,559.005,0,50.71,0,0,0,Vessel Live Movement,
KOTA ANGGUN,VCS,Qui Nhon,VNUIH,2026-09-23 09:00:00,6.825087,87.809937,Transit,556.323,0,50.71,0,0,0,Vessel Live Movement,
KOTA ANGGUN,VCS,Qui Nhon,VNUIH,2026-09-23 12:00:00,7.044886,86.350572,Transit,553.64,0,50.71,0,0,0,Vessel Live Movement,
KOTA ANGGUN,VCS,Qui Nhon,VNUIH,2026-09-23 15:00:00,7.260155,84.889837,Transit,550.958,0,50.71,0,0,0,Vessel Live Movement,
KOTA ANGGUN,VCS,Qui Nhon,VNUIH,2026-09-23 18:00:00,7.470753,83.427719,Transit,548.276,0,50.71,0,0,0,Vessel Live Movement,
KOTA ANGGUN,VCS,Qui Nhon,VNUIH,2026-09-23 21:00:00,7.676535,81.964207,Transit,545.594,0,50.71,0,0,0,Vessel Live Movement,
KOTA ANGGUN,VCS,Qui Nhon,VNUIH,2026-09-24 00:00:00,7.877365,80.499295,Transit,542.912,0,50.71,0,0,0,Vessel Live Movement,
KOTA ANGGUN,VCS,Qui Nhon,VNUIH,2026-09-24 03:00:00,8.073105,79.032979,Transit,540.229,0,50.71,0,0,0,Vessel Live Movement,
KOTA ANGGUN,VCS,Qui Nhon,VNUIH,2026-09-24 06:00:00,8.263622,77.56526,Transit,537.547,0,50.71,0,0,0,Vessel Live Movement,
KOTA ANGGUN,VCS,Qui Nhon,VNUIH,2026-09-24 09:00:00,8.448787,76.096143,Transit,534.865,0,50.71,0,0,0,Vessel Live Movement,
KOTA ANGGUN,VCS,Qui Nhon,VNUIH,2026-09-24 12:00:00,8.628472,74.625637,Transit,532.183,0,50.71,0,0,0,Vessel Live Movement,
KOTA ANGGUN,VCS,Qui Nhon,VNUIH,2026-09-24 15:00:00,8.802555,73.153751,Transit,529.5,0,50.71,0,0,0,Vessel Live Movement,
KOTA ANGGUN,VCS,Qui Nhon,VNUIH,2026-09-24 18:00:00,8.970914,71.680504,Transit,526.818,0,50.71,0,0,0,Vessel Live Movement,
KOTA ANGGUN,VCS,Qui Nhon,VNUIH,2026-09-24 21:00:00,9.133433,70.205912,Transit,524.136,0,50.71,0,0,0,Vessel Live Movement,
KOTA ANGGUN,VCS,Qui Nhon,VNUIH,2026-09-25 00:00:00,9.289999,68.729793,Berthed,523.689,0,50.71,0,0,0,Vessel Live Movement,
KOTA ANGGUN,VCS,Qui Nhon,VNUIH,2026-09-25 03:00:00,9.29121,68.729137,Berthed,523.242,0,50.71,0,0,0,Vessel Live Movement,
KOTA ANGGUN,VCS,Qui Nhon,VNUIH,2026-09-25 06:00:00,9.291121,68.729088,Berthed,522.795,0,50.71,0,0,0,Vessel Live Movement,
KOTA ANGGUN,VCS,Qui Nhon,VNUIH,2026-09-25 09:00:00,9.289356,68.730275,Berthed,522.348,0,50.71,0,0,0,Vessel Live Movement,
KOTA ANGGUN,VCS,Qui Nhon,VNUIH,2026-09-25 12:00:00,9.288731,68.730331,Berthed,521.901,0,50.71,0,0,0,Vessel Live Movement,
KOTA ANGGUN,VCS,Qui Nhon,VNUIH,2026-09-25 15:00:00,9.29012,68.72911,Berthed,521.454,0,50.71,0,0,0,Vessel Live Movement,
KOTA ANGGUN,VCS,Qui Nhon,VNUIH,2026-09-25 18:00:00,9.289584,68.729068,Berthed,521.007,0,50.71,0,0,0,Vessel Live Movement,
KOTA ANGGUN,VCS,Qui Nhon,VNUIH,2026-09-25 21:00:00,9.291074,68.72873,Berthed,520.56,0,50.71,0,0,0,Vessel Live Movement,
KOTA ANGGUN,VCS,Haiphong,VNHPH,2026-09-26 00:00:00,9.29,68.73,Transit,517.877,0,50.71,0,0,0,Vessel Live Movement,
KOTA ANGGUN,VCS,Haiphong,VNHPH,2026-09-26 03:00:00,9.448356,68.754703,Transit,515.195,0,50.71,0,0,0,Vessel Live Movement,
KOTA ANGGUN,VCS,Haiphong,VNHPH,2026-09-26 06:00:00,9.60671,68.779429,Transit,512.513,0,50.71,0,0,0,Vessel Live Movement,
KOTA ANGGUN,VCS,Haiphong,VNHPH,2026-09-26 09:00:00,9.765062,68.804179,Transit,509.831,0,50.71,0,0,0,Vessel Live Movement,
KOTA ANGGUN,VCS,Haiphong,VNHPH,2026-09-26 12:00:00,9.923413,68.828951,Transit,507.149,0,50.71,0,0,0,Vessel Live Movement,
KOTA ANGGUN,VCS,Haiphong,VNHPH,2026-09-26 15:00:00,10.081762,68.853748,Transit,504.466,0,50.71,0,0,0,Vessel Live Movement,
KOTA ANGGUN,VCS,Haiphong,VNHPH,2026-09-26 18:00:00,10.240109,68.878569,Transit,501.784,0,50.71,0,0,0,Vessel Live Movement,
KOTA ANGGUN,VCS,Haiphong,VNHPH,2026-09-26 21:00:00,10.398454,68.903415,Transit,499.102,0,50.71,0,0,0,Vessel Live Movement,
KOTA ANGGUN,VCS,Haiphong,VNHPH,2026-09-27 00:00:00,10.556797,68.928286,Transit,496.42,0,50.71,0,0,0,Vessel Live Movement,
KOTA ANGGUN,VCS,Haiphong,VNHPH,2026-09-27 03:00:00,10.715138,68.953183,Transit,493.737,0,50.71,0,0,0,Vessel Live Movement,
KOTA ANGGUN,VCS,Haiphong,VNHPH,2026-09-27 06:00:00,10.873477,68.978106,Transit,491.055,0,50.71,0,0,0,Vessel Live Movement,
KOTA ANGGUN,VCS,Haiphong,VNHPH,2026-09-27 09:00:00,11.031814,69.003055,Transit,488.373,0,50.71,0,0,0,Vessel Live Movement,
KOTA ANGGUN,VCS,Haiphong,VNHPH,2026-09-27 12:00:00,11.19015,69.028031,Transit,485.691,0,50.71,0,0,0,Vessel Live Movement,
KOTA ANGGUN,VCS,Haiphong,VNHPH,2026-09-27 15:00:00,11.348483,69.053035,Transit,483.009,0,50.71,0,0,0,Vessel Live Movement,
KOTA ANGGUN,VCS,Haiphong,VNHPH,2026-09-27 18:00:00,11.506814,69.078066,Transit,480.326,0,50.71,0,0,0,Vessel Live Movement,
KOTA ANGGUN,VCS,Haiphong,VNHPH,2026-09-27 21:00:00,11.665142,69.103125,Transit,477.644,0,50.71,0,0,0,Vessel Live Movement,
KOTA ANGGUN,VCS,Haiphong,VNHPH,2026-09-28 00:00:00,11.823469,69.128213,Transit,474.962,0,50.71,0,0,0,Vessel Live Movement,
KOTA ANGGUN,VCS,Haiphong,VNHPH,2026-09-28 03:00:00,11.981793,69.153331,Transit,472.28,0,50.71,0,0,0,Vessel Live Movement,
KOTA ANGGUN,VCS,Haiphong,VNHPH,2026-09-28 06:00:00,12.140116,69.178477,Transit,469.597,0,50.71,0,0,0,Vessel Live Movement,
KOTA ANGGUN,VCS,Haiphong,VNHPH,2026-09-28 09:00:00,12.298436,69.203654,Transit,466.915,0,50.71,0,0,0,Vessel Live Movement,
KOTA ANGGUN,VCS,Haiphong,VNHPH,2026-09-28 12:00:00,12.456753,69.22886,Transit,464.233,0,50.71,0,0,0,Vessel Live Movement,
KOTA ANGGUN,VCS,Haiphong,VNHPH,2026-09-28 15:00:00,12.615069,69.254098,Transit,461.551,0,50.71,0,0,0,Vessel Live Movement,
KOTA ANGGUN,VCS,Haiphong,VNHPH,2026-09-28 18:00:00,12.773381,69.279367,Transit,458.869,0,50.71,0,0,0,Vessel Live Movement,
KOTA ANGGUN,VCS,Haiphong,VNHPH,2026-09-28 21:00:00,12.931692,69.304667,Transit,456.186,0,50.71,0,0,0,Vessel Live Movement,
KOTA ANGGUN,VCS,Haiphong,VNHPH,2026-09-29 00:00:00,13.089816,69.330497,Berthed,455.739,0,50.71,0,0,0,Vessel Live Movement,
KOTA ANGGUN,VCS,Haiphong,VNHPH,2026-09-29 03:00:00,13.091185,69.331095,Berthed,455.292,0,50.71,0,0,0,Vessel Live Movement,
KOTA ANGGUN,VCS,Haiphong,VNHPH,2026-09-29 06:00:00,13.088926,69.330609,Berthed,454.845,0,50.71,0,0,0,Vessel Live Movement,
KOTA ANGGUN,VCS,Haiphong,VNHPH,2026-09-29 09:00:00,13.089769,69.329365,Berthed,454.398,0,50.71,0,0,0,Vessel Live Movement,
KOTA ANGGUN,VCS,Haiphong,VNHPH,2026-09-29 12:00:00,13.089589,69.331041,Berthed,453.951,0,50.71,0,0,0,Vessel Live Movement,
KOTA ANGGUN,VCS,Haiphong,VNHPH,2026-09-29 15:00:00,13.089138,69.329791,Berthed,453.504,0,50.71,0,0,0,Vessel Live Movement,
KOTA ANGGUN,VCS,Haiphong,VNHPH,2026-09-29 18:00:00,13.09077,69.329428,Berthed,453.057,0,50.71,0,0,0,Vessel Live Movement,
KOTA ANGGUN,VCS,Haiphong,VNHPH,2026-09-29 21:00:00,13.090263,69.331343,Berthed,452.61,0,50.71,0,0,0,Vessel Live Movement,
KOTA AZAM,KCS,Shanghai,CNSHA,2026-08-01 00:00:00,7.899656,155.764856,Transit,0,411.939,149.795,0,0,0,Vessel Live Movement,
KOTA AZAM,KCS,Shanghai,CNSHA,2026-08-01 03:00:00,8.392391,156.487076,Transit,0,409.258,149.795,0,0,0,Vessel Live Movement,
KOTA AZAM,KCS,Shanghai,CNSHA,2026-08-01 06:00:00,8.883808,157.211128,Transit,0,406.578,149.795,0,0,0,Vessel Live Movement,
KOTA AZAM,KCS,Shanghai,CNSHA,2026-08-01 09:00:00,9.373825,157.937121,Transit,0,403.898,149.795,0,0,0,Vessel Live Movement,
KOTA AZAM,KCS,Shanghai,CNSHA,2026-08-01 12:00:00,9.86236,158.665164,Transit,0,401.218,149.795,0,0,0,Vessel Live Movement,
KOTA AZAM,KCS,Shanghai,CNSHA,2026-08-01 15:00:00,10.34933,159.395366,Transit,0,398.537,149.795,0,0,0,Vessel Live Movement,
KOTA AZAM,KCS,Shanghai,CNSHA,2026-08-01 18:00:00,10.834649,160.127833,Transit,0,395.857,149.795,0,0,0,Vessel Live Movement,
KOTA AZAM,KCS,Shanghai,CNSHA,2026-08-01 21:00:00,11.318235,160.862676,Transit,0,393.177,149.795,0,0,0,Vessel Live Movement,
KOTA AZAM,KCS,Shanghai,CNSHA,2026-08-02 00:00:00,11.800372,161.599781,Berthed,0,392.73,149.795,0,0,0,Vessel Live Movement,
KOTA AZAM,KCS,Shanghai,CNSHA,2026-08-02 03:00:00,11.79872,161.600092,Berthed,0,392.283,149.795,0,0,0,Vessel Live Movement,
KOTA AZAM,KCS,Shanghai,CNSHA,2026-08-02 06:00:00,11.800768,161.600533,Berthed,0,391.836,149.795,0,0,0,Vessel Live Movement,
KOTA AZAM,KCS,Shanghai,CNSHA,2026-08-02 09:00:00,11.799304,161.602654,Berthed,0,391.39,149.795,0,0,0,Vessel Live Movement,
KOTA AZAM,KCS,Shanghai,CNSHA,2026-08-02 12:00:00,11.798336,161.598938,Berthed,0,390.943,149.795,0,0,0,Vessel Live Movement,
KOTA AZAM,KCS,Shanghai,CNSHA,2026-08-02 15:00:00,11.800688,161.602553,Berthed,0,390.496,149.795,0,0,0,Vessel Live Movement,
KOTA AZAM,KCS,Shanghai,CNSHA,2026-08-02 18:00:00,11.799174,161.600984,Berthed,0,390.05,149.795,0,0,0,Vessel Live Movement,
KOTA AZAM,KCS,Shanghai,CNSHA,2026-08-02 21:00:00,11.799776,161.598018,Berthed,0,389.603,149.795,0,0,0,Vessel Live Movement,
KOTA AZAM,KCS,Shekou,CNSHK,2026-08-03 00:00:00,11.8,161.6,Transit,0,386.923,149.795,0,0,0,Vessel Live Movement,
KOTA AZAM,KCS,Shekou,CNSHK,2026-08-03 03:00:00,11.78009,159.800676,Transit,0,384.242,149.795,0,0,0,Vessel Live Movement,
KOTA AZAM,KCS,Shekou,CNSHK,2026-08-03 06:00:00,11.748889,158.001686,Transit,0,381.562,149.795,0,0,0,Vessel Live Movement,
KOTA AZAM,KCS,Shekou,CNSHK,2026-08-03 09:00:00,11.706431,156.203178,Transit,0,378.882,149.795,0,0,0,Vessel Live Movement,
KOTA AZAM,KCS,Shekou,CNSHK,2026-08-03 12:00:00,11.652762,154.405294,Transit,0,376.201,149.795,0,0,0,Vessel Live Movement,
KOTA AZAM,KCS,Shekou,CNSHK,2026-08-03 15:00:00,11.587938,152.608177,Transit,0,373.521,149.795,0,0,0,Vessel Live Movement,
KOTA AZAM,KCS,Shekou,CNSHK,2026-08-03 18:00:00,11.512028,150.811964,Transit,0,370.841,149.795,0,0,0,Vessel Live Movement,
KOTA AZAM,KCS,Shekou,CNSHK,2026-08-03 21:00:00,11.425114,149.016791,Transit,0,368.16,149.795,0,0,0,Vessel Live Movement,
KOTA AZAM,KCS,Shekou,CNSHK,2026-08-04 00:00:00,11.327286,147.222787,Transit,0,365.48,149.795,0,0,0,Vessel Live Movement,
KOTA AZAM,KCS,Shekou,CNSHK,2026-08-04 03:00:00,11.218649,145.430077,Transit,0,362.8,149.795,0,0,0,Vessel Live Movement,
KOTA AZAM,KCS,Shekou,CNSHK,2026-08-04 06:00:00,11.099316,143.638782,Transit,0,360.119,149.795,0,0,0,Vessel Live Movement,
KOTA AZAM,KCS,Shekou,CNSHK,2026-08-04 09:00:00,10.969414,141.849014,Transit,0,357.439,149.795,0,0,0,Vessel Live Movement,
KOTA AZAM,KCS,Shekou,CNSHK,2026-08-04 12:00:00,10.829078,140.060881,Transit,0,354.759,149.795,0,0,0,Vessel Live Movement,
KOTA AZAM,KCS,Shekou,CNSHK,2026-08-04 15:00:00,10.678455,138.274484,Transit,0,352.078,149.795,0,0,0,Vessel Live Movement,
KOTA AZAM,KCS,Shekou,CNSHK,2026-08-04 18:00:00,10.517701,136.489916,Transit,0,349.398,149.795,0,0,0,Vessel Live Movement,
KOTA AZAM,KCS,Shekou,CNSHK,2026-08-04 21:00:00,10.346982,134.707264,Transit,0,346.718,149.795,0,0,0,Vessel Live Movement,
KOTA AZAM,KCS,Shekou,CNSHK,2026-08-05 00:00:00,10.166476,132.926606,Transit,0,344.038,149.795,0,0,0,Vessel Live Movement,
KOTA AZAM,KCS,Shekou,CNSHK,2026-08-05 03:00:00,9.976366,131.148011,Transit,0,341.357,149.795,0,0,0,Vessel Live Movement,
KOTA AZAM,KCS,Shekou,CNSHK,2026-08-05 06:00:00,9.776848,129.371543,Transit,0,338.677,149.795,0,0,0,Vessel Live Movement,
KOTA AZAM,KCS,Shekou,CNSHK,2026-08-05 09:00:00,9.568125,127.597254,Transit,0,335.997,149.795,0,0,0,Vessel Live Movement,
KOTA AZAM,KCS,Shekou,CNSHK,2026-08-05 12:00:00,9.350407,125.825189,Transit,0,333.316,149.795,0,0,0,Vessel Live Movement,
KOTA AZAM,KCS,Shekou,CNSHK,2026-08-05 15:00:00,9.123915,124.055384,Transit,0,330.636,149.795,0,0,0,Vessel Live Movement,
KOTA AZAM,KCS,Shekou,CNSHK,2026-08-05 18:00:00,8.888876,122.287868,Transit,0,327.956,149.795,0,0,0,Vessel Live Movement,
KOTA AZAM,KCS,Shekou,CNSHK,2026-08-05 21:00:00,8.645524,120.522657,Transit,0,325.275,149.795,0,0,0,Vessel Live Movement,
KOTA AZAM,KCS,Shekou,CNSHK,2026-08-06 00:00:00,8.394102,118.759763,Transit,0,322.595,149.795,0,0,0,Vessel Live Movement,
KOTA AZAM,KCS,Shekou,CNSHK,2026-08-06 03:00:00,8.134856,116.999185,Transit,0,319.915,149.795,0,0,0,Vessel Live Movement,
KOTA AZAM,KCS,Shekou,CNSHK,2026-08-06 06:00:00,7.868043,115.240916,Transit,0,317.234,149.795,0,0,0,Vessel Live Movement,
KOTA AZAM,KCS,Shekou,CNSHK,2026-08-06 09:00:00,7.593923,113.484939,Transit,0,314.554,149.795,0,0,0,Vessel Live Movement,
KOTA AZAM,KCS,Shekou,CNSHK,2026-08-06 12:00:00,7.312763,111.731229,Transit,0,311.874,149.795,0,0,0,Vessel Live Movement,
KOTA AZAM,KCS,Shekou,CNSHK,2026-08-06 15:00:00,7.024836,109.979752,Transit,0,309.193,149.795,0,0,0,Vessel Live Movement,
KOTA AZAM,KCS,Shekou,CNSHK,2026-08-06 18:00:00,6.730418,108.230468,Transit,0,306.513,149.795,0,0,0,Vessel Live Movement,
KOTA AZAM,KCS,Shekou,CNSHK,2026-08-06 21:00:00,6.429793,106.483326,Transit,0,303.833,149.795,0,0,0,Vessel Live Movement,
KOTA AZAM,KCS,Shekou,CNSHK,2026-08-07 00:00:00,6.123246,104.738268,Transit,0,301.153,149.795,0,0,0,Vessel Live Movement,
KOTA AZAM,KCS,Shekou,CNSHK,2026-08-07 03:00:00,5.811069,102.995231,Transit,0,298.472,149.795,0,0,0,Vessel Live Movement,
KOTA AZAM,KCS,Shekou,CNSHK,2026-08-07 06:00:00,5.493557,101.254142,Transit,0,295.792,149.795,0,0,0,Vessel Live Movement,
KOTA AZAM,KCS,Shekou,CNSHK,2026-08-07 09:00:00,5.171009,99.514923,Transit,0,293.112,149.795,0,0,0,Vessel Live Movement,
KOTA AZAM,KCS,Shekou,CNSHK,2026-08-07 12:00:00,4.843728,97.777487,Transit,0,290.431,149.795,0,0,0,Vessel Live Movement,
KOTA AZAM,KCS,Shekou,CNSHK,2026-08-07 15:00:00,4.512018,96.041744,Transit,0,287.751,149.795,0,0,0,Vessel Live Movement,
KOTA AZAM,KCS,Shekou,CNSHK,2026-08-07 18:00:00,4.176189,94.307596,Transit,0,285.071,149.795,0,0,0,Vessel Live Movement,
KOTA AZAM,KCS,Shekou,CNSHK,2026-08-07 21:00:00,3.836551,92.574939,Transit,0,282.39,149.795,0,0,0,Vessel Live Movement,
KOTA AZAM,KCS,Shekou,CNSHK,2026-08-08 00:00:00,3.493418,90.843667,Transit,0,279.71,149.795,0,0,0,Vessel Live Movement,
KOTA AZAM,KCS,Shekou,CNSHK,2026-08-08 03:00:00,3.147106,89.113665,Transit,0,277.03,149.795,0,0,0,Vessel Live Movement,
KOTA AZAM,KCS,Shekou,CNSHK,2026-08-08 06:00:00,2.797932,87.384818,Transit,0,274.349,149.795,0,0,0,Vessel Live Movement,
KOTA AZAM,KCS,Shekou,CNSHK,2026-08-08 09:00:00,2.446217,85.657004,Transit,0,271.669,149.795,0,0,0,Vessel Live Movement,
KOTA AZAM,KCS,Shekou,CNSHK,2026-08-08 12:00:00,2.092282,83.930098,Transit,0,268.989,149.795,0,0,0,Vessel Live Movement,
KOTA AZAM,KCS,Shekou,CNSHK,2026-08-08 15:00:00,1.736448,82.203974,Transit,0,266.308,149.795,0,0,0,Vessel Live Movement,
KOTA AZAM,KCS,Shekou,CNSHK,2026-08-08 18:00:00,1.37904,80.478501,Transit,0,263.628,149.795,0,0,0,Vessel Live Movement,
KOTA AZAM,KCS,Shekou,CNSHK,2026-08-08 21:00:00,1.020383,78.753547,Transit,0,260.948,149.795,0,0,0,Vessel Live Movement,
KOTA AZAM,KCS,Shekou,CNSHK,2026-08-09 00:00:00,0.660801,77.028978,Transit,0,258.268,149.795,0,0,0,Vessel Live Movement,
KOTA AZAM,KCS,Shekou,CNSHK,2026-08-09 03:00:00,0.30062,75.304658,Transit,0,255.587,149.795,0,0,0,Vessel Live Movement,
KOTA AZAM,KCS,Shekou,CNSHK,2026-08-09 06:00:00,-0.059833,73.580453,Transit,0,252.907,149.795,0,0,0,Vessel Live Movement,
KOTA AZAM,KCS,Shekou,CNSHK,2026-08-09 09:00:00,-0.420231,71.856225,Transit,0,250.227,149.795,0,0,0,Vessel Live Movement,
KOTA AZAM,KCS,Shekou,CNSHK,2026-08-09 12:00:00,-0.780249,70.131838,Transit,0,247.546,149.795,0,0,0,Vessel Live Movement,
KOTA AZAM,KCS,Shekou,CNSHK,2026-08-09 15:00:00,-1.139561,68.407156,Transit,0,244.866,149.795,0,0,0,Vessel Live Movement,
KOTA AZAM,KCS,Shekou,CNSHK,2026-08-09 18:00:00,-1.497839,66.682044,Transit,0,242.186,149.795,0,0,0,Vessel Live Movement,
KOTA AZAM,KCS,Shekou,CNSHK,2026-08-09 21:00:00,-1.854761,64.956369,Transit,0,239.505,149.795,0,0,0,Vessel Live Movement,
KOTA AZAM,KCS,Shekou,CNSHK,2026-08-10 00:00:00,-2.210194,63.228908,Berthed,0,239.059,149.795,0,0,0,Vessel Live Movement,
KOTA AZAM,KCS,Shekou,CNSHK,2026-08-10 03:00:00,-2.210872,63.230857,Berthed,0,238.612,149.795,0,0,0,Vessel Live Movement,
KOTA AZAM,KCS,Shekou,CNSHK,2026-08-10 06:00:00,-2.210203,63.230131,Berthed,0,238.165,149.795,0,0,0,Vessel Live Movement,
KOTA AZAM,KCS,Shekou,CNSHK,2026-08-10 09:00:00,-2.2094,63.229084,Berthed,0,237.718,149.795,0,0,0,Vessel Live Movement,
KOTA AZAM,KCS,Shekou,CNSHK,2026-08-10 12:00:00,-2.21102,63.229483,Berthed,0,237.272,149.795,0,0,0,Vessel Live Movement,
KOTA AZAM,KCS,Shekou,CNSHK,2026-08-10 15:00:00,-2.21142,63.228311,Berthed,0,236.825,149.795,0,0,0,Vessel Live Movement,
KOTA AZAM,KCS,Shekou,CNSHK,2026-08-10 18:00:00,-2.209491,63.22947,Berthed,0,236.378,149.795,0,0,0,Vessel Live Movement,
KOTA AZAM,KCS,Shekou,CNSHK,2026-08-10 21:00:00,-2.209385,63.231293,Berthed,0,235.932,149.795,0,0,0,Vessel Live Movement,
KOTA AZAM,KCS,Busan,KRPUS,2026-08-11 00:00:00,-2.21,63.23,Transit,0,233.251,149.795,0,0,0,Vessel Live Movement,
KOTA AZAM,KCS,Busan,KRPUS,2026-08-11 03:00:00,-2.438281,63.925674,Transit,0,230.571,149.795,0,0,0,Vessel Live Movement,
KOTA AZAM,KCS,Busan,KRPUS,2026-08-11 06:00:00,-2.666203,64.621584,Transit,0,227.891,149.795,0,0,0,Vessel Live Movement,
KOTA AZAM,KCS,Busan,KRPUS,2026-08-11 09:00:00,-2.893732,65.317752,Transit,0,225.21,149.795,0,0,0,Vessel Live Movement,
KOTA AZAM,KCS,Busan,KRPUS,2026-08-11 12:00:00,-3.120835,66.014199,Transit,0,222.53,149.795,0,0,0,Vessel Live Movement,
KOTA AZAM,KCS,Busan,KRPUS,2026-08-11 15:00:00,-3.347477,66.710946,Transit,0,219.85,149.795,0,0,0,Vessel Live Movement,
KOTA AZAM,KCS,Busan,KRPUS,2026-08-11 18:00:00,-3.573624,67.408016,Transit,0,217.169,149.795,0,0,0,Vessel Live Movement,
KOTA AZAM,KCS,Busan,KRPUS,2026-08-11 21:00:00,-3.799245,68.105429,Transit,0,214.489,149.795,0,0,0,Vessel Live Movement,
KOTA AZAM,KCS,Busan,KRPUS,2026-08-12 00:00:00,-4.024303,68.803207,Transit,0,211.809,149.795,0,0,0,Vessel Live Movement,
KOTA AZAM,KCS,Busan,KRPUS,2026-08-12 03:00:00,-4.248766,69.50137,Transit,0,209.128,149.795,0,0,0,Vessel Live Movement,
KOTA AZAM,KCS,Busan,KRPUS,2026-08-12 06:00:00,-4.472601,70.199938,Transit,0,206.448,149.795,0,0,0,Vessel Live Movement,
KOTA AZAM,KCS,Busan,KRPUS,2026-08-12 09:00:00,-4.695773,70.898933,Transit,0,203.768,149.795,0,0,0,Vessel Live Movement,
KOTA AZAM,KCS,Busan,KRPUS,2026-08-12 12:00:00,-4.918248,71.598375,Transit,0,201.088,149.795,0,0,0,Vessel Live Movement,
KOTA AZAM,KCS,Busan,KRPUS,2026-08-12 15:00:00,-5.139994,72.298284,Transit,0,198.407,149.795,0,0,0,Vessel Live Movement,
KOTA AZAM,KCS,Busan,KRPUS,2026-08-12 18:00:00,-5.360976,72.998679,Transit,0,195.727,149.795,0,0,0,Vessel Live Movement,
KOTA AZAM,KCS,Busan,KRPUS,2026-08-12 21:00:00,-5.581162,73.699581,Transit,0,193.047,149.795,0,0,0,Vessel Live Movement,
KOTA AZAM,KCS,Busan,KRPUS,2026-08-13 00:00:00,-5.800517,74.401008,Transit,0,190.366,149.795,0,0,0,Vessel Live Movement,
KOTA AZAM,KCS,Busan,KRPUS,2026-08-13 03:00:00,-6.019007,75.10298,Transit,0,187.686,149.795,0,0,0,Vessel Live Movement,
KOTA AZAM,KCS,Busan,KRPUS,2026-08-13 06:00:00,-6.236601,75.805515,Transit,0,185.006,149.795,0,0,0,Vessel Live Movement,
KOTA AZAM,KCS,Busan,KRPUS,2026-08-13 09:00:00,-6.453263,76.508633,Transit,0,182.325,149.795,0,0,0,Vessel Live Movement,
KOTA AZAM,KCS,Busan,KRPUS,2026-08-13 12:00:00,-6.668961,77.212351,Transit,0,179.645,149.795,0,0,0,Vessel Live Movement,
KOTA AZAM,KCS,Busan,KRPUS,2026-08-13 15:00:00,-6.883661,77.916687,Transit,0,176.965,149.795,0,0,0,Vessel Live Movement,
KOTA AZAM,KCS,Busan,KRPUS,2026-08-13 18:00:00,-7.097329,78.621659,Transit,0,174.284,149.795,0,0,0,Vessel Live Movement,
KOTA AZAM,KCS,Busan,KRPUS,2026-08-13 21:00:00,-7.309934,79.327285,Transit,0,171.604,149.795,0,0,0,Vessel Live Movement,
KOTA AZAM,KCS,Busan,KRPUS,2026-08-14 00:00:00,-7.52144,80.033581,Transit,0,168.924,149.795,0,0,0,Vessel Live Movement,
KOTA AZAM,KCS,Busan,KRPUS,2026-08-14 03:00:00,-7.731816,80.740563,Transit,0,166.243,149.795,0,0,0,Vessel Live Movement,
KOTA AZAM,KCS,Busan,KRPUS,2026-08-14 06:00:00,-7.941027,81.44825,Transit,0,163.563,149.795,0,0,0,Vessel Live Movement,
KOTA AZAM,KCS,Busan,KRPUS,2026-08-14 09:00:00,-8.149041,82.156655,Transit,0,160.883,149.795,0,0,0,Vessel Live Movement,
KOTA AZAM,KCS,Busan,KRPUS,2026-08-14 12:00:00,-8.355825,82.865795,Transit,0,158.203,149.795,0,0,0,Vessel Live Movement,
KOTA AZAM,KCS,Busan,KRPUS,2026-08-14 15:00:00,-8.561346,83.575685,Transit,0,155.522,149.795,0,0,0,Vessel Live Movement,
KOTA AZAM,KCS,Busan,KRPUS,2026-08-14 18:00:00,-8.765571,84.28634,Transit,0,152.842,149.795,0,0,0,Vessel Live Movement,
KOTA AZAM,KCS,Busan,KRPUS,2026-08-14 21:00:00,-8.968466,84.997773,Transit,0,150.162,149.795,0,0,0,Vessel Live Movement,
KOTA AZAM,KCS,Busan,KRPUS,2026-08-15 00:00:00,-9.169178,85.70808,Berthed,0,149.715,149.795,0,0,0,Vessel Live Movement,
KOTA AZAM,KCS,Busan,KRPUS,2026-08-15 03:00:00,-9.170323,85.710622,Berthed,0,149.268,149.795,0,0,0,Vessel Live Movement,
KOTA AZAM,KCS,Busan,KRPUS,2026-08-15 06:00:00,-9.169049,85.709727,Berthed,0,148.821,149.795,0,0,0,Vessel Live Movement,
KOTA AZAM,KCS,Busan,KRPUS,2026-08-15 09:00:00,-9.16935,85.710185,Berthed,0,148.375,149.795,0,0,0,Vessel Live Movement,
KOTA AZAM,KCS,Busan,KRPUS,2026-08-15 12:00:00,-9.169598,85.709779,Berthed,0,147.928,149.795,0,0,0,Vessel Live Movement,
KOTA AZAM,KCS,Busan,KRPUS,2026-08-15 15:00:00,-9.170166,85.70908,Berthed,0,147.481,149.795,0,0,0,Vessel Live Movement,
KOTA AZAM,KCS,Busan,KRPUS,2026-08-15 18:00:00,-9.16851,85.709394,Berthed,0,147.035,149.795,0,0,0,Vessel Live Movement,
KOTA AZAM,KCS,Busan,KRPUS,2026-08-15 21:00:00,-9.17104,85.707215,Berthed,0,146.588,149.795,0,0,0,Vessel Live Movement,
KOTA AZAM,KCS,Incheon,KRINC,2026-08-16 00:00:00,-9.17,85.71,Transit,0,143.908,149.795,0,0,0,Vessel Live Movement,
KOTA AZAM,KCS,Incheon,KRINC,2026-08-16 03:00:00,-8.639645,91.090936,Transit,0,141.227,149.795,0,0,0,Vessel Live Movement,
KOTA AZAM,KCS,Incheon,KRINC,2026-08-16 06:00:00,-8.03451,96.455717,Transit,0,138.547,149.795,0,0,0,Vessel Live Movement,
KOTA AZAM,KCS,Incheon,KRINC,2026-08-16 09:00:00,-7.360118,101.803637,Transit,0,135.867,149.795,0,0,0,Vessel Live Movement,
KOTA AZAM,KCS,Incheon,KRINC,2026-08-16 12:00:00,-6.62255,107.134584,Transit,0,133.186,149.795,0,0,0,Vessel Live Movement,
KOTA AZAM,KCS,Incheon,KRINC,2026-08-16 15:00:00,-5.828373,112.449033,Transit,0,130.506,149.795,0,0,0,Vessel Live Movement,
KOTA AZAM,KCS,Incheon,KRINC,2026-08-16 18:00:00,-4.984576,117.748017,Transit,0,127.826,149.795,0,0,0,Vessel Live Movement,
KOTA AZAM,KCS,Incheon,KRINC,2026-08-16 21:00:00,-4.098499,123.033084,Transit,0,125.145,149.795,0,0,0,Vessel Live Movement,
KOTA AZAM,KCS,Incheon,KRINC,2026-08-17 00:00:00,-3.17777,128.306239,Transit,0,122.465,149.795,0,0,0,Vessel Live Movement,
KOTA AZAM,KCS,Incheon,KRINC,2026-08-17 03:00:00,-2.230247,133.569869,Transit,0,119.785,149.795,0,0,0,Vessel Live Movement,
KOTA AZAM,KCS,Incheon,KRINC,2026-08-17 06:00:00,-1.263958,138.826665,Transit,0,117.104,149.795,0,0,0,Vessel Live Movement,
KOTA AZAM,KCS,Incheon,KRINC,2026-08-17 09:00:00,-0.287048,144.079534,Transit,0,114.424,149.795,0,0,0,Vessel Live Movement,
KOTA AZAM,KCS,Incheon,KRINC,2026-08-17 12:00:00,0.692273,149.331505,Transit,0,111.744,149.795,0,0,0,Vessel Live Movement,
KOTA AZAM,KCS,Incheon,KRINC,2026-08-17 15:00:00,1.665779,154.585637,Transit,0,109.063,149.795,0,0,0,Vessel Live Movement,
KOTA AZAM,KCS,Incheon,KRINC,2026-08-17 18:00:00,2.625281,159.84492,Transit,0,106.383,149.795,0,0,0,Vessel Live Movement,
KOTA AZAM,KCS,Incheon,KRINC,2026-08-17 21:00:00,3.562676,165.112183,Transit,0,103.703,149.795,0,0,0,Vessel Live Movement,
KOTA AZAM,KCS,Incheon,KRINC,2026-08-18 00:00:00,4.469631,170.389194,Berthed,0,103.256,149.795,0,0,0,Vessel Live Movement,
KOTA AZAM,KCS,Incheon,KRINC,2026-08-18 03:00:00,4.470221,170.390488,Berthed,0,102.809,149.795,0,0,0,Vessel Live Movement,
KOTA AZAM,KCS,Incheon,KRINC,2026-08-18 06:00:00,4.471092,170.390323,Berthed,0,102.363,149.795,0,0,0,Vessel Live Movement,
KOTA AZAM,KCS,Incheon,KRINC,2026-08-18 09:00:00,4.467872,170.390724,Berthed,0,101.916,149.795,0,0,0,Vessel Live Movement,
KOTA AZAM,KCS,Incheon,KRINC,2026-08-18 12:00:00,4.471974,170.389371,Berthed,0,101.469,149.795,0,0,0,Vessel Live Movement,
KOTA AZAM,KCS,Incheon,KRINC,2026-08-18 15:00:00,4.468983,170.389838,Berthed,0,101.023,149.795,0,0,0,Vessel Live Movement,
KOTA AZAM,KCS,Incheon,KRINC,2026-08-18 18:00:00,4.471148,170.387513,Berthed,0,100.576,149.795,0,0,0,Vessel Live Movement,
KOTA AZAM,KCS,Incheon,KRINC,2026-08-18 21:00:00,4.468827,170.390999,Berthed,0,100.129,149.795,0,0,0,Vessel Live Movement,
KOTA AZAM,KCS,Qingdao,CNTAO,2026-08-19 00:00:00,4.47,170.39,Transit,0,97.449,149.795,0,0,0,Vessel Live Movement,
KOTA AZAM,KCS,Qingdao,CNTAO,2026-08-19 03:00:00,4.430906,167.844842,Transit,0,94.768,149.795,0,0,0,Vessel Live Movement,
KOTA AZAM,KCS,Qingdao,CNTAO,2026-08-19 06:00:00,4.383105,165.299982,Transit,0,92.088,149.795,0,0,0,Vessel Live Movement,
KOTA AZAM,KCS,Qingdao,CNTAO,2026-08-19 09:00:00,4.326694,162.755477,Transit,0,89.408,149.795,0,0,0,Vessel Live Movement,
KOTA AZAM,KCS,Qingdao,CNTAO,2026-08-19 12:00:00,4.261785,160.21138,Transit,0,86.728,149.795,0,0,0,Vessel Live Movement,
KOTA AZAM,KCS,Qingdao,CNTAO,2026-08-19 15:00:00,4.188507,157.667739,Transit,0,84.047,149.795,0,0,0,Vessel Live Movement,
KOTA AZAM,KCS,Qingdao,CNTAO,2026-08-19 18:00:00,4.107006,155.124602,Transit,0,81.367,149.795,0,0,0,Vessel Live Movement,
KOTA AZAM,KCS,Qingdao,CNTAO,2026-08-19 21:00:00,4.017444,152.58201,Transit,0,78.687,149.795,0,0,0,Vessel Live Movement,
KOTA AZAM,KCS,Qingdao,CNTAO,2026-08-20 00:00:00,3.920056,150.040479,Berthed,0,416.191,149.795,0,337.951,0,Vessel Live Movement,
KOTA AZAM,KCS,Qingdao,CNTAO,2026-08-20 03:00:00,3.918145,150.039604,Berthed,0,415.744,149.795,0,0,0,Vessel Live Movement,
KOTA AZAM,KCS,Qingdao,CNTAO,2026-08-20 06:00:00,3.920168,150.040717,Berthed,0,415.298,149.795,0,0,0,Vessel Live Movement,
KOTA AZAM,KCS,Qingdao,CNTAO,2026-08-20 09:00:00,3.91865,150.041021,Berthed,0,414.851,149.795,0,0,0,Vessel Live Movement,
KOTA AZAM,KCS,Qingdao,CNTAO,2026-08-20 12:00:00,3.919703,150.041,Berthed,0,414.404,149.795,0,0,0,Vessel Live Movement,
KOTA AZAM,KCS,Qingdao,CNTAO,2026-08-20 15:00:00,3.922915,150.040335,Berthed,0,413.957,149.795,0,0,0,Vessel Live Movement,
KOTA AZAM,KCS,Qingdao,CNTAO,2026-08-20 18:00:00,3.919121,150.040544,Berthed,0,413.511,149.795,0,0,0,Vessel Live Movement,
KOTA AZAM,KCS,Qingdao,CNTAO,2026-08-20 21:00:00,3.920126,150.042001,Berthed,0,413.064,149.795,0,0,0,Vessel Live Movement,
KOTA AZAM,KCS,Shanghai,CNSHA,2026-08-21 00:00:00,3.92,150.04,Transit,0,410.384,149.795,0,0,0,Vessel Live Movement,
KOTA AZAM,KCS,Shanghai,CNSHA,2026-08-21 03:00:00,4.420388,150.751481,Transit,0,407.703,149.795,0,0,0,Vessel Live Movement,
KOTA AZAM,KCS,Shanghai,CNSHA,2026-08-21 06:00:00,4.920095,151.463923,Transit,0,405.023,149.795,0,0,0,Vessel Live Movement,
KOTA AZAM,KCS,Shanghai,CNSHA,2026-08-21 09:00:00,5.419045,152.177435,Transit,0,402.343,149.795,0,0,0,Vessel Live Movement,
KOTA AZAM,KCS,Shanghai,CNSHA,2026-08-21 12:00:00,5.917158,152.892125,Transit,0,399.662,149.795,0,0,0,Vessel Live Movement,
KOTA AZAM,KCS,Shanghai,CNSHA,2026-08-21 15:00:00,6.414355,153.608103,Transit,0,396.982,149.795,0,0,0,Vessel Live Movement,
KOTA AZAM,KCS,Shanghai,CNSHA,2026-08-21 18:00:00,6.910557,154.325479,Transit,0,394.302,149.795,0,0,0,Vessel Live Movement,
KOTA AZAM,KCS,Shanghai,CNSHA,2026-08-21 21:00:00,7.405684,155.04436,Transit,0,391.621,149.795,0,0,0,Vessel Live Movement,
KOTA AZAM,KCS,Shanghai,CNSHA,2026-08-22 00:00:00,7.899656,155.764856,Transit,0,388.941,149.795,0,0,0,Vessel Live Movement,
KOTA AZAM,KCS,Shanghai,CNSHA,2026-08-22 03:00:00,8.392391,156.487076,Transit,0,386.261,149.795,0,0,0,Vessel Live Movement,
KOTA AZAM,KCS,Shanghai,CNSHA,2026-08-22 06:00:00,8.883808,157.211128,Transit,0,383.581,149.795,0,0,0,Vessel Live Movement,
KOTA AZAM,KCS,Shanghai,CNSHA,2026-08-22 09:00:00,9.373825,157.937121,Transit,0,380.9,149.795,0,0,0,Vessel Live Movement,
KOTA AZAM,KCS,Shanghai,CNSHA,2026-08-22 12:00:00,9.86236,158.665164,Transit,0,378.22,149.795,0,0,0,Vessel Live Movement,
KOTA AZAM,KCS,Shanghai,CNSHA,2026-08-22 15:00:00,10.34933,159.395366,Transit,0,375.54,149.795,0,0,0,Vessel Live Movement,
KOTA AZAM,KCS,Shanghai,CNSHA,2026-08-22 18:00:00,10.834649,160.127833,Transit,0,372.859,149.795,0,0,0,Vessel Live Movement,
KOTA AZAM,KCS,Shanghai,CNSHA,2026-08-22 21:00:00,11.318235,160.862676,Transit,0,370.179,149.795,0,0,0,Vessel Live Movement,
KOTA AZAM,KCS,Shanghai,CNSHA,2026-08-23 00:00:00,11.799316,161.599735,Berthed,0,369.732,149.795,0,0,0,Vessel Live Movement,
KOTA AZAM,KCS,Shanghai,CNSHA,2026-08-23 03:00:00,11.799365,161.601538,Berthed,0,369.286,149.795,0,0,0,Vessel Live Movement,
KOTA AZAM,KCS,Shanghai,CNSHA,2026-08-23 06:00:00,11.799395,161.601445,Berthed,0,368.839,149.795,0,0,0,Vessel Live Movement,
KOTA AZAM,KCS,Shanghai,CNSHA,2026-08-23 09:00:00,11.797133,161.598818,Berthed,0,368.392,149.795,0,0,0,Vessel Live Movement,
KOTA AZAM,KCS,Shanghai,CNSHA,2026-08-23 12:00:00,11.800905,161.600299,Berthed,0,367.945,149.795,0,0,0,Vessel Live Movement,
KOTA AZAM,KCS,Shanghai,CNSHA,2026-08-23 15:00:00,11.799611,161.599745,Berthed,0,367.499,149.795,0,0,0,Vessel Live Movement,
KOTA AZAM,KCS,Shanghai,CNSHA,2026-08-23 18:00:00,11.800306,161.599513,Berthed,0,367.052,149.795,0,0,0,Vessel Live Movement,
KOTA AZAM,KCS,Shanghai,CNSHA,2026-08-23 21:00:00,11.800219,161.598501,Berthed,0,366.605,149.795,0,0,0,Vessel Live Movement,
KOTA AZAM,KCS,Shekou,CNSHK,2026-08-24 00:00:00,11.8,161.6,Transit,0,363.925,149.795,0,0,0,Vessel Live Movement,
KOTA AZAM,KCS,Shekou,CNSHK,2026-08-24 03:00:00,11.78009,159.800676,Transit,0,361.245,149.795,0,0,0,Vessel Live Movement,
KOTA AZAM,KCS,Shekou,CNSHK,2026-08-24 06:00:00,11.748889,158.001686,Transit,0,358.564,149.795,0,0,0,Vessel Live Movement,
KOTA AZAM,KCS,Shekou,CNSHK,2026-08-24 09:00:00,11.706431,156.203178,Transit,0,355.884,149.795,0,0,0,Vessel Live Movement,
KOTA AZAM,KCS,Shekou,CNSHK,2026-08-24 12:00:00,11.652762,154.405294,Transit,0,353.204,149.795,0,0,0,Vessel Live Movement,
KOTA AZAM,KCS,Shekou,CNSHK,2026-08-24 15:00:00,11.587938,152.608177,Transit,0,350.523,149.795,0,0,0,Vessel Live Movement,
KOTA AZAM,KCS,Shekou,CNSHK,2026-08-24 18:00:00,11.512028,150.811964,Transit,0,347.843,149.795,0,0,0,Vessel Live Movement,
KOTA AZAM,KCS,Shekou,CNSHK,2026-08-24 21:00:00,11.425114,149.016791,Transit,0,345.163,149.795,0,0,0,Vessel Live Movement,
KOTA AZAM,KCS,Shekou,CNSHK,2026-08-25 00:00:00,11.327286,147.222787,Transit,0,342.482,149.795,0,0,0,Vessel Live Movement,
KOTA AZAM,KCS,Shekou,CNSHK,2026-08-25 03:00:00,11.218649,145.430077,Transit,0,339.802,149.795,0,0,0,Vessel Live Movement,
KOTA AZAM,KCS,Shekou,CNSHK,2026-08-25 06:00:00,11.099316,143.638782,Transit,0,337.122,149.795,0,0,0,Vessel Live Movement,
KOTA AZAM,KCS,Shekou,CNSHK,2026-08-25 09:00:00,10.969414,141.849014,Transit,0,334.441,149.795,0,0,0,Vessel Live Movement,
KOTA AZAM,KCS,Shekou,CNSHK,2026-08-25 12:00:00,10.829078,140.060881,Transit,0,331.761,149.795,0,0,0,Vessel Live Movement,
KOTA AZAM,KCS,Shekou,CNSHK,2026-08-25 15:00:00,10.678455,138.274484,Transit,0,329.081,149.795,0,0,0,Vessel Live Movement,
KOTA AZAM,KCS,Shekou,CNSHK,2026-08-25 18:00:00,10.517701,136.489916,Transit,0,326.401,149.795,0,0,0,Vessel Live Movement,
KOTA AZAM,KCS,Shekou,CNSHK,2026-08-25 21:00:00,10.346982,134.707264,Transit,0,323.72,149.795,0,0,0,Vessel Live Movement,
KOTA AZAM,KCS,Shekou,CNSHK,2026-08-26 00:00:00,10.166476,132.926606,Transit,0,321.04,149.795,0,0,0,Vessel Live Movement,
KOTA AZAM,KCS,Shekou,CNSHK,2026-08-26 03:00:00,9.976366,131.148011,Transit,0,318.36,149.795,0,0,0,Vessel Live Movement,
KOTA AZAM,KCS,Shekou,CNSHK,2026-08-26 06:00:00,9.776848,129.371543,Transit,0,315.679,149.795,0,0,0,Vessel Live Movement,
KOTA AZAM,KCS,Shekou,CNSHK,2026-08-26 09:00:00,9.568125,127.597254,Transit,0,312.999,149.795,0,0,0,Vessel Live Movement,
KOTA AZAM,KCS,Shekou,CNSHK,2026-08-26 12:00:00,9.350407,125.825189,Transit,0,310.319,149.795,0,0,0,Vessel Live Movement,
KOTA AZAM,KCS,Shekou,CNSHK,2026-08-26 15:00:00,9.123915,124.055384,Transit,0,307.638,149.795,0,0,0,Vessel Live Movement,
KOTA AZAM,KCS,Shekou,CNSHK,2026-08-26 18:00:00,8.888876,122.287868,Transit,0,304.958,149.795,0,0,0,Vessel Live Movement,
KOTA AZAM,KCS,Shekou,CNSHK,2026-08-26 21:00:00,8.645524,120.522657,Transit,0,302.278,149.795,0,0,0,Vessel Live Movement,
KOTA AZAM,KCS,Shekou,CNSHK,2026-08-27 00:00:00,8.394102,118.759763,Transit,0,299.597,149.795,0,0,0,Vessel Live Movement,
KOTA AZAM,KCS,Shekou,CNSHK,2026-08-27 03:00:00,8.134856,116.999185,Transit,0,296.917,149.795,0,0,0,Vessel Live Movement,
KOTA AZAM,KCS,Shekou,CNSHK,2026-08-27 06:00:00,7.868043,115.240916,Transit,0,294.237,149.795,0,0,0,Vessel Live Movement,
KOTA AZAM,KCS,Shekou,CNSHK,2026-08-27 09:00:00,7.593923,113.484939,Transit,0,291.556,149.795,0,0,0,Vessel Live Movement,
KOTA AZAM,KCS,Shekou,CNSHK,2026-08-27 12:00:00,7.312763,111.731229,Transit,0,288.876,149.795,0,0,0,Vessel Live Movement,
KOTA AZAM,KCS,Shekou,CNSHK,2026-08-27 15:00:00,7.024836,109.979752,Transit,0,286.196,149.795,0,0,0,Vessel Live Movement,
KOTA AZAM,KCS,Shekou,CNSHK,2026-08-27 18:00:00,6.730418,108.230468,Transit,0,283.516,149.795,0,0,0,Vessel Live Movement,
KOTA AZAM,KCS,Shekou,CNSHK,2026-08-27 21:00:00,6.429793,106.483326,Transit,0,280.835,149.795,0,0,0,Vessel Live Movement,
KOTA AZAM,KCS,Shekou,CNSHK,2026-08-28 00:00:00,6.123246,104.738268,Transit,0,278.155,149.795,0,0,0,Vessel Live Movement,
KOTA AZAM,KCS,Shekou,CNSHK,2026-08-28 03:00:00,5.811069,102.995231,Transit,0,275.475,149.795,0,0,0,Vessel Live Movement,
KOTA AZAM,KCS,Shekou,CNSHK,2026-08-28 06:00:00,5.493557,101.254142,Transit,0,272.794,149.795,0,0,0,Vessel Live Movement,
KOTA AZAM,KCS,Shekou,CNSHK,2026-08-28 09:00:00,5.171009,99.514923,Transit,0,270.114,149.795,0,0,0,Vessel Live Movement,
KOTA AZAM,KCS,Shekou,CNSHK,2026-08-28 12:00:00,4.843728,97.777487,Transit,0,267.434,149.795,0,0,0,Vessel Live Movement,
KOTA AZAM,KCS,Shekou,CNSHK,2026-08-28 15:00:00,4.512018,96.041744,Transit,0,264.753,149.795,0,0,0,Vessel Live Movement,
KOTA AZAM,KCS,Shekou,CNSHK,2026-08-28 18:00:00,4.176189,94.307596,Transit,0,262.073,149.795,0,0,0,Vessel Live Movement,
KOTA AZAM,KCS,Shekou,CNSHK,2026-08-28 21:00:00,3.836551,92.574939,Transit,0,259.393,149.795,0,0,0,Vessel Live Movement,
KOTA AZAM,KCS,Shekou,CNSHK,2026-08-29 00:00:00,3.493418,90.843667,Transit,0,256.712,149.795,0,0,0,Vessel Live Movement,
KOTA AZAM,KCS,Shekou,CNSHK,2026-08-29 03:00:00,3.147106,89.113665,Transit,0,254.032,149.795,0,0,0,Vessel Live Movement,
KOTA AZAM,KCS,Shekou,CNSHK,2026-08-29 06:00:00,2.797932,87.384818,Transit,0,251.352,149.795,0,0,0,Vessel Live Movement,
KOTA AZAM,KCS,Shekou,CNSHK,2026-08-29 09:00:00,2.446217,85.657004,Transit,0,248.671,149.795,0,0,0,Vessel Live Movement,
KOTA AZAM,KCS,Shekou,CNSHK,2026-08-29 12:00:00,2.092282,83.930098,Transit,0,245.991,149.795,0,0,0,Vessel Live Movement,
KOTA AZAM,KCS,Shekou,CNSHK,2026-08-29 15:00:00,1.736448,82.203974,Transit,0,243.311,149.795,0,0,0,Vessel Live Movement,
KOTA AZAM,KCS,Shekou,CNSHK,2026-08-29 18:00:00,1.37904,80.478501,Transit,0,240.631,149.795,0,0,0,Vessel Live Movement,
KOTA AZAM,KCS,Shekou,CNSHK,2026-08-29 21:00:00,1.020383,78.753547,Transit,0,237.95,149.795,0,0,0,Vessel Live Movement,
KOTA AZAM,KCS,Shekou,CNSHK,2026-08-30 00:00:00,0.660801,77.028978,Transit,0,235.27,149.795,0,0,0,Vessel Live Movement,
KOTA AZAM,KCS,Shekou,CNSHK,2026-08-30 03:00:00,0.30062,75.304658,Transit,0,232.59,149.795,0,0,0,Vessel Live Movement,
KOTA AZAM,KCS,Shekou,CNSHK,2026-08-30 06:00:00,-0.059833,73.580453,Transit,0,229.909,149.795,0,0,0,Vessel Live Movement,
KOTA AZAM,KCS,Shekou,CNSHK,2026-08-30 09:00:00,-0.420231,71.856225,Transit,0,227.229,149.795,0,0,0,Vessel Live Movement,
KOTA AZAM,KCS,Shekou,CNSHK,2026-08-30 12:00:00,-0.780249,70.131838,Transit,0,224.549,149.795,0,0,0,Vessel Live Movement,
KOTA AZAM,KCS,Shekou,CNSHK,2026-08-30 15:00:00,-1.139561,68.407156,Transit,0,221.868,149.795,0,0,0,Vessel Live Movement,
KOTA AZAM,KCS,Shekou,CNSHK,2026-08-30 18:00:00,-1.497839,66.682044,Transit,0,219.188,149.795,0,0,0,Vessel Live Movement,
KOTA AZAM,KCS,Shekou,CNSHK,2026-08-30 21:00:00,-1.854761,64.956369,Transit,0,216.508,149.795,0,0,0,Vessel Live Movement,
KOTA AZAM,KCS,Shekou,CNSHK,2026-08-31 00:00:00,-2.212698,63.230362,Berthed,0,216.061,149.795,0,0,0,Vessel Live Movement,
KOTA AZAM,KCS,Shekou,CNSHK,2026-08-31 03:00:00,-2.208908,63.231009,Berthed,0,215.614,149.795,0,0,0,Vessel Live Movement,
KOTA AZAM,KCS,Shekou,CNSHK,2026-08-31 06:00:00,-2.209519,63.230331,Berthed,0,215.168,149.795,0,0,0,Vessel Live Movement,
KOTA AZAM,KCS,Shekou,CNSHK,2026-08-31 09:00:00,-2.210064,63.230996,Berthed,0,214.721,149.795,0,0,0,Vessel Live Movement,
KOTA AZAM,KCS,Shekou,CNSHK,2026-08-31 12:00:00,-2.20987,63.230816,Berthed,0,214.274,149.795,0,0,0,Vessel Live Movement,
KOTA AZAM,KCS,Shekou,CNSHK,2026-08-31 15:00:00,-2.20978,63.23037,Berthed,0,213.827,149.795,0,0,0,Vessel Live Movement,
KOTA AZAM,KCS,Shekou,CNSHK,2026-08-31 18:00:00,-2.211251,63.229664,Berthed,0,213.381,149.795,0,0,0,Vessel Live Movement,
KOTA AZAM,KCS,Shekou,CNSHK,2026-08-31 21:00:00,-2.209188,63.229187,Berthed,0,212.934,149.795,0,0,0,Vessel Live Movement,
KOTA AZAM,KCS,Busan,KRPUS,2026-09-01 00:00:00,-2.21,63.23,Transit,0,210.254,149.795,0,0,0,Vessel Live Movement,
KOTA AZAM,KCS,Busan,KRPUS,2026-09-01 03:00:00,-2.438281,63.925674,Transit,0,207.573,149.795,0,0,0,Vessel Live Movement,
KOTA AZAM,KCS,Busan,KRPUS,2026-09-01 06:00:00,-2.666203,64.621584,Transit,0,204.893,149.795,0,0,0,Vessel Live Movement,
KOTA AZAM,KCS,Busan,KRPUS,2026-09-01 09:00:00,-2.893732,65.317752,Transit,0,202.213,149.795,0,0,0,Vessel Live Movement,
KOTA AZAM,KCS,Busan,KRPUS,2026-09-01 12:00:00,-3.120835,66.014199,Transit,0,199.532,149.795,0,0,0,Vessel Live Movement,
KOTA AZAM,KCS,Busan,KRPUS,2026-09-01 15:00:00,-3.347477,66.710946,Transit,0,196.852,149.795,0,0,0,Vessel Live Movement,
KOTA AZAM,KCS,Busan,KRPUS,2026-09-01 18:00:00,-3.573624,67.408016,Transit,0,194.172,149.795,0,0,0,Vessel Live Movement,
KOTA AZAM,KCS,Busan,KRPUS,2026-09-01 21:00:00,-3.799245,68.105429,Transit,0,191.491,149.795,0,0,0,Vessel Live Movement,
KOTA AZAM,KCS,Busan,KRPUS,2026-09-02 00:00:00,-4.024303,68.803207,Transit,0,188.811,149.795,0,0,0,Vessel Live Movement,
KOTA AZAM,KCS,Busan,KRPUS,2026-09-02 03:00:00,-4.248766,69.50137,Transit,0,186.131,149.795,0,0,0,Vessel Live Movement,
KOTA AZAM,KCS,Busan,KRPUS,2026-09-02 06:00:00,-4.472601,70.199938,Transit,0,183.451,149.795,0,0,0,Vessel Live Movement,
KOTA AZAM,KCS,Busan,KRPUS,2026-09-02 09:00:00,-4.695773,70.898933,Transit,0,180.77,149.795,0,0,0,Vessel Live Movement,
KOTA AZAM,KCS,Busan,KRPUS,2026-09-02 12:00:00,-4.918248,71.598375,Transit,0,178.09,149.795,0,0,0,Vessel Live Movement,
KOTA AZAM,KCS,Busan,KRPUS,2026-09-02 15:00:00,-5.139994,72.298284,Transit,0,175.41,149.795,0,0,0,Vessel Live Movement,
KOTA AZAM,KCS,Busan,KRPUS,2026-09-02 18:00:00,-5.360976,72.998679,Transit,0,172.729,149.795,0,0,0,Vessel Live Movement,
KOTA AZAM,KCS,Busan,KRPUS,2026-09-02 21:00:00,-5.581162,73.699581,Transit,0,170.049,149.795,0,0,0,Vessel Live Movement,
KOTA AZAM,KCS,Busan,KRPUS,2026-09-03 00:00:00,-5.800517,74.401008,Transit,0,167.369,149.795,0,0,0,Vessel Live Movement,
KOTA AZAM,KCS,Busan,KRPUS,2026-09-03 03:00:00,-6.019007,75.10298,Transit,0,164.688,149.795,0,0,0,Vessel Live Movement,
KOTA AZAM,KCS,Busan,KRPUS,2026-09-03 06:00:00,-6.236601,75.805515,Transit,0,162.008,149.795,0,0,0,Vessel Live Movement,
KOTA AZAM,KCS,Busan,KRPUS,2026-09-03 09:00:00,-6.453263,76.508633,Transit,0,159.328,149.795,0,0,0,Vessel Live Movement,
KOTA AZAM,KCS,Busan,KRPUS,2026-09-03 12:00:00,-6.668961,77.212351,Transit,0,156.647,149.795,0,0,0,Vessel Live Movement,
KOTA AZAM,KCS,Busan,KRPUS,2026-09-03 15:00:00,-6.883661,77.916687,Transit,0,153.967,149.795,0,0,0,Vessel Live Movement,
KOTA AZAM,KCS,Busan,KRPUS,2026-09-03 18:00:00,-7.097329,78.621659,Transit,0,151.287,149.795,0,0,0,Vessel Live Movement,
KOTA AZAM,KCS,Busan,KRPUS,2026-09-03 21:00:00,-7.309934,79.327285,Transit,0,148.606,149.795,0,0,0,Vessel Live Movement,
KOTA AZAM,KCS,Busan,KRPUS,2026-09-04 00:00:00,-7.52144,80.033581,Transit,0,145.926,149.795,0,0,0,Vessel Live Movement,
KOTA AZAM,KCS,Busan,KRPUS,2026-09-04 03:00:00,-7.731816,80.740563,Transit,0,143.246,149.795,0,0,0,Vessel Live Movement,
KOTA AZAM,KCS,Busan,KRPUS,2026-09-04 06:00:00,-7.941027,81.44825,Transit,0,140.566,149.795,0,0,0,Vessel Live Movement,
KOTA AZAM,KCS,Busan,KRPUS,2026-09-04 09:00:00,-8.149041,82.156655,Transit,0,137.885,149.795,0,0,0,Vessel Live Movement,
KOTA AZAM,KCS,Busan,KRPUS,2026-09-04 12:00:00,-8.355825,82.865795,Transit,0,135.205,149.795,0,0,0,Vessel Live Movement,
KOTA AZAM,KCS,Busan,KRPUS,2026-09-04 15:00:00,-8.561346,83.575685,Transit,0,132.525,149.795,0,0,0,Vessel Live Movement,
KOTA AZAM,KCS,Busan,KRPUS,2026-09-04 18:00:00,-8.765571,84.28634,Transit,0,129.844,149.795,0,0,0,Vessel Live Movement,
KOTA AZAM,KCS,Busan,KRPUS,2026-09-04 21:00:00,-8.968466,84.997773,Transit,0,127.164,149.795,0,0,0,Vessel Live Movement,
KOTA AZAM,KCS,Busan,KRPUS,2026-09-05 00:00:00,-9.168988,85.711683,Berthed,0,126.717,149.795,0,0,0,Vessel Live Movement,
KOTA AZAM,KCS,Busan,KRPUS,2026-09-05 03:00:00,-9.169091,85.709117,Berthed,0,126.271,149.795,0,0,0,Vessel Live Movement,
KOTA AZAM,KCS,Busan,KRPUS,2026-09-05 06:00:00,-9.169145,85.708966,Berthed,0,125.824,149.795,0,0,0,Vessel Live Movement,
KOTA AZAM,KCS,Busan,KRPUS,2026-09-05 09:00:00,-9.16921,85.71095,Berthed,0,125.377,149.795,0,0,0,Vessel Live Movement,
KOTA AZAM,KCS,Busan,KRPUS,2026-09-05 12:00:00,-9.168845,85.711732,Berthed,0,124.93,149.795,0,0,0,Vessel Live Movement,
KOTA AZAM,KCS,Busan,KRPUS,2026-09-05 15:00:00,-9.170254,85.710168,Berthed,0,124.484,149.795,0,0,0,Vessel Live Movement,
KOTA AZAM,KCS,Busan,KRPUS,2026-09-05 18:00:00,-9.169201,85.709859,Berthed,0,124.037,149.795,0,0,0,Vessel Live Movement,
KOTA AZAM,KCS,Busan,KRPUS,2026-09-05 21:00:00,-9.168828,85.709991,Berthed,0,123.59,149.795,0,0,0,Vessel Live Movement,
KOTA AZAM,KCS,Incheon,KRINC,2026-09-06 00:00:00,-9.17,85.71,Transit,0,120.91,149.795,0,0,0,Vessel Live Movement,
KOTA AZAM,KCS,Incheon,KRINC,2026-09-06 03:00:00,-8.639645,91.090936,Transit,0,118.23,149.795,0,0,0,Vessel Live Movement,
KOTA AZAM,KCS,Incheon,KRINC,2026-09-06 06:00:00,-8.03451,96.455717,Transit,0,115.549,149.795,0,0,0,Vessel Live Movement,
KOTA AZAM,KCS,Incheon,KRINC,2026-09-06 09:00:00,-7.360118,101.803637,Transit,0,112.869,149.795,0,0,0,Vessel Live Movement,
KOTA AZAM,KCS,Incheon,KRINC,2026-09-06 12:00:00,-6.62255,107.134584,Transit,0,110.189,149.795,0,0,0,Vessel Live Movement,
KOTA AZAM,KCS,Incheon,KRINC,2026-09-06 15:00:00,-5.828373,112.449033,Transit,0,107.508,149.795,0,0,0,Vessel Live Movement,
KOTA AZAM,KCS,Incheon,KRINC,2026-09-06 18:00:00,-4.984576,117.748017,Transit,0,104.828,149.795,0,0,0,Vessel Live Movement,
KOTA AZAM,KCS,Incheon,KRINC,2026-09-06 21:00:00,-4.098499,123.033084,Transit,0,102.148,149.795,0,0,0,Vessel Live Movement,
KOTA AZAM,KCS,Incheon,KRINC,2026-09-07 00:00:00,-3.17777,128.306239,Transit,0,99.467,149.795,0,0,0,Vessel Live Movement,
KOTA AZAM,KCS,Incheon,KRINC,2026-09-07 03:00:00,-2.230247,133.569869,Transit,0,96.787,149.795,0,0,0,Vessel Live Movement,
KOTA AZAM,KCS,Incheon,KRINC,2026-09-07 06:00:00,-1.263958,138.826665,Transit,0,94.107,149.795,0,0,0,Vessel Live Movement,
KOTA AZAM,KCS,Incheon,KRINC,2026-09-07 09:00:00,-0.287048,144.079534,Transit,0,91.426,149.795,0,0,0,Vessel Live Movement,
KOTA AZAM,KCS,Incheon,KRINC,2026-09-07 12:00:00,0.692273,149.331505,Transit,0,88.746,149.795,0,0,0,Vessel Live Movement,
KOTA AZAM,KCS,Incheon,KRINC,2026-09-07 15:00:00,1.665779,154.585637,Transit,0,86.066,149.795,0,0,0,Vessel Live Movement,
KOTA AZAM,KCS,Incheon,KRINC,2026-09-07 18:00:00,2.625281,159.84492,Transit,0,83.386,149.795,0,0,0,Vessel Live Movement,
KOTA AZAM,KCS,Incheon,KRINC,2026-09-07 21:00:00,3.562676,165.112183,Transit,0,80.705,149.795,0,0,0,Vessel Live Movement,
KOTA AZAM,KCS,Incheon,KRINC,2026-09-08 00:00:00,4.470869,170.389378,Berthed,0,366.498,149.795,0,286.24,0,Vessel Live Movement,
KOTA AZAM,KCS,Incheon,KRINC,2026-09-08 03:00:00,4.469665,170.388915,Berthed,0,366.051,149.795,0,0,0,Vessel Live Movement,
KOTA AZAM,KCS,Incheon,KRINC,2026-09-08 06:00:00,4.470095,170.389959,Berthed,0,365.605,149.795,0,0,0,Vessel Live Movement,
KOTA AZAM,KCS,Incheon,KRINC,2026-09-08 09:00:00,4.46993,170.389538,Berthed,0,365.158,149.795,0,0,0,Vessel Live Movement,
KOTA AZAM,KCS,Incheon,KRINC,2026-09-08 12:00:00,4.469553,170.389421,Berthed,0,364.711,149.795,0,0,0,Vessel Live Movement,
KOTA AZAM,KCS,Incheon,KRINC,2026-09-08 15:00:00,4.470681,170.391271,Berthed,0,364.264,149.795,0,0,0,Vessel Live Movement,
KOTA AZAM,KCS,Incheon,KRINC,2026-09-08 18:00:00,4.47029,170.389313,Berthed,0,363.818,149.795,0,0,0,Vessel Live Movement,
KOTA AZAM,KCS,Incheon,KRINC,2026-09-08 21:00:00,4.470383,170.390491,Berthed,0,363.371,149.795,0,0,0,Vessel Live Movement,
KOTA AZAM,KCS,Qingdao,CNTAO,2026-09-09 00:00:00,4.47,170.39,Transit,0,360.691,149.795,0,0,0,Vessel Live Movement,
KOTA AZAM,KCS,Qingdao,CNTAO,2026-09-09 03:00:00,4.430906,167.844842,Transit,0,358.01,149.795,0,0,0,Vessel Live Movement,
KOTA AZAM,KCS,Qingdao,CNTAO,2026-09-09 06:00:00,4.383105,165.299982,Transit,0,355.33,149.795,0,0,0,Vessel Live Movement,
KOTA AZAM,KCS,Qingdao,CNTAO,2026-09-09 09:00:00,4.326694,162.755477,Transit,0,352.65,149.795,0,0,0,Vessel Live Movement,
KOTA AZAM,KCS,Qingdao,CNTAO,2026-09-09 12:00:00,4.261785,160.21138,Transit,0,349.969,149.795,0,0,0,Vessel Live Movement,
KOTA AZAM,KCS,Qingdao,CNTAO,2026-09-09 15:00:00,4.188507,157.667739,Transit,0,347.289,149.795,0,0,0,Vessel Live Movement,
KOTA AZAM,KCS,Qingdao,CNTAO,2026-09-09 18:00:00,4.107006,155.124602,Transit,0,344.609,149.795,0,0,0,Vessel Live Movement,
KOTA AZAM,KCS,Qingdao,CNTAO,2026-09-09 21:00:00,4.017444,152.58201,Transit,0,341.929,149.795,0,0,0,Vessel Live Movement,
KOTA AZAM,KCS,Qingdao,CNTAO,2026-09-10 00:00:00,3.918968,150.040257,Berthed,0,341.482,149.795,0,0,0,Vessel Live Movement,
KOTA AZAM,KCS,Qingdao,CNTAO,2026-09-10 03:00:00,3.920821,150.039367,Berthed,0,341.035,149.795,0,0,0,Vessel Live Movement,
KOTA AZAM,KCS,Qingdao,CNTAO,2026-09-10 06:00:00,3.920708,150.040419,Berthed,0,340.588,149.795,0,0,0,Vessel Live Movement,
KOTA AZAM,KCS,Qingdao,CNTAO,2026-09-10 09:00:00,3.919742,150.038119,Berthed,0,340.142,149.795,0,0,0,Vessel Live Movement,
KOTA AZAM,KCS,Qingdao,CNTAO,2026-09-10 12:00:00,3.920008,150.039071,Berthed,0,339.695,149.795,0,0,0,Vessel Live Movement,
KOTA AZAM,KCS,Qingdao,CNTAO,2026-09-10 15:00:00,3.919626,150.042379,Berthed,0,339.248,149.795,0,0,0,Vessel Live Movement,
KOTA AZAM,KCS,Qingdao,CNTAO,2026-09-10 18:00:00,3.918505,150.03831,Berthed,0,338.802,149.795,0,0,0,Vessel Live Movement,
KOTA AZAM,KCS,Qingdao,CNTAO,2026-09-10 21:00:00,3.920089,150.040146,Berthed,0,338.355,149.795,0,0,0,Vessel Live Movement,
KOTA AZAM,KCS,Shanghai,CNSHA,2026-09-11 00:00:00,3.92,150.04,Transit,0,335.674,149.795,0,0,0,Vessel Live Movement,
KOTA AZAM,KCS,Shanghai,CNSHA,2026-09-11 03:00:00,4.420388,150.751481,Transit,0,332.994,149.795,0,0,0,Vessel Live Movement,
KOTA AZAM,KCS,Shanghai,CNSHA,2026-09-11 06:00:00,4.920095,151.463923,Transit,0,330.314,149.795,0,0,0,Vessel Live Movement,
KOTA AZAM,KCS,Shanghai,CNSHA,2026-09-11 09:00:00,5.419045,152.177435,Transit,0,327.634,149.795,0,0,0,Vessel Live Movement,
KOTA AZAM,KCS,Shanghai,CNSHA,2026-09-11 12:00:00,5.917158,152.892125,Transit,0,324.953,149.795,0,0,0,Vessel Live Movement,
KOTA AZAM,KCS,Shanghai,CNSHA,2026-09-11 15:00:00,6.414355,153.608103,Transit,0,322.273,149.795,0,0,0,Vessel Live Movement,
KOTA AZAM,KCS,Shanghai,CNSHA,2026-09-11 18:00:00,6.910557,154.325479,Transit,0,319.593,149.795,0,0,0,Vessel Live Movement,
KOTA AZAM,KCS,Shanghai,CNSHA,2026-09-11 21:00:00,7.405684,155.04436,Transit,0,316.912,149.795,0,0,0,Vessel Live Movement,
KOTA AZAM,KCS,Shanghai,CNSHA,2026-09-12 00:00:00,7.899656,155.764856,Transit,0,314.232,149.795,0,0,0,Vessel Live Movement,
KOTA AZAM,KCS,Shanghai,CNSHA,2026-09-12 03:00:00,8.392391,156.487076,Transit,0,311.552,149.795,0,0,0,Vessel Live Movement,
KOTA AZAM,KCS,Shanghai,CNSHA,2026-09-12 06:00:00,8.883808,157.211128,Transit,0,308.871,149.795,0,0,0,Vessel Live Movement,
KOTA AZAM,KCS,Shanghai,CNSHA,2026-09-12 09:00:00,9.373825,157.937121,Transit,0,306.191,149.795,0,0,0,Vessel Live Movement,
KOTA AZAM,KCS,Shanghai,CNSHA,2026-09-12 12:00:00,9.86236,158.665164,Transit,0,303.511,149.795,0,0,0,Vessel Live Movement,
KOTA AZAM,KCS,Shanghai,CNSHA,2026-09-12 15:00:00,10.34933,159.395366,Transit,0,300.83,149.795,0,0,0,Vessel Live Movement,
KOTA AZAM,KCS,Shanghai,CNSHA,2026-09-12 18:00:00,10.834649,160.127833,Transit,0,298.15,149.795,0,0,0,Vessel Live Movement,
KOTA AZAM,KCS,Shanghai,CNSHA,2026-09-12 21:00:00,11.318235,160.862676,Transit,0,295.47,149.795,0,0,0,Vessel Live Movement,
KOTA AZAM,KCS,Shanghai,CNSHA,2026-09-13 00:00:00,11.802709,161.599566,Berthed,0,295.023,149.795,0,0,0,Vessel Live Movement,
KOTA AZAM,KCS,Shanghai,CNSHA,2026-09-13 03:00:00,11.799871,161.600676,Berthed,0,294.576,149.795,0,0,0,Vessel Live Movement,
KOTA AZAM,KCS,Shanghai,CNSHA,2026-09-13 06:00:00,11.799884,161.598493,Berthed,0,294.13,149.795,0,0,0,Vessel Live Movement,
KOTA AZAM,KCS,Shanghai,CNSHA,2026-09-13 09:00:00,11.79886,161.599017,Berthed,0,293.683,149.795,0,0,0,Vessel Live Movement,
KOTA AZAM,KCS,Shanghai,CNSHA,2026-09-13 12:00:00,11.800669,161.602202,Berthed,0,293.236,149.795,0,0,0,Vessel Live Movement,
KOTA AZAM,KCS,Shanghai,CNSHA,2026-09-13 15:00:00,11.800351,161.598874,Berthed,0,292.789,149.795,0,0,0,Vessel Live Movement,
KOTA AZAM,KCS,Shanghai,CNSHA,2026-09-13 18:00:00,11.801784,161.599943,Berthed,0,292.343,149.795,0,0,0,Vessel Live Movement,
KOTA AZAM,KCS,Shanghai,CNSHA,2026-09-13 21:00:00,11.80135,161.600323,Berthed,0,291.896,149.795,0,0,0,Vessel Live Movement,
KOTA AZAM,KCS,Shekou,CNSHK,2026-09-14 00:00:00,11.8,161.6,Transit,0,289.216,149.795,0,0,0,Vessel Live Movement,
KOTA AZAM,KCS,Shekou,CNSHK,2026-09-14 03:00:00,11.78009,159.800676,Transit,0,286.535,149.795,0,0,0,Vessel Live Movement,
KOTA AZAM,KCS,Shekou,CNSHK,2026-09-14 06:00:00,11.748889,158.001686,Transit,0,283.855,149.795,0,0,0,Vessel Live Movement,
KOTA AZAM,KCS,Shekou,CNSHK,2026-09-14 09:00:00,11.706431,156.203178,Transit,0,281.175,149.795,0,0,0,Vessel Live Movement,
KOTA AZAM,KCS,Shekou,CNSHK,2026-09-14 12:00:00,11.652762,154.405294,Transit,0,278.494,149.795,0,0,0,Vessel Live Movement,
KOTA AZAM,KCS,Shekou,CNSHK,2026-09-14 15:00:00,11.587938,152.608177,Transit,0,275.814,149.795,0,0,0,Vessel Live Movement,
KOTA AZAM,KCS,Shekou,CNSHK,2026-09-14 18:00:00,11.512028,150.811964,Transit,0,273.134,149.795,0,0,0,Vessel Live Movement,
KOTA AZAM,KCS,Shekou,CNSHK,2026-09-14 21:00:00,11.425114,149.016791,Transit,0,270.454,149.795,0,0,0,Vessel Live Movement,
KOTA AZAM,KCS,Shekou,CNSHK,2026-09-15 00:00:00,11.327286,147.222787,Transit,0,267.773,149.795,0,0,0,Vessel Live Movement,
KOTA AZAM,KCS,Shekou,CNSHK,2026-09-15 03:00:00,11.218649,145.430077,Transit,0,265.093,149.795,0,0,0,Vessel Live Movement,
KOTA AZAM,KCS,Shekou,CNSHK,2026-09-15 06:00:00,11.099316,143.638782,Transit,0,262.413,149.795,0,0,0,Vessel Live Movement,
KOTA AZAM,KCS,Shekou,CNSHK,2026-09-15 09:00:00,10.969414,141.849014,Transit,0,259.732,149.795,0,0,0,Vessel Live Movement,
KOTA AZAM,KCS,Shekou,CNSHK,2026-09-15 12:00:00,10.829078,140.060881,Transit,0,257.052,149.795,0,0,0,Vessel Live Movement,
KOTA AZAM,KCS,Shekou,CNSHK,2026-09-15 15:00:00,10.678455,138.274484,Transit,0,254.372,149.795,0,0,0,Vessel Live Movement,
KOTA AZAM,KCS,Shekou,CNSHK,2026-09-15 18:00:00,10.517701,136.489916,Transit,0,251.691,149.795,0,0,0,Vessel Live Movement,
KOTA AZAM,KCS,Shekou,CNSHK,2026-09-15 21:00:00,10.346982,134.707264,Transit,0,249.011,149.795,0,0,0,Vessel Live Movement,
KOTA AZAM,KCS,Shekou,CNSHK,2026-09-16 00:00:00,10.166476,132.926606,Transit,0,246.331,149.795,0,0,0,Vessel Live Movement,
KOTA AZAM,KCS,Shekou,CNSHK,2026-09-16 03:00:00,9.976366,131.148011,Transit,0,243.65,149.795,0,0,0,Vessel Live Movement,
KOTA AZAM,KCS,Shekou,CNSHK,2026-09-16 06:00:00,9.776848,129.371543,Transit,0,240.97,149.795,0,0,0,Vessel Live Movement,
KOTA AZAM,KCS,Shekou,CNSHK,2026-09-16 09:00:00,9.568125,127.597254,Transit,0,238.29,149.795,0,0,0,Vessel Live Movement,
KOTA AZAM,KCS,Shekou,CNSHK,2026-09-16 12:00:00,9.350407,125.825189,Transit,0,235.609,149.795,0,0,0,Vessel Live Movement,
KOTA AZAM,KCS,Shekou,CNSHK,2026-09-16 15:00:00,9.123915,124.055384,Transit,0,232.929,149.795,0,0,0,Vessel Live Movement,
KOTA AZAM,KCS,Shekou,CNSHK,2026-09-16 18:00:00,8.888876,122.287868,Transit,0,230.249,149.795,0,0,0,Vessel Live Movement,
KOTA AZAM,KCS,Shekou,CNSHK,2026-09-16 21:00:00,8.645524,120.522657,Transit,0,227.569,149.795,0,0,0,Vessel Live Movement,
KOTA AZAM,KCS,Shekou,CNSHK,2026-09-17 00:00:00,8.394102,118.759763,Transit,0,224.888,149.795,0,0,0,Vessel Live Movement,
KOTA AZAM,KCS,Shekou,CNSHK,2026-09-17 03:00:00,8.134856,116.999185,Transit,0,222.208,149.795,0,0,0,Vessel Live Movement,
KOTA AZAM,KCS,Shekou,CNSHK,2026-09-17 06:00:00,7.868043,115.240916,Transit,0,219.528,149.795,0,0,0,Vessel Live Movement,
KOTA AZAM,KCS,Shekou,CNSHK,2026-09-17 09:00:00,7.593923,113.484939,Transit,0,216.847,149.795,0,0,0,Vessel Live Movement,
KOTA AZAM,KCS,Shekou,CNSHK,2026-09-17 12:00:00,7.312763,111.731229,Transit,0,214.167,149.795,0,0,0,Vessel Live Movement,
KOTA AZAM,KCS,Shekou,CNSHK,2026-09-17 15:00:00,7.024836,109.979752,Transit,0,211.487,149.795,0,0,0,Vessel Live Movement,
KOTA AZAM,KCS,Shekou,CNSHK,2026-09-17 18:00:00,6.730418,108.230468,Transit,0,208.806,149.795,0,0,0,Vessel Live Movement,
KOTA AZAM,KCS,Shekou,CNSHK,2026-09-17 21:00:00,6.429793,106.483326,Transit,0,206.126,149.795,0,0,0,Vessel Live Movement,
KOTA AZAM,KCS,Shekou,CNSHK,2026-09-18 00:00:00,6.123246,104.738268,Transit,0,203.446,149.795,0,0,0,Vessel Live Movement,
KOTA AZAM,KCS,Shekou,CNSHK,2026-09-18 03:00:00,5.811069,102.995231,Transit,0,200.765,149.795,0,0,0,Vessel Live Movement,
KOTA AZAM,KCS,Shekou,CNSHK,2026-09-18 06:00:00,5.493557,101.254142,Transit,0,198.085,149.795,0,0,0,Vessel Live Movement,
KOTA AZAM,KCS,Shekou,CNSHK,2026-09-18 09:00:00,5.171009,99.514923,Transit,0,195.405,149.795,0,0,0,Vessel Live Movement,
KOTA AZAM,KCS,Shekou,CNSHK,2026-09-18 12:00:00,4.843728,97.777487,Transit,0,192.724,149.795,0,0,0,Vessel Live Movement,
KOTA AZAM,KCS,Shekou,CNSHK,2026-09-18 15:00:00,4.512018,96.041744,Transit,0,190.044,149.795,0,0,0,Vessel Live Movement,
KOTA AZAM,KCS,Shekou,CNSHK,2026-09-18 18:00:00,4.176189,94.307596,Transit,0,187.364,149.795,0,0,0,Vessel Live Movement,
KOTA AZAM,KCS,Shekou,CNSHK,2026-09-18 21:00:00,3.836551,92.574939,Transit,0,184.684,149.795,0,0,0,Vessel Live Movement,
KOTA AZAM,KCS,Shekou,CNSHK,2026-09-19 00:00:00,3.493418,90.843667,Transit,0,182.003,149.795,0,0,0,Vessel Live Movement,
KOTA AZAM,KCS,Shekou,CNSHK,2026-09-19 03:00:00,3.147106,89.113665,Transit,0,179.323,149.795,0,0,0,Vessel Live Movement,
KOTA AZAM,KCS,Shekou,CNSHK,2026-09-19 06:00:00,2.797932,87.384818,Transit,0,176.643,149.795,0,0,0,Vessel Live Movement,
KOTA AZAM,KCS,Shekou,CNSHK,2026-09-19 09:00:00,2.446217,85.657004,Transit,0,173.962,149.795,0,0,0,Vessel Live Movement,
KOTA AZAM,KCS,Shekou,CNSHK,2026-09-19 12:00:00,2.092282,83.930098,Transit,0,171.282,149.795,0,0,0,Vessel Live Movement,
KOTA AZAM,KCS,Shekou,CNSHK,2026-09-19 15:00:00,1.736448,82.203974,Transit,0,168.602,149.795,0,0,0,Vessel Live Movement,
KOTA AZAM,KCS,Shekou,CNSHK,2026-09-19 18:00:00,1.37904,80.478501,Transit,0,165.921,149.795,0,0,0,Vessel Live Movement,
KOTA AZAM,KCS,Shekou,CNSHK,2026-09-19 21:00:00,1.020383,78.753547,Transit,0,163.241,149.795,0,0,0,Vessel Live Movement,
KOTA AZAM,KCS,Shekou,CNSHK,2026-09-20 00:00:00,0.660801,77.028978,Transit,0,160.561,149.795,0,0,0,Vessel Live Movement,
KOTA AZAM,KCS,Shekou,CNSHK,2026-09-20 03:00:00,0.30062,75.304658,Transit,0,157.88,149.795,0,0,0,Vessel Live Movement,
KOTA AZAM,KCS,Shekou,CNSHK,2026-09-20 06:00:00,-0.059833,73.580453,Transit,0,155.2,149.795,0,0,0,Vessel Live Movement,
KOTA AZAM,KCS,Shekou,CNSHK,2026-09-20 09:00:00,-0.420231,71.856225,Transit,0,152.52,149.795,0,0,0,Vessel Live Movement,
KOTA AZAM,KCS,Shekou,CNSHK,2026-09-20 12:00:00,-0.780249,70.131838,Transit,0,149.839,149.795,0,0,0,Vessel Live Movement,
KOTA AZAM,KCS,Shekou,CNSHK,2026-09-20 15:00:00,-1.139561,68.407156,Transit,0,147.159,149.795,0,0,0,Vessel Live Movement,
KOTA AZAM,KCS,Shekou,CNSHK,2026-09-20 18:00:00,-1.497839,66.682044,Transit,0,144.479,149.795,0,0,0,Vessel Live Movement,
KOTA AZAM,KCS,Shekou,CNSHK,2026-09-20 21:00:00,-1.854761,64.956369,Transit,0,141.799,149.795,0,0,0,Vessel Live Movement,
KOTA AZAM,KCS,Shekou,CNSHK,2026-09-21 00:00:00,-2.210172,63.229508,Berthed,0,141.352,149.795,0,0,0,Vessel Live Movement,
KOTA AZAM,KCS,Shekou,CNSHK,2026-09-21 03:00:00,-2.2098,63.231722,Berthed,0,140.905,149.795,0,0,0,Vessel Live Movement,
KOTA AZAM,KCS,Shekou,CNSHK,2026-09-21 06:00:00,-2.210613,63.229842,Berthed,0,140.458,149.795,0,0,0,Vessel Live Movement,
KOTA AZAM,KCS,Shekou,CNSHK,2026-09-21 09:00:00,-2.210874,63.229013,Berthed,0,140.012,149.795,0,0,0,Vessel Live Movement,
KOTA AZAM,KCS,Shekou,CNSHK,2026-09-21 12:00:00,-2.211262,63.228358,Berthed,0,139.565,149.795,0,0,0,Vessel Live Movement,
KOTA AZAM,KCS,Shekou,CNSHK,2026-09-21 15:00:00,-2.209616,63.23023,Berthed,0,139.118,149.795,0,0,0,Vessel Live Movement,
KOTA AZAM,KCS,Shekou,CNSHK,2026-09-21 18:00:00,-2.210098,63.228982,Berthed,0,138.672,149.795,0,0,0,Vessel Live Movement,
KOTA AZAM,KCS,Shekou,CNSHK,2026-09-21 21:00:00,-2.209762,63.229796,Berthed,0,138.225,149.795,0,0,0,Vessel Live Movement,
KOTA AZAM,KCS,Busan,KRPUS,2026-09-22 00:00:00,-2.21,63.23,Transit,0,135.544,149.795,0,0,0,Vessel Live Movement,
KOTA AZAM,KCS,Busan,KRPUS,2026-09-22 03:00:00,-2.438281,63.925674,Transit,0,132.864,149.795,0,0,0,Vessel Live Movement,
KOTA AZAM,KCS,Busan,KRPUS,2026-09-22 06:00:00,-2.666203,64.621584,Transit,0,130.184,149.795,0,0,0,Vessel Live Movement,
KOTA AZAM,KCS,Busan,KRPUS,2026-09-22 09:00:00,-2.893732,65.317752,Transit,0,127.504,149.795,0,0,0,Vessel Live Movement,
KOTA AZAM,KCS,Busan,KRPUS,2026-09-22 12:00:00,-3.120835,66.014199,Transit,0,124.823,149.795,0,0,0,Vessel Live Movement,
KOTA AZAM,KCS,Busan,KRPUS,2026-09-22 15:00:00,-3.347477,66.710946,Transit,0,122.143,149.795,0,0,0,Vessel Live Movement,
KOTA AZAM,KCS,Busan,KRPUS,2026-09-22 18:00:00,-3.573624,67.408016,Transit,0,119.463,149.795,0,0,0,Vessel Live Movement,
KOTA AZAM,KCS,Busan,KRPUS,2026-09-22 21:00:00,-3.799245,68.105429,Transit,0,116.782,149.795,0,0,0,Vessel Live Movement,
KOTA AZAM,KCS,Busan,KRPUS,2026-09-23 00:00:00,-4.024303,68.803207,Transit,0,114.102,149.795,0,0,0,Vessel Live Movement,
KOTA AZAM,KCS,Busan,KRPUS,2026-09-23 03:00:00,-4.248766,69.50137,Transit,0,111.422,149.795,0,0,0,Vessel Live Movement,
KOTA AZAM,KCS,Busan,KRPUS,2026-09-23 06:00:00,-4.472601,70.199938,Transit,0,108.741,149.795,0,0,0,Vessel Live Movement,
KOTA AZAM,KCS,Busan,KRPUS,2026-09-23 09:00:00,-4.695773,70.898933,Transit,0,106.061,149.795,0,0,0,Vessel Live Movement,
KOTA AZAM,KCS,Busan,KRPUS,2026-09-23 12:00:00,-4.918248,71.598375,Transit,0,103.381,149.795,0,0,0,Vessel Live Movement,
KOTA AZAM,KCS,Busan,KRPUS,2026-09-23 15:00:00,-5.139994,72.298284,Transit,0,100.7,149.795,0,0,0,Vessel Live Movement,
KOTA AZAM,KCS,Busan,KRPUS,2026-09-23 18:00:00,-5.360976,72.998679,Transit,0,98.02,149.795,0,0,0,Vessel Live Movement,
KOTA AZAM,KCS,Busan,KRPUS,2026-09-23 21:00:00,-5.581162,73.699581,Transit,0,95.34,149.795,0,0,0,Vessel Live Movement,
KOTA AZAM,KCS,Busan,KRPUS,2026-09-24 00:00:00,-5.800517,74.401008,Transit,0,92.659,149.795,0,0,0,Vessel Live Movement,
KOTA AZAM,KCS,Busan,KRPUS,2026-09-24 03:00:00,-6.019007,75.10298,Transit,0,89.979,149.795,0,0,0,Vessel Live Movement,
KOTA AZAM,KCS,Busan,KRPUS,2026-09-24 06:00:00,-6.236601,75.805515,Transit,0,87.299,149.795,0,0,0,Vessel Live Movement,
KOTA AZAM,KCS,Busan,KRPUS,2026-09-24 09:00:00,-6.453263,76.508633,Transit,0,84.619,149.795,0,0,0,Vessel Live Movement,
KOTA AZAM,KCS,Busan,KRPUS,2026-09-24 12:00:00,-6.668961,77.212351,Transit,0,81.938,149.795,0,0,0,Vessel Live Movement,
KOTA AZAM,KCS,Busan,KRPUS,2026-09-24 15:00:00,-6.883661,77.916687,Transit,0,79.258,149.795,0,0,0,Vessel Live Movement,
KOTA AZAM,KCS,Busan,KRPUS,2026-09-24 18:00:00,-7.097329,78.621659,Transit,0,76.578,149.795,0,0,0,Vessel Live Movement,
KOTA AZAM,KCS,Busan,KRPUS,2026-09-24 21:00:00,-7.309934,79.327285,Transit,0,73.897,149.795,0,0,0,Vessel Live Movement,
KOTA AZAM,KCS,Busan,KRPUS,2026-09-25 00:00:00,-7.52144,80.033581,Transit,0,71.217,149.795,0,0,0,Vessel Live Movement,
KOTA AZAM,KCS,Busan,KRPUS,2026-09-25 03:00:00,-7.731816,80.740563,Transit,0,68.537,149.795,0,0,0,Vessel Live Movement,
KOTA AZAM,KCS,Busan,KRPUS,2026-09-25 06:00:00,-7.941027,81.44825,Transit,0,65.856,149.795,0,0,0,Vessel Live Movement,
KOTA AZAM,KCS,Busan,KRPUS,2026-09-25 09:00:00,-8.149041,82.156655,Transit,0,63.176,149.795,0,0,0,Vessel Live Movement,
KOTA AZAM,KCS,Busan,KRPUS,2026-09-25 12:00:00,-8.355825,82.865795,Transit,0,60.496,149.795,0,0,0,Vessel Live Movement,
KOTA AZAM,KCS,Busan,KRPUS,2026-09-25 15:00:00,-8.561346,83.575685,Transit,0,57.815,149.795,0,0,0,Vessel Live Movement,
KOTA AZAM,KCS,Busan,KRPUS,2026-09-25 18:00:00,-8.765571,84.28634,Transit,0,55.135,149.795,0,0,0,Vessel Live Movement,
KOTA AZAM,KCS,Busan,KRPUS,2026-09-25 21:00:00,-8.968466,84.997773,Transit,0,52.455,149.795,0,0,0,Vessel Live Movement,
KOTA AZAM,KCS,Busan,KRPUS,2026-09-26 00:00:00,-9.170429,85.709278,Berthed,0,430.245,149.795,0,378.237,0,Vessel Live Movement,
KOTA AZAM,KCS,Busan,KRPUS,2026-09-26 03:00:00,-9.16882,85.710698,Berthed,0,429.799,149.795,0,0,0,Vessel Live Movement,
KOTA AZAM,KCS,Busan,KRPUS,2026-09-26 06:00:00,-9.169246,85.709616,Berthed,0,429.352,149.795,0,0,0,Vessel Live Movement,
KOTA AZAM,KCS,Busan,KRPUS,2026-09-26 09:00:00,-9.16964,85.708767,Berthed,0,428.905,149.795,0,0,0,Vessel Live Movement,
KOTA AZAM,KCS,Busan,KRPUS,2026-09-26 12:00:00,-9.171348,85.70869,Berthed,0,428.459,149.795,0,0,0,Vessel Live Movement,
KOTA AZAM,KCS,Busan,KRPUS,2026-09-26 15:00:00,-9.170921,85.70907,Berthed,0,428.012,149.795,0,0,0,Vessel Live Movement,
KOTA AZAM,KCS,Busan,KRPUS,2026-09-26 18:00:00,-9.171316,85.708722,Berthed,0,427.565,149.795,0,0,0,Vessel Live Movement,
KOTA AZAM,KCS,Busan,KRPUS,2026-09-26 21:00:00,-9.169721,85.709415,Berthed,0,427.118,149.795,0,0,0,Vessel Live Movement,
KOTA AZAM,KCS,Incheon,KRINC,2026-09-27 00:00:00,-9.17,85.71,Transit,0,424.438,149.795,0,0,0,Vessel Live Movement,
KOTA AZAM,KCS,Incheon,KRINC,2026-09-27 03:00:00,-8.639645,91.090936,Transit,0,421.758,149.795,0,0,0,Vessel Live Movement,
KOTA AZAM,KCS,Incheon,KRINC,2026-09-27 06:00:00,-8.03451,96.455717,Transit,0,419.077,149.795,0,0,0,Vessel Live Movement,
KOTA AZAM,KCS,Incheon,KRINC,2026-09-27 09:00:00,-7.360118,101.803637,Transit,0,416.397,149.795,0,0,0,Vessel Live Movement,
KOTA AZAM,KCS,Incheon,KRINC,2026-09-27 12:00:00,-6.62255,107.134584,Transit,0,413.717,149.795,0,0,0,Vessel Live Movement,
KOTA AZAM,KCS,Incheon,KRINC,2026-09-27 15:00:00,-5.828373,112.449033,Transit,0,411.037,149.795,0,0,0,Vessel Live Movement,
KOTA AZAM,KCS,Incheon,KRINC,2026-09-27 18:00:00,-4.984576,117.748017,Transit,0,408.356,149.795,0,0,0,Vessel Live Movement,
KOTA AZAM,KCS,Incheon,KRINC,2026-09-27 21:00:00,-4.098499,123.033084,Transit,0,405.676,149.795,0,0,0,Vessel Live Movement,
KOTA AZAM,KCS,Incheon,KRINC,2026-09-28 00:00:00,-3.17777,128.306239,Transit,0,402.996,149.795,0,0,0,Vessel Live Movement,
KOTA AZAM,KCS,Incheon,KRINC,2026-09-28 03:00:00,-2.230247,133.569869,Transit,0,400.315,149.795,0,0,0,Vessel Live Movement,
KOTA AZAM,KCS,Incheon,KRINC,2026-09-28 06:00:00,-1.263958,138.826665,Transit,0,397.635,149.795,0,0,0,Vessel Live Movement,
KOTA AZAM,KCS,Incheon,KRINC,2026-09-28 09:00:00,-0.287048,144.079534,Transit,0,394.955,149.795,0,0,0,Vessel Live Movement,
KOTA AZAM,KCS,Incheon,KRINC,2026-09-28 12:00:00,0.692273,149.331505,Transit,0,392.274,149.795,0,0,0,Vessel Live Movement,
KOTA AZAM,KCS,Incheon,KRINC,2026-09-28 15:00:00,1.665779,154.585637,Transit,0,389.594,149.795,0,0,0,Vessel Live Movement,
KOTA AZAM,KCS,Incheon,KRINC,2026-09-28 18:00:00,2.625281,159.84492,Transit,0,386.914,149.795,0,0,0,Vessel Live Movement,
KOTA AZAM,KCS,Incheon,KRINC,2026-09-28 21:00:00,3.562676,165.112183,Transit,0,384.233,149.795,0,0,0,Vessel Live Movement,
KOTA AZAM,KCS,Incheon,KRINC,2026-09-29 00:00:00,4.468241,170.389129,Berthed,0,383.787,149.795,0,0,0,Vessel Live Movement,
KOTA AZAM,KCS,Incheon,KRINC,2026-09-29 03:00:00,4.470144,170.389092,Berthed,0,383.34,149.795,0,0,0,Vessel Live Movement,
KOTA AZAM,KCS,Incheon,KRINC,2026-09-29 06:00:00,4.469939,170.390254,Berthed,0,382.893,149.795,0,0,0,Vessel Live Movement,
KOTA AZAM,KCS,Incheon,KRINC,2026-09-29 09:00:00,4.47026,170.389836,Berthed,0,382.447,149.795,0,0,0,Vessel Live Movement,
KOTA AZAM,KCS,Incheon,KRINC,2026-09-29 12:00:00,4.46943,170.390309,Berthed,0,382,149.795,0,0,0,Vessel Live Movement,
KOTA AZAM,KCS,Incheon,KRINC,2026-09-29 15:00:00,4.468967,170.387113,Berthed,0,381.553,149.795,0,0,0,Vessel Live Movement,
KOTA AZAM,KCS,Incheon,KRINC,2026-09-29 18:00:00,4.469783,170.388117,Berthed,0,381.106,149.795,0,0,0,Vessel Live Movement,
KOTA AZAM,KCS,Incheon,KRINC,2026-09-29 21:00:00,4.46985,170.389583,Berthed,0,380.66,149.795,0,0,0,Vessel Live Movement,
KOTA CABAR,SCT,Nansha,CNNSA,2026-08-01 00:00:00,-3.3601,160.67884,Berthed,1433.187,0,281.093,0,0,0,Vessel Live Movement,
KOTA CABAR,SCT,Nansha,CNNSA,2026-08-01 03:00:00,-3.360257,160.680801,Berthed,1431.516,0,281.093,0,0,0,Vessel Live Movement,
KOTA CABAR,SCT,Nansha,CNNSA,2026-08-01 06:00:00,-3.358954,160.681284,Berthed,1429.845,0,281.093,0,0,0,Vessel Live Movement,
KOTA CABAR,SCT,Nansha,CNNSA,2026-08-01 09:00:00,-3.361364,160.680291,Berthed,1428.174,0,281.093,0,0,0,Vessel Live Movement,
KOTA CABAR,SCT,Nansha,CNNSA,2026-08-01 12:00:00,-3.360399,160.679587,Berthed,1426.503,0,281.093,0,0,0,Vessel Live Movement,
KOTA CABAR,SCT,Nansha,CNNSA,2026-08-01 15:00:00,-3.361277,160.680799,Berthed,1424.832,0,281.093,0,0,0,Vessel Live Movement,
KOTA CABAR,SCT,Nansha,CNNSA,2026-08-01 18:00:00,-3.359926,160.679993,Berthed,1423.161,0,281.093,0,0,0,Vessel Live Movement,
KOTA CABAR,SCT,Nansha,CNNSA,2026-08-01 21:00:00,-3.359191,160.679715,Berthed,1421.49,0,281.093,0,0,0,Vessel Live Movement,
KOTA CABAR,SCT,Bangkok,THBKK,2026-08-02 00:00:00,-3.36,160.68,Transit,1411.464,0,281.093,0,0,0,Vessel Live Movement,
KOTA CABAR,SCT,Bangkok,THBKK,2026-08-02 03:00:00,-3.16333,160.969451,Transit,1401.438,0,281.093,0,0,0,Vessel Live Movement,
KOTA CABAR,SCT,Bangkok,THBKK,2026-08-02 06:00:00,-2.96658,161.258792,Transit,1391.412,0,281.093,0,0,0,Vessel Live Movement,
KOTA CABAR,SCT,Bangkok,THBKK,2026-08-02 09:00:00,-2.769754,161.548031,Transit,1381.386,0,281.093,0,0,0,Vessel Live Movement,
KOTA CABAR,SCT,Bangkok,THBKK,2026-08-02 12:00:00,-2.572858,161.837173,Transit,1371.36,0,281.093,0,0,0,Vessel Live Movement,
KOTA CABAR,SCT,Bangkok,THBKK,2026-08-02 15:00:00,-2.375897,162.126226,Transit,1361.334,0,281.093,0,0,0,Vessel Live Movement,
KOTA CABAR,SCT,Bangkok,THBKK,2026-08-02 18:00:00,-2.178875,162.415196,Transit,1351.308,0,281.093,0,0,0,Vessel Live Movement,
KOTA CABAR,SCT,Bangkok,THBKK,2026-08-02 21:00:00,-1.981797,162.704091,Transit,1341.282,0,281.093,0,0,0,Vessel Live Movement,
KOTA CABAR,SCT,Bangkok,THBKK,2026-08-03 00:00:00,-1.784669,162.992917,Transit,1331.256,0,281.093,0,0,0,Vessel Live Movement,
KOTA CABAR,SCT,Bangkok,THBKK,2026-08-03 03:00:00,-1.587497,163.281681,Transit,1321.23,0,281.093,0,0,0,Vessel Live Movement,
KOTA CABAR,SCT,Bangkok,THBKK,2026-08-03 06:00:00,-1.390283,163.57039,Transit,1311.204,0,281.093,0,0,0,Vessel Live Movement,
KOTA CABAR,SCT,Bangkok,THBKK,2026-08-03 09:00:00,-1.193035,163.859051,Transit,1301.178,0,281.093,0,0,0,Vessel Live Movement,
KOTA CABAR,SCT,Bangkok,THBKK,2026-08-03 12:00:00,-0.995756,164.14767,Transit,1291.152,0,281.093,0,0,0,Vessel Live Movement,
KOTA CABAR,SCT,Bangkok,THBKK,2026-08-03 15:00:00,-0.798452,164.436255,Transit,1281.126,0,281.093,0,0,0,Vessel Live Movement,
KOTA CABAR,SCT,Bangkok,THBKK,2026-08-03 18:00:00,-0.601127,164.724812,Transit,1271.1,0,281.093,0,0,0,Vessel Live Movement,
KOTA CABAR,SCT,Bangkok,THBKK,2026-08-03 21:00:00,-0.403788,165.013348,Transit,1261.074,0,281.093,0,0,0,Vessel Live Movement,
KOTA CABAR,SCT,Bangkok,THBKK,2026-08-04 00:00:00,-0.206438,165.30187,Transit,1251.048,0,281.093,0,0,0,Vessel Live Movement,
KOTA CABAR,SCT,Bangkok,THBKK,2026-08-04 03:00:00,-0.009083,165.590385,Transit,1241.022,0,281.093,0,0,0,Vessel Live Movement,
KOTA CABAR,SCT,Bangkok,THBKK,2026-08-04 06:00:00,0.188272,165.8789,Transit,1230.996,0,281.093,0,0,0,Vessel Live Movement,
KOTA CABAR,SCT,Bangkok,THBKK,2026-08-04 09:00:00,0.385623,166.167422,Transit,1220.97,0,281.093,0,0,0,Vessel Live Movement,
KOTA CABAR,SCT,Bangkok,THBKK,2026-08-04 12:00:00,0.582964,166.455956,Transit,1210.944,0,281.093,0,0,0,Vessel Live Movement,
KOTA CABAR,SCT,Bangkok,THBKK,2026-08-04 15:00:00,0.78029,166.744511,Transit,1200.918,0,281.093,0,0,0,Vessel Live Movement,
KOTA CABAR,SCT,Bangkok,THBKK,2026-08-04 18:00:00,0.977596,167.033093,Transit,1190.892,0,281.093,0,0,0,Vessel Live Movement,
KOTA CABAR,SCT,Bangkok,THBKK,2026-08-04 21:00:00,1.174877,167.321709,Transit,1180.866,0,281.093,0,0,0,Vessel Live Movement,
KOTA CABAR,SCT,Bangkok,THBKK,2026-08-05 00:00:00,1.372129,167.610366,Transit,1170.84,0,281.093,0,0,0,Vessel Live Movement,
KOTA CABAR,SCT,Bangkok,THBKK,2026-08-05 03:00:00,1.569345,167.89907,Transit,1160.814,0,281.093,0,0,0,Vessel Live Movement,
KOTA CABAR,SCT,Bangkok,THBKK,2026-08-05 06:00:00,1.766522,168.187829,Transit,1150.788,0,281.093,0,0,0,Vessel Live Movement,
KOTA CABAR,SCT,Bangkok,THBKK,2026-08-05 09:00:00,1.963654,168.476649,Transit,1140.762,0,281.093,0,0,0,Vessel Live Movement,
KOTA CABAR,SCT,Bangkok,THBKK,2026-08-05 12:00:00,2.160737,168.765537,Transit,1130.736,0,281.093,0,0,0,Vessel Live Movement,
KOTA CABAR,SCT,Bangkok,THBKK,2026-08-05 15:00:00,2.357764,169.0545,Transit,1120.71,0,281.093,0,0,0,Vessel Live Movement,
KOTA CABAR,SCT,Bangkok,THBKK,2026-08-05 18:00:00,2.554731,169.343545,Transit,1110.684,0,281.093,0,0,0,Vessel Live Movement,
KOTA CABAR,SCT,Bangkok,THBKK,2026-08-05 21:00:00,2.751634,169.632679,Transit,1100.658,0,281.093,0,0,0,Vessel Live Movement,
KOTA CABAR,SCT,Bangkok,THBKK,2026-08-06 00:00:00,2.948466,169.921908,Transit,1090.632,0,281.093,0,0,0,Vessel Live Movement,
KOTA CABAR,SCT,Bangkok,THBKK,2026-08-06 03:00:00,3.145223,170.211239,Transit,1080.606,0,281.093,0,0,0,Vessel Live Movement,
KOTA CABAR,SCT,Bangkok,THBKK,2026-08-06 06:00:00,3.341901,170.50068,Transit,1070.58,0,281.093,0,0,0,Vessel Live Movement,
KOTA CABAR,SCT,Bangkok,THBKK,2026-08-06 09:00:00,3.538493,170.790237,Transit,1060.554,0,281.093,0,0,0,Vessel Live Movement,
KOTA CABAR,SCT,Bangkok,THBKK,2026-08-06 12:00:00,3.734995,171.079916,Transit,1050.528,0,281.093,0,0,0,Vessel Live Movement,
KOTA CABAR,SCT,Bangkok,THBKK,2026-08-06 15:00:00,3.931402,171.369726,Transit,1040.502,0,281.093,0,0,0,Vessel Live Movement,
KOTA CABAR,SCT,Bangkok,THBKK,2026-08-06 18:00:00,4.127708,171.659671,Transit,1030.476,0,281.093,0,0,0,Vessel Live Movement,
KOTA CABAR,SCT,Bangkok,THBKK,2026-08-06 21:00:00,4.323909,171.949761,Transit,1020.45,0,281.093,0,0,0,Vessel Live Movement,
KOTA CABAR,SCT,Bangkok,THBKK,2026-08-07 00:00:00,4.520255,172.241496,Berthed,1018.779,0,281.093,0,0,0,Vessel Live Movement,
KOTA CABAR,SCT,Bangkok,THBKK,2026-08-07 03:00:00,4.519597,172.239702,Berthed,1017.108,0,281.093,0,0,0,Vessel Live Movement,
KOTA CABAR,SCT,Bangkok,THBKK,2026-08-07 06:00:00,4.520517,172.241204,Berthed,1015.437,0,281.093,0,0,0,Vessel Live Movement,
KOTA CABAR,SCT,Bangkok,THBKK,2026-08-07 09:00:00,4.521205,172.239933,Berthed,1013.766,0,281.093,0,0,0,Vessel Live Movement,
KOTA CABAR,SCT,Bangkok,THBKK,2026-08-07 12:00:00,4.51817,172.240381,Berthed,1012.095,0,281.093,0,0,0,Vessel Live Movement,
KOTA CABAR,SCT,Bangkok,THBKK,2026-08-07 15:00:00,4.521095,172.240428,Berthed,1010.424,0,281.093,0,0,0,Vessel Live Movement,
KOTA CABAR,SCT,Bangkok,THBKK,2026-08-07 18:00:00,4.518711,172.238715,Berthed,1008.753,0,281.093,0,0,0,Vessel Live Movement,
KOTA CABAR,SCT,Bangkok,THBKK,2026-08-07 21:00:00,4.518216,172.239049,Berthed,1007.082,0,281.093,0,0,0,Vessel Live Movement,
KOTA CABAR,SCT,Shekou,CNSHK,2026-08-08 00:00:00,4.52,172.24,Transit,997.056,0,281.093,0,0,0,Vessel Live Movement,
KOTA CABAR,SCT,Shekou,CNSHK,2026-08-08 03:00:00,4.209409,158.563897,Transit,987.03,0,281.093,0,0,0,Vessel Live Movement,
KOTA CABAR,SCT,Shekou,CNSHK,2026-08-08 06:00:00,3.661207,144.90273,Transit,977.004,0,281.093,0,0,0,Vessel Live Movement,
KOTA CABAR,SCT,Shekou,CNSHK,2026-08-08 09:00:00,2.906685,131.261238,Transit,966.978,0,281.093,0,0,0,Vessel Live Movement,
KOTA CABAR,SCT,Shekou,CNSHK,2026-08-08 12:00:00,1.98868,117.639761,Transit,956.952,0,281.093,0,0,0,Vessel Live Movement,
KOTA CABAR,SCT,Shekou,CNSHK,2026-08-08 15:00:00,0.959018,104.034204,Transit,946.926,0,281.093,0,0,0,Vessel Live Movement,
KOTA CABAR,SCT,Shekou,CNSHK,2026-08-08 18:00:00,-0.124424,90.436966,Transit,936.9,0,281.093,0,0,0,Vessel Live Movement,
KOTA CABAR,SCT,Shekou,CNSHK,2026-08-08 21:00:00,-1.200892,76.838625,Transit,926.874,0,281.093,0,0,0,Vessel Live Movement,
KOTA CABAR,SCT,Shekou,CNSHK,2026-08-09 00:00:00,-2.210607,63.229841,Berthed,925.203,0,281.093,0,0,0,Vessel Live Movement,
KOTA CABAR,SCT,Shekou,CNSHK,2026-08-09 03:00:00,-2.210972,63.231529,Berthed,923.532,0,281.093,0,0,0,Vessel Live Movement,
KOTA CABAR,SCT,Shekou,CNSHK,2026-08-09 06:00:00,-2.211939,63.23085,Berthed,921.861,0,281.093,0,0,0,Vessel Live Movement,
KOTA CABAR,SCT,Shekou,CNSHK,2026-08-09 09:00:00,-2.207498,63.231349,Berthed,920.19,0,281.093,0,0,0,Vessel Live Movement,
KOTA CABAR,SCT,Shekou,CNSHK,2026-08-09 12:00:00,-2.210364,63.229302,Berthed,918.519,0,281.093,0,0,0,Vessel Live Movement,
KOTA CABAR,SCT,Shekou,CNSHK,2026-08-09 15:00:00,-2.211048,63.2289,Berthed,916.848,0,281.093,0,0,0,Vessel Live Movement,
KOTA CABAR,SCT,Shekou,CNSHK,2026-08-09 18:00:00,-2.209572,63.229491,Berthed,915.177,0,281.093,0,0,0,Vessel Live Movement,
KOTA CABAR,SCT,Shekou,CNSHK,2026-08-09 21:00:00,-2.209287,63.231013,Berthed,913.506,0,281.093,0,0,0,Vessel Live Movement,
KOTA CABAR,SCT,Nansha,CNNSA,2026-08-10 00:00:00,-2.21,63.23,Transit,903.48,0,281.093,0,0,0,Vessel Live Movement,
KOTA CABAR,SCT,Nansha,CNNSA,2026-08-10 03:00:00,-2.934067,75.383422,Transit,893.454,0,281.093,0,0,0,Vessel Live Movement,
KOTA CABAR,SCT,Nansha,CNNSA,2026-08-10 06:00:00,-3.526682,87.551061,Transit,883.428,0,281.093,0,0,0,Vessel Live Movement,
KOTA CABAR,SCT,Nansha,CNNSA,2026-08-10 09:00:00,-3.961058,99.732048,Transit,873.402,0,281.093,0,0,0,Vessel Live Movement,
KOTA CABAR,SCT,Nansha,CNNSA,2026-08-10 12:00:00,-4.217477,111.923132,Transit,863.376,0,281.093,0,0,0,Vessel Live Movement,
KOTA CABAR,SCT,Nansha,CNNSA,2026-08-10 15:00:00,-4.284263,124.11925,Transit,853.35,0,281.093,0,0,0,Vessel Live Movement,
KOTA CABAR,SCT,Nansha,CNNSA,2026-08-10 18:00:00,-4.15837,136.314433,Transit,843.324,0,281.093,0,0,0,Vessel Live Movement,
KOTA CABAR,SCT,Nansha,CNNSA,2026-08-10 21:00:00,-3.845538,148.502879,Transit,833.298,0,281.093,0,0,0,Vessel Live Movement,
KOTA CABAR,SCT,Nansha,CNNSA,2026-08-11 00:00:00,-3.360103,160.679806,Berthed,831.627,0,281.093,0,0,0,Vessel Live Movement,
KOTA CABAR,SCT,Nansha,CNNSA,2026-08-11 03:00:00,-3.360432,160.680763,Berthed,829.956,0,281.093,0,0,0,Vessel Live Movement,
KOTA CABAR,SCT,Nansha,CNNSA,2026-08-11 06:00:00,-3.360211,160.679575,Berthed,828.285,0,281.093,0,0,0,Vessel Live Movement,
KOTA CABAR,SCT,Nansha,CNNSA,2026-08-11 09:00:00,-3.360457,160.681026,Berthed,826.614,0,281.093,0,0,0,Vessel Live Movement,
KOTA CABAR,SCT,Nansha,CNNSA,2026-08-11 12:00:00,-3.359496,160.680017,Berthed,824.943,0,281.093,0,0,0,Vessel Live Movement,
KOTA CABAR,SCT,Nansha,CNNSA,2026-08-11 15:00:00,-3.360556,160.681313,Berthed,823.272,0,281.093,0,0,0,Vessel Live Movement,
KOTA CABAR,SCT,Nansha,CNNSA,2026-08-11 18:00:00,-3.361597,160.678897,Berthed,821.601,0,281.093,0,0,0,Vessel Live Movement,
KOTA CABAR,SCT,Nansha,CNNSA,2026-08-11 21:00:00,-3.35997,160.679284,Berthed,819.93,0,281.093,0,0,0,Vessel Live Movement,
KOTA CABAR,SCT,Bangkok,THBKK,2026-08-12 00:00:00,-3.36,160.68,Transit,809.904,0,281.093,0,0,0,Vessel Live Movement,
KOTA CABAR,SCT,Bangkok,THBKK,2026-08-12 03:00:00,-3.16333,160.969451,Transit,799.878,0,281.093,0,0,0,Vessel Live Movement,
KOTA CABAR,SCT,Bangkok,THBKK,2026-08-12 06:00:00,-2.96658,161.258792,Transit,789.852,0,281.093,0,0,0,Vessel Live Movement,
KOTA CABAR,SCT,Bangkok,THBKK,2026-08-12 09:00:00,-2.769754,161.548031,Transit,779.826,0,281.093,0,0,0,Vessel Live Movement,
KOTA CABAR,SCT,Bangkok,THBKK,2026-08-12 12:00:00,-2.572858,161.837173,Transit,769.8,0,281.093,0,0,0,Vessel Live Movement,
KOTA CABAR,SCT,Bangkok,THBKK,2026-08-12 15:00:00,-2.375897,162.126226,Transit,759.774,0,281.093,0,0,0,Vessel Live Movement,
KOTA CABAR,SCT,Bangkok,THBKK,2026-08-12 18:00:00,-2.178875,162.415196,Transit,749.748,0,281.093,0,0,0,Vessel Live Movement,
KOTA CABAR,SCT,Bangkok,THBKK,2026-08-12 21:00:00,-1.981797,162.704091,Transit,739.722,0,281.093,0,0,0,Vessel Live Movement,
KOTA CABAR,SCT,Bangkok,THBKK,2026-08-13 00:00:00,-1.784669,162.992917,Transit,729.696,0,281.093,0,0,0,Vessel Live Movement,
KOTA CABAR,SCT,Bangkok,THBKK,2026-08-13 03:00:00,-1.587497,163.281681,Transit,719.67,0,281.093,0,0,0,Vessel Live Movement,
KOTA CABAR,SCT,Bangkok,THBKK,2026-08-13 06:00:00,-1.390283,163.57039,Transit,709.644,0,281.093,0,0,0,Vessel Live Movement,
KOTA CABAR,SCT,Bangkok,THBKK,2026-08-13 09:00:00,-1.193035,163.859051,Transit,699.618,0,281.093,0,0,0,Vessel Live Movement,
KOTA CABAR,SCT,Bangkok,THBKK,2026-08-13 12:00:00,-0.995756,164.14767,Transit,689.592,0,281.093,0,0,0,Vessel Live Movement,
KOTA CABAR,SCT,Bangkok,THBKK,2026-08-13 15:00:00,-0.798452,164.436255,Transit,679.566,0,281.093,0,0,0,Vessel Live Movement,
KOTA CABAR,SCT,Bangkok,THBKK,2026-08-13 18:00:00,-0.601127,164.724812,Transit,669.54,0,281.093,0,0,0,Vessel Live Movement,
KOTA CABAR,SCT,Bangkok,THBKK,2026-08-13 21:00:00,-0.403788,165.013348,Transit,659.514,0,281.093,0,0,0,Vessel Live Movement,
KOTA CABAR,SCT,Bangkok,THBKK,2026-08-14 00:00:00,-0.206438,165.30187,Transit,649.488,0,281.093,0,0,0,Vessel Live Movement,
KOTA CABAR,SCT,Bangkok,THBKK,2026-08-14 03:00:00,-0.009083,165.590385,Transit,639.462,0,281.093,0,0,0,Vessel Live Movement,
KOTA CABAR,SCT,Bangkok,THBKK,2026-08-14 06:00:00,0.188272,165.8789,Transit,629.436,0,281.093,0,0,0,Vessel Live Movement,
KOTA CABAR,SCT,Bangkok,THBKK,2026-08-14 09:00:00,0.385623,166.167422,Transit,619.41,0,281.093,0,0,0,Vessel Live Movement,
KOTA CABAR,SCT,Bangkok,THBKK,2026-08-14 12:00:00,0.582964,166.455956,Transit,609.384,0,281.093,0,0,0,Vessel Live Movement,
KOTA CABAR,SCT,Bangkok,THBKK,2026-08-14 15:00:00,0.78029,166.744511,Transit,599.358,0,281.093,0,0,0,Vessel Live Movement,
KOTA CABAR,SCT,Bangkok,THBKK,2026-08-14 18:00:00,0.977596,167.033093,Transit,589.332,0,281.093,0,0,0,Vessel Live Movement,
KOTA CABAR,SCT,Bangkok,THBKK,2026-08-14 21:00:00,1.174877,167.321709,Transit,579.306,0,281.093,0,0,0,Vessel Live Movement,
KOTA CABAR,SCT,Bangkok,THBKK,2026-08-15 00:00:00,1.372129,167.610366,Transit,569.28,0,281.093,0,0,0,Vessel Live Movement,
KOTA CABAR,SCT,Bangkok,THBKK,2026-08-15 03:00:00,1.569345,167.89907,Transit,559.254,0,281.093,0,0,0,Vessel Live Movement,
KOTA CABAR,SCT,Bangkok,THBKK,2026-08-15 06:00:00,1.766522,168.187829,Transit,549.228,0,281.093,0,0,0,Vessel Live Movement,
KOTA CABAR,SCT,Bangkok,THBKK,2026-08-15 09:00:00,1.963654,168.476649,Transit,539.202,0,281.093,0,0,0,Vessel Live Movement,
KOTA CABAR,SCT,Bangkok,THBKK,2026-08-15 12:00:00,2.160737,168.765537,Transit,529.176,0,281.093,0,0,0,Vessel Live Movement,
KOTA CABAR,SCT,Bangkok,THBKK,2026-08-15 15:00:00,2.357764,169.0545,Transit,519.15,0,281.093,0,0,0,Vessel Live Movement,
KOTA CABAR,SCT,Bangkok,THBKK,2026-08-15 18:00:00,2.554731,169.343545,Transit,509.124,0,281.093,0,0,0,Vessel Live Movement,
KOTA CABAR,SCT,Bangkok,THBKK,2026-08-15 21:00:00,2.751634,169.632679,Transit,499.098,0,281.093,0,0,0,Vessel Live Movement,
KOTA CABAR,SCT,Bangkok,THBKK,2026-08-16 00:00:00,2.948466,169.921908,Transit,489.072,0,281.093,0,0,0,Vessel Live Movement,
KOTA CABAR,SCT,Bangkok,THBKK,2026-08-16 03:00:00,3.145223,170.211239,Transit,479.046,0,281.093,0,0,0,Vessel Live Movement,
KOTA CABAR,SCT,Bangkok,THBKK,2026-08-16 06:00:00,3.341901,170.50068,Transit,469.02,0,281.093,0,0,0,Vessel Live Movement,
KOTA CABAR,SCT,Bangkok,THBKK,2026-08-16 09:00:00,3.538493,170.790237,Transit,458.994,0,281.093,0,0,0,Vessel Live Movement,
KOTA CABAR,SCT,Bangkok,THBKK,2026-08-16 12:00:00,3.734995,171.079916,Transit,448.968,0,281.093,0,0,0,Vessel Live Movement,
KOTA CABAR,SCT,Bangkok,THBKK,2026-08-16 15:00:00,3.931402,171.369726,Transit,438.942,0,281.093,0,0,0,Vessel Live Movement,
KOTA CABAR,SCT,Bangkok,THBKK,2026-08-16 18:00:00,4.127708,171.659671,Transit,428.916,0,281.093,0,0,0,Vessel Live Movement,
KOTA CABAR,SCT,Bangkok,THBKK,2026-08-16 21:00:00,4.323909,171.949761,Transit,418.89,0,281.093,0,0,0,Vessel Live Movement,
KOTA CABAR,SCT,Bangkok,THBKK,2026-08-17 00:00:00,4.518888,172.24072,Berthed,1944.372,0,281.093,1527.153,0,0,Vessel Live Movement,
KOTA CABAR,SCT,Bangkok,THBKK,2026-08-17 03:00:00,4.520525,172.241141,Berthed,1942.701,0,281.093,0,0,0,Vessel Live Movement,
KOTA CABAR,SCT,Bangkok,THBKK,2026-08-17 06:00:00,4.521117,172.240705,Berthed,1941.03,0,281.093,0,0,0,Vessel Live Movement,
KOTA CABAR,SCT,Bangkok,THBKK,2026-08-17 09:00:00,4.520971,172.241069,Berthed,1939.359,0,281.093,0,0,0,Vessel Live Movement,
KOTA CABAR,SCT,Bangkok,THBKK,2026-08-17 12:00:00,4.520988,172.240778,Berthed,1937.688,0,281.093,0,0,0,Vessel Live Movement,
KOTA CABAR,SCT,Bangkok,THBKK,2026-08-17 15:00:00,4.519642,172.239945,Berthed,1936.017,0,281.093,0,0,0,Vessel Live Movement,
KOTA CABAR,SCT,Bangkok,THBKK,2026-08-17 18:00:00,4.520054,172.241037,Berthed,1934.346,0,281.093,0,0,0,Vessel Live Movement,
KOTA CABAR,SCT,Bangkok,THBKK,2026-08-17 21:00:00,4.52004,172.238912,Berthed,1932.675,0,281.093,0,0,0,Vessel Live Movement,
KOTA CABAR,SCT,Shekou,CNSHK,2026-08-18 00:00:00,4.52,172.24,Transit,1922.649,0,281.093,0,0,0,Vessel Live Movement,
KOTA CABAR,SCT,Shekou,CNSHK,2026-08-18 03:00:00,4.209409,158.563897,Transit,1912.623,0,281.093,0,0,0,Vessel Live Movement,
KOTA CABAR,SCT,Shekou,CNSHK,2026-08-18 06:00:00,3.661207,144.90273,Transit,1902.597,0,281.093,0,0,0,Vessel Live Movement,
KOTA CABAR,SCT,Shekou,CNSHK,2026-08-18 09:00:00,2.906685,131.261238,Transit,1892.571,0,281.093,0,0,0,Vessel Live Movement,
KOTA CABAR,SCT,Shekou,CNSHK,2026-08-18 12:00:00,1.98868,117.639761,Transit,1882.545,0,281.093,0,0,0,Vessel Live Movement,
KOTA CABAR,SCT,Shekou,CNSHK,2026-08-18 15:00:00,0.959018,104.034204,Transit,1872.519,0,281.093,0,0,0,Vessel Live Movement,
KOTA CABAR,SCT,Shekou,CNSHK,2026-08-18 18:00:00,-0.124424,90.436966,Transit,1862.493,0,281.093,0,0,0,Vessel Live Movement,
KOTA CABAR,SCT,Shekou,CNSHK,2026-08-18 21:00:00,-1.200892,76.838625,Transit,1852.467,0,281.093,0,0,0,Vessel Live Movement,
KOTA CABAR,SCT,Shekou,CNSHK,2026-08-19 00:00:00,-2.20963,63.230999,Berthed,1850.796,0,281.093,0,0,0,Vessel Live Movement,
KOTA CABAR,SCT,Shekou,CNSHK,2026-08-19 03:00:00,-2.209221,63.231243,Berthed,1849.125,0,281.093,0,0,0,Vessel Live Movement,
KOTA CABAR,SCT,Shekou,CNSHK,2026-08-19 06:00:00,-2.209189,63.229984,Berthed,1847.454,0,281.093,0,0,0,Vessel Live Movement,
KOTA CABAR,SCT,Shekou,CNSHK,2026-08-19 09:00:00,-2.209651,63.230192,Berthed,1845.783,0,281.093,0,0,0,Vessel Live Movement,
KOTA CABAR,SCT,Shekou,CNSHK,2026-08-19 12:00:00,-2.210533,63.230732,Berthed,1844.112,0,281.093,0,0,0,Vessel Live Movement,
KOTA CABAR,SCT,Shekou,CNSHK,2026-08-19 15:00:00,-2.209373,63.230945,Berthed,1842.441,0,281.093,0,0,0,Vessel Live Movement,
KOTA CABAR,SCT,Shekou,CNSHK,2026-08-19 18:00:00,-2.208433,63.230002,Berthed,1840.77,0,281.093,0,0,0,Vessel Live Movement,
KOTA CABAR,SCT,Shekou,CNSHK,2026-08-19 21:00:00,-2.210954,63.230341,Berthed,1839.099,0,281.093,0,0,0,Vessel Live Movement,
KOTA CABAR,SCT,Nansha,CNNSA,2026-08-20 00:00:00,-2.21,63.23,Transit,1829.073,0,281.093,0,0,0,Vessel Live Movement,
KOTA CABAR,SCT,Nansha,CNNSA,2026-08-20 03:00:00,-2.934067,75.383422,Transit,1819.047,0,281.093,0,0,0,Vessel Live Movement,
KOTA CABAR,SCT,Nansha,CNNSA,2026-08-20 06:00:00,-3.526682,87.551061,Transit,1809.021,0,281.093,0,0,0,Vessel Live Movement,
KOTA CABAR,SCT,Nansha,CNNSA,2026-08-20 09:00:00,-3.961058,99.732048,Transit,1798.995,0,281.093,0,0,0,Vessel Live Movement,
KOTA CABAR,SCT,Nansha,CNNSA,2026-08-20 12:00:00,-4.217477,111.923132,Transit,1788.969,0,281.093,0,0,0,Vessel Live Movement,
KOTA CABAR,SCT,Nansha,CNNSA,2026-08-20 15:00:00,-4.284263,124.11925,Transit,1778.943,0,281.093,0,0,0,Vessel Live Movement,
KOTA CABAR,SCT,Nansha,CNNSA,2026-08-20 18:00:00,-4.15837,136.314433,Transit,1768.917,0,281.093,0,0,0,Vessel Live Movement,
KOTA CABAR,SCT,Nansha,CNNSA,2026-08-20 21:00:00,-3.845538,148.502879,Transit,1758.891,0,281.093,0,0,0,Vessel Live Movement,
KOTA CABAR,SCT,Nansha,CNNSA,2026-08-21 00:00:00,-3.360433,160.680245,Berthed,1757.22,0,281.093,0,0,0,Vessel Live Movement,
KOTA CABAR,SCT,Nansha,CNNSA,2026-08-21 03:00:00,-3.360761,160.679773,Berthed,1755.549,0,281.093,0,0,0,Vessel Live Movement,
KOTA CABAR,SCT,Nansha,CNNSA,2026-08-21 06:00:00,-3.360133,160.681041,Berthed,1753.878,0,281.093,0,0,0,Vessel Live Movement,
KOTA CABAR,SCT,Nansha,CNNSA,2026-08-21 09:00:00,-3.36044,160.680471,Berthed,1752.207,0,281.093,0,0,0,Vessel Live Movement,
KOTA CABAR,SCT,Nansha,CNNSA,2026-08-21 12:00:00,-3.360675,160.679601,Berthed,1750.536,0,281.093,0,0,0,Vessel Live Movement,
KOTA CABAR,SCT,Nansha,CNNSA,2026-08-21 15:00:00,-3.359601,160.680544,Berthed,1748.865,0,281.093,0,0,0,Vessel Live Movement,
KOTA CABAR,SCT,Nansha,CNNSA,2026-08-21 18:00:00,-3.362635,160.678571,Berthed,1747.194,0,281.093,0,0,0,Vessel Live Movement,
KOTA CABAR,SCT,Nansha,CNNSA,2026-08-21 21:00:00,-3.361411,160.679906,Berthed,1745.523,0,281.093,0,0,0,Vessel Live Movement,
KOTA CABAR,SCT,Bangkok,THBKK,2026-08-22 00:00:00,-3.36,160.68,Transit,1735.497,0,281.093,0,0,0,Vessel Live Movement,
KOTA CABAR,SCT,Bangkok,THBKK,2026-08-22 03:00:00,-3.16333,160.969451,Transit,1725.471,0,281.093,0,0,0,Vessel Live Movement,
KOTA CABAR,SCT,Bangkok,THBKK,2026-08-22 06:00:00,-2.96658,161.258792,Transit,1715.445,0,281.093,0,0,0,Vessel Live Movement,
KOTA CABAR,SCT,Bangkok,THBKK,2026-08-22 09:00:00,-2.769754,161.548031,Transit,1705.419,0,281.093,0,0,0,Vessel Live Movement,
KOTA CABAR,SCT,Bangkok,THBKK,2026-08-22 12:00:00,-2.572858,161.837173,Transit,1695.393,0,281.093,0,0,0,Vessel Live Movement,
KOTA CABAR,SCT,Bangkok,THBKK,2026-08-22 15:00:00,-2.375897,162.126226,Transit,1685.367,0,281.093,0,0,0,Vessel Live Movement,
KOTA CABAR,SCT,Bangkok,THBKK,2026-08-22 18:00:00,-2.178875,162.415196,Transit,1675.341,0,281.093,0,0,0,Vessel Live Movement,
KOTA CABAR,SCT,Bangkok,THBKK,2026-08-22 21:00:00,-1.981797,162.704091,Transit,1665.315,0,281.093,0,0,0,Vessel Live Movement,
KOTA CABAR,SCT,Bangkok,THBKK,2026-08-23 00:00:00,-1.784669,162.992917,Transit,1655.289,0,281.093,0,0,0,Vessel Live Movement,
KOTA CABAR,SCT,Bangkok,THBKK,2026-08-23 03:00:00,-1.587497,163.281681,Transit,1645.263,0,281.093,0,0,0,Vessel Live Movement,
KOTA CABAR,SCT,Bangkok,THBKK,2026-08-23 06:00:00,-1.390283,163.57039,Transit,1635.237,0,281.093,0,0,0,Vessel Live Movement,
KOTA CABAR,SCT,Bangkok,THBKK,2026-08-23 09:00:00,-1.193035,163.859051,Transit,1625.211,0,281.093,0,0,0,Vessel Live Movement,
KOTA CABAR,SCT,Bangkok,THBKK,2026-08-23 12:00:00,-0.995756,164.14767,Transit,1615.185,0,281.093,0,0,0,Vessel Live Movement,
KOTA CABAR,SCT,Bangkok,THBKK,2026-08-23 15:00:00,-0.798452,164.436255,Transit,1605.159,0,281.093,0,0,0,Vessel Live Movement,
KOTA CABAR,SCT,Bangkok,THBKK,2026-08-23 18:00:00,-0.601127,164.724812,Transit,1595.133,0,281.093,0,0,0,Vessel Live Movement,
KOTA CABAR,SCT,Bangkok,THBKK,2026-08-23 21:00:00,-0.403788,165.013348,Transit,1585.107,0,281.093,0,0,0,Vessel Live Movement,
KOTA CABAR,SCT,Bangkok,THBKK,2026-08-24 00:00:00,-0.206438,165.30187,Transit,1575.081,0,281.093,0,0,0,Vessel Live Movement,
KOTA CABAR,SCT,Bangkok,THBKK,2026-08-24 03:00:00,-0.009083,165.590385,Transit,1565.055,0,281.093,0,0,0,Vessel Live Movement,
KOTA CABAR,SCT,Bangkok,THBKK,2026-08-24 06:00:00,0.188272,165.8789,Transit,1555.029,0,281.093,0,0,0,Vessel Live Movement,
KOTA CABAR,SCT,Bangkok,THBKK,2026-08-24 09:00:00,0.385623,166.167422,Transit,1545.003,0,281.093,0,0,0,Vessel Live Movement,
KOTA CABAR,SCT,Bangkok,THBKK,2026-08-24 12:00:00,0.582964,166.455956,Transit,1534.977,0,281.093,0,0,0,Vessel Live Movement,
KOTA CABAR,SCT,Bangkok,THBKK,2026-08-24 15:00:00,0.78029,166.744511,Transit,1524.951,0,281.093,0,0,0,Vessel Live Movement,
KOTA CABAR,SCT,Bangkok,THBKK,2026-08-24 18:00:00,0.977596,167.033093,Transit,1514.925,0,281.093,0,0,0,Vessel Live Movement,
KOTA CABAR,SCT,Bangkok,THBKK,2026-08-24 21:00:00,1.174877,167.321709,Transit,1504.899,0,281.093,0,0,0,Vessel Live Movement,
KOTA CABAR,SCT,Bangkok,THBKK,2026-08-25 00:00:00,1.372129,167.610366,Transit,1494.873,0,281.093,0,0,0,Vessel Live Movement,
KOTA CABAR,SCT,Bangkok,THBKK,2026-08-25 03:00:00,1.569345,167.89907,Transit,1484.847,0,281.093,0,0,0,Vessel Live Movement,
KOTA CABAR,SCT,Bangkok,THBKK,2026-08-25 06:00:00,1.766522,168.187829,Transit,1474.821,0,281.093,0,0,0,Vessel Live Movement,
KOTA CABAR,SCT,Bangkok,THBKK,2026-08-25 09:00:00,1.963654,168.476649,Transit,1464.795,0,281.093,0,0,0,Vessel Live Movement,
KOTA CABAR,SCT,Bangkok,THBKK,2026-08-25 12:00:00,2.160737,168.765537,Transit,1454.769,0,281.093,0,0,0,Vessel Live Movement,
KOTA CABAR,SCT,Bangkok,THBKK,2026-08-25 15:00:00,2.357764,169.0545,Transit,1444.743,0,281.093,0,0,0,Vessel Live Movement,
KOTA CABAR,SCT,Bangkok,THBKK,2026-08-25 18:00:00,2.554731,169.343545,Transit,1434.717,0,281.093,0,0,0,Vessel Live Movement,
KOTA CABAR,SCT,Bangkok,THBKK,2026-08-25 21:00:00,2.751634,169.632679,Transit,1424.691,0,281.093,0,0,0,Vessel Live Movement,
KOTA CABAR,SCT,Bangkok,THBKK,2026-08-26 00:00:00,2.948466,169.921908,Transit,1414.665,0,281.093,0,0,0,Vessel Live Movement,
KOTA CABAR,SCT,Bangkok,THBKK,2026-08-26 03:00:00,3.145223,170.211239,Transit,1404.639,0,281.093,0,0,0,Vessel Live Movement,
KOTA CABAR,SCT,Bangkok,THBKK,2026-08-26 06:00:00,3.341901,170.50068,Transit,1394.613,0,281.093,0,0,0,Vessel Live Movement,
KOTA CABAR,SCT,Bangkok,THBKK,2026-08-26 09:00:00,3.538493,170.790237,Transit,1384.587,0,281.093,0,0,0,Vessel Live Movement,
KOTA CABAR,SCT,Bangkok,THBKK,2026-08-26 12:00:00,3.734995,171.079916,Transit,1374.561,0,281.093,0,0,0,Vessel Live Movement,
KOTA CABAR,SCT,Bangkok,THBKK,2026-08-26 15:00:00,3.931402,171.369726,Transit,1364.535,0,281.093,0,0,0,Vessel Live Movement,
KOTA CABAR,SCT,Bangkok,THBKK,2026-08-26 18:00:00,4.127708,171.659671,Transit,1354.509,0,281.093,0,0,0,Vessel Live Movement,
KOTA CABAR,SCT,Bangkok,THBKK,2026-08-26 21:00:00,4.323909,171.949761,Transit,1344.483,0,281.093,0,0,0,Vessel Live Movement,
KOTA CABAR,SCT,Bangkok,THBKK,2026-08-27 00:00:00,4.521678,172.239884,Berthed,1342.812,0,281.093,0,0,0,Vessel Live Movement,
KOTA CABAR,SCT,Bangkok,THBKK,2026-08-27 03:00:00,4.521223,172.239194,Berthed,1341.141,0,281.093,0,0,0,Vessel Live Movement,
KOTA CABAR,SCT,Bangkok,THBKK,2026-08-27 06:00:00,4.519884,172.239768,Berthed,1339.47,0,281.093,0,0,0,Vessel Live Movement,
KOTA CABAR,SCT,Bangkok,THBKK,2026-08-27 09:00:00,4.52136,172.239523,Berthed,1337.799,0,281.093,0,0,0,Vessel Live Movement,
KOTA CABAR,SCT,Bangkok,THBKK,2026-08-27 12:00:00,4.518874,172.239595,Berthed,1336.128,0,281.093,0,0,0,Vessel Live Movement,
KOTA CABAR,SCT,Bangkok,THBKK,2026-08-27 15:00:00,4.519731,172.240404,Berthed,1334.457,0,281.093,0,0,0,Vessel Live Movement,
KOTA CABAR,SCT,Bangkok,THBKK,2026-08-27 18:00:00,4.519854,172.24032,Berthed,1332.786,0,281.093,0,0,0,Vessel Live Movement,
KOTA CABAR,SCT,Bangkok,THBKK,2026-08-27 21:00:00,4.521148,172.238108,Berthed,1331.115,0,281.093,0,0,0,Vessel Live Movement,
KOTA CABAR,SCT,Shekou,CNSHK,2026-08-28 00:00:00,4.52,172.24,Transit,1321.089,0,281.093,0,0,0,Vessel Live Movement,
KOTA CABAR,SCT,Shekou,CNSHK,2026-08-28 03:00:00,4.209409,158.563897,Transit,1311.063,0,281.093,0,0,0,Vessel Live Movement,
KOTA CABAR,SCT,Shekou,CNSHK,2026-08-28 06:00:00,3.661207,144.90273,Transit,1301.037,0,281.093,0,0,0,Vessel Live Movement,
KOTA CABAR,SCT,Shekou,CNSHK,2026-08-28 09:00:00,2.906685,131.261238,Transit,1291.011,0,281.093,0,0,0,Vessel Live Movement,
KOTA CABAR,SCT,Shekou,CNSHK,2026-08-28 12:00:00,1.98868,117.639761,Transit,1280.985,0,281.093,0,0,0,Vessel Live Movement,
KOTA CABAR,SCT,Shekou,CNSHK,2026-08-28 15:00:00,0.959018,104.034204,Transit,1270.959,0,281.093,0,0,0,Vessel Live Movement,
KOTA CABAR,SCT,Shekou,CNSHK,2026-08-28 18:00:00,-0.124424,90.436966,Transit,1260.933,0,281.093,0,0,0,Vessel Live Movement,
KOTA CABAR,SCT,Shekou,CNSHK,2026-08-28 21:00:00,-1.200892,76.838625,Transit,1250.907,0,281.093,0,0,0,Vessel Live Movement,
KOTA CABAR,SCT,Shekou,CNSHK,2026-08-29 00:00:00,-2.208836,63.229409,Berthed,1249.236,0,281.093,0,0,0,Vessel Live Movement,
KOTA CABAR,SCT,Shekou,CNSHK,2026-08-29 03:00:00,-2.209494,63.23144,Berthed,1247.565,0,281.093,0,0,0,Vessel Live Movement,
KOTA CABAR,SCT,Shekou,CNSHK,2026-08-29 06:00:00,-2.210047,63.230574,Berthed,1245.894,0,281.093,0,0,0,Vessel Live Movement,
KOTA CABAR,SCT,Shekou,CNSHK,2026-08-29 09:00:00,-2.210207,63.227513,Berthed,1244.223,0,281.093,0,0,0,Vessel Live Movement,
KOTA CABAR,SCT,Shekou,CNSHK,2026-08-29 12:00:00,-2.208739,63.23066,Berthed,1242.552,0,281.093,0,0,0,Vessel Live Movement,
KOTA CABAR,SCT,Shekou,CNSHK,2026-08-29 15:00:00,-2.208652,63.23113,Berthed,1240.881,0,281.093,0,0,0,Vessel Live Movement,
KOTA CABAR,SCT,Shekou,CNSHK,2026-08-29 18:00:00,-2.209994,63.229327,Berthed,1239.21,0,281.093,0,0,0,Vessel Live Movement,
KOTA CABAR,SCT,Shekou,CNSHK,2026-08-29 21:00:00,-2.209308,63.230082,Berthed,1237.539,0,281.093,0,0,0,Vessel Live Movement,
KOTA CABAR,SCT,Nansha,CNNSA,2026-08-30 00:00:00,-2.21,63.23,Transit,1227.513,0,281.093,0,0,0,Vessel Live Movement,
KOTA CABAR,SCT,Nansha,CNNSA,2026-08-30 03:00:00,-2.934067,75.383422,Transit,1217.487,0,281.093,0,0,0,Vessel Live Movement,
KOTA CABAR,SCT,Nansha,CNNSA,2026-08-30 06:00:00,-3.526682,87.551061,Transit,1207.461,0,281.093,0,0,0,Vessel Live Movement,
KOTA CABAR,SCT,Nansha,CNNSA,2026-08-30 09:00:00,-3.961058,99.732048,Transit,1197.435,0,281.093,0,0,0,Vessel Live Movement,
KOTA CABAR,SCT,Nansha,CNNSA,2026-08-30 12:00:00,-4.217477,111.923132,Transit,1187.409,0,281.093,0,0,0,Vessel Live Movement,
KOTA CABAR,SCT,Nansha,CNNSA,2026-08-30 15:00:00,-4.284263,124.11925,Transit,1177.383,0,281.093,0,0,0,Vessel Live Movement,
KOTA CABAR,SCT,Nansha,CNNSA,2026-08-30 18:00:00,-4.15837,136.314433,Transit,1167.357,0,281.093,0,0,0,Vessel Live Movement,
KOTA CABAR,SCT,Nansha,CNNSA,2026-08-30 21:00:00,-3.845538,148.502879,Transit,1157.331,0,281.093,0,0,0,Vessel Live Movement,
KOTA CABAR,SCT,Nansha,CNNSA,2026-08-31 00:00:00,-3.35874,160.680967,Berthed,1155.66,0,281.093,0,0,0,Vessel Live Movement,
KOTA CABAR,SCT,Nansha,CNNSA,2026-08-31 03:00:00,-3.358698,160.680783,Berthed,1153.989,0,281.093,0,0,0,Vessel Live Movement,
KOTA CABAR,SCT,Nansha,CNNSA,2026-08-31 06:00:00,-3.358118,160.677513,Berthed,1152.318,0,281.093,0,0,0,Vessel Live Movement,
KOTA CABAR,SCT,Nansha,CNNSA,2026-08-31 09:00:00,-3.361921,160.678377,Berthed,1150.647,0,281.093,0,0,0,Vessel Live Movement,
KOTA CABAR,SCT,Nansha,CNNSA,2026-08-31 12:00:00,-3.359553,160.679678,Berthed,1148.976,0,281.093,0,0,0,Vessel Live Movement,
KOTA CABAR,SCT,Nansha,CNNSA,2026-08-31 15:00:00,-3.360221,160.680574,Berthed,1147.305,0,281.093,0,0,0,Vessel Live Movement,
KOTA CABAR,SCT,Nansha,CNNSA,2026-08-31 18:00:00,-3.359171,160.681251,Berthed,1145.634,0,281.093,0,0,0,Vessel Live Movement,
KOTA CABAR,SCT,Nansha,CNNSA,2026-08-31 21:00:00,-3.359356,160.678478,Berthed,1143.963,0,281.093,0,0,0,Vessel Live Movement,
KOTA CABAR,SCT,Bangkok,THBKK,2026-09-01 00:00:00,-3.36,160.68,Transit,1133.937,0,281.093,0,0,0,Vessel Live Movement,
KOTA CABAR,SCT,Bangkok,THBKK,2026-09-01 03:00:00,-3.16333,160.969451,Transit,1123.911,0,281.093,0,0,0,Vessel Live Movement,
KOTA CABAR,SCT,Bangkok,THBKK,2026-09-01 06:00:00,-2.96658,161.258792,Transit,1113.885,0,281.093,0,0,0,Vessel Live Movement,
KOTA CABAR,SCT,Bangkok,THBKK,2026-09-01 09:00:00,-2.769754,161.548031,Transit,1103.859,0,281.093,0,0,0,Vessel Live Movement,
KOTA CABAR,SCT,Bangkok,THBKK,2026-09-01 12:00:00,-2.572858,161.837173,Transit,1093.833,0,281.093,0,0,0,Vessel Live Movement,
KOTA CABAR,SCT,Bangkok,THBKK,2026-09-01 15:00:00,-2.375897,162.126226,Transit,1083.807,0,281.093,0,0,0,Vessel Live Movement,
KOTA CABAR,SCT,Bangkok,THBKK,2026-09-01 18:00:00,-2.178875,162.415196,Transit,1073.781,0,281.093,0,0,0,Vessel Live Movement,
KOTA CABAR,SCT,Bangkok,THBKK,2026-09-01 21:00:00,-1.981797,162.704091,Transit,1063.755,0,281.093,0,0,0,Vessel Live Movement,
KOTA CABAR,SCT,Bangkok,THBKK,2026-09-02 00:00:00,-1.784669,162.992917,Transit,1053.729,0,281.093,0,0,0,Vessel Live Movement,
KOTA CABAR,SCT,Bangkok,THBKK,2026-09-02 03:00:00,-1.587497,163.281681,Transit,1043.703,0,281.093,0,0,0,Vessel Live Movement,
KOTA CABAR,SCT,Bangkok,THBKK,2026-09-02 06:00:00,-1.390283,163.57039,Transit,1033.677,0,281.093,0,0,0,Vessel Live Movement,
KOTA CABAR,SCT,Bangkok,THBKK,2026-09-02 09:00:00,-1.193035,163.859051,Transit,1023.651,0,281.093,0,0,0,Vessel Live Movement,
KOTA CABAR,SCT,Bangkok,THBKK,2026-09-02 12:00:00,-0.995756,164.14767,Transit,1013.625,0,281.093,0,0,0,Vessel Live Movement,
KOTA CABAR,SCT,Bangkok,THBKK,2026-09-02 15:00:00,-0.798452,164.436255,Transit,1003.599,0,281.093,0,0,0,Vessel Live Movement,
KOTA CABAR,SCT,Bangkok,THBKK,2026-09-02 18:00:00,-0.601127,164.724812,Transit,993.573,0,281.093,0,0,0,Vessel Live Movement,
KOTA CABAR,SCT,Bangkok,THBKK,2026-09-02 21:00:00,-0.403788,165.013348,Transit,983.547,0,281.093,0,0,0,Vessel Live Movement,
KOTA CABAR,SCT,Bangkok,THBKK,2026-09-03 00:00:00,-0.206438,165.30187,Transit,973.521,0,281.093,0,0,0,Vessel Live Movement,
KOTA CABAR,SCT,Bangkok,THBKK,2026-09-03 03:00:00,-0.009083,165.590385,Transit,963.495,0,281.093,0,0,0,Vessel Live Movement,
KOTA CABAR,SCT,Bangkok,THBKK,2026-09-03 06:00:00,0.188272,165.8789,Transit,953.469,0,281.093,0,0,0,Vessel Live Movement,
KOTA CABAR,SCT,Bangkok,THBKK,2026-09-03 09:00:00,0.385623,166.167422,Transit,943.443,0,281.093,0,0,0,Vessel Live Movement,
KOTA CABAR,SCT,Bangkok,THBKK,2026-09-03 12:00:00,0.582964,166.455956,Transit,933.417,0,281.093,0,0,0,Vessel Live Movement,
KOTA CABAR,SCT,Bangkok,THBKK,2026-09-03 15:00:00,0.78029,166.744511,Transit,923.391,0,281.093,0,0,0,Vessel Live Movement,
KOTA CABAR,SCT,Bangkok,THBKK,2026-09-03 18:00:00,0.977596,167.033093,Transit,913.365,0,281.093,0,0,0,Vessel Live Movement,
KOTA CABAR,SCT,Bangkok,THBKK,2026-09-03 21:00:00,1.174877,167.321709,Transit,903.339,0,281.093,0,0,0,Vessel Live Movement,
KOTA CABAR,SCT,Bangkok,THBKK,2026-09-04 00:00:00,1.372129,167.610366,Transit,893.313,0,281.093,0,0,0,Vessel Live Movement,
KOTA CABAR,SCT,Bangkok,THBKK,2026-09-04 03:00:00,1.569345,167.89907,Transit,883.287,0,281.093,0,0,0,Vessel Live Movement,
KOTA CABAR,SCT,Bangkok,THBKK,2026-09-04 06:00:00,1.766522,168.187829,Transit,873.261,0,281.093,0,0,0,Vessel Live Movement,
KOTA CABAR,SCT,Bangkok,THBKK,2026-09-04 09:00:00,1.963654,168.476649,Transit,863.235,0,281.093,0,0,0,Vessel Live Movement,
KOTA CABAR,SCT,Bangkok,THBKK,2026-09-04 12:00:00,2.160737,168.765537,Transit,853.209,0,281.093,0,0,0,Vessel Live Movement,
KOTA CABAR,SCT,Bangkok,THBKK,2026-09-04 15:00:00,2.357764,169.0545,Transit,843.183,0,281.093,0,0,0,Vessel Live Movement,
KOTA CABAR,SCT,Bangkok,THBKK,2026-09-04 18:00:00,2.554731,169.343545,Transit,833.157,0,281.093,0,0,0,Vessel Live Movement,
KOTA CABAR,SCT,Bangkok,THBKK,2026-09-04 21:00:00,2.751634,169.632679,Transit,823.131,0,281.093,0,0,0,Vessel Live Movement,
KOTA CABAR,SCT,Bangkok,THBKK,2026-09-05 00:00:00,2.948466,169.921908,Transit,813.105,0,281.093,0,0,0,Vessel Live Movement,
KOTA CABAR,SCT,Bangkok,THBKK,2026-09-05 03:00:00,3.145223,170.211239,Transit,803.079,0,281.093,0,0,0,Vessel Live Movement,
KOTA CABAR,SCT,Bangkok,THBKK,2026-09-05 06:00:00,3.341901,170.50068,Transit,793.053,0,281.093,0,0,0,Vessel Live Movement,
KOTA CABAR,SCT,Bangkok,THBKK,2026-09-05 09:00:00,3.538493,170.790237,Transit,783.027,0,281.093,0,0,0,Vessel Live Movement,
KOTA CABAR,SCT,Bangkok,THBKK,2026-09-05 12:00:00,3.734995,171.079916,Transit,773.001,0,281.093,0,0,0,Vessel Live Movement,
KOTA CABAR,SCT,Bangkok,THBKK,2026-09-05 15:00:00,3.931402,171.369726,Transit,762.975,0,281.093,0,0,0,Vessel Live Movement,
KOTA CABAR,SCT,Bangkok,THBKK,2026-09-05 18:00:00,4.127708,171.659671,Transit,752.949,0,281.093,0,0,0,Vessel Live Movement,
KOTA CABAR,SCT,Bangkok,THBKK,2026-09-05 21:00:00,4.323909,171.949761,Transit,742.923,0,281.093,0,0,0,Vessel Live Movement,
KOTA CABAR,SCT,Bangkok,THBKK,2026-09-06 00:00:00,4.519172,172.239691,Berthed,741.252,0,281.093,0,0,0,Vessel Live Movement,
KOTA CABAR,SCT,Bangkok,THBKK,2026-09-06 03:00:00,4.518952,172.239856,Berthed,739.581,0,281.093,0,0,0,Vessel Live Movement,
KOTA CABAR,SCT,Bangkok,THBKK,2026-09-06 06:00:00,4.518562,172.240253,Berthed,737.91,0,281.093,0,0,0,Vessel Live Movement,
KOTA CABAR,SCT,Bangkok,THBKK,2026-09-06 09:00:00,4.520193,172.240205,Berthed,736.239,0,281.093,0,0,0,Vessel Live Movement,
KOTA CABAR,SCT,Bangkok,THBKK,2026-09-06 12:00:00,4.520811,172.237727,Berthed,734.568,0,281.093,0,0,0,Vessel Live Movement,
KOTA CABAR,SCT,Bangkok,THBKK,2026-09-06 15:00:00,4.520813,172.241088,Berthed,732.897,0,281.093,0,0,0,Vessel Live Movement,
KOTA CABAR,SCT,Bangkok,THBKK,2026-09-06 18:00:00,4.520083,172.237712,Berthed,731.226,0,281.093,0,0,0,Vessel Live Movement,
KOTA CABAR,SCT,Bangkok,THBKK,2026-09-06 21:00:00,4.519788,172.238811,Berthed,729.555,0,281.093,0,0,0,Vessel Live Movement,
KOTA CABAR,SCT,Shekou,CNSHK,2026-09-07 00:00:00,4.52,172.24,Transit,719.529,0,281.093,0,0,0,Vessel Live Movement,
KOTA CABAR,SCT,Shekou,CNSHK,2026-09-07 03:00:00,4.209409,158.563897,Transit,709.503,0,281.093,0,0,0,Vessel Live Movement,
KOTA CABAR,SCT,Shekou,CNSHK,2026-09-07 06:00:00,3.661207,144.90273,Transit,699.477,0,281.093,0,0,0,Vessel Live Movement,
KOTA CABAR,SCT,Shekou,CNSHK,2026-09-07 09:00:00,2.906685,131.261238,Transit,689.451,0,281.093,0,0,0,Vessel Live Movement,
KOTA CABAR,SCT,Shekou,CNSHK,2026-09-07 12:00:00,1.98868,117.639761,Transit,679.425,0,281.093,0,0,0,Vessel Live Movement,
KOTA CABAR,SCT,Shekou,CNSHK,2026-09-07 15:00:00,0.959018,104.034204,Transit,669.399,0,281.093,0,0,0,Vessel Live Movement,
KOTA CABAR,SCT,Shekou,CNSHK,2026-09-07 18:00:00,-0.124424,90.436966,Transit,659.373,0,281.093,0,0,0,Vessel Live Movement,
KOTA CABAR,SCT,Shekou,CNSHK,2026-09-07 21:00:00,-1.200892,76.838625,Transit,649.347,0,281.093,0,0,0,Vessel Live Movement,
KOTA CABAR,SCT,Shekou,CNSHK,2026-09-08 00:00:00,-2.210066,63.230123,Berthed,1900.022,0,281.093,1252.346,0,0,Vessel Live Movement,
KOTA CABAR,SCT,Shekou,CNSHK,2026-09-08 03:00:00,-2.212067,63.229498,Berthed,1898.351,0,281.093,0,0,0,Vessel Live Movement,
KOTA CABAR,SCT,Shekou,CNSHK,2026-09-08 06:00:00,-2.209255,63.227277,Berthed,1896.68,0,281.093,0,0,0,Vessel Live Movement,
KOTA CABAR,SCT,Shekou,CNSHK,2026-09-08 09:00:00,-2.208666,63.230725,Berthed,1895.009,0,281.093,0,0,0,Vessel Live Movement,
KOTA CABAR,SCT,Shekou,CNSHK,2026-09-08 12:00:00,-2.210836,63.22872,Berthed,1893.338,0,281.093,0,0,0,Vessel Live Movement,
KOTA CABAR,SCT,Shekou,CNSHK,2026-09-08 15:00:00,-2.209888,63.230553,Berthed,1891.667,0,281.093,0,0,0,Vessel Live Movement,
KOTA CABAR,SCT,Shekou,CNSHK,2026-09-08 18:00:00,-2.212186,63.229376,Berthed,1889.996,0,281.093,0,0,0,Vessel Live Movement,
KOTA CABAR,SCT,Shekou,CNSHK,2026-09-08 21:00:00,-2.209719,63.230388,Berthed,1888.325,0,281.093,0,0,0,Vessel Live Movement,
KOTA CABAR,SCT,Nansha,CNNSA,2026-09-09 00:00:00,-2.21,63.23,Transit,1878.299,0,281.093,0,0,0,Vessel Live Movement,
KOTA CABAR,SCT,Nansha,CNNSA,2026-09-09 03:00:00,-2.934067,75.383422,Transit,1868.273,0,281.093,0,0,0,Vessel Live Movement,
KOTA CABAR,SCT,Nansha,CNNSA,2026-09-09 06:00:00,-3.526682,87.551061,Transit,1858.247,0,281.093,0,0,0,Vessel Live Movement,
KOTA CABAR,SCT,Nansha,CNNSA,2026-09-09 09:00:00,-3.961058,99.732048,Transit,1848.221,0,281.093,0,0,0,Vessel Live Movement,
KOTA CABAR,SCT,Nansha,CNNSA,2026-09-09 12:00:00,-4.217477,111.923132,Transit,1838.195,0,281.093,0,0,0,Vessel Live Movement,
KOTA CABAR,SCT,Nansha,CNNSA,2026-09-09 15:00:00,-4.284263,124.11925,Transit,1828.169,0,281.093,0,0,0,Vessel Live Movement,
KOTA CABAR,SCT,Nansha,CNNSA,2026-09-09 18:00:00,-4.15837,136.314433,Transit,1818.143,0,281.093,0,0,0,Vessel Live Movement,
KOTA CABAR,SCT,Nansha,CNNSA,2026-09-09 21:00:00,-3.845538,148.502879,Transit,1808.117,0,281.093,0,0,0,Vessel Live Movement,
KOTA CABAR,SCT,Nansha,CNNSA,2026-09-10 00:00:00,-3.360449,160.678676,Berthed,1806.446,0,281.093,0,0,0,Vessel Live Movement,
KOTA CABAR,SCT,Nansha,CNNSA,2026-09-10 03:00:00,-3.359706,160.679774,Berthed,1804.775,0,281.093,0,0,0,Vessel Live Movement,
KOTA CABAR,SCT,Nansha,CNNSA,2026-09-10 06:00:00,-3.360774,160.680357,Berthed,1803.104,0,281.093,0,0,0,Vessel Live Movement,
KOTA CABAR,SCT,Nansha,CNNSA,2026-09-10 09:00:00,-3.361579,160.680368,Berthed,1801.433,0,281.093,0,0,0,Vessel Live Movement,
KOTA CABAR,SCT,Nansha,CNNSA,2026-09-10 12:00:00,-3.359525,160.679992,Berthed,1799.762,0,281.093,0,0,0,Vessel Live Movement,
KOTA CABAR,SCT,Nansha,CNNSA,2026-09-10 15:00:00,-3.359232,160.679164,Berthed,1798.091,0,281.093,0,0,0,Vessel Live Movement,
KOTA CABAR,SCT,Nansha,CNNSA,2026-09-10 18:00:00,-3.359537,160.680695,Berthed,1796.42,0,281.093,0,0,0,Vessel Live Movement,
KOTA CABAR,SCT,Nansha,CNNSA,2026-09-10 21:00:00,-3.359348,160.680352,Berthed,1794.749,0,281.093,0,0,0,Vessel Live Movement,
KOTA CABAR,SCT,Bangkok,THBKK,2026-09-11 00:00:00,-3.36,160.68,Transit,1784.723,0,281.093,0,0,0,Vessel Live Movement,
KOTA CABAR,SCT,Bangkok,THBKK,2026-09-11 03:00:00,-3.16333,160.969451,Transit,1774.697,0,281.093,0,0,0,Vessel Live Movement,
KOTA CABAR,SCT,Bangkok,THBKK,2026-09-11 06:00:00,-2.96658,161.258792,Transit,1764.671,0,281.093,0,0,0,Vessel Live Movement,
KOTA CABAR,SCT,Bangkok,THBKK,2026-09-11 09:00:00,-2.769754,161.548031,Transit,1754.645,0,281.093,0,0,0,Vessel Live Movement,
KOTA CABAR,SCT,Bangkok,THBKK,2026-09-11 12:00:00,-2.572858,161.837173,Transit,1744.619,0,281.093,0,0,0,Vessel Live Movement,
KOTA CABAR,SCT,Bangkok,THBKK,2026-09-11 15:00:00,-2.375897,162.126226,Transit,1734.593,0,281.093,0,0,0,Vessel Live Movement,
KOTA CABAR,SCT,Bangkok,THBKK,2026-09-11 18:00:00,-2.178875,162.415196,Transit,1724.567,0,281.093,0,0,0,Vessel Live Movement,
KOTA CABAR,SCT,Bangkok,THBKK,2026-09-11 21:00:00,-1.981797,162.704091,Transit,1714.541,0,281.093,0,0,0,Vessel Live Movement,
KOTA CABAR,SCT,Bangkok,THBKK,2026-09-12 00:00:00,-1.784669,162.992917,Transit,1704.515,0,281.093,0,0,0,Vessel Live Movement,
KOTA CABAR,SCT,Bangkok,THBKK,2026-09-12 03:00:00,-1.587497,163.281681,Transit,1694.489,0,281.093,0,0,0,Vessel Live Movement,
KOTA CABAR,SCT,Bangkok,THBKK,2026-09-12 06:00:00,-1.390283,163.57039,Transit,1684.463,0,281.093,0,0,0,Vessel Live Movement,
KOTA CABAR,SCT,Bangkok,THBKK,2026-09-12 09:00:00,-1.193035,163.859051,Transit,1674.437,0,281.093,0,0,0,Vessel Live Movement,
KOTA CABAR,SCT,Bangkok,THBKK,2026-09-12 12:00:00,-0.995756,164.14767,Transit,1664.411,0,281.093,0,0,0,Vessel Live Movement,
KOTA CABAR,SCT,Bangkok,THBKK,2026-09-12 15:00:00,-0.798452,164.436255,Transit,1654.385,0,281.093,0,0,0,Vessel Live Movement,
KOTA CABAR,SCT,Bangkok,THBKK,2026-09-12 18:00:00,-0.601127,164.724812,Transit,1644.359,0,281.093,0,0,0,Vessel Live Movement,
KOTA CABAR,SCT,Bangkok,THBKK,2026-09-12 21:00:00,-0.403788,165.013348,Transit,1634.333,0,281.093,0,0,0,Vessel Live Movement,
KOTA CABAR,SCT,Bangkok,THBKK,2026-09-13 00:00:00,-0.206438,165.30187,Transit,1624.307,0,281.093,0,0,0,Vessel Live Movement,
KOTA CABAR,SCT,Bangkok,THBKK,2026-09-13 03:00:00,-0.009083,165.590385,Transit,1614.281,0,281.093,0,0,0,Vessel Live Movement,
KOTA CABAR,SCT,Bangkok,THBKK,2026-09-13 06:00:00,0.188272,165.8789,Transit,1604.255,0,281.093,0,0,0,Vessel Live Movement,
KOTA CABAR,SCT,Bangkok,THBKK,2026-09-13 09:00:00,0.385623,166.167422,Transit,1594.229,0,281.093,0,0,0,Vessel Live Movement,
KOTA CABAR,SCT,Bangkok,THBKK,2026-09-13 12:00:00,0.582964,166.455956,Transit,1584.203,0,281.093,0,0,0,Vessel Live Movement,
KOTA CABAR,SCT,Bangkok,THBKK,2026-09-13 15:00:00,0.78029,166.744511,Transit,1574.177,0,281.093,0,0,0,Vessel Live Movement,
KOTA CABAR,SCT,Bangkok,THBKK,2026-09-13 18:00:00,0.977596,167.033093,Transit,1564.151,0,281.093,0,0,0,Vessel Live Movement,
KOTA CABAR,SCT,Bangkok,THBKK,2026-09-13 21:00:00,1.174877,167.321709,Transit,1554.125,0,281.093,0,0,0,Vessel Live Movement,
KOTA CABAR,SCT,Bangkok,THBKK,2026-09-14 00:00:00,1.372129,167.610366,Transit,1544.099,0,281.093,0,0,0,Vessel Live Movement,
KOTA CABAR,SCT,Bangkok,THBKK,2026-09-14 03:00:00,1.569345,167.89907,Transit,1534.073,0,281.093,0,0,0,Vessel Live Movement,
KOTA CABAR,SCT,Bangkok,THBKK,2026-09-14 06:00:00,1.766522,168.187829,Transit,1524.047,0,281.093,0,0,0,Vessel Live Movement,
KOTA CABAR,SCT,Bangkok,THBKK,2026-09-14 09:00:00,1.963654,168.476649,Transit,1514.021,0,281.093,0,0,0,Vessel Live Movement,
KOTA CABAR,SCT,Bangkok,THBKK,2026-09-14 12:00:00,2.160737,168.765537,Transit,1503.995,0,281.093,0,0,0,Vessel Live Movement,
KOTA CABAR,SCT,Bangkok,THBKK,2026-09-14 15:00:00,2.357764,169.0545,Transit,1493.969,0,281.093,0,0,0,Vessel Live Movement,
KOTA CABAR,SCT,Bangkok,THBKK,2026-09-14 18:00:00,2.554731,169.343545,Transit,1483.943,0,281.093,0,0,0,Vessel Live Movement,
KOTA CABAR,SCT,Bangkok,THBKK,2026-09-14 21:00:00,2.751634,169.632679,Transit,1473.917,0,281.093,0,0,0,Vessel Live Movement,
KOTA CABAR,SCT,Bangkok,THBKK,2026-09-15 00:00:00,2.948466,169.921908,Transit,1463.891,0,281.093,0,0,0,Vessel Live Movement,
KOTA CABAR,SCT,Bangkok,THBKK,2026-09-15 03:00:00,3.145223,170.211239,Transit,1453.865,0,281.093,0,0,0,Vessel Live Movement,
KOTA CABAR,SCT,Bangkok,THBKK,2026-09-15 06:00:00,3.341901,170.50068,Transit,1443.839,0,281.093,0,0,0,Vessel Live Movement,
KOTA CABAR,SCT,Bangkok,THBKK,2026-09-15 09:00:00,3.538493,170.790237,Transit,1433.813,0,281.093,0,0,0,Vessel Live Movement,
KOTA CABAR,SCT,Bangkok,THBKK,2026-09-15 12:00:00,3.734995,171.079916,Transit,1423.787,0,281.093,0,0,0,Vessel Live Movement,
KOTA CABAR,SCT,Bangkok,THBKK,2026-09-15 15:00:00,3.931402,171.369726,Transit,1413.761,0,281.093,0,0,0,Vessel Live Movement,
KOTA CABAR,SCT,Bangkok,THBKK,2026-09-15 18:00:00,4.127708,171.659671,Transit,1403.735,0,281.093,0,0,0,Vessel Live Movement,
KOTA CABAR,SCT,Bangkok,THBKK,2026-09-15 21:00:00,4.323909,171.949761,Transit,1393.709,0,281.093,0,0,0,Vessel Live Movement,
KOTA CABAR,SCT,Bangkok,THBKK,2026-09-16 00:00:00,4.520179,172.242121,Berthed,1392.038,0,281.093,0,0,0,Vessel Live Movement,
KOTA CABAR,SCT,Bangkok,THBKK,2026-09-16 03:00:00,4.519267,172.239968,Berthed,1390.367,0,281.093,0,0,0,Vessel Live Movement,
KOTA CABAR,SCT,Bangkok,THBKK,2026-09-16 06:00:00,4.51883,172.240465,Berthed,1388.696,0,281.093,0,0,0,Vessel Live Movement,
KOTA CABAR,SCT,Bangkok,THBKK,2026-09-16 09:00:00,4.521164,172.240974,Berthed,1387.025,0,281.093,0,0,0,Vessel Live Movement,
KOTA CABAR,SCT,Bangkok,THBKK,2026-09-16 12:00:00,4.518719,172.240396,Berthed,1385.354,0,281.093,0,0,0,Vessel Live Movement,
KOTA CABAR,SCT,Bangkok,THBKK,2026-09-16 15:00:00,4.520944,172.240056,Berthed,1383.683,0,281.093,0,0,0,Vessel Live Movement,
KOTA CABAR,SCT,Bangkok,THBKK,2026-09-16 18:00:00,4.518586,172.239978,Berthed,1382.012,0,281.093,0,0,0,Vessel Live Movement,
KOTA CABAR,SCT,Bangkok,THBKK,2026-09-16 21:00:00,4.521379,172.240709,Berthed,1380.341,0,281.093,0,0,0,Vessel Live Movement,
KOTA CABAR,SCT,Shekou,CNSHK,2026-09-17 00:00:00,4.52,172.24,Transit,1370.315,0,281.093,0,0,0,Vessel Live Movement,
KOTA CABAR,SCT,Shekou,CNSHK,2026-09-17 03:00:00,4.209409,158.563897,Transit,1360.289,0,281.093,0,0,0,Vessel Live Movement,
KOTA CABAR,SCT,Shekou,CNSHK,2026-09-17 06:00:00,3.661207,144.90273,Transit,1350.263,0,281.093,0,0,0,Vessel Live Movement,
KOTA CABAR,SCT,Shekou,CNSHK,2026-09-17 09:00:00,2.906685,131.261238,Transit,1340.237,0,281.093,0,0,0,Vessel Live Movement,
KOTA CABAR,SCT,Shekou,CNSHK,2026-09-17 12:00:00,1.98868,117.639761,Transit,1330.211,0,281.093,0,0,0,Vessel Live Movement,
KOTA CABAR,SCT,Shekou,CNSHK,2026-09-17 15:00:00,0.959018,104.034204,Transit,1320.185,0,281.093,0,0,0,Vessel Live Movement,
KOTA CABAR,SCT,Shekou,CNSHK,2026-09-17 18:00:00,-0.124424,90.436966,Transit,1310.159,0,281.093,0,0,0,Vessel Live Movement,
KOTA CABAR,SCT,Shekou,CNSHK,2026-09-17 21:00:00,-1.200892,76.838625,Transit,1300.133,0,281.093,0,0,0,Vessel Live Movement,
KOTA CABAR,SCT,Shekou,CNSHK,2026-09-18 00:00:00,-2.208821,63.230026,Berthed,1298.462,0,281.093,0,0,0,Vessel Live Movement,
KOTA CABAR,SCT,Shekou,CNSHK,2026-09-18 03:00:00,-2.21262,63.229222,Berthed,1296.791,0,281.093,0,0,0,Vessel Live Movement,
KOTA CABAR,SCT,Shekou,CNSHK,2026-09-18 06:00:00,-2.210418,63.228489,Berthed,1295.12,0,281.093,0,0,0,Vessel Live Movement,
KOTA CABAR,SCT,Shekou,CNSHK,2026-09-18 09:00:00,-2.210107,63.230736,Berthed,1293.449,0,281.093,0,0,0,Vessel Live Movement,
KOTA CABAR,SCT,Shekou,CNSHK,2026-09-18 12:00:00,-2.20886,63.231457,Berthed,1291.778,0,281.093,0,0,0,Vessel Live Movement,
KOTA CABAR,SCT,Shekou,CNSHK,2026-09-18 15:00:00,-2.209003,63.226934,Berthed,1290.107,0,281.093,0,0,0,Vessel Live Movement,
KOTA CABAR,SCT,Shekou,CNSHK,2026-09-18 18:00:00,-2.210507,63.229372,Berthed,1288.436,0,281.093,0,0,0,Vessel Live Movement,
KOTA CABAR,SCT,Shekou,CNSHK,2026-09-18 21:00:00,-2.210345,63.229346,Berthed,1286.765,0,281.093,0,0,0,Vessel Live Movement,
KOTA CABAR,SCT,Nansha,CNNSA,2026-09-19 00:00:00,-2.21,63.23,Transit,1276.739,0,281.093,0,0,0,Vessel Live Movement,
KOTA CABAR,SCT,Nansha,CNNSA,2026-09-19 03:00:00,-2.934067,75.383422,Transit,1266.713,0,281.093,0,0,0,Vessel Live Movement,
KOTA CABAR,SCT,Nansha,CNNSA,2026-09-19 06:00:00,-3.526682,87.551061,Transit,1256.687,0,281.093,0,0,0,Vessel Live Movement,
KOTA CABAR,SCT,Nansha,CNNSA,2026-09-19 09:00:00,-3.961058,99.732048,Transit,1246.661,0,281.093,0,0,0,Vessel Live Movement,
KOTA CABAR,SCT,Nansha,CNNSA,2026-09-19 12:00:00,-4.217477,111.923132,Transit,1236.635,0,281.093,0,0,0,Vessel Live Movement,
KOTA CABAR,SCT,Nansha,CNNSA,2026-09-19 15:00:00,-4.284263,124.11925,Transit,1226.609,0,281.093,0,0,0,Vessel Live Movement,
KOTA CABAR,SCT,Nansha,CNNSA,2026-09-19 18:00:00,-4.15837,136.314433,Transit,1216.583,0,281.093,0,0,0,Vessel Live Movement,
KOTA CABAR,SCT,Nansha,CNNSA,2026-09-19 21:00:00,-3.845538,148.502879,Transit,1206.557,0,281.093,0,0,0,Vessel Live Movement,
KOTA CABAR,SCT,Nansha,CNNSA,2026-09-20 00:00:00,-3.35935,160.67992,Berthed,1204.886,0,281.093,0,0,0,Vessel Live Movement,
KOTA CABAR,SCT,Nansha,CNNSA,2026-09-20 03:00:00,-3.359822,160.678793,Berthed,1203.215,0,281.093,0,0,0,Vessel Live Movement,
KOTA CABAR,SCT,Nansha,CNNSA,2026-09-20 06:00:00,-3.358535,160.67875,Berthed,1201.544,0,281.093,0,0,0,Vessel Live Movement,
KOTA CABAR,SCT,Nansha,CNNSA,2026-09-20 09:00:00,-3.358559,160.680211,Berthed,1199.873,0,281.093,0,0,0,Vessel Live Movement,
KOTA CABAR,SCT,Nansha,CNNSA,2026-09-20 12:00:00,-3.360514,160.680969,Berthed,1198.202,0,281.093,0,0,0,Vessel Live Movement,
KOTA CABAR,SCT,Nansha,CNNSA,2026-09-20 15:00:00,-3.359903,160.679675,Berthed,1196.531,0,281.093,0,0,0,Vessel Live Movement,
KOTA CABAR,SCT,Nansha,CNNSA,2026-09-20 18:00:00,-3.359058,160.68061,Berthed,1194.86,0,281.093,0,0,0,Vessel Live Movement,
KOTA CABAR,SCT,Nansha,CNNSA,2026-09-20 21:00:00,-3.360016,160.68138,Berthed,1193.189,0,281.093,0,0,0,Vessel Live Movement,
KOTA CABAR,SCT,Bangkok,THBKK,2026-09-21 00:00:00,-3.36,160.68,Transit,1183.163,0,281.093,0,0,0,Vessel Live Movement,
KOTA CABAR,SCT,Bangkok,THBKK,2026-09-21 03:00:00,-3.16333,160.969451,Transit,1173.137,0,281.093,0,0,0,Vessel Live Movement,
KOTA CABAR,SCT,Bangkok,THBKK,2026-09-21 06:00:00,-2.96658,161.258792,Transit,1163.111,0,281.093,0,0,0,Vessel Live Movement,
KOTA CABAR,SCT,Bangkok,THBKK,2026-09-21 09:00:00,-2.769754,161.548031,Transit,1153.085,0,281.093,0,0,0,Vessel Live Movement,
KOTA CABAR,SCT,Bangkok,THBKK,2026-09-21 12:00:00,-2.572858,161.837173,Transit,1143.059,0,281.093,0,0,0,Vessel Live Movement,
KOTA CABAR,SCT,Bangkok,THBKK,2026-09-21 15:00:00,-2.375897,162.126226,Transit,1133.033,0,281.093,0,0,0,Vessel Live Movement,
KOTA CABAR,SCT,Bangkok,THBKK,2026-09-21 18:00:00,-2.178875,162.415196,Transit,1123.007,0,281.093,0,0,0,Vessel Live Movement,
KOTA CABAR,SCT,Bangkok,THBKK,2026-09-21 21:00:00,-1.981797,162.704091,Transit,1112.981,0,281.093,0,0,0,Vessel Live Movement,
KOTA CABAR,SCT,Bangkok,THBKK,2026-09-22 00:00:00,-1.784669,162.992917,Transit,1102.955,0,281.093,0,0,0,Vessel Live Movement,
KOTA CABAR,SCT,Bangkok,THBKK,2026-09-22 03:00:00,-1.587497,163.281681,Transit,1092.929,0,281.093,0,0,0,Vessel Live Movement,
KOTA CABAR,SCT,Bangkok,THBKK,2026-09-22 06:00:00,-1.390283,163.57039,Transit,1082.903,0,281.093,0,0,0,Vessel Live Movement,
KOTA CABAR,SCT,Bangkok,THBKK,2026-09-22 09:00:00,-1.193035,163.859051,Transit,1072.877,0,281.093,0,0,0,Vessel Live Movement,
KOTA CABAR,SCT,Bangkok,THBKK,2026-09-22 12:00:00,-0.995756,164.14767,Transit,1062.851,0,281.093,0,0,0,Vessel Live Movement,
KOTA CABAR,SCT,Bangkok,THBKK,2026-09-22 15:00:00,-0.798452,164.436255,Transit,1052.825,0,281.093,0,0,0,Vessel Live Movement,
KOTA CABAR,SCT,Bangkok,THBKK,2026-09-22 18:00:00,-0.601127,164.724812,Transit,1042.799,0,281.093,0,0,0,Vessel Live Movement,
KOTA CABAR,SCT,Bangkok,THBKK,2026-09-22 21:00:00,-0.403788,165.013348,Transit,1032.773,0,281.093,0,0,0,Vessel Live Movement,
KOTA CABAR,SCT,Bangkok,THBKK,2026-09-23 00:00:00,-0.206438,165.30187,Transit,1022.747,0,281.093,0,0,0,Vessel Live Movement,
KOTA CABAR,SCT,Bangkok,THBKK,2026-09-23 03:00:00,-0.009083,165.590385,Transit,1012.721,0,281.093,0,0,0,Vessel Live Movement,
KOTA CABAR,SCT,Bangkok,THBKK,2026-09-23 06:00:00,0.188272,165.8789,Transit,1002.695,0,281.093,0,0,0,Vessel Live Movement,
KOTA CABAR,SCT,Bangkok,THBKK,2026-09-23 09:00:00,0.385623,166.167422,Transit,992.669,0,281.093,0,0,0,Vessel Live Movement,
KOTA CABAR,SCT,Bangkok,THBKK,2026-09-23 12:00:00,0.582964,166.455956,Transit,982.643,0,281.093,0,0,0,Vessel Live Movement,
KOTA CABAR,SCT,Bangkok,THBKK,2026-09-23 15:00:00,0.78029,166.744511,Transit,972.617,0,281.093,0,0,0,Vessel Live Movement,
KOTA CABAR,SCT,Bangkok,THBKK,2026-09-23 18:00:00,0.977596,167.033093,Transit,962.591,0,281.093,0,0,0,Vessel Live Movement,
KOTA CABAR,SCT,Bangkok,THBKK,2026-09-23 21:00:00,1.174877,167.321709,Transit,952.565,0,281.093,0,0,0,Vessel Live Movement,
KOTA CABAR,SCT,Bangkok,THBKK,2026-09-24 00:00:00,1.372129,167.610366,Transit,942.539,0,281.093,0,0,0,Vessel Live Movement,
KOTA CABAR,SCT,Bangkok,THBKK,2026-09-24 03:00:00,1.569345,167.89907,Transit,932.513,0,281.093,0,0,0,Vessel Live Movement,
KOTA CABAR,SCT,Bangkok,THBKK,2026-09-24 06:00:00,1.766522,168.187829,Transit,922.487,0,281.093,0,0,0,Vessel Live Movement,
KOTA CABAR,SCT,Bangkok,THBKK,2026-09-24 09:00:00,1.963654,168.476649,Transit,912.461,0,281.093,0,0,0,Vessel Live Movement,
KOTA CABAR,SCT,Bangkok,THBKK,2026-09-24 12:00:00,2.160737,168.765537,Transit,902.435,0,281.093,0,0,0,Vessel Live Movement,
KOTA CABAR,SCT,Bangkok,THBKK,2026-09-24 15:00:00,2.357764,169.0545,Transit,892.409,0,281.093,0,0,0,Vessel Live Movement,
KOTA CABAR,SCT,Bangkok,THBKK,2026-09-24 18:00:00,2.554731,169.343545,Transit,882.383,0,281.093,0,0,0,Vessel Live Movement,
KOTA CABAR,SCT,Bangkok,THBKK,2026-09-24 21:00:00,2.751634,169.632679,Transit,872.357,0,281.093,0,0,0,Vessel Live Movement,
KOTA CABAR,SCT,Bangkok,THBKK,2026-09-25 00:00:00,2.948466,169.921908,Transit,862.331,0,281.093,0,0,0,Vessel Live Movement,
KOTA CABAR,SCT,Bangkok,THBKK,2026-09-25 03:00:00,3.145223,170.211239,Transit,852.305,0,281.093,0,0,0,Vessel Live Movement,
KOTA CABAR,SCT,Bangkok,THBKK,2026-09-25 06:00:00,3.341901,170.50068,Transit,842.279,0,281.093,0,0,0,Vessel Live Movement,
KOTA CABAR,SCT,Bangkok,THBKK,2026-09-25 09:00:00,3.538493,170.790237,Transit,832.253,0,281.093,0,0,0,Vessel Live Movement,
KOTA CABAR,SCT,Bangkok,THBKK,2026-09-25 12:00:00,3.734995,171.079916,Transit,822.227,0,281.093,0,0,0,Vessel Live Movement,
KOTA CABAR,SCT,Bangkok,THBKK,2026-09-25 15:00:00,3.931402,171.369726,Transit,812.201,0,281.093,0,0,0,Vessel Live Movement,
KOTA CABAR,SCT,Bangkok,THBKK,2026-09-25 18:00:00,4.127708,171.659671,Transit,802.175,0,281.093,0,0,0,Vessel Live Movement,
KOTA CABAR,SCT,Bangkok,THBKK,2026-09-25 21:00:00,4.323909,171.949761,Transit,792.149,0,281.093,0,0,0,Vessel Live Movement,
KOTA CABAR,SCT,Bangkok,THBKK,2026-09-26 00:00:00,4.520617,172.240473,Berthed,790.478,0,281.093,0,0,0,Vessel Live Movement,
KOTA CABAR,SCT,Bangkok,THBKK,2026-09-26 03:00:00,4.519683,172.241437,Berthed,788.807,0,281.093,0,0,0,Vessel Live Movement,
KOTA CABAR,SCT,Bangkok,THBKK,2026-09-26 06:00:00,4.521214,172.240131,Berthed,787.136,0,281.093,0,0,0,Vessel Live Movement,
KOTA CABAR,SCT,Bangkok,THBKK,2026-09-26 09:00:00,4.52167,172.239294,Berthed,785.465,0,281.093,0,0,0,Vessel Live Movement,
KOTA CABAR,SCT,Bangkok,THBKK,2026-09-26 12:00:00,4.520433,172.240167,Berthed,783.794,0,281.093,0,0,0,Vessel Live Movement,
KOTA CABAR,SCT,Bangkok,THBKK,2026-09-26 15:00:00,4.522024,172.240684,Berthed,782.123,0,281.093,0,0,0,Vessel Live Movement,
KOTA CABAR,SCT,Bangkok,THBKK,2026-09-26 18:00:00,4.519396,172.24057,Berthed,780.452,0,281.093,0,0,0,Vessel Live Movement,
KOTA CABAR,SCT,Bangkok,THBKK,2026-09-26 21:00:00,4.520743,172.240857,Berthed,778.781,0,281.093,0,0,0,Vessel Live Movement,
KOTA CABAR,SCT,Shekou,CNSHK,2026-09-27 00:00:00,4.52,172.24,Transit,768.755,0,281.093,0,0,0,Vessel Live Movement,
KOTA CABAR,SCT,Shekou,CNSHK,2026-09-27 03:00:00,4.209409,158.563897,Transit,758.729,0,281.093,0,0,0,Vessel Live Movement,
KOTA CABAR,SCT,Shekou,CNSHK,2026-09-27 06:00:00,3.661207,144.90273,Transit,748.703,0,281.093,0,0,0,Vessel Live Movement,
KOTA CABAR,SCT,Shekou,CNSHK,2026-09-27 09:00:00,2.906685,131.261238,Transit,738.677,0,281.093,0,0,0,Vessel Live Movement,
KOTA CABAR,SCT,Shekou,CNSHK,2026-09-27 12:00:00,1.98868,117.639761,Transit,728.651,0,281.093,0,0,0,Vessel Live Movement,
KOTA CABAR,SCT,Shekou,CNSHK,2026-09-27 15:00:00,0.959018,104.034204,Transit,718.625,0,281.093,0,0,0,Vessel Live Movement,
KOTA CABAR,SCT,Shekou,CNSHK,2026-09-27 18:00:00,-0.124424,90.436966,Transit,708.599,0,281.093,0,0,0,Vessel Live Movement,
KOTA CABAR,SCT,Shekou,CNSHK,2026-09-27 21:00:00,-1.200892,76.838625,Transit,698.573,0,281.093,0,0,0,Vessel Live Movement,
KOTA CABAR,SCT,Shekou,CNSHK,2026-09-28 00:00:00,-2.209728,63.22912,Berthed,696.902,0,281.093,0,0,0,Vessel Live Movement,
KOTA CABAR,SCT,Shekou,CNSHK,2026-09-28 03:00:00,-2.210616,63.231474,Berthed,695.231,0,281.093,0,0,0,Vessel Live Movement,
KOTA CABAR,SCT,Shekou,CNSHK,2026-09-28 06:00:00,-2.210176,63.227886,Berthed,693.56,0,281.093,0,0,0,Vessel Live Movement,
KOTA CABAR,SCT,Shekou,CNSHK,2026-09-28 09:00:00,-2.210683,63.230969,Berthed,691.889,0,281.093,0,0,0,Vessel Live Movement,
KOTA CABAR,SCT,Shekou,CNSHK,2026-09-28 12:00:00,-2.210623,63.230422,Berthed,690.218,0,281.093,0,0,0,Vessel Live Movement,
KOTA CABAR,SCT,Shekou,CNSHK,2026-09-28 15:00:00,-2.211053,63.231089,Berthed,688.547,0,281.093,0,0,0,Vessel Live Movement,
KOTA CABAR,SCT,Shekou,CNSHK,2026-09-28 18:00:00,-2.212186,63.231064,Berthed,686.876,0,281.093,0,0,0,Vessel Live Movement,
KOTA CABAR,SCT,Shekou,CNSHK,2026-09-28 21:00:00,-2.210049,63.230548,Berthed,685.205,0,281.093,0,0,0,Vessel Live Movement,
KOTA CABAR,SCT,Nansha,CNNSA,2026-09-29 00:00:00,-2.21,63.23,Transit,675.179,0,281.093,0,0,0,Vessel Live Movement,
KOTA CABAR,SCT,Nansha,CNNSA,2026-09-29 03:00:00,-2.934067,75.383422,Transit,665.153,0,281.093,0,0,0,Vessel Live Movement,
KOTA CABAR,SCT,Nansha,CNNSA,2026-09-29 06:00:00,-3.526682,87.551061,Transit,655.127,0,281.093,0,0,0,Vessel Live Movement,
KOTA CABAR,SCT,Nansha,CNNSA,2026-09-29 09:00:00,-3.961058,99.732048,Transit,645.101,0,281.093,0,0,0,Vessel Live Movement,
KOTA CABAR,SCT,Nansha,CNNSA,2026-09-29 12:00:00,-4.217477,111.923132,Transit,635.075,0,281.093,0,0,0,Vessel Live Movement,
KOTA CABAR,SCT,Nansha,CNNSA,2026-09-29 15:00:00,-4.284263,124.11925,Transit,625.049,0,281.093,0,0,0,Vessel Live Movement,
KOTA CABAR,SCT,Nansha,CNNSA,2026-09-29 18:00:00,-4.15837,136.314433,Transit,615.023,0,281.093,0,0,0,Vessel Live Movement,
KOTA CABAR,SCT,Nansha,CNNSA,2026-09-29 21:00:00,-3.845538,148.502879,Transit,604.997,0,281.093,0,0,0,Vessel Live Movement,
KOTA CAHAYA,KCI,Semarang,IDSRG,2026-08-01 00:00:00,12.459345,-173.979015,Berthed,0,1177.478,194.25,0,0,0,Vessel Live Movement,
KOTA CAHAYA,KCI,Semarang,IDSRG,2026-08-01 03:00:00,12.459037,-173.980308,Berthed,0,1175.903,194.25,0,0,0,Vessel Live Movement,
KOTA CAHAYA,KCI,Semarang,IDSRG,2026-08-01 06:00:00,12.460478,-173.980621,Berthed,0,1174.329,194.25,0,0,0,Vessel Live Movement,
KOTA CAHAYA,KCI,Semarang,IDSRG,2026-08-01 09:00:00,12.460965,-173.979934,Berthed,0,1172.755,194.25,0,0,0,Vessel Live Movement,
KOTA CAHAYA,KCI,Semarang,IDSRG,2026-08-01 12:00:00,12.460706,-173.982324,Berthed,0,1171.18,194.25,0,0,0,Vessel Live Movement,
KOTA CAHAYA,KCI,Semarang,IDSRG,2026-08-01 15:00:00,12.460802,-173.978651,Berthed,0,1169.606,194.25,0,0,0,Vessel Live Movement,
KOTA CAHAYA,KCI,Semarang,IDSRG,2026-08-01 18:00:00,12.459933,-173.978977,Berthed,0,1168.032,194.25,0,0,0,Vessel Live Movement,
KOTA CAHAYA,KCI,Semarang,IDSRG,2026-08-01 21:00:00,12.459184,-173.979963,Berthed,0,1166.457,194.25,0,0,0,Vessel Live Movement,
KOTA CAHAYA,KCI,Busan,KRPUS,2026-08-02 00:00:00,12.46,-173.98,Transit,0,1157.012,194.25,0,0,0,Vessel Live Movement,
KOTA CAHAYA,KCI,Busan,KRPUS,2026-08-02 03:00:00,11.916176,-178.289802,Transit,0,1147.566,194.25,0,0,0,Vessel Live Movement,
KOTA CAHAYA,KCI,Busan,KRPUS,2026-08-02 06:00:00,11.307157,177.41864,Transit,0,1138.12,194.25,0,0,0,Vessel Live Movement,
KOTA CAHAYA,KCI,Busan,KRPUS,2026-08-02 09:00:00,10.636633,173.146186,Transit,0,1128.674,194.25,0,0,0,Vessel Live Movement,
KOTA CAHAYA,KCI,Busan,KRPUS,2026-08-02 12:00:00,9.9086,168.893255,Transit,0,1119.228,194.25,0,0,0,Vessel Live Movement,
KOTA CAHAYA,KCI,Busan,KRPUS,2026-08-02 15:00:00,9.12732,164.659834,Transit,0,1109.782,194.25,0,0,0,Vessel Live Movement,
KOTA CAHAYA,KCI,Busan,KRPUS,2026-08-02 18:00:00,8.297289,160.445481,Transit,0,1100.336,194.25,0,0,0,Vessel Live Movement,
KOTA CAHAYA,KCI,Busan,KRPUS,2026-08-02 21:00:00,7.423202,156.249354,Transit,0,1090.89,194.25,0,0,0,Vessel Live Movement,
KOTA CAHAYA,KCI,Busan,KRPUS,2026-08-03 00:00:00,6.509919,152.070233,Transit,0,1081.444,194.25,0,0,0,Vessel Live Movement,
KOTA CAHAYA,KCI,Busan,KRPUS,2026-08-03 03:00:00,5.562441,147.906558,Transit,0,1071.998,194.25,0,0,0,Vessel Live Movement,
KOTA CAHAYA,KCI,Busan,KRPUS,2026-08-03 06:00:00,4.585879,143.756468,Transit,0,1062.552,194.25,0,0,0,Vessel Live Movement,
KOTA CAHAYA,KCI,Busan,KRPUS,2026-08-03 09:00:00,3.585437,139.617839,Transit,0,1053.106,194.25,0,0,0,Vessel Live Movement,
KOTA CAHAYA,KCI,Busan,KRPUS,2026-08-03 12:00:00,2.566385,135.488333,Transit,0,1043.66,194.25,0,0,0,Vessel Live Movement,
KOTA CAHAYA,KCI,Busan,KRPUS,2026-08-03 15:00:00,1.534047,131.365444,Transit,0,1034.214,194.25,0,0,0,Vessel Live Movement,
KOTA CAHAYA,KCI,Busan,KRPUS,2026-08-03 18:00:00,0.49378,127.246544,Transit,0,1024.768,194.25,0,0,0,Vessel Live Movement,
KOTA CAHAYA,KCI,Busan,KRPUS,2026-08-03 21:00:00,-0.549037,123.128933,Transit,0,1015.322,194.25,0,0,0,Vessel Live Movement,
KOTA CAHAYA,KCI,Busan,KRPUS,2026-08-04 00:00:00,-1.589018,119.009889,Transit,0,1005.876,194.25,0,0,0,Vessel Live Movement,
KOTA CAHAYA,KCI,Busan,KRPUS,2026-08-04 03:00:00,-2.620786,114.886714,Transit,0,996.43,194.25,0,0,0,Vessel Live Movement,
KOTA CAHAYA,KCI,Busan,KRPUS,2026-08-04 06:00:00,-3.638985,110.756786,Transit,0,986.984,194.25,0,0,0,Vessel Live Movement,
KOTA CAHAYA,KCI,Busan,KRPUS,2026-08-04 09:00:00,-4.638293,106.617607,Transit,0,977.538,194.25,0,0,0,Vessel Live Movement,
KOTA CAHAYA,KCI,Busan,KRPUS,2026-08-04 12:00:00,-5.613443,102.466847,Transit,0,968.093,194.25,0,0,0,Vessel Live Movement,
KOTA CAHAYA,KCI,Busan,KRPUS,2026-08-04 15:00:00,-6.559236,98.302398,Transit,0,958.647,194.25,0,0,0,Vessel Live Movement,
KOTA CAHAYA,KCI,Busan,KRPUS,2026-08-04 18:00:00,-7.470565,94.122412,Transit,0,949.201,194.25,0,0,0,Vessel Live Movement,
KOTA CAHAYA,KCI,Busan,KRPUS,2026-08-04 21:00:00,-8.342437,89.925346,Transit,0,939.755,194.25,0,0,0,Vessel Live Movement,
KOTA CAHAYA,KCI,Busan,KRPUS,2026-08-05 00:00:00,-9.170136,85.713283,Berthed,0,938.18,194.25,0,0,0,Vessel Live Movement,
KOTA CAHAYA,KCI,Busan,KRPUS,2026-08-05 03:00:00,-9.168359,85.707271,Berthed,0,936.606,194.25,0,0,0,Vessel Live Movement,
KOTA CAHAYA,KCI,Busan,KRPUS,2026-08-05 06:00:00,-9.169942,85.71221,Berthed,0,935.032,194.25,0,0,0,Vessel Live Movement,
KOTA CAHAYA,KCI,Busan,KRPUS,2026-08-05 09:00:00,-9.168936,85.709303,Berthed,0,933.457,194.25,0,0,0,Vessel Live Movement,
KOTA CAHAYA,KCI,Busan,KRPUS,2026-08-05 12:00:00,-9.170838,85.710674,Berthed,0,931.883,194.25,0,0,0,Vessel Live Movement,
KOTA CAHAYA,KCI,Busan,KRPUS,2026-08-05 15:00:00,-9.170437,85.709316,Berthed,0,930.309,194.25,0,0,0,Vessel Live Movement,
KOTA CAHAYA,KCI,Busan,KRPUS,2026-08-05 18:00:00,-9.169708,85.708999,Berthed,0,928.734,194.25,0,0,0,Vessel Live Movement,
KOTA CAHAYA,KCI,Busan,KRPUS,2026-08-05 21:00:00,-9.168958,85.710194,Berthed,0,927.16,194.25,0,0,0,Vessel Live Movement,
KOTA CAHAYA,KCI,Incheon,KRINC,2026-08-06 00:00:00,-9.17,85.71,Transit,0,917.714,194.25,0,0,0,Vessel Live Movement,
KOTA CAHAYA,KCI,Incheon,KRINC,2026-08-06 03:00:00,-8.03451,96.455717,Transit,0,908.268,194.25,0,0,0,Vessel Live Movement,
KOTA CAHAYA,KCI,Incheon,KRINC,2026-08-06 06:00:00,-6.62255,107.134584,Transit,0,898.822,194.25,0,0,0,Vessel Live Movement,
KOTA CAHAYA,KCI,Incheon,KRINC,2026-08-06 09:00:00,-4.984576,117.748017,Transit,0,889.376,194.25,0,0,0,Vessel Live Movement,
KOTA CAHAYA,KCI,Incheon,KRINC,2026-08-06 12:00:00,-3.17777,128.306239,Transit,0,879.93,194.25,0,0,0,Vessel Live Movement,
KOTA CAHAYA,KCI,Incheon,KRINC,2026-08-06 15:00:00,-1.263958,138.826665,Transit,0,870.484,194.25,0,0,0,Vessel Live Movement,
KOTA CAHAYA,KCI,Incheon,KRINC,2026-08-06 18:00:00,0.692273,149.331505,Transit,0,861.038,194.25,0,0,0,Vessel Live Movement,
KOTA CAHAYA,KCI,Incheon,KRINC,2026-08-06 21:00:00,2.625281,159.84492,Transit,0,851.592,194.25,0,0,0,Vessel Live Movement,
KOTA CAHAYA,KCI,Incheon,KRINC,2026-08-07 00:00:00,4.469319,170.39104,Berthed,0,850.018,194.25,0,0,0,Vessel Live Movement,
KOTA CAHAYA,KCI,Incheon,KRINC,2026-08-07 03:00:00,4.470179,170.390223,Berthed,0,848.444,194.25,0,0,0,Vessel Live Movement,
KOTA CAHAYA,KCI,Incheon,KRINC,2026-08-07 06:00:00,4.470841,170.390724,Berthed,0,846.87,194.25,0,0,0,Vessel Live Movement,
KOTA CAHAYA,KCI,Incheon,KRINC,2026-08-07 09:00:00,4.468633,170.390288,Berthed,0,845.295,194.25,0,0,0,Vessel Live Movement,
KOTA CAHAYA,KCI,Incheon,KRINC,2026-08-07 12:00:00,4.470549,170.389738,Berthed,0,843.721,194.25,0,0,0,Vessel Live Movement,
KOTA CAHAYA,KCI,Incheon,KRINC,2026-08-07 15:00:00,4.470216,170.390469,Berthed,0,842.147,194.25,0,0,0,Vessel Live Movement,
KOTA CAHAYA,KCI,Incheon,KRINC,2026-08-07 18:00:00,4.46933,170.390514,Berthed,0,840.572,194.25,0,0,0,Vessel Live Movement,
KOTA CAHAYA,KCI,Incheon,KRINC,2026-08-07 21:00:00,4.470502,170.390052,Berthed,0,838.998,194.25,0,0,0,Vessel Live Movement,
KOTA CAHAYA,KCI,Shanghai,CNSHA,2026-08-08 00:00:00,4.47,170.39,Transit,0,829.552,194.25,0,0,0,Vessel Live Movement,
KOTA CAHAYA,KCI,Shanghai,CNSHA,2026-08-08 03:00:00,4.932915,169.84881,Transit,0,820.106,194.25,0,0,0,Vessel Live Movement,
KOTA CAHAYA,KCI,Shanghai,CNSHA,2026-08-08 06:00:00,5.395391,169.306864,Transit,0,810.66,194.25,0,0,0,Vessel Live Movement,
KOTA CAHAYA,KCI,Shanghai,CNSHA,2026-08-08 09:00:00,5.857386,168.764092,Transit,0,801.214,194.25,0,0,0,Vessel Live Movement,
KOTA CAHAYA,KCI,Shanghai,CNSHA,2026-08-08 12:00:00,6.318859,168.220422,Transit,0,791.768,194.25,0,0,0,Vessel Live Movement,
KOTA CAHAYA,KCI,Shanghai,CNSHA,2026-08-08 15:00:00,6.779766,167.675782,Transit,0,782.322,194.25,0,0,0,Vessel Live Movement,
KOTA CAHAYA,KCI,Shanghai,CNSHA,2026-08-08 18:00:00,7.240065,167.1301,Transit,0,772.876,194.25,0,0,0,Vessel Live Movement,
KOTA CAHAYA,KCI,Shanghai,CNSHA,2026-08-08 21:00:00,7.699714,166.583303,Transit,0,763.43,194.25,0,0,0,Vessel Live Movement,
KOTA CAHAYA,KCI,Shanghai,CNSHA,2026-08-09 00:00:00,8.158667,166.03532,Transit,0,753.984,194.25,0,0,0,Vessel Live Movement,
KOTA CAHAYA,KCI,Shanghai,CNSHA,2026-08-09 03:00:00,8.616883,165.486078,Transit,0,744.538,194.25,0,0,0,Vessel Live Movement,
KOTA CAHAYA,KCI,Shanghai,CNSHA,2026-08-09 06:00:00,9.074317,164.935504,Transit,0,735.092,194.25,0,0,0,Vessel Live Movement,
KOTA CAHAYA,KCI,Shanghai,CNSHA,2026-08-09 09:00:00,9.530925,164.383526,Transit,0,725.646,194.25,0,0,0,Vessel Live Movement,
KOTA CAHAYA,KCI,Shanghai,CNSHA,2026-08-09 12:00:00,9.986663,163.83007,Transit,0,716.201,194.25,0,0,0,Vessel Live Movement,
KOTA CAHAYA,KCI,Shanghai,CNSHA,2026-08-09 15:00:00,10.441484,163.275063,Transit,0,706.755,194.25,0,0,0,Vessel Live Movement,
KOTA CAHAYA,KCI,Shanghai,CNSHA,2026-08-09 18:00:00,10.895345,162.718431,Transit,0,697.309,194.25,0,0,0,Vessel Live Movement,
KOTA CAHAYA,KCI,Shanghai,CNSHA,2026-08-09 21:00:00,11.348199,162.160102,Transit,0,687.863,194.25,0,0,0,Vessel Live Movement,
KOTA CAHAYA,KCI,Shanghai,CNSHA,2026-08-10 00:00:00,11.800215,161.601081,Berthed,0,1777.375,194.25,0,1091.087,0,Vessel Live Movement,
KOTA CAHAYA,KCI,Shanghai,CNSHA,2026-08-10 03:00:00,11.797866,161.600101,Berthed,0,1775.801,194.25,0,0,0,Vessel Live Movement,
KOTA CAHAYA,KCI,Shanghai,CNSHA,2026-08-10 06:00:00,11.799015,161.598706,Berthed,0,1774.226,194.25,0,0,0,Vessel Live Movement,
KOTA CAHAYA,KCI,Shanghai,CNSHA,2026-08-10 09:00:00,11.800809,161.600895,Berthed,0,1772.652,194.25,0,0,0,Vessel Live Movement,
KOTA CAHAYA,KCI,Shanghai,CNSHA,2026-08-10 12:00:00,11.800646,161.599949,Berthed,0,1771.078,194.25,0,0,0,Vessel Live Movement,
KOTA CAHAYA,KCI,Shanghai,CNSHA,2026-08-10 15:00:00,11.799692,161.601233,Berthed,0,1769.503,194.25,0,0,0,Vessel Live Movement,
KOTA CAHAYA,KCI,Shanghai,CNSHA,2026-08-10 18:00:00,11.799733,161.599316,Berthed,0,1767.929,194.25,0,0,0,Vessel Live Movement,
KOTA CAHAYA,KCI,Shanghai,CNSHA,2026-08-10 21:00:00,11.801049,161.599265,Berthed,0,1766.355,194.25,0,0,0,Vessel Live Movement,
KOTA CAHAYA,KCI,Ningbo,CNNGB,2026-08-11 00:00:00,11.8,161.6,Transit,0,1756.909,194.25,0,0,0,Vessel Live Movement,
KOTA CAHAYA,KCI,Ningbo,CNNGB,2026-08-11 03:00:00,10.869303,162.064015,Transit,0,1747.463,194.25,0,0,0,Vessel Live Movement,
KOTA CAHAYA,KCI,Ningbo,CNNGB,2026-08-11 06:00:00,9.937915,162.525144,Transit,0,1738.017,194.25,0,0,0,Vessel Live Movement,
KOTA CAHAYA,KCI,Ningbo,CNNGB,2026-08-11 09:00:00,9.005899,162.983652,Transit,0,1728.571,194.25,0,0,0,Vessel Live Movement,
KOTA CAHAYA,KCI,Ningbo,CNNGB,2026-08-11 12:00:00,8.073319,163.439802,Transit,0,1719.125,194.25,0,0,0,Vessel Live Movement,
KOTA CAHAYA,KCI,Ningbo,CNNGB,2026-08-11 15:00:00,7.140237,163.893849,Transit,0,1709.679,194.25,0,0,0,Vessel Live Movement,
KOTA CAHAYA,KCI,Ningbo,CNNGB,2026-08-11 18:00:00,6.206712,164.346046,Transit,0,1700.233,194.25,0,0,0,Vessel Live Movement,
KOTA CAHAYA,KCI,Ningbo,CNNGB,2026-08-11 21:00:00,5.272805,164.796644,Transit,0,1690.787,194.25,0,0,0,Vessel Live Movement,
KOTA CAHAYA,KCI,Ningbo,CNNGB,2026-08-12 00:00:00,4.338575,165.245888,Transit,0,1681.341,194.25,0,0,0,Vessel Live Movement,
KOTA CAHAYA,KCI,Ningbo,CNNGB,2026-08-12 03:00:00,3.40408,165.694021,Transit,0,1671.895,194.25,0,0,0,Vessel Live Movement,
KOTA CAHAYA,KCI,Ningbo,CNNGB,2026-08-12 06:00:00,2.469377,166.141285,Transit,0,1662.449,194.25,0,0,0,Vessel Live Movement,
KOTA CAHAYA,KCI,Ningbo,CNNGB,2026-08-12 09:00:00,1.534525,166.587921,Transit,0,1653.003,194.25,0,0,0,Vessel Live Movement,
KOTA CAHAYA,KCI,Ningbo,CNNGB,2026-08-12 12:00:00,0.599579,167.034166,Transit,0,1643.557,194.25,0,0,0,Vessel Live Movement,
KOTA CAHAYA,KCI,Ningbo,CNNGB,2026-08-12 15:00:00,-0.335403,167.480259,Transit,0,1634.111,194.25,0,0,0,Vessel Live Movement,
KOTA CAHAYA,KCI,Ningbo,CNNGB,2026-08-12 18:00:00,-1.270365,167.926437,Transit,0,1624.665,194.25,0,0,0,Vessel Live Movement,
KOTA CAHAYA,KCI,Ningbo,CNNGB,2026-08-12 21:00:00,-2.205249,168.372938,Transit,0,1615.219,194.25,0,0,0,Vessel Live Movement,
KOTA CAHAYA,KCI,Ningbo,CNNGB,2026-08-13 00:00:00,-3.141073,168.82102,Berthed,0,1613.645,194.25,0,0,0,Vessel Live Movement,
KOTA CAHAYA,KCI,Ningbo,CNNGB,2026-08-13 03:00:00,-3.140447,168.820773,Berthed,0,1612.071,194.25,0,0,0,Vessel Live Movement,
KOTA CAHAYA,KCI,Ningbo,CNNGB,2026-08-13 06:00:00,-3.140147,168.819487,Berthed,0,1610.496,194.25,0,0,0,Vessel Live Movement,
KOTA CAHAYA,KCI,Ningbo,CNNGB,2026-08-13 09:00:00,-3.141906,168.820562,Berthed,0,1608.922,194.25,0,0,0,Vessel Live Movement,
KOTA CAHAYA,KCI,Ningbo,CNNGB,2026-08-13 12:00:00,-3.139523,168.820307,Berthed,0,1607.348,194.25,0,0,0,Vessel Live Movement,
KOTA CAHAYA,KCI,Ningbo,CNNGB,2026-08-13 15:00:00,-3.139089,168.820352,Berthed,0,1605.773,194.25,0,0,0,Vessel Live Movement,
KOTA CAHAYA,KCI,Ningbo,CNNGB,2026-08-13 18:00:00,-3.139118,168.820736,Berthed,0,1604.199,194.25,0,0,0,Vessel Live Movement,
KOTA CAHAYA,KCI,Ningbo,CNNGB,2026-08-13 21:00:00,-3.139687,168.82053,Berthed,0,1602.625,194.25,0,0,0,Vessel Live Movement,
KOTA CAHAYA,KCI,Jakarta,IDJKT,2026-08-14 00:00:00,-3.14,168.82,Transit,0,1593.179,194.25,0,0,0,Vessel Live Movement,
KOTA CAHAYA,KCI,Jakarta,IDJKT,2026-08-14 03:00:00,-3.008673,168.682663,Transit,0,1583.733,194.25,0,0,0,Vessel Live Movement,
KOTA CAHAYA,KCI,Jakarta,IDJKT,2026-08-14 06:00:00,-2.877328,168.545359,Transit,0,1574.287,194.25,0,0,0,Vessel Live Movement,
KOTA CAHAYA,KCI,Jakarta,IDJKT,2026-08-14 09:00:00,-2.745967,168.408087,Transit,0,1564.841,194.25,0,0,0,Vessel Live Movement,
KOTA CAHAYA,KCI,Jakarta,IDJKT,2026-08-14 12:00:00,-2.61459,168.270845,Transit,0,1555.395,194.25,0,0,0,Vessel Live Movement,
KOTA CAHAYA,KCI,Jakarta,IDJKT,2026-08-14 15:00:00,-2.483198,168.133632,Transit,0,1545.949,194.25,0,0,0,Vessel Live Movement,
KOTA CAHAYA,KCI,Jakarta,IDJKT,2026-08-14 18:00:00,-2.351792,167.996446,Transit,0,1536.503,194.25,0,0,0,Vessel Live Movement,
KOTA CAHAYA,KCI,Jakarta,IDJKT,2026-08-14 21:00:00,-2.220372,167.859285,Transit,0,1527.057,194.25,0,0,0,Vessel Live Movement,
KOTA CAHAYA,KCI,Jakarta,IDJKT,2026-08-15 00:00:00,-2.08894,167.72215,Transit,0,1517.611,194.25,0,0,0,Vessel Live Movement,
KOTA CAHAYA,KCI,Jakarta,IDJKT,2026-08-15 03:00:00,-1.957496,167.585037,Transit,0,1508.165,194.25,0,0,0,Vessel Live Movement,
KOTA CAHAYA,KCI,Jakarta,IDJKT,2026-08-15 06:00:00,-1.82604,167.447946,Transit,0,1498.719,194.25,0,0,0,Vessel Live Movement,
KOTA CAHAYA,KCI,Jakarta,IDJKT,2026-08-15 09:00:00,-1.694574,167.310874,Transit,0,1489.273,194.25,0,0,0,Vessel Live Movement,
KOTA CAHAYA,KCI,Jakarta,IDJKT,2026-08-15 12:00:00,-1.563099,167.173822,Transit,0,1479.827,194.25,0,0,0,Vessel Live Movement,
KOTA CAHAYA,KCI,Jakarta,IDJKT,2026-08-15 15:00:00,-1.431614,167.036786,Transit,0,1470.382,194.25,0,0,0,Vessel Live Movement,
KOTA CAHAYA,KCI,Jakarta,IDJKT,2026-08-15 18:00:00,-1.300121,166.899766,Transit,0,1460.936,194.25,0,0,0,Vessel Live Movement,
KOTA CAHAYA,KCI,Jakarta,IDJKT,2026-08-15 21:00:00,-1.168621,166.762761,Transit,0,1451.49,194.25,0,0,0,Vessel Live Movement,
KOTA CAHAYA,KCI,Jakarta,IDJKT,2026-08-16 00:00:00,-1.037114,166.625768,Transit,0,1442.044,194.25,0,0,0,Vessel Live Movement,
KOTA CAHAYA,KCI,Jakarta,IDJKT,2026-08-16 03:00:00,-0.905602,166.488787,Transit,0,1432.598,194.25,0,0,0,Vessel Live Movement,
KOTA CAHAYA,KCI,Jakarta,IDJKT,2026-08-16 06:00:00,-0.774084,166.351816,Transit,0,1423.152,194.25,0,0,0,Vessel Live Movement,
KOTA CAHAYA,KCI,Jakarta,IDJKT,2026-08-16 09:00:00,-0.642561,166.214853,Transit,0,1413.706,194.25,0,0,0,Vessel Live Movement,
KOTA CAHAYA,KCI,Jakarta,IDJKT,2026-08-16 12:00:00,-0.511035,166.077897,Transit,0,1404.26,194.25,0,0,0,Vessel Live Movement,
KOTA CAHAYA,KCI,Jakarta,IDJKT,2026-08-16 15:00:00,-0.379506,165.940947,Transit,0,1394.814,194.25,0,0,0,Vessel Live Movement,
KOTA CAHAYA,KCI,Jakarta,IDJKT,2026-08-16 18:00:00,-0.247975,165.804001,Transit,0,1385.368,194.25,0,0,0,Vessel Live Movement,
KOTA CAHAYA,KCI,Jakarta,IDJKT,2026-08-16 21:00:00,-0.116443,165.667057,Transit,0,1375.922,194.25,0,0,0,Vessel Live Movement,
KOTA CAHAYA,KCI,Jakarta,IDJKT,2026-08-17 00:00:00,0.015091,165.530115,Transit,0,1366.476,194.25,0,0,0,Vessel Live Movement,
KOTA CAHAYA,KCI,Jakarta,IDJKT,2026-08-17 03:00:00,0.146624,165.393173,Transit,0,1357.03,194.25,0,0,0,Vessel Live Movement,
KOTA CAHAYA,KCI,Jakarta,IDJKT,2026-08-17 06:00:00,0.278156,165.256229,Transit,0,1347.584,194.25,0,0,0,Vessel Live Movement,
KOTA CAHAYA,KCI,Jakarta,IDJKT,2026-08-17 09:00:00,0.409687,165.119283,Transit,0,1338.138,194.25,0,0,0,Vessel Live Movement,
KOTA CAHAYA,KCI,Jakarta,IDJKT,2026-08-17 12:00:00,0.541215,164.982331,Transit,0,1328.692,194.25,0,0,0,Vessel Live Movement,
KOTA CAHAYA,KCI,Jakarta,IDJKT,2026-08-17 15:00:00,0.67274,164.845374,Transit,0,1319.246,194.25,0,0,0,Vessel Live Movement,
KOTA CAHAYA,KCI,Jakarta,IDJKT,2026-08-17 18:00:00,0.804262,164.708409,Transit,0,1309.8,194.25,0,0,0,Vessel Live Movement,
KOTA CAHAYA,KCI,Jakarta,IDJKT,2026-08-17 21:00:00,0.935778,164.571436,Transit,0,1300.354,194.25,0,0,0,Vessel Live Movement,
KOTA CAHAYA,KCI,Jakarta,IDJKT,2026-08-18 00:00:00,1.06729,164.434452,Transit,0,1290.908,194.25,0,0,0,Vessel Live Movement,
KOTA CAHAYA,KCI,Jakarta,IDJKT,2026-08-18 03:00:00,1.198795,164.297457,Transit,0,1281.463,194.25,0,0,0,Vessel Live Movement,
KOTA CAHAYA,KCI,Jakarta,IDJKT,2026-08-18 06:00:00,1.330294,164.160448,Transit,0,1272.017,194.25,0,0,0,Vessel Live Movement,
KOTA CAHAYA,KCI,Jakarta,IDJKT,2026-08-18 09:00:00,1.461785,164.023425,Transit,0,1262.571,194.25,0,0,0,Vessel Live Movement,
KOTA CAHAYA,KCI,Jakarta,IDJKT,2026-08-18 12:00:00,1.593267,163.886385,Transit,0,1253.125,194.25,0,0,0,Vessel Live Movement,
KOTA CAHAYA,KCI,Jakarta,IDJKT,2026-08-18 15:00:00,1.724741,163.749329,Transit,0,1243.679,194.25,0,0,0,Vessel Live Movement,
KOTA CAHAYA,KCI,Jakarta,IDJKT,2026-08-18 18:00:00,1.856204,163.612253,Transit,0,1234.233,194.25,0,0,0,Vessel Live Movement,
KOTA CAHAYA,KCI,Jakarta,IDJKT,2026-08-18 21:00:00,1.987657,163.475157,Transit,0,1224.787,194.25,0,0,0,Vessel Live Movement,
KOTA CAHAYA,KCI,Jakarta,IDJKT,2026-08-19 00:00:00,2.119099,163.338039,Transit,0,1215.341,194.25,0,0,0,Vessel Live Movement,
KOTA CAHAYA,KCI,Jakarta,IDJKT,2026-08-19 03:00:00,2.250528,163.200898,Transit,0,1205.895,194.25,0,0,0,Vessel Live Movement,
KOTA CAHAYA,KCI,Jakarta,IDJKT,2026-08-19 06:00:00,2.381945,163.063732,Transit,0,1196.449,194.25,0,0,0,Vessel Live Movement,
KOTA CAHAYA,KCI,Jakarta,IDJKT,2026-08-19 09:00:00,2.513348,162.926539,Transit,0,1187.003,194.25,0,0,0,Vessel Live Movement,
KOTA CAHAYA,KCI,Jakarta,IDJKT,2026-08-19 12:00:00,2.644736,162.78932,Transit,0,1177.557,194.25,0,0,0,Vessel Live Movement,
KOTA CAHAYA,KCI,Jakarta,IDJKT,2026-08-19 15:00:00,2.77611,162.652071,Transit,0,1168.111,194.25,0,0,0,Vessel Live Movement,
KOTA CAHAYA,KCI,Jakarta,IDJKT,2026-08-19 18:00:00,2.907467,162.514791,Transit,0,1158.665,194.25,0,0,0,Vessel Live Movement,
KOTA CAHAYA,KCI,Jakarta,IDJKT,2026-08-19 21:00:00,3.038808,162.37748,Transit,0,1149.219,194.25,0,0,0,Vessel Live Movement,
KOTA CAHAYA,KCI,Jakarta,IDJKT,2026-08-20 00:00:00,3.170131,162.240135,Transit,0,1139.773,194.25,0,0,0,Vessel Live Movement,
KOTA CAHAYA,KCI,Jakarta,IDJKT,2026-08-20 03:00:00,3.301437,162.102756,Transit,0,1130.327,194.25,0,0,0,Vessel Live Movement,
KOTA CAHAYA,KCI,Jakarta,IDJKT,2026-08-20 06:00:00,3.432723,161.96534,Transit,0,1120.881,194.25,0,0,0,Vessel Live Movement,
KOTA CAHAYA,KCI,Jakarta,IDJKT,2026-08-20 09:00:00,3.563989,161.827886,Transit,0,1111.435,194.25,0,0,0,Vessel Live Movement,
KOTA CAHAYA,KCI,Jakarta,IDJKT,2026-08-20 12:00:00,3.695236,161.690393,Transit,0,1101.989,194.25,0,0,0,Vessel Live Movement,
KOTA CAHAYA,KCI,Jakarta,IDJKT,2026-08-20 15:00:00,3.82646,161.55286,Transit,0,1092.544,194.25,0,0,0,Vessel Live Movement,
KOTA CAHAYA,KCI,Jakarta,IDJKT,2026-08-20 18:00:00,3.957663,161.415284,Transit,0,1083.098,194.25,0,0,0,Vessel Live Movement,
KOTA CAHAYA,KCI,Jakarta,IDJKT,2026-08-20 21:00:00,4.088843,161.277664,Transit,0,1073.652,194.25,0,0,0,Vessel Live Movement,
KOTA CAHAYA,KCI,Jakarta,IDJKT,2026-08-21 00:00:00,4.220551,161.139688,Berthed,0,1072.077,194.25,0,0,0,Vessel Live Movement,
KOTA CAHAYA,KCI,Jakarta,IDJKT,2026-08-21 03:00:00,4.220472,161.141218,Berthed,0,1070.503,194.25,0,0,0,Vessel Live Movement,
KOTA CAHAYA,KCI,Jakarta,IDJKT,2026-08-21 06:00:00,4.222329,161.14006,Berthed,0,1068.929,194.25,0,0,0,Vessel Live Movement,
KOTA CAHAYA,KCI,Jakarta,IDJKT,2026-08-21 09:00:00,4.218293,161.139219,Berthed,0,1067.354,194.25,0,0,0,Vessel Live Movement,
KOTA CAHAYA,KCI,Jakarta,IDJKT,2026-08-21 12:00:00,4.221337,161.139684,Berthed,0,1065.78,194.25,0,0,0,Vessel Live Movement,
KOTA CAHAYA,KCI,Jakarta,IDJKT,2026-08-21 15:00:00,4.218905,161.140947,Berthed,0,1064.206,194.25,0,0,0,Vessel Live Movement,
KOTA CAHAYA,KCI,Jakarta,IDJKT,2026-08-21 18:00:00,4.218645,161.13946,Berthed,0,1062.631,194.25,0,0,0,Vessel Live Movement,
KOTA CAHAYA,KCI,Jakarta,IDJKT,2026-08-21 21:00:00,4.219145,161.138995,Berthed,0,1061.057,194.25,0,0,0,Vessel Live Movement,
KOTA CAHAYA,KCI,Semarang,IDSRG,2026-08-22 00:00:00,4.22,161.14,Transit,0,1051.611,194.25,0,0,0,Vessel Live Movement,
KOTA CAHAYA,KCI,Semarang,IDSRG,2026-08-22 03:00:00,5.325287,164.198149,Transit,0,1042.165,194.25,0,0,0,Vessel Live Movement,
KOTA CAHAYA,KCI,Semarang,IDSRG,2026-08-22 06:00:00,6.41544,167.267236,Transit,0,1032.719,194.25,0,0,0,Vessel Live Movement,
KOTA CAHAYA,KCI,Semarang,IDSRG,2026-08-22 09:00:00,7.487264,170.349368,Transit,0,1023.273,194.25,0,0,0,Vessel Live Movement,
KOTA CAHAYA,KCI,Semarang,IDSRG,2026-08-22 12:00:00,8.537569,173.446534,Transit,0,1013.827,194.25,0,0,0,Vessel Live Movement,
KOTA CAHAYA,KCI,Semarang,IDSRG,2026-08-22 15:00:00,9.563166,176.560586,Transit,0,1004.381,194.25,0,0,0,Vessel Live Movement,
KOTA CAHAYA,KCI,Semarang,IDSRG,2026-08-22 18:00:00,10.560875,179.693212,Transit,0,994.935,194.25,0,0,0,Vessel Live Movement,
KOTA CAHAYA,KCI,Semarang,IDSRG,2026-08-22 21:00:00,11.527534,-177.154082,Transit,0,985.489,194.25,0,0,0,Vessel Live Movement,
KOTA CAHAYA,KCI,Semarang,IDSRG,2026-08-23 00:00:00,12.460575,-173.979815,Berthed,0,983.915,194.25,0,0,0,Vessel Live Movement,
KOTA CAHAYA,KCI,Semarang,IDSRG,2026-08-23 03:00:00,12.458713,-173.980632,Berthed,0,982.341,194.25,0,0,0,Vessel Live Movement,
KOTA CAHAYA,KCI,Semarang,IDSRG,2026-08-23 06:00:00,12.459599,-173.98082,Berthed,0,980.766,194.25,0,0,0,Vessel Live Movement,
KOTA CAHAYA,KCI,Semarang,IDSRG,2026-08-23 09:00:00,12.460128,-173.980444,Berthed,0,979.192,194.25,0,0,0,Vessel Live Movement,
KOTA CAHAYA,KCI,Semarang,IDSRG,2026-08-23 12:00:00,12.459644,-173.981076,Berthed,0,977.618,194.25,0,0,0,Vessel Live Movement,
KOTA CAHAYA,KCI,Semarang,IDSRG,2026-08-23 15:00:00,12.459156,-173.979721,Berthed,0,976.043,194.25,0,0,0,Vessel Live Movement,
KOTA CAHAYA,KCI,Semarang,IDSRG,2026-08-23 18:00:00,12.459992,-173.980334,Berthed,0,974.469,194.25,0,0,0,Vessel Live Movement,
KOTA CAHAYA,KCI,Semarang,IDSRG,2026-08-23 21:00:00,12.460803,-173.97926,Berthed,0,972.895,194.25,0,0,0,Vessel Live Movement,
KOTA CAHAYA,KCI,Busan,KRPUS,2026-08-24 00:00:00,12.46,-173.98,Transit,0,963.449,194.25,0,0,0,Vessel Live Movement,
KOTA CAHAYA,KCI,Busan,KRPUS,2026-08-24 03:00:00,11.916176,-178.289802,Transit,0,954.003,194.25,0,0,0,Vessel Live Movement,
KOTA CAHAYA,KCI,Busan,KRPUS,2026-08-24 06:00:00,11.307157,177.41864,Transit,0,944.557,194.25,0,0,0,Vessel Live Movement,
KOTA CAHAYA,KCI,Busan,KRPUS,2026-08-24 09:00:00,10.636633,173.146186,Transit,0,935.111,194.25,0,0,0,Vessel Live Movement,
KOTA CAHAYA,KCI,Busan,KRPUS,2026-08-24 12:00:00,9.9086,168.893255,Transit,0,925.665,194.25,0,0,0,Vessel Live Movement,
KOTA CAHAYA,KCI,Busan,KRPUS,2026-08-24 15:00:00,9.12732,164.659834,Transit,0,916.219,194.25,0,0,0,Vessel Live Movement,
KOTA CAHAYA,KCI,Busan,KRPUS,2026-08-24 18:00:00,8.297289,160.445481,Transit,0,906.773,194.25,0,0,0,Vessel Live Movement,
KOTA CAHAYA,KCI,Busan,KRPUS,2026-08-24 21:00:00,7.423202,156.249354,Transit,0,897.327,194.25,0,0,0,Vessel Live Movement,
KOTA CAHAYA,KCI,Busan,KRPUS,2026-08-25 00:00:00,6.509919,152.070233,Transit,0,887.881,194.25,0,0,0,Vessel Live Movement,
KOTA CAHAYA,KCI,Busan,KRPUS,2026-08-25 03:00:00,5.562441,147.906558,Transit,0,878.435,194.25,0,0,0,Vessel Live Movement,
KOTA CAHAYA,KCI,Busan,KRPUS,2026-08-25 06:00:00,4.585879,143.756468,Transit,0,868.989,194.25,0,0,0,Vessel Live Movement,
KOTA CAHAYA,KCI,Busan,KRPUS,2026-08-25 09:00:00,3.585437,139.617839,Transit,0,859.543,194.25,0,0,0,Vessel Live Movement,
KOTA CAHAYA,KCI,Busan,KRPUS,2026-08-25 12:00:00,2.566385,135.488333,Transit,0,850.097,194.25,0,0,0,Vessel Live Movement,
KOTA CAHAYA,KCI,Busan,KRPUS,2026-08-25 15:00:00,1.534047,131.365444,Transit,0,840.652,194.25,0,0,0,Vessel Live Movement,
KOTA CAHAYA,KCI,Busan,KRPUS,2026-08-25 18:00:00,0.49378,127.246544,Transit,0,831.206,194.25,0,0,0,Vessel Live Movement,
KOTA CAHAYA,KCI,Busan,KRPUS,2026-08-25 21:00:00,-0.549037,123.128933,Transit,0,821.76,194.25,0,0,0,Vessel Live Movement,
KOTA CAHAYA,KCI,Busan,KRPUS,2026-08-26 00:00:00,-1.589018,119.009889,Transit,0,812.314,194.25,0,0,0,Vessel Live Movement,
KOTA CAHAYA,KCI,Busan,KRPUS,2026-08-26 03:00:00,-2.620786,114.886714,Transit,0,802.868,194.25,0,0,0,Vessel Live Movement,
KOTA CAHAYA,KCI,Busan,KRPUS,2026-08-26 06:00:00,-3.638985,110.756786,Transit,0,793.422,194.25,0,0,0,Vessel Live Movement,
KOTA CAHAYA,KCI,Busan,KRPUS,2026-08-26 09:00:00,-4.638293,106.617607,Transit,0,783.976,194.25,0,0,0,Vessel Live Movement,
KOTA CAHAYA,KCI,Busan,KRPUS,2026-08-26 12:00:00,-5.613443,102.466847,Transit,0,774.53,194.25,0,0,0,Vessel Live Movement,
KOTA CAHAYA,KCI,Busan,KRPUS,2026-08-26 15:00:00,-6.559236,98.302398,Transit,0,765.084,194.25,0,0,0,Vessel Live Movement,
KOTA CAHAYA,KCI,Busan,KRPUS,2026-08-26 18:00:00,-7.470565,94.122412,Transit,0,755.638,194.25,0,0,0,Vessel Live Movement,
KOTA CAHAYA,KCI,Busan,KRPUS,2026-08-26 21:00:00,-8.342437,89.925346,Transit,0,746.192,194.25,0,0,0,Vessel Live Movement,
KOTA CAHAYA,KCI,Busan,KRPUS,2026-08-27 00:00:00,-9.16942,85.708711,Berthed,0,744.618,194.25,0,0,0,Vessel Live Movement,
KOTA CAHAYA,KCI,Busan,KRPUS,2026-08-27 03:00:00,-9.170873,85.710286,Berthed,0,743.043,194.25,0,0,0,Vessel Live Movement,
KOTA CAHAYA,KCI,Busan,KRPUS,2026-08-27 06:00:00,-9.169842,85.710889,Berthed,0,741.469,194.25,0,0,0,Vessel Live Movement,
KOTA CAHAYA,KCI,Busan,KRPUS,2026-08-27 09:00:00,-9.169875,85.71,Berthed,0,739.895,194.25,0,0,0,Vessel Live Movement,
KOTA CAHAYA,KCI,Busan,KRPUS,2026-08-27 12:00:00,-9.170258,85.711446,Berthed,0,738.32,194.25,0,0,0,Vessel Live Movement,
KOTA CAHAYA,KCI,Busan,KRPUS,2026-08-27 15:00:00,-9.170402,85.709736,Berthed,0,736.746,194.25,0,0,0,Vessel Live Movement,
KOTA CAHAYA,KCI,Busan,KRPUS,2026-08-27 18:00:00,-9.170821,85.709328,Berthed,0,735.172,194.25,0,0,0,Vessel Live Movement,
KOTA CAHAYA,KCI,Busan,KRPUS,2026-08-27 21:00:00,-9.168362,85.710634,Berthed,0,733.597,194.25,0,0,0,Vessel Live Movement,
KOTA CAHAYA,KCI,Incheon,KRINC,2026-08-28 00:00:00,-9.17,85.71,Transit,0,724.151,194.25,0,0,0,Vessel Live Movement,
KOTA CAHAYA,KCI,Incheon,KRINC,2026-08-28 03:00:00,-8.03451,96.455717,Transit,0,714.706,194.25,0,0,0,Vessel Live Movement,
KOTA CAHAYA,KCI,Incheon,KRINC,2026-08-28 06:00:00,-6.62255,107.134584,Transit,0,705.26,194.25,0,0,0,Vessel Live Movement,
KOTA CAHAYA,KCI,Incheon,KRINC,2026-08-28 09:00:00,-4.984576,117.748017,Transit,0,695.814,194.25,0,0,0,Vessel Live Movement,
KOTA CAHAYA,KCI,Incheon,KRINC,2026-08-28 12:00:00,-3.17777,128.306239,Transit,0,686.368,194.25,0,0,0,Vessel Live Movement,
KOTA CAHAYA,KCI,Incheon,KRINC,2026-08-28 15:00:00,-1.263958,138.826665,Transit,0,676.922,194.25,0,0,0,Vessel Live Movement,
KOTA CAHAYA,KCI,Incheon,KRINC,2026-08-28 18:00:00,0.692273,149.331505,Transit,0,667.476,194.25,0,0,0,Vessel Live Movement,
KOTA CAHAYA,KCI,Incheon,KRINC,2026-08-28 21:00:00,2.625281,159.84492,Transit,0,658.03,194.25,0,0,0,Vessel Live Movement,
KOTA CAHAYA,KCI,Incheon,KRINC,2026-08-29 00:00:00,4.47065,170.390885,Berthed,0,1695.809,194.25,0,1039.354,0,Vessel Live Movement,
KOTA CAHAYA,KCI,Incheon,KRINC,2026-08-29 03:00:00,4.46889,170.390289,Berthed,0,1694.235,194.25,0,0,0,Vessel Live Movement,
KOTA CAHAYA,KCI,Incheon,KRINC,2026-08-29 06:00:00,4.47202,170.391903,Berthed,0,1692.661,194.25,0,0,0,Vessel Live Movement,
KOTA CAHAYA,KCI,Incheon,KRINC,2026-08-29 09:00:00,4.47136,170.390272,Berthed,0,1691.086,194.25,0,0,0,Vessel Live Movement,
KOTA CAHAYA,KCI,Incheon,KRINC,2026-08-29 12:00:00,4.469234,170.389849,Berthed,0,1689.512,194.25,0,0,0,Vessel Live Movement,
KOTA CAHAYA,KCI,Incheon,KRINC,2026-08-29 15:00:00,4.471763,170.390273,Berthed,0,1687.938,194.25,0,0,0,Vessel Live Movement,
KOTA CAHAYA,KCI,Incheon,KRINC,2026-08-29 18:00:00,4.469377,170.389087,Berthed,0,1686.363,194.25,0,0,0,Vessel Live Movement,
KOTA CAHAYA,KCI,Incheon,KRINC,2026-08-29 21:00:00,4.470147,170.390844,Berthed,0,1684.789,194.25,0,0,0,Vessel Live Movement,
KOTA CAHAYA,KCI,Shanghai,CNSHA,2026-08-30 00:00:00,4.47,170.39,Transit,0,1675.343,194.25,0,0,0,Vessel Live Movement,
KOTA CAHAYA,KCI,Shanghai,CNSHA,2026-08-30 03:00:00,4.932915,169.84881,Transit,0,1665.897,194.25,0,0,0,Vessel Live Movement,
KOTA CAHAYA,KCI,Shanghai,CNSHA,2026-08-30 06:00:00,5.395391,169.306864,Transit,0,1656.451,194.25,0,0,0,Vessel Live Movement,
KOTA CAHAYA,KCI,Shanghai,CNSHA,2026-08-30 09:00:00,5.857386,168.764092,Transit,0,1647.005,194.25,0,0,0,Vessel Live Movement,
KOTA CAHAYA,KCI,Shanghai,CNSHA,2026-08-30 12:00:00,6.318859,168.220422,Transit,0,1637.559,194.25,0,0,0,Vessel Live Movement,
KOTA CAHAYA,KCI,Shanghai,CNSHA,2026-08-30 15:00:00,6.779766,167.675782,Transit,0,1628.113,194.25,0,0,0,Vessel Live Movement,
KOTA CAHAYA,KCI,Shanghai,CNSHA,2026-08-30 18:00:00,7.240065,167.1301,Transit,0,1618.667,194.25,0,0,0,Vessel Live Movement,
KOTA CAHAYA,KCI,Shanghai,CNSHA,2026-08-30 21:00:00,7.699714,166.583303,Transit,0,1609.221,194.25,0,0,0,Vessel Live Movement,
KOTA CAHAYA,KCI,Shanghai,CNSHA,2026-08-31 00:00:00,8.158667,166.03532,Transit,0,1599.776,194.25,0,0,0,Vessel Live Movement,
KOTA CAHAYA,KCI,Shanghai,CNSHA,2026-08-31 03:00:00,8.616883,165.486078,Transit,0,1590.33,194.25,0,0,0,Vessel Live Movement,
KOTA CAHAYA,KCI,Shanghai,CNSHA,2026-08-31 06:00:00,9.074317,164.935504,Transit,0,1580.884,194.25,0,0,0,Vessel Live Movement,
KOTA CAHAYA,KCI,Shanghai,CNSHA,2026-08-31 09:00:00,9.530925,164.383526,Transit,0,1571.438,194.25,0,0,0,Vessel Live Movement,
KOTA CAHAYA,KCI,Shanghai,CNSHA,2026-08-31 12:00:00,9.986663,163.83007,Transit,0,1561.992,194.25,0,0,0,Vessel Live Movement,
KOTA CAHAYA,KCI,Shanghai,CNSHA,2026-08-31 15:00:00,10.441484,163.275063,Transit,0,1552.546,194.25,0,0,0,Vessel Live Movement,
KOTA CAHAYA,KCI,Shanghai,CNSHA,2026-08-31 18:00:00,10.895345,162.718431,Transit,0,1543.1,194.25,0,0,0,Vessel Live Movement,
KOTA CAHAYA,KCI,Shanghai,CNSHA,2026-08-31 21:00:00,11.348199,162.160102,Transit,0,1533.654,194.25,0,0,0,Vessel Live Movement,
KOTA CAHAYA,KCI,Shanghai,CNSHA,2026-09-01 00:00:00,11.79951,161.598236,Berthed,0,1532.08,194.25,0,0,0,Vessel Live Movement,
KOTA CAHAYA,KCI,Shanghai,CNSHA,2026-09-01 03:00:00,11.798861,161.599217,Berthed,0,1530.505,194.25,0,0,0,Vessel Live Movement,
KOTA CAHAYA,KCI,Shanghai,CNSHA,2026-09-01 06:00:00,11.799348,161.600602,Berthed,0,1528.931,194.25,0,0,0,Vessel Live Movement,
KOTA CAHAYA,KCI,Shanghai,CNSHA,2026-09-01 09:00:00,11.798626,161.601402,Berthed,0,1527.357,194.25,0,0,0,Vessel Live Movement,
KOTA CAHAYA,KCI,Shanghai,CNSHA,2026-09-01 12:00:00,11.800088,161.599362,Berthed,0,1525.782,194.25,0,0,0,Vessel Live Movement,
KOTA CAHAYA,KCI,Shanghai,CNSHA,2026-09-01 15:00:00,11.800954,161.598977,Berthed,0,1524.208,194.25,0,0,0,Vessel Live Movement,
KOTA CAHAYA,KCI,Shanghai,CNSHA,2026-09-01 18:00:00,11.800823,161.597768,Berthed,0,1522.634,194.25,0,0,0,Vessel Live Movement,
KOTA CAHAYA,KCI,Shanghai,CNSHA,2026-09-01 21:00:00,11.799882,161.601066,Berthed,0,1521.059,194.25,0,0,0,Vessel Live Movement,
KOTA CAHAYA,KCI,Ningbo,CNNGB,2026-09-02 00:00:00,11.8,161.6,Transit,0,1511.613,194.25,0,0,0,Vessel Live Movement,
KOTA CAHAYA,KCI,Ningbo,CNNGB,2026-09-02 03:00:00,10.869303,162.064015,Transit,0,1502.167,194.25,0,0,0,Vessel Live Movement,
KOTA CAHAYA,KCI,Ningbo,CNNGB,2026-09-02 06:00:00,9.937915,162.525144,Transit,0,1492.721,194.25,0,0,0,Vessel Live Movement,
KOTA CAHAYA,KCI,Ningbo,CNNGB,2026-09-02 09:00:00,9.005899,162.983652,Transit,0,1483.275,194.25,0,0,0,Vessel Live Movement,
KOTA CAHAYA,KCI,Ningbo,CNNGB,2026-09-02 12:00:00,8.073319,163.439802,Transit,0,1473.83,194.25,0,0,0,Vessel Live Movement,
KOTA CAHAYA,KCI,Ningbo,CNNGB,2026-09-02 15:00:00,7.140237,163.893849,Transit,0,1464.384,194.25,0,0,0,Vessel Live Movement,
KOTA CAHAYA,KCI,Ningbo,CNNGB,2026-09-02 18:00:00,6.206712,164.346046,Transit,0,1454.938,194.25,0,0,0,Vessel Live Movement,
KOTA CAHAYA,KCI,Ningbo,CNNGB,2026-09-02 21:00:00,5.272805,164.796644,Transit,0,1445.492,194.25,0,0,0,Vessel Live Movement,
KOTA CAHAYA,KCI,Ningbo,CNNGB,2026-09-03 00:00:00,4.338575,165.245888,Transit,0,1436.046,194.25,0,0,0,Vessel Live Movement,
KOTA CAHAYA,KCI,Ningbo,CNNGB,2026-09-03 03:00:00,3.40408,165.694021,Transit,0,1426.6,194.25,0,0,0,Vessel Live Movement,
KOTA CAHAYA,KCI,Ningbo,CNNGB,2026-09-03 06:00:00,2.469377,166.141285,Transit,0,1417.154,194.25,0,0,0,Vessel Live Movement,
KOTA CAHAYA,KCI,Ningbo,CNNGB,2026-09-03 09:00:00,1.534525,166.587921,Transit,0,1407.708,194.25,0,0,0,Vessel Live Movement,
KOTA CAHAYA,KCI,Ningbo,CNNGB,2026-09-03 12:00:00,0.599579,167.034166,Transit,0,1398.262,194.25,0,0,0,Vessel Live Movement,
KOTA CAHAYA,KCI,Ningbo,CNNGB,2026-09-03 15:00:00,-0.335403,167.480259,Transit,0,1388.816,194.25,0,0,0,Vessel Live Movement,
KOTA CAHAYA,KCI,Ningbo,CNNGB,2026-09-03 18:00:00,-1.270365,167.926437,Transit,0,1379.37,194.25,0,0,0,Vessel Live Movement,
KOTA CAHAYA,KCI,Ningbo,CNNGB,2026-09-03 21:00:00,-2.205249,168.372938,Transit,0,1369.924,194.25,0,0,0,Vessel Live Movement,
KOTA CAHAYA,KCI,Ningbo,CNNGB,2026-09-04 00:00:00,-3.140525,168.820142,Berthed,0,1368.35,194.25,0,0,0,Vessel Live Movement,
KOTA CAHAYA,KCI,Ningbo,CNNGB,2026-09-04 03:00:00,-3.139596,168.818798,Berthed,0,1366.775,194.25,0,0,0,Vessel Live Movement,
KOTA CAHAYA,KCI,Ningbo,CNNGB,2026-09-04 06:00:00,-3.141123,168.818992,Berthed,0,1365.201,194.25,0,0,0,Vessel Live Movement,
KOTA CAHAYA,KCI,Ningbo,CNNGB,2026-09-04 09:00:00,-3.140253,168.82101,Berthed,0,1363.627,194.25,0,0,0,Vessel Live Movement,
KOTA CAHAYA,KCI,Ningbo,CNNGB,2026-09-04 12:00:00,-3.138517,168.820778,Berthed,0,1362.052,194.25,0,0,0,Vessel Live Movement,
KOTA CAHAYA,KCI,Ningbo,CNNGB,2026-09-04 15:00:00,-3.139641,168.820567,Berthed,0,1360.478,194.25,0,0,0,Vessel Live Movement,
KOTA CAHAYA,KCI,Ningbo,CNNGB,2026-09-04 18:00:00,-3.14113,168.820632,Berthed,0,1358.904,194.25,0,0,0,Vessel Live Movement,
KOTA CAHAYA,KCI,Ningbo,CNNGB,2026-09-04 21:00:00,-3.140984,168.818454,Berthed,0,1357.329,194.25,0,0,0,Vessel Live Movement,
KOTA CAHAYA,KCI,Jakarta,IDJKT,2026-09-05 00:00:00,-3.14,168.82,Transit,0,1347.884,194.25,0,0,0,Vessel Live Movement,
KOTA CAHAYA,KCI,Jakarta,IDJKT,2026-09-05 03:00:00,-3.008673,168.682663,Transit,0,1338.438,194.25,0,0,0,Vessel Live Movement,
KOTA CAHAYA,KCI,Jakarta,IDJKT,2026-09-05 06:00:00,-2.877328,168.545359,Transit,0,1328.992,194.25,0,0,0,Vessel Live Movement,
KOTA CAHAYA,KCI,Jakarta,IDJKT,2026-09-05 09:00:00,-2.745967,168.408087,Transit,0,1319.546,194.25,0,0,0,Vessel Live Movement,
KOTA CAHAYA,KCI,Jakarta,IDJKT,2026-09-05 12:00:00,-2.61459,168.270845,Transit,0,1310.1,194.25,0,0,0,Vessel Live Movement,
KOTA CAHAYA,KCI,Jakarta,IDJKT,2026-09-05 15:00:00,-2.483198,168.133632,Transit,0,1300.654,194.25,0,0,0,Vessel Live Movement,
KOTA CAHAYA,KCI,Jakarta,IDJKT,2026-09-05 18:00:00,-2.351792,167.996446,Transit,0,1291.208,194.25,0,0,0,Vessel Live Movement,
KOTA CAHAYA,KCI,Jakarta,IDJKT,2026-09-05 21:00:00,-2.220372,167.859285,Transit,0,1281.762,194.25,0,0,0,Vessel Live Movement,
KOTA CAHAYA,KCI,Jakarta,IDJKT,2026-09-06 00:00:00,-2.08894,167.72215,Transit,0,1272.316,194.25,0,0,0,Vessel Live Movement,
KOTA CAHAYA,KCI,Jakarta,IDJKT,2026-09-06 03:00:00,-1.957496,167.585037,Transit,0,1262.87,194.25,0,0,0,Vessel Live Movement,
KOTA CAHAYA,KCI,Jakarta,IDJKT,2026-09-06 06:00:00,-1.82604,167.447946,Transit,0,1253.424,194.25,0,0,0,Vessel Live Movement,
KOTA CAHAYA,KCI,Jakarta,IDJKT,2026-09-06 09:00:00,-1.694574,167.310874,Transit,0,1243.978,194.25,0,0,0,Vessel Live Movement,
KOTA CAHAYA,KCI,Jakarta,IDJKT,2026-09-06 12:00:00,-1.563099,167.173822,Transit,0,1234.532,194.25,0,0,0,Vessel Live Movement,
KOTA CAHAYA,KCI,Jakarta,IDJKT,2026-09-06 15:00:00,-1.431614,167.036786,Transit,0,1225.086,194.25,0,0,0,Vessel Live Movement,
KOTA CAHAYA,KCI,Jakarta,IDJKT,2026-09-06 18:00:00,-1.300121,166.899766,Transit,0,1215.64,194.25,0,0,0,Vessel Live Movement,
KOTA CAHAYA,KCI,Jakarta,IDJKT,2026-09-06 21:00:00,-1.168621,166.762761,Transit,0,1206.194,194.25,0,0,0,Vessel Live Movement,
KOTA CAHAYA,KCI,Jakarta,IDJKT,2026-09-07 00:00:00,-1.037114,166.625768,Transit,0,1196.748,194.25,0,0,0,Vessel Live Movement,
KOTA CAHAYA,KCI,Jakarta,IDJKT,2026-09-07 03:00:00,-0.905602,166.488787,Transit,0,1187.302,194.25,0,0,0,Vessel Live Movement,
KOTA CAHAYA,KCI,Jakarta,IDJKT,2026-09-07 06:00:00,-0.774084,166.351816,Transit,0,1177.856,194.25,0,0,0,Vessel Live Movement,
KOTA CAHAYA,KCI,Jakarta,IDJKT,2026-09-07 09:00:00,-0.642561,166.214853,Transit,0,1168.41,194.25,0,0,0,Vessel Live Movement,
KOTA CAHAYA,KCI,Jakarta,IDJKT,2026-09-07 12:00:00,-0.511035,166.077897,Transit,0,1158.965,194.25,0,0,0,Vessel Live Movement,
KOTA CAHAYA,KCI,Jakarta,IDJKT,2026-09-07 15:00:00,-0.379506,165.940947,Transit,0,1149.519,194.25,0,0,0,Vessel Live Movement,
KOTA CAHAYA,KCI,Jakarta,IDJKT,2026-09-07 18:00:00,-0.247975,165.804001,Transit,0,1140.073,194.25,0,0,0,Vessel Live Movement,
KOTA CAHAYA,KCI,Jakarta,IDJKT,2026-09-07 21:00:00,-0.116443,165.667057,Transit,0,1130.627,194.25,0,0,0,Vessel Live Movement,
KOTA CAHAYA,KCI,Jakarta,IDJKT,2026-09-08 00:00:00,0.015091,165.530115,Transit,0,1121.181,194.25,0,0,0,Vessel Live Movement,
KOTA CAHAYA,KCI,Jakarta,IDJKT,2026-09-08 03:00:00,0.146624,165.393173,Transit,0,1111.735,194.25,0,0,0,Vessel Live Movement,
KOTA CAHAYA,KCI,Jakarta,IDJKT,2026-09-08 06:00:00,0.278156,165.256229,Transit,0,1102.289,194.25,0,0,0,Vessel Live Movement,
KOTA CAHAYA,KCI,Jakarta,IDJKT,2026-09-08 09:00:00,0.409687,165.119283,Transit,0,1092.843,194.25,0,0,0,Vessel Live Movement,
KOTA CAHAYA,KCI,Jakarta,IDJKT,2026-09-08 12:00:00,0.541215,164.982331,Transit,0,1083.397,194.25,0,0,0,Vessel Live Movement,
KOTA CAHAYA,KCI,Jakarta,IDJKT,2026-09-08 15:00:00,0.67274,164.845374,Transit,0,1073.951,194.25,0,0,0,Vessel Live Movement,
KOTA CAHAYA,KCI,Jakarta,IDJKT,2026-09-08 18:00:00,0.804262,164.708409,Transit,0,1064.505,194.25,0,0,0,Vessel Live Movement,
KOTA CAHAYA,KCI,Jakarta,IDJKT,2026-09-08 21:00:00,0.935778,164.571436,Transit,0,1055.059,194.25,0,0,0,Vessel Live Movement,
KOTA CAHAYA,KCI,Jakarta,IDJKT,2026-09-09 00:00:00,1.06729,164.434452,Transit,0,1045.613,194.25,0,0,0,Vessel Live Movement,
KOTA CAHAYA,KCI,Jakarta,IDJKT,2026-09-09 03:00:00,1.198795,164.297457,Transit,0,1036.167,194.25,0,0,0,Vessel Live Movement,
KOTA CAHAYA,KCI,Jakarta,IDJKT,2026-09-09 06:00:00,1.330294,164.160448,Transit,0,1026.721,194.25,0,0,0,Vessel Live Movement,
KOTA CAHAYA,KCI,Jakarta,IDJKT,2026-09-09 09:00:00,1.461785,164.023425,Transit,0,1017.275,194.25,0,0,0,Vessel Live Movement,
KOTA CAHAYA,KCI,Jakarta,IDJKT,2026-09-09 12:00:00,1.593267,163.886385,Transit,0,1007.829,194.25,0,0,0,Vessel Live Movement,
KOTA CAHAYA,KCI,Jakarta,IDJKT,2026-09-09 15:00:00,1.724741,163.749329,Transit,0,998.383,194.25,0,0,0,Vessel Live Movement,
KOTA CAHAYA,KCI,Jakarta,IDJKT,2026-09-09 18:00:00,1.856204,163.612253,Transit,0,988.937,194.25,0,0,0,Vessel Live Movement,
KOTA CAHAYA,KCI,Jakarta,IDJKT,2026-09-09 21:00:00,1.987657,163.475157,Transit,0,979.491,194.25,0,0,0,Vessel Live Movement,
KOTA CAHAYA,KCI,Jakarta,IDJKT,2026-09-10 00:00:00,2.119099,163.338039,Transit,0,970.046,194.25,0,0,0,Vessel Live Movement,
KOTA CAHAYA,KCI,Jakarta,IDJKT,2026-09-10 03:00:00,2.250528,163.200898,Transit,0,960.6,194.25,0,0,0,Vessel Live Movement,
KOTA CAHAYA,KCI,Jakarta,IDJKT,2026-09-10 06:00:00,2.381945,163.063732,Transit,0,951.154,194.25,0,0,0,Vessel Live Movement,
KOTA CAHAYA,KCI,Jakarta,IDJKT,2026-09-10 09:00:00,2.513348,162.926539,Transit,0,941.708,194.25,0,0,0,Vessel Live Movement,
KOTA CAHAYA,KCI,Jakarta,IDJKT,2026-09-10 12:00:00,2.644736,162.78932,Transit,0,932.262,194.25,0,0,0,Vessel Live Movement,
KOTA CAHAYA,KCI,Jakarta,IDJKT,2026-09-10 15:00:00,2.77611,162.652071,Transit,0,922.816,194.25,0,0,0,Vessel Live Movement,
KOTA CAHAYA,KCI,Jakarta,IDJKT,2026-09-10 18:00:00,2.907467,162.514791,Transit,0,913.37,194.25,0,0,0,Vessel Live Movement,
KOTA CAHAYA,KCI,Jakarta,IDJKT,2026-09-10 21:00:00,3.038808,162.37748,Transit,0,903.924,194.25,0,0,0,Vessel Live Movement,
KOTA CAHAYA,KCI,Jakarta,IDJKT,2026-09-11 00:00:00,3.170131,162.240135,Transit,0,894.478,194.25,0,0,0,Vessel Live Movement,
KOTA CAHAYA,KCI,Jakarta,IDJKT,2026-09-11 03:00:00,3.301437,162.102756,Transit,0,885.032,194.25,0,0,0,Vessel Live Movement,
KOTA CAHAYA,KCI,Jakarta,IDJKT,2026-09-11 06:00:00,3.432723,161.96534,Transit,0,875.586,194.25,0,0,0,Vessel Live Movement,
KOTA CAHAYA,KCI,Jakarta,IDJKT,2026-09-11 09:00:00,3.563989,161.827886,Transit,0,866.14,194.25,0,0,0,Vessel Live Movement,
KOTA CAHAYA,KCI,Jakarta,IDJKT,2026-09-11 12:00:00,3.695236,161.690393,Transit,0,856.694,194.25,0,0,0,Vessel Live Movement,
KOTA CAHAYA,KCI,Jakarta,IDJKT,2026-09-11 15:00:00,3.82646,161.55286,Transit,0,847.248,194.25,0,0,0,Vessel Live Movement,
KOTA CAHAYA,KCI,Jakarta,IDJKT,2026-09-11 18:00:00,3.957663,161.415284,Transit,0,837.802,194.25,0,0,0,Vessel Live Movement,
KOTA CAHAYA,KCI,Jakarta,IDJKT,2026-09-11 21:00:00,4.088843,161.277664,Transit,0,828.356,194.25,0,0,0,Vessel Live Movement,
KOTA CAHAYA,KCI,Jakarta,IDJKT,2026-09-12 00:00:00,4.220378,161.1393,Berthed,0,826.782,194.25,0,0,0,Vessel Live Movement,
KOTA CAHAYA,KCI,Jakarta,IDJKT,2026-09-12 03:00:00,4.219649,161.140693,Berthed,0,825.208,194.25,0,0,0,Vessel Live Movement,
KOTA CAHAYA,KCI,Jakarta,IDJKT,2026-09-12 06:00:00,4.21881,161.138934,Berthed,0,823.633,194.25,0,0,0,Vessel Live Movement,
KOTA CAHAYA,KCI,Jakarta,IDJKT,2026-09-12 09:00:00,4.219116,161.141029,Berthed,0,822.059,194.25,0,0,0,Vessel Live Movement,
KOTA CAHAYA,KCI,Jakarta,IDJKT,2026-09-12 12:00:00,4.219336,161.13947,Berthed,0,820.485,194.25,0,0,0,Vessel Live Movement,
KOTA CAHAYA,KCI,Jakarta,IDJKT,2026-09-12 15:00:00,4.221891,161.14181,Berthed,0,818.91,194.25,0,0,0,Vessel Live Movement,
KOTA CAHAYA,KCI,Jakarta,IDJKT,2026-09-12 18:00:00,4.219921,161.141101,Berthed,0,817.336,194.25,0,0,0,Vessel Live Movement,
KOTA CAHAYA,KCI,Jakarta,IDJKT,2026-09-12 21:00:00,4.221828,161.138232,Berthed,0,815.762,194.25,0,0,0,Vessel Live Movement,
KOTA CAHAYA,KCI,Semarang,IDSRG,2026-09-13 00:00:00,4.22,161.14,Transit,0,806.316,194.25,0,0,0,Vessel Live Movement,
KOTA CAHAYA,KCI,Semarang,IDSRG,2026-09-13 03:00:00,5.325287,164.198149,Transit,0,796.87,194.25,0,0,0,Vessel Live Movement,
KOTA CAHAYA,KCI,Semarang,IDSRG,2026-09-13 06:00:00,6.41544,167.267236,Transit,0,787.424,194.25,0,0,0,Vessel Live Movement,
KOTA CAHAYA,KCI,Semarang,IDSRG,2026-09-13 09:00:00,7.487264,170.349368,Transit,0,777.978,194.25,0,0,0,Vessel Live Movement,
KOTA CAHAYA,KCI,Semarang,IDSRG,2026-09-13 12:00:00,8.537569,173.446534,Transit,0,768.532,194.25,0,0,0,Vessel Live Movement,
KOTA CAHAYA,KCI,Semarang,IDSRG,2026-09-13 15:00:00,9.563166,176.560586,Transit,0,759.086,194.25,0,0,0,Vessel Live Movement,
KOTA CAHAYA,KCI,Semarang,IDSRG,2026-09-13 18:00:00,10.560875,179.693212,Transit,0,749.64,194.25,0,0,0,Vessel Live Movement,
KOTA CAHAYA,KCI,Semarang,IDSRG,2026-09-13 21:00:00,11.527534,-177.154082,Transit,0,740.194,194.25,0,0,0,Vessel Live Movement,
KOTA CAHAYA,KCI,Semarang,IDSRG,2026-09-14 00:00:00,12.461327,-173.98088,Berthed,0,738.62,194.25,0,0,0,Vessel Live Movement,
KOTA CAHAYA,KCI,Semarang,IDSRG,2026-09-14 03:00:00,12.460385,-173.980626,Berthed,0,737.045,194.25,0,0,0,Vessel Live Movement,
KOTA CAHAYA,KCI,Semarang,IDSRG,2026-09-14 06:00:00,12.459478,-173.979976,Berthed,0,735.471,194.25,0,0,0,Vessel Live Movement,
KOTA CAHAYA,KCI,Semarang,IDSRG,2026-09-14 09:00:00,12.461251,-173.980328,Berthed,0,733.897,194.25,0,0,0,Vessel Live Movement,
KOTA CAHAYA,KCI,Semarang,IDSRG,2026-09-14 12:00:00,12.460123,-173.980348,Berthed,0,732.322,194.25,0,0,0,Vessel Live Movement,
KOTA CAHAYA,KCI,Semarang,IDSRG,2026-09-14 15:00:00,12.460375,-173.979665,Berthed,0,730.748,194.25,0,0,0,Vessel Live Movement,
KOTA CAHAYA,KCI,Semarang,IDSRG,2026-09-14 18:00:00,12.460823,-173.977554,Berthed,0,729.174,194.25,0,0,0,Vessel Live Movement,
KOTA CAHAYA,KCI,Semarang,IDSRG,2026-09-14 21:00:00,12.458667,-173.978147,Berthed,0,727.599,194.25,0,0,0,Vessel Live Movement,
KOTA CAHAYA,KCI,Busan,KRPUS,2026-09-15 00:00:00,12.46,-173.98,Transit,0,718.154,194.25,0,0,0,Vessel Live Movement,
KOTA CAHAYA,KCI,Busan,KRPUS,2026-09-15 03:00:00,11.916176,-178.289802,Transit,0,708.708,194.25,0,0,0,Vessel Live Movement,
KOTA CAHAYA,KCI,Busan,KRPUS,2026-09-15 06:00:00,11.307157,177.41864,Transit,0,699.262,194.25,0,0,0,Vessel Live Movement,
KOTA CAHAYA,KCI,Busan,KRPUS,2026-09-15 09:00:00,10.636633,173.146186,Transit,0,689.816,194.25,0,0,0,Vessel Live Movement,
KOTA CAHAYA,KCI,Busan,KRPUS,2026-09-15 12:00:00,9.9086,168.893255,Transit,0,680.37,194.25,0,0,0,Vessel Live Movement,
KOTA CAHAYA,KCI,Busan,KRPUS,2026-09-15 15:00:00,9.12732,164.659834,Transit,0,670.924,194.25,0,0,0,Vessel Live Movement,
KOTA CAHAYA,KCI,Busan,KRPUS,2026-09-15 18:00:00,8.297289,160.445481,Transit,0,661.478,194.25,0,0,0,Vessel Live Movement,
KOTA CAHAYA,KCI,Busan,KRPUS,2026-09-15 21:00:00,7.423202,156.249354,Transit,0,652.032,194.25,0,0,0,Vessel Live Movement,
KOTA CAHAYA,KCI,Busan,KRPUS,2026-09-16 00:00:00,6.509919,152.070233,Transit,0,642.586,194.25,0,0,0,Vessel Live Movement,
KOTA CAHAYA,KCI,Busan,KRPUS,2026-09-16 03:00:00,5.562441,147.906558,Transit,0,633.14,194.25,0,0,0,Vessel Live Movement,
KOTA CAHAYA,KCI,Busan,KRPUS,2026-09-16 06:00:00,4.585879,143.756468,Transit,0,623.694,194.25,0,0,0,Vessel Live Movement,
KOTA CAHAYA,KCI,Busan,KRPUS,2026-09-16 09:00:00,3.585437,139.617839,Transit,0,614.248,194.25,0,0,0,Vessel Live Movement,
KOTA CAHAYA,KCI,Busan,KRPUS,2026-09-16 12:00:00,2.566385,135.488333,Transit,0,604.802,194.25,0,0,0,Vessel Live Movement,
KOTA CAHAYA,KCI,Busan,KRPUS,2026-09-16 15:00:00,1.534047,131.365444,Transit,0,595.356,194.25,0,0,0,Vessel Live Movement,
KOTA CAHAYA,KCI,Busan,KRPUS,2026-09-16 18:00:00,0.49378,127.246544,Transit,0,585.91,194.25,0,0,0,Vessel Live Movement,
KOTA CAHAYA,KCI,Busan,KRPUS,2026-09-16 21:00:00,-0.549037,123.128933,Transit,0,576.464,194.25,0,0,0,Vessel Live Movement,
KOTA CAHAYA,KCI,Busan,KRPUS,2026-09-17 00:00:00,-1.589018,119.009889,Transit,0,567.018,194.25,0,0,0,Vessel Live Movement,
KOTA CAHAYA,KCI,Busan,KRPUS,2026-09-17 03:00:00,-2.620786,114.886714,Transit,0,557.572,194.25,0,0,0,Vessel Live Movement,
KOTA CAHAYA,KCI,Busan,KRPUS,2026-09-17 06:00:00,-3.638985,110.756786,Transit,0,548.126,194.25,0,0,0,Vessel Live Movement,
KOTA CAHAYA,KCI,Busan,KRPUS,2026-09-17 09:00:00,-4.638293,106.617607,Transit,0,538.68,194.25,0,0,0,Vessel Live Movement,
KOTA CAHAYA,KCI,Busan,KRPUS,2026-09-17 12:00:00,-5.613443,102.466847,Transit,0,529.235,194.25,0,0,0,Vessel Live Movement,
KOTA CAHAYA,KCI,Busan,KRPUS,2026-09-17 15:00:00,-6.559236,98.302398,Transit,0,519.789,194.25,0,0,0,Vessel Live Movement,
KOTA CAHAYA,KCI,Busan,KRPUS,2026-09-17 18:00:00,-7.470565,94.122412,Transit,0,510.343,194.25,0,0,0,Vessel Live Movement,
KOTA CAHAYA,KCI,Busan,KRPUS,2026-09-17 21:00:00,-8.342437,89.925346,Transit,0,500.897,194.25,0,0,0,Vessel Live Movement,
KOTA CAHAYA,KCI,Busan,KRPUS,2026-09-18 00:00:00,-9.171035,85.709165,Berthed,0,1393.159,194.25,0,893.837,0,Vessel Live Movement,
KOTA CAHAYA,KCI,Busan,KRPUS,2026-09-18 03:00:00,-9.17132,85.71229,Berthed,0,1391.585,194.25,0,0,0,Vessel Live Movement,
KOTA CAHAYA,KCI,Busan,KRPUS,2026-09-18 06:00:00,-9.1695,85.709343,Berthed,0,1390.011,194.25,0,0,0,Vessel Live Movement,
KOTA CAHAYA,KCI,Busan,KRPUS,2026-09-18 09:00:00,-9.170944,85.710976,Berthed,0,1388.436,194.25,0,0,0,Vessel Live Movement,
KOTA CAHAYA,KCI,Busan,KRPUS,2026-09-18 12:00:00,-9.170138,85.708749,Berthed,0,1386.862,194.25,0,0,0,Vessel Live Movement,
KOTA CAHAYA,KCI,Busan,KRPUS,2026-09-18 15:00:00,-9.17202,85.711301,Berthed,0,1385.288,194.25,0,0,0,Vessel Live Movement,
KOTA CAHAYA,KCI,Busan,KRPUS,2026-09-18 18:00:00,-9.169791,85.710494,Berthed,0,1383.713,194.25,0,0,0,Vessel Live Movement,
KOTA CAHAYA,KCI,Busan,KRPUS,2026-09-18 21:00:00,-9.172284,85.710341,Berthed,0,1382.139,194.25,0,0,0,Vessel Live Movement,
KOTA CAHAYA,KCI,Incheon,KRINC,2026-09-19 00:00:00,-9.17,85.71,Transit,0,1372.693,194.25,0,0,0,Vessel Live Movement,
KOTA CAHAYA,KCI,Incheon,KRINC,2026-09-19 03:00:00,-8.03451,96.455717,Transit,0,1363.247,194.25,0,0,0,Vessel Live Movement,
KOTA CAHAYA,KCI,Incheon,KRINC,2026-09-19 06:00:00,-6.62255,107.134584,Transit,0,1353.801,194.25,0,0,0,Vessel Live Movement,
KOTA CAHAYA,KCI,Incheon,KRINC,2026-09-19 09:00:00,-4.984576,117.748017,Transit,0,1344.355,194.25,0,0,0,Vessel Live Movement,
KOTA CAHAYA,KCI,Incheon,KRINC,2026-09-19 12:00:00,-3.17777,128.306239,Transit,0,1334.909,194.25,0,0,0,Vessel Live Movement,
KOTA CAHAYA,KCI,Incheon,KRINC,2026-09-19 15:00:00,-1.263958,138.826665,Transit,0,1325.463,194.25,0,0,0,Vessel Live Movement,
KOTA CAHAYA,KCI,Incheon,KRINC,2026-09-19 18:00:00,0.692273,149.331505,Transit,0,1316.017,194.25,0,0,0,Vessel Live Movement,
KOTA CAHAYA,KCI,Incheon,KRINC,2026-09-19 21:00:00,2.625281,159.84492,Transit,0,1306.571,194.25,0,0,0,Vessel Live Movement,
KOTA CAHAYA,KCI,Incheon,KRINC,2026-09-20 00:00:00,4.469851,170.392621,Berthed,0,1304.997,194.25,0,0,0,Vessel Live Movement,
KOTA CAHAYA,KCI,Incheon,KRINC,2026-09-20 03:00:00,4.472068,170.391977,Berthed,0,1303.423,194.25,0,0,0,Vessel Live Movement,
KOTA CAHAYA,KCI,Incheon,KRINC,2026-09-20 06:00:00,4.470693,170.38841,Berthed,0,1301.848,194.25,0,0,0,Vessel Live Movement,
KOTA CAHAYA,KCI,Incheon,KRINC,2026-09-20 09:00:00,4.469963,170.389046,Berthed,0,1300.274,194.25,0,0,0,Vessel Live Movement,
KOTA CAHAYA,KCI,Incheon,KRINC,2026-09-20 12:00:00,4.471301,170.390982,Berthed,0,1298.7,194.25,0,0,0,Vessel Live Movement,
KOTA CAHAYA,KCI,Incheon,KRINC,2026-09-20 15:00:00,4.470552,170.390251,Berthed,0,1297.125,194.25,0,0,0,Vessel Live Movement,
KOTA CAHAYA,KCI,Incheon,KRINC,2026-09-20 18:00:00,4.469947,170.389304,Berthed,0,1295.551,194.25,0,0,0,Vessel Live Movement,
KOTA CAHAYA,KCI,Incheon,KRINC,2026-09-20 21:00:00,4.469443,170.390072,Berthed,0,1293.977,194.25,0,0,0,Vessel Live Movement,
KOTA CAHAYA,KCI,Shanghai,CNSHA,2026-09-21 00:00:00,4.47,170.39,Transit,0,1284.531,194.25,0,0,0,Vessel Live Movement,
KOTA CAHAYA,KCI,Shanghai,CNSHA,2026-09-21 03:00:00,4.932915,169.84881,Transit,0,1275.085,194.25,0,0,0,Vessel Live Movement,
KOTA CAHAYA,KCI,Shanghai,CNSHA,2026-09-21 06:00:00,5.395391,169.306864,Transit,0,1265.639,194.25,0,0,0,Vessel Live Movement,
KOTA CAHAYA,KCI,Shanghai,CNSHA,2026-09-21 09:00:00,5.857386,168.764092,Transit,0,1256.193,194.25,0,0,0,Vessel Live Movement,
KOTA CAHAYA,KCI,Shanghai,CNSHA,2026-09-21 12:00:00,6.318859,168.220422,Transit,0,1246.747,194.25,0,0,0,Vessel Live Movement,
KOTA CAHAYA,KCI,Shanghai,CNSHA,2026-09-21 15:00:00,6.779766,167.675782,Transit,0,1237.301,194.25,0,0,0,Vessel Live Movement,
KOTA CAHAYA,KCI,Shanghai,CNSHA,2026-09-21 18:00:00,7.240065,167.1301,Transit,0,1227.855,194.25,0,0,0,Vessel Live Movement,
KOTA CAHAYA,KCI,Shanghai,CNSHA,2026-09-21 21:00:00,7.699714,166.583303,Transit,0,1218.409,194.25,0,0,0,Vessel Live Movement,
KOTA CAHAYA,KCI,Shanghai,CNSHA,2026-09-22 00:00:00,8.158667,166.03532,Transit,0,1208.963,194.25,0,0,0,Vessel Live Movement,
KOTA CAHAYA,KCI,Shanghai,CNSHA,2026-09-22 03:00:00,8.616883,165.486078,Transit,0,1199.517,194.25,0,0,0,Vessel Live Movement,
KOTA CAHAYA,KCI,Shanghai,CNSHA,2026-09-22 06:00:00,9.074317,164.935504,Transit,0,1190.071,194.25,0,0,0,Vessel Live Movement,
KOTA CAHAYA,KCI,Shanghai,CNSHA,2026-09-22 09:00:00,9.530925,164.383526,Transit,0,1180.625,194.25,0,0,0,Vessel Live Movement,
KOTA CAHAYA,KCI,Shanghai,CNSHA,2026-09-22 12:00:00,9.986663,163.83007,Transit,0,1171.179,194.25,0,0,0,Vessel Live Movement,
KOTA CAHAYA,KCI,Shanghai,CNSHA,2026-09-22 15:00:00,10.441484,163.275063,Transit,0,1161.733,194.25,0,0,0,Vessel Live Movement,
KOTA CAHAYA,KCI,Shanghai,CNSHA,2026-09-22 18:00:00,10.895345,162.718431,Transit,0,1152.287,194.25,0,0,0,Vessel Live Movement,
KOTA CAHAYA,KCI,Shanghai,CNSHA,2026-09-22 21:00:00,11.348199,162.160102,Transit,0,1142.841,194.25,0,0,0,Vessel Live Movement,
KOTA CAHAYA,KCI,Shanghai,CNSHA,2026-09-23 00:00:00,11.80037,161.599791,Berthed,0,1141.267,194.25,0,0,0,Vessel Live Movement,
KOTA CAHAYA,KCI,Shanghai,CNSHA,2026-09-23 03:00:00,11.798349,161.600029,Berthed,0,1139.693,194.25,0,0,0,Vessel Live Movement,
KOTA CAHAYA,KCI,Shanghai,CNSHA,2026-09-23 06:00:00,11.800971,161.600568,Berthed,0,1138.119,194.25,0,0,0,Vessel Live Movement,
KOTA CAHAYA,KCI,Shanghai,CNSHA,2026-09-23 09:00:00,11.800685,161.599864,Berthed,0,1136.544,194.25,0,0,0,Vessel Live Movement,
KOTA CAHAYA,KCI,Shanghai,CNSHA,2026-09-23 12:00:00,11.799704,161.60008,Berthed,0,1134.97,194.25,0,0,0,Vessel Live Movement,
KOTA CAHAYA,KCI,Shanghai,CNSHA,2026-09-23 15:00:00,11.799433,161.599095,Berthed,0,1133.396,194.25,0,0,0,Vessel Live Movement,
KOTA CAHAYA,KCI,Shanghai,CNSHA,2026-09-23 18:00:00,11.801272,161.600902,Berthed,0,1131.821,194.25,0,0,0,Vessel Live Movement,
KOTA CAHAYA,KCI,Shanghai,CNSHA,2026-09-23 21:00:00,11.800153,161.599232,Berthed,0,1130.247,194.25,0,0,0,Vessel Live Movement,
KOTA CAHAYA,KCI,Ningbo,CNNGB,2026-09-24 00:00:00,11.8,161.6,Transit,0,1120.801,194.25,0,0,0,Vessel Live Movement,
KOTA CAHAYA,KCI,Ningbo,CNNGB,2026-09-24 03:00:00,10.869303,162.064015,Transit,0,1111.355,194.25,0,0,0,Vessel Live Movement,
KOTA CAHAYA,KCI,Ningbo,CNNGB,2026-09-24 06:00:00,9.937915,162.525144,Transit,0,1101.909,194.25,0,0,0,Vessel Live Movement,
KOTA CAHAYA,KCI,Ningbo,CNNGB,2026-09-24 09:00:00,9.005899,162.983652,Transit,0,1092.463,194.25,0,0,0,Vessel Live Movement,
KOTA CAHAYA,KCI,Ningbo,CNNGB,2026-09-24 12:00:00,8.073319,163.439802,Transit,0,1083.017,194.25,0,0,0,Vessel Live Movement,
KOTA CAHAYA,KCI,Ningbo,CNNGB,2026-09-24 15:00:00,7.140237,163.893849,Transit,0,1073.571,194.25,0,0,0,Vessel Live Movement,
KOTA CAHAYA,KCI,Ningbo,CNNGB,2026-09-24 18:00:00,6.206712,164.346046,Transit,0,1064.125,194.25,0,0,0,Vessel Live Movement,
KOTA CAHAYA,KCI,Ningbo,CNNGB,2026-09-24 21:00:00,5.272805,164.796644,Transit,0,1054.679,194.25,0,0,0,Vessel Live Movement,
KOTA CAHAYA,KCI,Ningbo,CNNGB,2026-09-25 00:00:00,4.338575,165.245888,Transit,0,1045.233,194.25,0,0,0,Vessel Live Movement,
KOTA CAHAYA,KCI,Ningbo,CNNGB,2026-09-25 03:00:00,3.40408,165.694021,Transit,0,1035.787,194.25,0,0,0,Vessel Live Movement,
KOTA CAHAYA,KCI,Ningbo,CNNGB,2026-09-25 06:00:00,2.469377,166.141285,Transit,0,1026.341,194.25,0,0,0,Vessel Live Movement,
KOTA CAHAYA,KCI,Ningbo,CNNGB,2026-09-25 09:00:00,1.534525,166.587921,Transit,0,1016.895,194.25,0,0,0,Vessel Live Movement,
KOTA CAHAYA,KCI,Ningbo,CNNGB,2026-09-25 12:00:00,0.599579,167.034166,Transit,0,1007.45,194.25,0,0,0,Vessel Live Movement,
KOTA CAHAYA,KCI,Ningbo,CNNGB,2026-09-25 15:00:00,-0.335403,167.480259,Transit,0,998.004,194.25,0,0,0,Vessel Live Movement,
KOTA CAHAYA,KCI,Ningbo,CNNGB,2026-09-25 18:00:00,-1.270365,167.926437,Transit,0,988.558,194.25,0,0,0,Vessel Live Movement,
KOTA CAHAYA,KCI,Ningbo,CNNGB,2026-09-25 21:00:00,-2.205249,168.372938,Transit,0,979.112,194.25,0,0,0,Vessel Live Movement,
KOTA CAHAYA,KCI,Ningbo,CNNGB,2026-09-26 00:00:00,-3.141062,168.820245,Berthed,0,977.537,194.25,0,0,0,Vessel Live Movement,
KOTA CAHAYA,KCI,Ningbo,CNNGB,2026-09-26 03:00:00,-3.138654,168.819066,Berthed,0,975.963,194.25,0,0,0,Vessel Live Movement,
KOTA CAHAYA,KCI,Ningbo,CNNGB,2026-09-26 06:00:00,-3.139211,168.819664,Berthed,0,974.389,194.25,0,0,0,Vessel Live Movement,
KOTA CAHAYA,KCI,Ningbo,CNNGB,2026-09-26 09:00:00,-3.140609,168.818722,Berthed,0,972.814,194.25,0,0,0,Vessel Live Movement,
KOTA CAHAYA,KCI,Ningbo,CNNGB,2026-09-26 12:00:00,-3.14065,168.820646,Berthed,0,971.24,194.25,0,0,0,Vessel Live Movement,
KOTA CAHAYA,KCI,Ningbo,CNNGB,2026-09-26 15:00:00,-3.139017,168.820822,Berthed,0,969.666,194.25,0,0,0,Vessel Live Movement,
KOTA CAHAYA,KCI,Ningbo,CNNGB,2026-09-26 18:00:00,-3.141211,168.817225,Berthed,0,968.091,194.25,0,0,0,Vessel Live Movement,
KOTA CAHAYA,KCI,Ningbo,CNNGB,2026-09-26 21:00:00,-3.139812,168.819911,Berthed,0,966.517,194.25,0,0,0,Vessel Live Movement,
KOTA CAHAYA,KCI,Jakarta,IDJKT,2026-09-27 00:00:00,-3.14,168.82,Transit,0,957.071,194.25,0,0,0,Vessel Live Movement,
KOTA CAHAYA,KCI,Jakarta,IDJKT,2026-09-27 03:00:00,-3.008673,168.682663,Transit,0,947.625,194.25,0,0,0,Vessel Live Movement,
KOTA CAHAYA,KCI,Jakarta,IDJKT,2026-09-27 06:00:00,-2.877328,168.545359,Transit,0,938.179,194.25,0,0,0,Vessel Live Movement,
KOTA CAHAYA,KCI,Jakarta,IDJKT,2026-09-27 09:00:00,-2.745967,168.408087,Transit,0,928.733,194.25,0,0,0,Vessel Live Movement,
KOTA CAHAYA,KCI,Jakarta,IDJKT,2026-09-27 12:00:00,-2.61459,168.270845,Transit,0,919.287,194.25,0,0,0,Vessel Live Movement,
KOTA CAHAYA,KCI,Jakarta,IDJKT,2026-09-27 15:00:00,-2.483198,168.133632,Transit,0,909.841,194.25,0,0,0,Vessel Live Movement,
KOTA CAHAYA,KCI,Jakarta,IDJKT,2026-09-27 18:00:00,-2.351792,167.996446,Transit,0,900.395,194.25,0,0,0,Vessel Live Movement,
KOTA CAHAYA,KCI,Jakarta,IDJKT,2026-09-27 21:00:00,-2.220372,167.859285,Transit,0,890.949,194.25,0,0,0,Vessel Live Movement,
KOTA CAHAYA,KCI,Jakarta,IDJKT,2026-09-28 00:00:00,-2.08894,167.72215,Transit,0,881.504,194.25,0,0,0,Vessel Live Movement,
KOTA CAHAYA,KCI,Jakarta,IDJKT,2026-09-28 03:00:00,-1.957496,167.585037,Transit,0,872.058,194.25,0,0,0,Vessel Live Movement,
KOTA CAHAYA,KCI,Jakarta,IDJKT,2026-09-28 06:00:00,-1.82604,167.447946,Transit,0,862.612,194.25,0,0,0,Vessel Live Movement,
KOTA CAHAYA,KCI,Jakarta,IDJKT,2026-09-28 09:00:00,-1.694574,167.310874,Transit,0,853.166,194.25,0,0,0,Vessel Live Movement,
KOTA CAHAYA,KCI,Jakarta,IDJKT,2026-09-28 12:00:00,-1.563099,167.173822,Transit,0,843.72,194.25,0,0,0,Vessel Live Movement,
KOTA CAHAYA,KCI,Jakarta,IDJKT,2026-09-28 15:00:00,-1.431614,167.036786,Transit,0,834.274,194.25,0,0,0,Vessel Live Movement,
KOTA CAHAYA,KCI,Jakarta,IDJKT,2026-09-28 18:00:00,-1.300121,166.899766,Transit,0,824.828,194.25,0,0,0,Vessel Live Movement,
KOTA CAHAYA,KCI,Jakarta,IDJKT,2026-09-28 21:00:00,-1.168621,166.762761,Transit,0,815.382,194.25,0,0,0,Vessel Live Movement,
KOTA CAHAYA,KCI,Jakarta,IDJKT,2026-09-29 00:00:00,-1.037114,166.625768,Transit,0,805.936,194.25,0,0,0,Vessel Live Movement,
KOTA CAHAYA,KCI,Jakarta,IDJKT,2026-09-29 03:00:00,-0.905602,166.488787,Transit,0,796.49,194.25,0,0,0,Vessel Live Movement,
KOTA CAHAYA,KCI,Jakarta,IDJKT,2026-09-29 06:00:00,-0.774084,166.351816,Transit,0,787.044,194.25,0,0,0,Vessel Live Movement,
KOTA CAHAYA,KCI,Jakarta,IDJKT,2026-09-29 09:00:00,-0.642561,166.214853,Transit,0,777.598,194.25,0,0,0,Vessel Live Movement,
KOTA CAHAYA,KCI,Jakarta,IDJKT,2026-09-29 12:00:00,-0.511035,166.077897,Transit,0,768.152,194.25,0,0,0,Vessel Live Movement,
KOTA CAHAYA,KCI,Jakarta,IDJKT,2026-09-29 15:00:00,-0.379506,165.940947,Transit,0,758.706,194.25,0,0,0,Vessel Live Movement,
KOTA CAHAYA,KCI,Jakarta,IDJKT,2026-09-29 18:00:00,-0.247975,165.804001,Transit,0,749.26,194.25,0,0,0,Vessel Live Movement,
KOTA CAHAYA,KCI,Jakarta,IDJKT,2026-09-29 21:00:00,-0.116443,165.667057,Transit,0,739.814,194.25,0,0,0,Vessel Live Movement,
KOTA CANTIK,CVI,Nansha,CNNSA,2026-08-01 00:00:00,-3.220594,166.107067,Transit,0,1404.83,604.729,0,0,0,Vessel Live Movement,
KOTA CANTIK,CVI,Nansha,CNNSA,2026-08-01 03:00:00,-3.230165,165.767921,Transit,0,1395.384,604.729,0,0,0,Vessel Live Movement,
KOTA CANTIK,CVI,Nansha,CNNSA,2026-08-01 06:00:00,-3.239623,165.428768,Transit,0,1385.938,604.729,0,0,0,Vessel Live Movement,
KOTA CANTIK,CVI,Nansha,CNNSA,2026-08-01 09:00:00,-3.248968,165.089609,Transit,0,1376.492,604.729,0,0,0,Vessel Live Movement,
KOTA CANTIK,CVI,Nansha,CNNSA,2026-08-01 12:00:00,-3.258199,164.750444,Transit,0,1367.046,604.729,0,0,0,Vessel Live Movement,
KOTA CANTIK,CVI,Nansha,CNNSA,2026-08-01 15:00:00,-3.267317,164.411273,Transit,0,1357.6,604.729,0,0,0,Vessel Live Movement,
KOTA CANTIK,CVI,Nansha,CNNSA,2026-08-01 18:00:00,-3.27632,164.072096,Transit,0,1348.154,604.729,0,0,0,Vessel Live Movement,
KOTA CANTIK,CVI,Nansha,CNNSA,2026-08-01 21:00:00,-3.285208,163.732913,Transit,0,1338.708,604.729,0,0,0,Vessel Live Movement,
KOTA CANTIK,CVI,Nansha,CNNSA,2026-08-02 00:00:00,-3.293982,163.393723,Transit,0,1329.262,604.729,0,0,0,Vessel Live Movement,
KOTA CANTIK,CVI,Nansha,CNNSA,2026-08-02 03:00:00,-3.302641,163.054528,Transit,0,1319.817,604.729,0,0,0,Vessel Live Movement,
KOTA CANTIK,CVI,Nansha,CNNSA,2026-08-02 06:00:00,-3.311184,162.715327,Transit,0,1310.371,604.729,0,0,0,Vessel Live Movement,
KOTA CANTIK,CVI,Nansha,CNNSA,2026-08-02 09:00:00,-3.319611,162.37612,Transit,0,1300.925,604.729,0,0,0,Vessel Live Movement,
KOTA CANTIK,CVI,Nansha,CNNSA,2026-08-02 12:00:00,-3.327922,162.036907,Transit,0,1291.479,604.729,0,0,0,Vessel Live Movement,
KOTA CANTIK,CVI,Nansha,CNNSA,2026-08-02 15:00:00,-3.336117,161.697689,Transit,0,1282.033,604.729,0,0,0,Vessel Live Movement,
KOTA CANTIK,CVI,Nansha,CNNSA,2026-08-02 18:00:00,-3.344195,161.358465,Transit,0,1272.587,604.729,0,0,0,Vessel Live Movement,
KOTA CANTIK,CVI,Nansha,CNNSA,2026-08-02 21:00:00,-3.352156,161.019235,Transit,0,1263.141,604.729,0,0,0,Vessel Live Movement,
KOTA CANTIK,CVI,Nansha,CNNSA,2026-08-03 00:00:00,-3.360132,160.680743,Berthed,0,1261.566,604.729,0,0,0,Vessel Live Movement,
KOTA CANTIK,CVI,Nansha,CNNSA,2026-08-03 03:00:00,-3.360258,160.678695,Berthed,0,1259.992,604.729,0,0,0,Vessel Live Movement,
KOTA CANTIK,CVI,Nansha,CNNSA,2026-08-03 06:00:00,-3.357574,160.678557,Berthed,0,1258.418,604.729,0,0,0,Vessel Live Movement,
KOTA CANTIK,CVI,Nansha,CNNSA,2026-08-03 09:00:00,-3.359605,160.679031,Berthed,0,1256.844,604.729,0,0,0,Vessel Live Movement,
KOTA CANTIK,CVI,Nansha,CNNSA,2026-08-03 12:00:00,-3.359767,160.680295,Berthed,0,1255.269,604.729,0,0,0,Vessel Live Movement,
KOTA CANTIK,CVI,Nansha,CNNSA,2026-08-03 15:00:00,-3.359837,160.680052,Berthed,0,1253.695,604.729,0,0,0,Vessel Live Movement,
KOTA CANTIK,CVI,Nansha,CNNSA,2026-08-03 18:00:00,-3.359684,160.679681,Berthed,0,1252.121,604.729,0,0,0,Vessel Live Movement,
KOTA CANTIK,CVI,Nansha,CNNSA,2026-08-03 21:00:00,-3.361204,160.680111,Berthed,0,1250.546,604.729,0,0,0,Vessel Live Movement,
KOTA CANTIK,CVI,Chennai,INMAA,2026-08-04 00:00:00,-3.36,160.68,Transit,0,1241.1,604.729,0,0,0,Vessel Live Movement,
KOTA CANTIK,CVI,Chennai,INMAA,2026-08-04 03:00:00,-3.180333,160.348615,Transit,0,1231.654,604.729,0,0,0,Vessel Live Movement,
KOTA CANTIK,CVI,Chennai,INMAA,2026-08-04 06:00:00,-3.000559,160.017345,Transit,0,1222.208,604.729,0,0,0,Vessel Live Movement,
KOTA CANTIK,CVI,Chennai,INMAA,2026-08-04 09:00:00,-2.820685,159.686185,Transit,0,1212.762,604.729,0,0,0,Vessel Live Movement,
KOTA CANTIK,CVI,Chennai,INMAA,2026-08-04 12:00:00,-2.640717,159.355126,Transit,0,1203.316,604.729,0,0,0,Vessel Live Movement,
KOTA CANTIK,CVI,Chennai,INMAA,2026-08-04 15:00:00,-2.460662,159.024164,Transit,0,1193.871,604.729,0,0,0,Vessel Live Movement,
KOTA CANTIK,CVI,Chennai,INMAA,2026-08-04 18:00:00,-2.280524,158.693291,Transit,0,1184.425,604.729,0,0,0,Vessel Live Movement,
KOTA CANTIK,CVI,Chennai,INMAA,2026-08-04 21:00:00,-2.10031,158.362501,Transit,0,1174.979,604.729,0,0,0,Vessel Live Movement,
KOTA CANTIK,CVI,Chennai,INMAA,2026-08-05 00:00:00,-1.920027,158.031787,Transit,0,1165.533,604.729,0,0,0,Vessel Live Movement,
KOTA CANTIK,CVI,Chennai,INMAA,2026-08-05 03:00:00,-1.739679,157.701143,Transit,0,1156.087,604.729,0,0,0,Vessel Live Movement,
KOTA CANTIK,CVI,Chennai,INMAA,2026-08-05 06:00:00,-1.559274,157.370563,Transit,0,1146.641,604.729,0,0,0,Vessel Live Movement,
KOTA CANTIK,CVI,Chennai,INMAA,2026-08-05 09:00:00,-1.378816,157.040039,Transit,0,1137.195,604.729,0,0,0,Vessel Live Movement,
KOTA CANTIK,CVI,Chennai,INMAA,2026-08-05 12:00:00,-1.198313,156.709565,Transit,0,1127.749,604.729,0,0,0,Vessel Live Movement,
KOTA CANTIK,CVI,Chennai,INMAA,2026-08-05 15:00:00,-1.01777,156.379134,Transit,0,1118.303,604.729,0,0,0,Vessel Live Movement,
KOTA CANTIK,CVI,Chennai,INMAA,2026-08-05 18:00:00,-0.837193,156.048741,Transit,0,1108.857,604.729,0,0,0,Vessel Live Movement,
KOTA CANTIK,CVI,Chennai,INMAA,2026-08-05 21:00:00,-0.656589,155.718378,Transit,0,1099.411,604.729,0,0,0,Vessel Live Movement,
KOTA CANTIK,CVI,Chennai,INMAA,2026-08-06 00:00:00,-0.475962,155.388039,Transit,0,1089.965,604.729,0,0,0,Vessel Live Movement,
KOTA CANTIK,CVI,Chennai,INMAA,2026-08-06 03:00:00,-0.29532,155.057717,Transit,0,1080.519,604.729,0,0,0,Vessel Live Movement,
KOTA CANTIK,CVI,Chennai,INMAA,2026-08-06 06:00:00,-0.114668,154.727406,Transit,0,1071.073,604.729,0,0,0,Vessel Live Movement,
KOTA CANTIK,CVI,Chennai,INMAA,2026-08-06 09:00:00,0.065988,154.397099,Transit,0,1061.627,604.729,0,0,0,Vessel Live Movement,
KOTA CANTIK,CVI,Chennai,INMAA,2026-08-06 12:00:00,0.246642,154.06679,Transit,0,1052.181,604.729,0,0,0,Vessel Live Movement,
KOTA CANTIK,CVI,Chennai,INMAA,2026-08-06 15:00:00,0.427288,153.736472,Transit,0,1042.735,604.729,0,0,0,Vessel Live Movement,
KOTA CANTIK,CVI,Chennai,INMAA,2026-08-06 18:00:00,0.607919,153.406138,Transit,0,1033.289,604.729,0,0,0,Vessel Live Movement,
KOTA CANTIK,CVI,Chennai,INMAA,2026-08-06 21:00:00,0.78853,153.075782,Transit,0,1023.843,604.729,0,0,0,Vessel Live Movement,
KOTA CANTIK,CVI,Chennai,INMAA,2026-08-07 00:00:00,0.969115,152.745398,Transit,0,1014.397,604.729,0,0,0,Vessel Live Movement,
KOTA CANTIK,CVI,Chennai,INMAA,2026-08-07 03:00:00,1.149668,152.414978,Transit,0,1004.952,604.729,0,0,0,Vessel Live Movement,
KOTA CANTIK,CVI,Chennai,INMAA,2026-08-07 06:00:00,1.330182,152.084516,Transit,0,995.506,604.729,0,0,0,Vessel Live Movement,
KOTA CANTIK,CVI,Chennai,INMAA,2026-08-07 09:00:00,1.510652,151.754006,Transit,0,986.06,604.729,0,0,0,Vessel Live Movement,
KOTA CANTIK,CVI,Chennai,INMAA,2026-08-07 12:00:00,1.691072,151.423442,Transit,0,976.614,604.729,0,0,0,Vessel Live Movement,
KOTA CANTIK,CVI,Chennai,INMAA,2026-08-07 15:00:00,1.871436,151.092815,Transit,0,967.168,604.729,0,0,0,Vessel Live Movement,
KOTA CANTIK,CVI,Chennai,INMAA,2026-08-07 18:00:00,2.051738,150.762121,Transit,0,957.722,604.729,0,0,0,Vessel Live Movement,
KOTA CANTIK,CVI,Chennai,INMAA,2026-08-07 21:00:00,2.231971,150.431352,Transit,0,948.276,604.729,0,0,0,Vessel Live Movement,
KOTA CANTIK,CVI,Chennai,INMAA,2026-08-08 00:00:00,2.412129,150.100502,Transit,0,938.83,604.729,0,0,0,Vessel Live Movement,
KOTA CANTIK,CVI,Chennai,INMAA,2026-08-08 03:00:00,2.592208,149.769565,Transit,0,929.384,604.729,0,0,0,Vessel Live Movement,
KOTA CANTIK,CVI,Chennai,INMAA,2026-08-08 06:00:00,2.7722,149.438533,Transit,0,919.938,604.729,0,0,0,Vessel Live Movement,
KOTA CANTIK,CVI,Chennai,INMAA,2026-08-08 09:00:00,2.9521,149.107401,Transit,0,910.492,604.729,0,0,0,Vessel Live Movement,
KOTA CANTIK,CVI,Chennai,INMAA,2026-08-08 12:00:00,3.131901,148.776161,Transit,0,901.046,604.729,0,0,0,Vessel Live Movement,
KOTA CANTIK,CVI,Chennai,INMAA,2026-08-08 15:00:00,3.311597,148.444808,Transit,0,891.6,604.729,0,0,0,Vessel Live Movement,
KOTA CANTIK,CVI,Chennai,INMAA,2026-08-08 18:00:00,3.491184,148.113334,Transit,0,882.154,604.729,0,0,0,Vessel Live Movement,
KOTA CANTIK,CVI,Chennai,INMAA,2026-08-08 21:00:00,3.670653,147.781734,Transit,0,872.708,604.729,0,0,0,Vessel Live Movement,
KOTA CANTIK,CVI,Chennai,INMAA,2026-08-09 00:00:00,3.850284,147.451202,Berthed,0,871.134,604.729,0,0,0,Vessel Live Movement,
KOTA CANTIK,CVI,Chennai,INMAA,2026-08-09 03:00:00,3.849922,147.449841,Berthed,0,869.56,604.729,0,0,0,Vessel Live Movement,
KOTA CANTIK,CVI,Chennai,INMAA,2026-08-09 06:00:00,3.850131,147.449868,Berthed,0,867.985,604.729,0,0,0,Vessel Live Movement,
KOTA CANTIK,CVI,Chennai,INMAA,2026-08-09 09:00:00,3.849239,147.451179,Berthed,0,866.411,604.729,0,0,0,Vessel Live Movement,
KOTA CANTIK,CVI,Chennai,INMAA,2026-08-09 12:00:00,3.850198,147.448801,Berthed,0,864.837,604.729,0,0,0,Vessel Live Movement,
KOTA CANTIK,CVI,Chennai,INMAA,2026-08-09 15:00:00,3.849587,147.450069,Berthed,0,863.262,604.729,0,0,0,Vessel Live Movement,
KOTA CANTIK,CVI,Chennai,INMAA,2026-08-09 18:00:00,3.849686,147.450436,Berthed,0,861.688,604.729,0,0,0,Vessel Live Movement,
KOTA CANTIK,CVI,Chennai,INMAA,2026-08-09 21:00:00,3.850897,147.449355,Berthed,0,860.114,604.729,0,0,0,Vessel Live Movement,
KOTA CANTIK,CVI,Chennai,INMAA,2026-08-10 00:00:00,3.848702,147.449704,Berthed,0,858.539,604.729,0,0,0,Vessel Live Movement,
KOTA CANTIK,CVI,Chennai,INMAA,2026-08-10 03:00:00,3.850038,147.450407,Berthed,0,856.965,604.729,0,0,0,Vessel Live Movement,
KOTA CANTIK,CVI,Chennai,INMAA,2026-08-10 06:00:00,3.849702,147.451979,Berthed,0,855.391,604.729,0,0,0,Vessel Live Movement,
KOTA CANTIK,CVI,Chennai,INMAA,2026-08-10 09:00:00,3.851576,147.448697,Berthed,0,853.816,604.729,0,0,0,Vessel Live Movement,
KOTA CANTIK,CVI,Chennai,INMAA,2026-08-10 12:00:00,3.849565,147.45046,Berthed,0,852.242,604.729,0,0,0,Vessel Live Movement,
KOTA CANTIK,CVI,Chennai,INMAA,2026-08-10 15:00:00,3.851606,147.450118,Berthed,0,850.668,604.729,0,0,0,Vessel Live Movement,
KOTA CANTIK,CVI,Chennai,INMAA,2026-08-10 18:00:00,3.849518,147.449169,Berthed,0,849.093,604.729,0,0,0,Vessel Live Movement,
KOTA CANTIK,CVI,Chennai,INMAA,2026-08-10 21:00:00,3.851407,147.450275,Berthed,0,847.519,604.729,0,0,0,Vessel Live Movement,
KOTA CANTIK,CVI,Shanghai,CNSHA,2026-08-11 00:00:00,3.85,147.45,Transit,0,838.073,604.729,0,0,0,Vessel Live Movement,
KOTA CANTIK,CVI,Shanghai,CNSHA,2026-08-11 03:00:00,4.866272,149.192795,Transit,0,828.627,604.729,0,0,0,Vessel Live Movement,
KOTA CANTIK,CVI,Shanghai,CNSHA,2026-08-11 06:00:00,5.878049,150.940849,Transit,0,819.181,604.729,0,0,0,Vessel Live Movement,
KOTA CANTIK,CVI,Shanghai,CNSHA,2026-08-11 09:00:00,6.884375,152.695254,Transit,0,809.735,604.729,0,0,0,Vessel Live Movement,
KOTA CANTIK,CVI,Shanghai,CNSHA,2026-08-11 12:00:00,7.884281,154.457091,Transit,0,800.289,604.729,0,0,0,Vessel Live Movement,
KOTA CANTIK,CVI,Shanghai,CNSHA,2026-08-11 15:00:00,8.87679,156.227432,Transit,0,790.843,604.729,0,0,0,Vessel Live Movement,
KOTA CANTIK,CVI,Shanghai,CNSHA,2026-08-11 18:00:00,9.860916,158.007337,Transit,0,781.397,604.729,0,0,0,Vessel Live Movement,
KOTA CANTIK,CVI,Shanghai,CNSHA,2026-08-11 21:00:00,10.835657,159.797851,Transit,0,771.951,604.729,0,0,0,Vessel Live Movement,
KOTA CANTIK,CVI,Shanghai,CNSHA,2026-08-12 00:00:00,11.798587,161.599792,Berthed,0,770.377,604.729,0,0,0,Vessel Live Movement,
KOTA CANTIK,CVI,Shanghai,CNSHA,2026-08-12 03:00:00,11.800804,161.597518,Berthed,0,768.803,604.729,0,0,0,Vessel Live Movement,
KOTA CANTIK,CVI,Shanghai,CNSHA,2026-08-12 06:00:00,11.802448,161.602527,Berthed,0,767.228,604.729,0,0,0,Vessel Live Movement,
KOTA CANTIK,CVI,Shanghai,CNSHA,2026-08-12 09:00:00,11.79984,161.601284,Berthed,0,765.654,604.729,0,0,0,Vessel Live Movement,
KOTA CANTIK,CVI,Shanghai,CNSHA,2026-08-12 12:00:00,11.800574,161.600854,Berthed,0,764.08,604.729,0,0,0,Vessel Live Movement,
KOTA CANTIK,CVI,Shanghai,CNSHA,2026-08-12 15:00:00,11.799171,161.598605,Berthed,0,762.505,604.729,0,0,0,Vessel Live Movement,
KOTA CANTIK,CVI,Shanghai,CNSHA,2026-08-12 18:00:00,11.798888,161.60337,Berthed,0,760.931,604.729,0,0,0,Vessel Live Movement,
KOTA CANTIK,CVI,Shanghai,CNSHA,2026-08-12 21:00:00,11.801156,161.599138,Berthed,0,759.357,604.729,0,0,0,Vessel Live Movement,
KOTA CANTIK,CVI,Ningbo,CNNGB,2026-08-13 00:00:00,11.8,161.6,Transit,0,749.911,604.729,0,0,0,Vessel Live Movement,
KOTA CANTIK,CVI,Ningbo,CNNGB,2026-08-13 03:00:00,10.869303,162.064015,Transit,0,740.465,604.729,0,0,0,Vessel Live Movement,
KOTA CANTIK,CVI,Ningbo,CNNGB,2026-08-13 06:00:00,9.937915,162.525144,Transit,0,731.019,604.729,0,0,0,Vessel Live Movement,
KOTA CANTIK,CVI,Ningbo,CNNGB,2026-08-13 09:00:00,9.005899,162.983652,Transit,0,721.573,604.729,0,0,0,Vessel Live Movement,
KOTA CANTIK,CVI,Ningbo,CNNGB,2026-08-13 12:00:00,8.073319,163.439802,Transit,0,712.127,604.729,0,0,0,Vessel Live Movement,
KOTA CANTIK,CVI,Ningbo,CNNGB,2026-08-13 15:00:00,7.140237,163.893849,Transit,0,702.681,604.729,0,0,0,Vessel Live Movement,
KOTA CANTIK,CVI,Ningbo,CNNGB,2026-08-13 18:00:00,6.206712,164.346046,Transit,0,693.235,604.729,0,0,0,Vessel Live Movement,
KOTA CANTIK,CVI,Ningbo,CNNGB,2026-08-13 21:00:00,5.272805,164.796644,Transit,0,683.789,604.729,0,0,0,Vessel Live Movement,
KOTA CANTIK,CVI,Ningbo,CNNGB,2026-08-14 00:00:00,4.338575,165.245888,Transit,0,674.343,604.729,0,0,0,Vessel Live Movement,
KOTA CANTIK,CVI,Ningbo,CNNGB,2026-08-14 03:00:00,3.40408,165.694021,Transit,0,664.897,604.729,0,0,0,Vessel Live Movement,
KOTA CANTIK,CVI,Ningbo,CNNGB,2026-08-14 06:00:00,2.469377,166.141285,Transit,0,655.451,604.729,0,0,0,Vessel Live Movement,
KOTA CANTIK,CVI,Ningbo,CNNGB,2026-08-14 09:00:00,1.534525,166.587921,Transit,0,646.005,604.729,0,0,0,Vessel Live Movement,
KOTA CANTIK,CVI,Ningbo,CNNGB,2026-08-14 12:00:00,0.599579,167.034166,Transit,0,636.559,604.729,0,0,0,Vessel Live Movement,
KOTA CANTIK,CVI,Ningbo,CNNGB,2026-08-14 15:00:00,-0.335403,167.480259,Transit,0,627.114,604.729,0,0,0,Vessel Live Movement,
KOTA CANTIK,CVI,Ningbo,CNNGB,2026-08-14 18:00:00,-1.270365,167.926437,Transit,0,617.668,604.729,0,0,0,Vessel Live Movement,
KOTA CANTIK,CVI,Ningbo,CNNGB,2026-08-14 21:00:00,-2.205249,168.372938,Transit,0,608.222,604.729,0,0,0,Vessel Live Movement,
KOTA CANTIK,CVI,Ningbo,CNNGB,2026-08-15 00:00:00,-3.138786,168.821882,Berthed,0,606.647,604.729,0,0,0,Vessel Live Movement,
KOTA CANTIK,CVI,Ningbo,CNNGB,2026-08-15 03:00:00,-3.141348,168.818356,Berthed,0,605.073,604.729,0,0,0,Vessel Live Movement,
KOTA CANTIK,CVI,Ningbo,CNNGB,2026-08-15 06:00:00,-3.140458,168.818587,Berthed,0,603.499,604.729,0,0,0,Vessel Live Movement,
KOTA CANTIK,CVI,Ningbo,CNNGB,2026-08-15 09:00:00,-3.139346,168.819918,Berthed,0,601.924,604.729,0,0,0,Vessel Live Movement,
KOTA CANTIK,CVI,Ningbo,CNNGB,2026-08-15 12:00:00,-3.139037,168.820819,Berthed,0,600.35,604.729,0,0,0,Vessel Live Movement,
KOTA CANTIK,CVI,Ningbo,CNNGB,2026-08-15 15:00:00,-3.139534,168.820016,Berthed,0,598.776,604.729,0,0,0,Vessel Live Movement,
KOTA CANTIK,CVI,Ningbo,CNNGB,2026-08-15 18:00:00,-3.14115,168.819456,Berthed,0,597.201,604.729,0,0,0,Vessel Live Movement,
KOTA CANTIK,CVI,Ningbo,CNNGB,2026-08-15 21:00:00,-3.140859,168.819322,Berthed,0,595.627,604.729,0,0,0,Vessel Live Movement,
KOTA CANTIK,CVI,Nansha,CNNSA,2026-08-16 00:00:00,-3.14,168.82,Transit,0,586.181,604.729,0,0,0,Vessel Live Movement,
KOTA CANTIK,CVI,Nansha,CNNSA,2026-08-16 03:00:00,-3.150462,168.480907,Transit,0,576.735,604.729,0,0,0,Vessel Live Movement,
KOTA CANTIK,CVI,Nansha,CNNSA,2026-08-16 06:00:00,-3.160814,168.141807,Transit,0,567.289,604.729,0,0,0,Vessel Live Movement,
KOTA CANTIK,CVI,Nansha,CNNSA,2026-08-16 09:00:00,-3.171056,167.8027,Transit,0,557.843,604.729,0,0,0,Vessel Live Movement,
KOTA CANTIK,CVI,Nansha,CNNSA,2026-08-16 12:00:00,-3.181186,167.463586,Transit,0,548.397,604.729,0,0,0,Vessel Live Movement,
KOTA CANTIK,CVI,Nansha,CNNSA,2026-08-16 15:00:00,-3.191206,167.124466,Transit,0,538.951,604.729,0,0,0,Vessel Live Movement,
KOTA CANTIK,CVI,Nansha,CNNSA,2026-08-16 18:00:00,-3.201114,166.78534,Transit,0,529.505,604.729,0,0,0,Vessel Live Movement,
KOTA CANTIK,CVI,Nansha,CNNSA,2026-08-16 21:00:00,-3.21091,166.446206,Transit,0,520.059,604.729,0,0,0,Vessel Live Movement,
KOTA CANTIK,CVI,Nansha,CNNSA,2026-08-17 00:00:00,-3.220594,166.107067,Transit,0,510.613,604.729,0,0,0,Vessel Live Movement,
KOTA CANTIK,CVI,Nansha,CNNSA,2026-08-17 03:00:00,-3.230165,165.767921,Transit,0,501.168,604.729,0,0,0,Vessel Live Movement,
KOTA CANTIK,CVI,Nansha,CNNSA,2026-08-17 06:00:00,-3.239623,165.428768,Transit,0,491.722,604.729,0,0,0,Vessel Live Movement,
KOTA CANTIK,CVI,Nansha,CNNSA,2026-08-17 09:00:00,-3.248968,165.089609,Transit,0,482.276,604.729,0,0,0,Vessel Live Movement,
KOTA CANTIK,CVI,Nansha,CNNSA,2026-08-17 12:00:00,-3.258199,164.750444,Transit,0,472.83,604.729,0,0,0,Vessel Live Movement,
KOTA CANTIK,CVI,Nansha,CNNSA,2026-08-17 15:00:00,-3.267317,164.411273,Transit,0,463.384,604.729,0,0,0,Vessel Live Movement,
KOTA CANTIK,CVI,Nansha,CNNSA,2026-08-17 18:00:00,-3.27632,164.072096,Transit,0,453.938,604.729,0,0,0,Vessel Live Movement,
KOTA CANTIK,CVI,Nansha,CNNSA,2026-08-17 21:00:00,-3.285208,163.732913,Transit,0,444.492,604.729,0,0,0,Vessel Live Movement,
KOTA CANTIK,CVI,Nansha,CNNSA,2026-08-18 00:00:00,-3.293982,163.393723,Transit,0,435.046,604.729,0,0,0,Vessel Live Movement,
KOTA CANTIK,CVI,Nansha,CNNSA,2026-08-18 03:00:00,-3.302641,163.054528,Transit,0,425.6,604.729,0,0,0,Vessel Live Movement,
KOTA CANTIK,CVI,Nansha,CNNSA,2026-08-18 06:00:00,-3.311184,162.715327,Transit,0,416.154,604.729,0,0,0,Vessel Live Movement,
KOTA CANTIK,CVI,Nansha,CNNSA,2026-08-18 09:00:00,-3.319611,162.37612,Transit,0,406.708,604.729,0,0,0,Vessel Live Movement,
KOTA CANTIK,CVI,Nansha,CNNSA,2026-08-18 12:00:00,-3.327922,162.036907,Transit,0,397.262,604.729,0,0,0,Vessel Live Movement,
KOTA CANTIK,CVI,Nansha,CNNSA,2026-08-18 15:00:00,-3.336117,161.697689,Transit,0,387.816,604.729,0,0,0,Vessel Live Movement,
KOTA CANTIK,CVI,Nansha,CNNSA,2026-08-18 18:00:00,-3.344195,161.358465,Transit,0,378.37,604.729,0,0,0,Vessel Live Movement,
KOTA CANTIK,CVI,Nansha,CNNSA,2026-08-18 21:00:00,-3.352156,161.019235,Transit,0,368.924,604.729,0,0,0,Vessel Live Movement,
KOTA CANTIK,CVI,Nansha,CNNSA,2026-08-19 00:00:00,-3.36116,160.679484,Berthed,0,367.35,604.729,0,0,0,Vessel Live Movement,
KOTA CANTIK,CVI,Nansha,CNNSA,2026-08-19 03:00:00,-3.362039,160.68025,Berthed,0,365.776,604.729,0,0,0,Vessel Live Movement,
KOTA CANTIK,CVI,Nansha,CNNSA,2026-08-19 06:00:00,-3.361265,160.678476,Berthed,0,364.201,604.729,0,0,0,Vessel Live Movement,
KOTA CANTIK,CVI,Nansha,CNNSA,2026-08-19 09:00:00,-3.361214,160.680768,Berthed,0,362.627,604.729,0,0,0,Vessel Live Movement,
KOTA CANTIK,CVI,Nansha,CNNSA,2026-08-19 12:00:00,-3.359957,160.679984,Berthed,0,361.053,604.729,0,0,0,Vessel Live Movement,
KOTA CANTIK,CVI,Nansha,CNNSA,2026-08-19 15:00:00,-3.35999,160.679224,Berthed,0,359.478,604.729,0,0,0,Vessel Live Movement,
KOTA CANTIK,CVI,Nansha,CNNSA,2026-08-19 18:00:00,-3.359109,160.678728,Berthed,0,357.904,604.729,0,0,0,Vessel Live Movement,
KOTA CANTIK,CVI,Nansha,CNNSA,2026-08-19 21:00:00,-3.361473,160.677582,Berthed,0,356.33,604.729,0,0,0,Vessel Live Movement,
KOTA CANTIK,CVI,Chennai,INMAA,2026-08-20 00:00:00,-3.36,160.68,Transit,0,346.884,604.729,0,0,0,Vessel Live Movement,
KOTA CANTIK,CVI,Chennai,INMAA,2026-08-20 03:00:00,-3.180333,160.348615,Transit,0,337.438,604.729,0,0,0,Vessel Live Movement,
KOTA CANTIK,CVI,Chennai,INMAA,2026-08-20 06:00:00,-3.000559,160.017345,Transit,0,327.992,604.729,0,0,0,Vessel Live Movement,
KOTA CANTIK,CVI,Chennai,INMAA,2026-08-20 09:00:00,-2.820685,159.686185,Transit,0,318.546,604.729,0,0,0,Vessel Live Movement,
KOTA CANTIK,CVI,Chennai,INMAA,2026-08-20 12:00:00,-2.640717,159.355126,Transit,0,309.1,604.729,0,0,0,Vessel Live Movement,
KOTA CANTIK,CVI,Chennai,INMAA,2026-08-20 15:00:00,-2.460662,159.024164,Transit,0,299.654,604.729,0,0,0,Vessel Live Movement,
KOTA CANTIK,CVI,Chennai,INMAA,2026-08-20 18:00:00,-2.280524,158.693291,Transit,0,290.208,604.729,0,0,0,Vessel Live Movement,
KOTA CANTIK,CVI,Chennai,INMAA,2026-08-20 21:00:00,-2.10031,158.362501,Transit,0,280.762,604.729,0,0,0,Vessel Live Movement,
KOTA CANTIK,CVI,Chennai,INMAA,2026-08-21 00:00:00,-1.920027,158.031787,Transit,0,271.316,604.729,0,0,0,Vessel Live Movement,
KOTA CANTIK,CVI,Chennai,INMAA,2026-08-21 03:00:00,-1.739679,157.701143,Transit,0,261.87,604.729,0,0,0,Vessel Live Movement,
KOTA CANTIK,CVI,Chennai,INMAA,2026-08-21 06:00:00,-1.559274,157.370563,Transit,0,252.424,604.729,0,0,0,Vessel Live Movement,
KOTA CANTIK,CVI,Chennai,INMAA,2026-08-21 09:00:00,-1.378816,157.040039,Transit,0,242.978,604.729,0,0,0,Vessel Live Movement,
KOTA CANTIK,CVI,Chennai,INMAA,2026-08-21 12:00:00,-1.198313,156.709565,Transit,0,233.532,604.729,0,0,0,Vessel Live Movement,
KOTA CANTIK,CVI,Chennai,INMAA,2026-08-21 15:00:00,-1.01777,156.379134,Transit,0,224.086,604.729,0,0,0,Vessel Live Movement,
KOTA CANTIK,CVI,Chennai,INMAA,2026-08-21 18:00:00,-0.837193,156.048741,Transit,0,214.64,604.729,0,0,0,Vessel Live Movement,
KOTA CANTIK,CVI,Chennai,INMAA,2026-08-21 21:00:00,-0.656589,155.718378,Transit,0,205.194,604.729,0,0,0,Vessel Live Movement,
KOTA CANTIK,CVI,Chennai,INMAA,2026-08-22 00:00:00,-0.475962,155.388039,Transit,0,195.748,604.729,0,0,0,Vessel Live Movement,
KOTA CANTIK,CVI,Chennai,INMAA,2026-08-22 03:00:00,-0.29532,155.057717,Transit,0,186.303,604.729,0,0,0,Vessel Live Movement,
KOTA CANTIK,CVI,Chennai,INMAA,2026-08-22 06:00:00,-0.114668,154.727406,Transit,0,176.857,604.729,0,0,0,Vessel Live Movement,
KOTA CANTIK,CVI,Chennai,INMAA,2026-08-22 09:00:00,0.065988,154.397099,Transit,0,167.411,604.729,0,0,0,Vessel Live Movement,
KOTA CANTIK,CVI,Chennai,INMAA,2026-08-22 12:00:00,0.246642,154.06679,Transit,0,157.965,604.729,0,0,0,Vessel Live Movement,
KOTA CANTIK,CVI,Chennai,INMAA,2026-08-22 15:00:00,0.427288,153.736472,Transit,0,148.519,604.729,0,0,0,Vessel Live Movement,
KOTA CANTIK,CVI,Chennai,INMAA,2026-08-22 18:00:00,0.607919,153.406138,Transit,0,139.073,604.729,0,0,0,Vessel Live Movement,
KOTA CANTIK,CVI,Chennai,INMAA,2026-08-22 21:00:00,0.78853,153.075782,Transit,0,129.627,604.729,0,0,0,Vessel Live Movement,
KOTA CANTIK,CVI,Chennai,INMAA,2026-08-23 00:00:00,0.969115,152.745398,Transit,0,120.181,604.729,0,0,0,Vessel Live Movement,
KOTA CANTIK,CVI,Chennai,INMAA,2026-08-23 03:00:00,1.149668,152.414978,Transit,0,110.735,604.729,0,0,0,Vessel Live Movement,
KOTA CANTIK,CVI,Chennai,INMAA,2026-08-23 06:00:00,1.330182,152.084516,Transit,0,101.289,604.729,0,0,0,Vessel Live Movement,
KOTA CANTIK,CVI,Chennai,INMAA,2026-08-23 09:00:00,1.510652,151.754006,Transit,0,91.843,604.729,0,0,0,Vessel Live Movement,
KOTA CANTIK,CVI,Chennai,INMAA,2026-08-23 12:00:00,1.691072,151.423442,Transit,0,82.397,604.729,0,0,0,Vessel Live Movement,
KOTA CANTIK,CVI,Chennai,INMAA,2026-08-23 15:00:00,1.871436,151.092815,Transit,0,72.951,604.729,0,0,0,Vessel Live Movement,
KOTA CANTIK,CVI,Chennai,INMAA,2026-08-23 18:00:00,2.051738,150.762121,Transit,0,63.505,604.729,0,0,0,Vessel Live Movement,
KOTA CANTIK,CVI,Chennai,INMAA,2026-08-23 21:00:00,2.231971,150.431352,Transit,0,54.059,604.729,0,0,0,Vessel Live Movement,
KOTA CANTIK,CVI,Chennai,INMAA,2026-08-24 00:00:00,2.412129,150.100502,Transit,0,44.613,604.729,0,0,0,Vessel Live Movement,
KOTA CANTIK,CVI,Chennai,INMAA,2026-08-24 03:00:00,2.592208,149.769565,Transit,0,35.167,604.729,0,0,0,Vessel Live Movement,
KOTA CANTIK,CVI,Chennai,INMAA,2026-08-24 06:00:00,2.7722,149.438533,Transit,0,25.721,604.729,0,0,0,Vessel Live Movement,
KOTA CANTIK,CVI,Chennai,INMAA,2026-08-24 09:00:00,2.9521,149.107401,Transit,0,16.275,604.729,0,0,0,Vessel Live Movement,
KOTA CANTIK,CVI,Chennai,INMAA,2026-08-24 12:00:00,3.131901,148.776161,Transit,0,6.829,604.729,0,0,0,Vessel Live Movement,
KOTA CANTIK,CVI,Chennai,INMAA,2026-08-24 15:00:00,3.311597,148.444808,Transit,0,0,604.729,0,0,0,Vessel Live Movement,Zero HSFO ROB in source; vessel modelled with no fuel onboard
KOTA CANTIK,CVI,Chennai,INMAA,2026-08-24 18:00:00,3.491184,148.113334,Transit,0,0,604.729,0,0,0,Vessel Live Movement,Zero HSFO ROB in source; vessel modelled with no fuel onboard
KOTA CANTIK,CVI,Chennai,INMAA,2026-08-24 21:00:00,3.670653,147.781734,Transit,0,0,604.729,0,0,0,Vessel Live Movement,Zero HSFO ROB in source; vessel modelled with no fuel onboard
KOTA CANTIK,CVI,Chennai,INMAA,2026-08-25 00:00:00,3.848184,147.449049,Berthed,0,1176.315,604.729,0,1176.315,0,Vessel Live Movement,
KOTA CANTIK,CVI,Chennai,INMAA,2026-08-25 03:00:00,3.85081,147.449649,Berthed,0,1174.741,604.729,0,0,0,Vessel Live Movement,
KOTA CANTIK,CVI,Chennai,INMAA,2026-08-25 06:00:00,3.849367,147.450206,Berthed,0,1173.166,604.729,0,0,0,Vessel Live Movement,
KOTA CANTIK,CVI,Chennai,INMAA,2026-08-25 09:00:00,3.850326,147.449623,Berthed,0,1171.592,604.729,0,0,0,Vessel Live Movement,
KOTA CANTIK,CVI,Chennai,INMAA,2026-08-25 12:00:00,3.85019,147.448378,Berthed,0,1170.018,604.729,0,0,0,Vessel Live Movement,
KOTA CANTIK,CVI,Chennai,INMAA,2026-08-25 15:00:00,3.848685,147.451572,Berthed,0,1168.443,604.729,0,0,0,Vessel Live Movement,
KOTA CANTIK,CVI,Chennai,INMAA,2026-08-25 18:00:00,3.849293,147.44956,Berthed,0,1166.869,604.729,0,0,0,Vessel Live Movement,
KOTA CANTIK,CVI,Chennai,INMAA,2026-08-25 21:00:00,3.848956,147.449136,Berthed,0,1165.295,604.729,0,0,0,Vessel Live Movement,
KOTA CANTIK,CVI,Chennai,INMAA,2026-08-26 00:00:00,3.851256,147.450051,Berthed,0,1163.72,604.729,0,0,0,Vessel Live Movement,
KOTA CANTIK,CVI,Chennai,INMAA,2026-08-26 03:00:00,3.848208,147.449114,Berthed,0,1162.146,604.729,0,0,0,Vessel Live Movement,
KOTA CANTIK,CVI,Chennai,INMAA,2026-08-26 06:00:00,3.85046,147.448707,Berthed,0,1160.572,604.729,0,0,0,Vessel Live Movement,
KOTA CANTIK,CVI,Chennai,INMAA,2026-08-26 09:00:00,3.848704,147.449823,Berthed,0,1158.997,604.729,0,0,0,Vessel Live Movement,
KOTA CANTIK,CVI,Chennai,INMAA,2026-08-26 12:00:00,3.848935,147.449599,Berthed,0,1157.423,604.729,0,0,0,Vessel Live Movement,
KOTA CANTIK,CVI,Chennai,INMAA,2026-08-26 15:00:00,3.849773,147.450653,Berthed,0,1155.849,604.729,0,0,0,Vessel Live Movement,
KOTA CANTIK,CVI,Chennai,INMAA,2026-08-26 18:00:00,3.8479,147.448032,Berthed,0,1154.274,604.729,0,0,0,Vessel Live Movement,
KOTA CANTIK,CVI,Chennai,INMAA,2026-08-26 21:00:00,3.851546,147.451415,Berthed,0,1152.7,604.729,0,0,0,Vessel Live Movement,
KOTA CANTIK,CVI,Shanghai,CNSHA,2026-08-27 00:00:00,3.85,147.45,Transit,0,1143.254,604.729,0,0,0,Vessel Live Movement,
KOTA CANTIK,CVI,Shanghai,CNSHA,2026-08-27 03:00:00,4.866272,149.192795,Transit,0,1133.808,604.729,0,0,0,Vessel Live Movement,
KOTA CANTIK,CVI,Shanghai,CNSHA,2026-08-27 06:00:00,5.878049,150.940849,Transit,0,1124.362,604.729,0,0,0,Vessel Live Movement,
KOTA CANTIK,CVI,Shanghai,CNSHA,2026-08-27 09:00:00,6.884375,152.695254,Transit,0,1114.916,604.729,0,0,0,Vessel Live Movement,
KOTA CANTIK,CVI,Shanghai,CNSHA,2026-08-27 12:00:00,7.884281,154.457091,Transit,0,1105.47,604.729,0,0,0,Vessel Live Movement,
KOTA CANTIK,CVI,Shanghai,CNSHA,2026-08-27 15:00:00,8.87679,156.227432,Transit,0,1096.024,604.729,0,0,0,Vessel Live Movement,
KOTA CANTIK,CVI,Shanghai,CNSHA,2026-08-27 18:00:00,9.860916,158.007337,Transit,0,1086.578,604.729,0,0,0,Vessel Live Movement,
KOTA CANTIK,CVI,Shanghai,CNSHA,2026-08-27 21:00:00,10.835657,159.797851,Transit,0,1077.132,604.729,0,0,0,Vessel Live Movement,
KOTA CANTIK,CVI,Shanghai,CNSHA,2026-08-28 00:00:00,11.798449,161.600591,Berthed,0,1075.558,604.729,0,0,0,Vessel Live Movement,
KOTA CANTIK,CVI,Shanghai,CNSHA,2026-08-28 03:00:00,11.800238,161.599416,Berthed,0,1073.984,604.729,0,0,0,Vessel Live Movement,
KOTA CANTIK,CVI,Shanghai,CNSHA,2026-08-28 06:00:00,11.800159,161.599354,Berthed,0,1072.41,604.729,0,0,0,Vessel Live Movement,
KOTA CANTIK,CVI,Shanghai,CNSHA,2026-08-28 09:00:00,11.799039,161.59872,Berthed,0,1070.835,604.729,0,0,0,Vessel Live Movement,
KOTA CANTIK,CVI,Shanghai,CNSHA,2026-08-28 12:00:00,11.802077,161.599793,Berthed,0,1069.261,604.729,0,0,0,Vessel Live Movement,
KOTA CANTIK,CVI,Shanghai,CNSHA,2026-08-28 15:00:00,11.801395,161.598781,Berthed,0,1067.687,604.729,0,0,0,Vessel Live Movement,
KOTA CANTIK,CVI,Shanghai,CNSHA,2026-08-28 18:00:00,11.800489,161.600973,Berthed,0,1066.112,604.729,0,0,0,Vessel Live Movement,
KOTA CANTIK,CVI,Shanghai,CNSHA,2026-08-28 21:00:00,11.7999,161.59933,Berthed,0,1064.538,604.729,0,0,0,Vessel Live Movement,
KOTA CANTIK,CVI,Ningbo,CNNGB,2026-08-29 00:00:00,11.8,161.6,Transit,0,1055.092,604.729,0,0,0,Vessel Live Movement,
KOTA CANTIK,CVI,Ningbo,CNNGB,2026-08-29 03:00:00,10.869303,162.064015,Transit,0,1045.646,604.729,0,0,0,Vessel Live Movement,
KOTA CANTIK,CVI,Ningbo,CNNGB,2026-08-29 06:00:00,9.937915,162.525144,Transit,0,1036.2,604.729,0,0,0,Vessel Live Movement,
KOTA CANTIK,CVI,Ningbo,CNNGB,2026-08-29 09:00:00,9.005899,162.983652,Transit,0,1026.754,604.729,0,0,0,Vessel Live Movement,
KOTA CANTIK,CVI,Ningbo,CNNGB,2026-08-29 12:00:00,8.073319,163.439802,Transit,0,1017.308,604.729,0,0,0,Vessel Live Movement,
KOTA CANTIK,CVI,Ningbo,CNNGB,2026-08-29 15:00:00,7.140237,163.893849,Transit,0,1007.862,604.729,0,0,0,Vessel Live Movement,
KOTA CANTIK,CVI,Ningbo,CNNGB,2026-08-29 18:00:00,6.206712,164.346046,Transit,0,998.416,604.729,0,0,0,Vessel Live Movement,
KOTA CANTIK,CVI,Ningbo,CNNGB,2026-08-29 21:00:00,5.272805,164.796644,Transit,0,988.97,604.729,0,0,0,Vessel Live Movement,
KOTA CANTIK,CVI,Ningbo,CNNGB,2026-08-30 00:00:00,4.338575,165.245888,Transit,0,979.524,604.729,0,0,0,Vessel Live Movement,
KOTA CANTIK,CVI,Ningbo,CNNGB,2026-08-30 03:00:00,3.40408,165.694021,Transit,0,970.078,604.729,0,0,0,Vessel Live Movement,
KOTA CANTIK,CVI,Ningbo,CNNGB,2026-08-30 06:00:00,2.469377,166.141285,Transit,0,960.632,604.729,0,0,0,Vessel Live Movement,
KOTA CANTIK,CVI,Ningbo,CNNGB,2026-08-30 09:00:00,1.534525,166.587921,Transit,0,951.186,604.729,0,0,0,Vessel Live Movement,
KOTA CANTIK,CVI,Ningbo,CNNGB,2026-08-30 12:00:00,0.599579,167.034166,Transit,0,941.741,604.729,0,0,0,Vessel Live Movement,
KOTA CANTIK,CVI,Ningbo,CNNGB,2026-08-30 15:00:00,-0.335403,167.480259,Transit,0,932.295,604.729,0,0,0,Vessel Live Movement,
KOTA CANTIK,CVI,Ningbo,CNNGB,2026-08-30 18:00:00,-1.270365,167.926437,Transit,0,922.849,604.729,0,0,0,Vessel Live Movement,
KOTA CANTIK,CVI,Ningbo,CNNGB,2026-08-30 21:00:00,-2.205249,168.372938,Transit,0,913.403,604.729,0,0,0,Vessel Live Movement,
KOTA CANTIK,CVI,Ningbo,CNNGB,2026-08-31 00:00:00,-3.140221,168.819835,Berthed,0,911.828,604.729,0,0,0,Vessel Live Movement,
KOTA CANTIK,CVI,Ningbo,CNNGB,2026-08-31 03:00:00,-3.140002,168.820399,Berthed,0,910.254,604.729,0,0,0,Vessel Live Movement,
KOTA CANTIK,CVI,Ningbo,CNNGB,2026-08-31 06:00:00,-3.139919,168.819825,Berthed,0,908.68,604.729,0,0,0,Vessel Live Movement,
KOTA CANTIK,CVI,Ningbo,CNNGB,2026-08-31 09:00:00,-3.139495,168.819255,Berthed,0,907.105,604.729,0,0,0,Vessel Live Movement,
KOTA CANTIK,CVI,Ningbo,CNNGB,2026-08-31 12:00:00,-3.140061,168.82083,Berthed,0,905.531,604.729,0,0,0,Vessel Live Movement,
KOTA CANTIK,CVI,Ningbo,CNNGB,2026-08-31 15:00:00,-3.140858,168.820675,Berthed,0,903.957,604.729,0,0,0,Vessel Live Movement,
KOTA CANTIK,CVI,Ningbo,CNNGB,2026-08-31 18:00:00,-3.13913,168.819845,Berthed,0,902.382,604.729,0,0,0,Vessel Live Movement,
KOTA CANTIK,CVI,Ningbo,CNNGB,2026-08-31 21:00:00,-3.140132,168.819408,Berthed,0,900.808,604.729,0,0,0,Vessel Live Movement,
KOTA CANTIK,CVI,Nansha,CNNSA,2026-09-01 00:00:00,-3.14,168.82,Transit,0,891.362,604.729,0,0,0,Vessel Live Movement,
KOTA CANTIK,CVI,Nansha,CNNSA,2026-09-01 03:00:00,-3.150462,168.480907,Transit,0,881.916,604.729,0,0,0,Vessel Live Movement,
KOTA CANTIK,CVI,Nansha,CNNSA,2026-09-01 06:00:00,-3.160814,168.141807,Transit,0,872.47,604.729,0,0,0,Vessel Live Movement,
KOTA CANTIK,CVI,Nansha,CNNSA,2026-09-01 09:00:00,-3.171056,167.8027,Transit,0,863.024,604.729,0,0,0,Vessel Live Movement,
KOTA CANTIK,CVI,Nansha,CNNSA,2026-09-01 12:00:00,-3.181186,167.463586,Transit,0,853.578,604.729,0,0,0,Vessel Live Movement,
KOTA CANTIK,CVI,Nansha,CNNSA,2026-09-01 15:00:00,-3.191206,167.124466,Transit,0,844.132,604.729,0,0,0,Vessel Live Movement,
KOTA CANTIK,CVI,Nansha,CNNSA,2026-09-01 18:00:00,-3.201114,166.78534,Transit,0,834.686,604.729,0,0,0,Vessel Live Movement,
KOTA CANTIK,CVI,Nansha,CNNSA,2026-09-01 21:00:00,-3.21091,166.446206,Transit,0,825.24,604.729,0,0,0,Vessel Live Movement,
KOTA CANTIK,CVI,Nansha,CNNSA,2026-09-02 00:00:00,-3.220594,166.107067,Transit,0,815.795,604.729,0,0,0,Vessel Live Movement,
KOTA CANTIK,CVI,Nansha,CNNSA,2026-09-02 03:00:00,-3.230165,165.767921,Transit,0,806.349,604.729,0,0,0,Vessel Live Movement,
KOTA CANTIK,CVI,Nansha,CNNSA,2026-09-02 06:00:00,-3.239623,165.428768,Transit,0,796.903,604.729,0,0,0,Vessel Live Movement,
KOTA CANTIK,CVI,Nansha,CNNSA,2026-09-02 09:00:00,-3.248968,165.089609,Transit,0,787.457,604.729,0,0,0,Vessel Live Movement,
KOTA CANTIK,CVI,Nansha,CNNSA,2026-09-02 12:00:00,-3.258199,164.750444,Transit,0,778.011,604.729,0,0,0,Vessel Live Movement,
KOTA CANTIK,CVI,Nansha,CNNSA,2026-09-02 15:00:00,-3.267317,164.411273,Transit,0,768.565,604.729,0,0,0,Vessel Live Movement,
KOTA CANTIK,CVI,Nansha,CNNSA,2026-09-02 18:00:00,-3.27632,164.072096,Transit,0,759.119,604.729,0,0,0,Vessel Live Movement,
KOTA CANTIK,CVI,Nansha,CNNSA,2026-09-02 21:00:00,-3.285208,163.732913,Transit,0,749.673,604.729,0,0,0,Vessel Live Movement,
KOTA CANTIK,CVI,Nansha,CNNSA,2026-09-03 00:00:00,-3.293982,163.393723,Transit,0,740.227,604.729,0,0,0,Vessel Live Movement,
KOTA CANTIK,CVI,Nansha,CNNSA,2026-09-03 03:00:00,-3.302641,163.054528,Transit,0,730.781,604.729,0,0,0,Vessel Live Movement,
KOTA CANTIK,CVI,Nansha,CNNSA,2026-09-03 06:00:00,-3.311184,162.715327,Transit,0,721.335,604.729,0,0,0,Vessel Live Movement,
KOTA CANTIK,CVI,Nansha,CNNSA,2026-09-03 09:00:00,-3.319611,162.37612,Transit,0,711.889,604.729,0,0,0,Vessel Live Movement,
KOTA CANTIK,CVI,Nansha,CNNSA,2026-09-03 12:00:00,-3.327922,162.036907,Transit,0,702.443,604.729,0,0,0,Vessel Live Movement,
KOTA CANTIK,CVI,Nansha,CNNSA,2026-09-03 15:00:00,-3.336117,161.697689,Transit,0,692.997,604.729,0,0,0,Vessel Live Movement,
KOTA CANTIK,CVI,Nansha,CNNSA,2026-09-03 18:00:00,-3.344195,161.358465,Transit,0,683.551,604.729,0,0,0,Vessel Live Movement,
KOTA CANTIK,CVI,Nansha,CNNSA,2026-09-03 21:00:00,-3.352156,161.019235,Transit,0,674.105,604.729,0,0,0,Vessel Live Movement,
KOTA CANTIK,CVI,Nansha,CNNSA,2026-09-04 00:00:00,-3.360381,160.681273,Berthed,0,672.531,604.729,0,0,0,Vessel Live Movement,
KOTA CANTIK,CVI,Nansha,CNNSA,2026-09-04 03:00:00,-3.362105,160.679346,Berthed,0,670.957,604.729,0,0,0,Vessel Live Movement,
KOTA CANTIK,CVI,Nansha,CNNSA,2026-09-04 06:00:00,-3.359777,160.680342,Berthed,0,669.382,604.729,0,0,0,Vessel Live Movement,
KOTA CANTIK,CVI,Nansha,CNNSA,2026-09-04 09:00:00,-3.359999,160.681035,Berthed,0,667.808,604.729,0,0,0,Vessel Live Movement,
KOTA CANTIK,CVI,Nansha,CNNSA,2026-09-04 12:00:00,-3.35933,160.682643,Berthed,0,666.234,604.729,0,0,0,Vessel Live Movement,
KOTA CANTIK,CVI,Nansha,CNNSA,2026-09-04 15:00:00,-3.36086,160.67928,Berthed,0,664.659,604.729,0,0,0,Vessel Live Movement,
KOTA CANTIK,CVI,Nansha,CNNSA,2026-09-04 18:00:00,-3.360185,160.680088,Berthed,0,663.085,604.729,0,0,0,Vessel Live Movement,
KOTA CANTIK,CVI,Nansha,CNNSA,2026-09-04 21:00:00,-3.36019,160.678785,Berthed,0,661.511,604.729,0,0,0,Vessel Live Movement,
KOTA CANTIK,CVI,Chennai,INMAA,2026-09-05 00:00:00,-3.36,160.68,Transit,0,652.065,604.729,0,0,0,Vessel Live Movement,
KOTA CANTIK,CVI,Chennai,INMAA,2026-09-05 03:00:00,-3.180333,160.348615,Transit,0,642.619,604.729,0,0,0,Vessel Live Movement,
KOTA CANTIK,CVI,Chennai,INMAA,2026-09-05 06:00:00,-3.000559,160.017345,Transit,0,633.173,604.729,0,0,0,Vessel Live Movement,
KOTA CANTIK,CVI,Chennai,INMAA,2026-09-05 09:00:00,-2.820685,159.686185,Transit,0,623.727,604.729,0,0,0,Vessel Live Movement,
KOTA CANTIK,CVI,Chennai,INMAA,2026-09-05 12:00:00,-2.640717,159.355126,Transit,0,614.281,604.729,0,0,0,Vessel Live Movement,
KOTA CANTIK,CVI,Chennai,INMAA,2026-09-05 15:00:00,-2.460662,159.024164,Transit,0,604.835,604.729,0,0,0,Vessel Live Movement,
KOTA CANTIK,CVI,Chennai,INMAA,2026-09-05 18:00:00,-2.280524,158.693291,Transit,0,595.389,604.729,0,0,0,Vessel Live Movement,
KOTA CANTIK,CVI,Chennai,INMAA,2026-09-05 21:00:00,-2.10031,158.362501,Transit,0,585.943,604.729,0,0,0,Vessel Live Movement,
KOTA CANTIK,CVI,Chennai,INMAA,2026-09-06 00:00:00,-1.920027,158.031787,Transit,0,576.497,604.729,0,0,0,Vessel Live Movement,
KOTA CANTIK,CVI,Chennai,INMAA,2026-09-06 03:00:00,-1.739679,157.701143,Transit,0,567.051,604.729,0,0,0,Vessel Live Movement,
KOTA CANTIK,CVI,Chennai,INMAA,2026-09-06 06:00:00,-1.559274,157.370563,Transit,0,557.605,604.729,0,0,0,Vessel Live Movement,
KOTA CANTIK,CVI,Chennai,INMAA,2026-09-06 09:00:00,-1.378816,157.040039,Transit,0,548.159,604.729,0,0,0,Vessel Live Movement,
KOTA CANTIK,CVI,Chennai,INMAA,2026-09-06 12:00:00,-1.198313,156.709565,Transit,0,538.713,604.729,0,0,0,Vessel Live Movement,
KOTA CANTIK,CVI,Chennai,INMAA,2026-09-06 15:00:00,-1.01777,156.379134,Transit,0,529.267,604.729,0,0,0,Vessel Live Movement,
KOTA CANTIK,CVI,Chennai,INMAA,2026-09-06 18:00:00,-0.837193,156.048741,Transit,0,519.821,604.729,0,0,0,Vessel Live Movement,
KOTA CANTIK,CVI,Chennai,INMAA,2026-09-06 21:00:00,-0.656589,155.718378,Transit,0,510.375,604.729,0,0,0,Vessel Live Movement,
KOTA CANTIK,CVI,Chennai,INMAA,2026-09-07 00:00:00,-0.475962,155.388039,Transit,0,500.93,604.729,0,0,0,Vessel Live Movement,
KOTA CANTIK,CVI,Chennai,INMAA,2026-09-07 03:00:00,-0.29532,155.057717,Transit,0,491.484,604.729,0,0,0,Vessel Live Movement,
KOTA CANTIK,CVI,Chennai,INMAA,2026-09-07 06:00:00,-0.114668,154.727406,Transit,0,482.038,604.729,0,0,0,Vessel Live Movement,
KOTA CANTIK,CVI,Chennai,INMAA,2026-09-07 09:00:00,0.065988,154.397099,Transit,0,472.592,604.729,0,0,0,Vessel Live Movement,
KOTA CANTIK,CVI,Chennai,INMAA,2026-09-07 12:00:00,0.246642,154.06679,Transit,0,463.146,604.729,0,0,0,Vessel Live Movement,
KOTA CANTIK,CVI,Chennai,INMAA,2026-09-07 15:00:00,0.427288,153.736472,Transit,0,453.7,604.729,0,0,0,Vessel Live Movement,
KOTA CANTIK,CVI,Chennai,INMAA,2026-09-07 18:00:00,0.607919,153.406138,Transit,0,444.254,604.729,0,0,0,Vessel Live Movement,
KOTA CANTIK,CVI,Chennai,INMAA,2026-09-07 21:00:00,0.78853,153.075782,Transit,0,434.808,604.729,0,0,0,Vessel Live Movement,
KOTA CANTIK,CVI,Chennai,INMAA,2026-09-08 00:00:00,0.969115,152.745398,Transit,0,425.362,604.729,0,0,0,Vessel Live Movement,
KOTA CANTIK,CVI,Chennai,INMAA,2026-09-08 03:00:00,1.149668,152.414978,Transit,0,415.916,604.729,0,0,0,Vessel Live Movement,
KOTA CANTIK,CVI,Chennai,INMAA,2026-09-08 06:00:00,1.330182,152.084516,Transit,0,406.47,604.729,0,0,0,Vessel Live Movement,
KOTA CANTIK,CVI,Chennai,INMAA,2026-09-08 09:00:00,1.510652,151.754006,Transit,0,397.024,604.729,0,0,0,Vessel Live Movement,
KOTA CANTIK,CVI,Chennai,INMAA,2026-09-08 12:00:00,1.691072,151.423442,Transit,0,387.578,604.729,0,0,0,Vessel Live Movement,
KOTA CANTIK,CVI,Chennai,INMAA,2026-09-08 15:00:00,1.871436,151.092815,Transit,0,378.132,604.729,0,0,0,Vessel Live Movement,
KOTA CANTIK,CVI,Chennai,INMAA,2026-09-08 18:00:00,2.051738,150.762121,Transit,0,368.686,604.729,0,0,0,Vessel Live Movement,
KOTA CANTIK,CVI,Chennai,INMAA,2026-09-08 21:00:00,2.231971,150.431352,Transit,0,359.24,604.729,0,0,0,Vessel Live Movement,
KOTA CANTIK,CVI,Chennai,INMAA,2026-09-09 00:00:00,2.412129,150.100502,Transit,0,349.794,604.729,0,0,0,Vessel Live Movement,
KOTA CANTIK,CVI,Chennai,INMAA,2026-09-09 03:00:00,2.592208,149.769565,Transit,0,340.348,604.729,0,0,0,Vessel Live Movement,
KOTA CANTIK,CVI,Chennai,INMAA,2026-09-09 06:00:00,2.7722,149.438533,Transit,0,330.902,604.729,0,0,0,Vessel Live Movement,
KOTA CANTIK,CVI,Chennai,INMAA,2026-09-09 09:00:00,2.9521,149.107401,Transit,0,321.456,604.729,0,0,0,Vessel Live Movement,
KOTA CANTIK,CVI,Chennai,INMAA,2026-09-09 12:00:00,3.131901,148.776161,Transit,0,312.011,604.729,0,0,0,Vessel Live Movement,
KOTA CANTIK,CVI,Chennai,INMAA,2026-09-09 15:00:00,3.311597,148.444808,Transit,0,302.565,604.729,0,0,0,Vessel Live Movement,
KOTA CANTIK,CVI,Chennai,INMAA,2026-09-09 18:00:00,3.491184,148.113334,Transit,0,293.119,604.729,0,0,0,Vessel Live Movement,
KOTA CANTIK,CVI,Chennai,INMAA,2026-09-09 21:00:00,3.670653,147.781734,Transit,0,283.673,604.729,0,0,0,Vessel Live Movement,
KOTA CANTIK,CVI,Chennai,INMAA,2026-09-10 00:00:00,3.849323,147.450392,Berthed,0,282.098,604.729,0,0,0,Vessel Live Movement,
KOTA CANTIK,CVI,Chennai,INMAA,2026-09-10 03:00:00,3.847681,147.451544,Berthed,0,280.524,604.729,0,0,0,Vessel Live Movement,
KOTA CANTIK,CVI,Chennai,INMAA,2026-09-10 06:00:00,3.849235,147.448679,Berthed,0,278.95,604.729,0,0,0,Vessel Live Movement,
KOTA CANTIK,CVI,Chennai,INMAA,2026-09-10 09:00:00,3.849955,147.450805,Berthed,0,277.375,604.729,0,0,0,Vessel Live Movement,
KOTA CANTIK,CVI,Chennai,INMAA,2026-09-10 12:00:00,3.850999,147.451522,Berthed,0,275.801,604.729,0,0,0,Vessel Live Movement,
KOTA CANTIK,CVI,Chennai,INMAA,2026-09-10 15:00:00,3.849447,147.450222,Berthed,0,274.227,604.729,0,0,0,Vessel Live Movement,
KOTA CANTIK,CVI,Chennai,INMAA,2026-09-10 18:00:00,3.850717,147.450506,Berthed,0,272.652,604.729,0,0,0,Vessel Live Movement,
KOTA CANTIK,CVI,Chennai,INMAA,2026-09-10 21:00:00,3.850269,147.449769,Berthed,0,271.078,604.729,0,0,0,Vessel Live Movement,
KOTA CANTIK,CVI,Chennai,INMAA,2026-09-11 00:00:00,3.850508,147.449672,Berthed,0,269.504,604.729,0,0,0,Vessel Live Movement,
KOTA CANTIK,CVI,Chennai,INMAA,2026-09-11 03:00:00,3.850141,147.450704,Berthed,0,267.929,604.729,0,0,0,Vessel Live Movement,
KOTA CANTIK,CVI,Chennai,INMAA,2026-09-11 06:00:00,3.849433,147.45053,Berthed,0,266.355,604.729,0,0,0,Vessel Live Movement,
KOTA CANTIK,CVI,Chennai,INMAA,2026-09-11 09:00:00,3.851144,147.451897,Berthed,0,264.781,604.729,0,0,0,Vessel Live Movement,
KOTA CANTIK,CVI,Chennai,INMAA,2026-09-11 12:00:00,3.848879,147.450992,Berthed,0,263.206,604.729,0,0,0,Vessel Live Movement,
KOTA CANTIK,CVI,Chennai,INMAA,2026-09-11 15:00:00,3.849161,147.449829,Berthed,0,261.632,604.729,0,0,0,Vessel Live Movement,
KOTA CANTIK,CVI,Chennai,INMAA,2026-09-11 18:00:00,3.848843,147.450364,Berthed,0,260.058,604.729,0,0,0,Vessel Live Movement,
KOTA CANTIK,CVI,Chennai,INMAA,2026-09-11 21:00:00,3.848892,147.450218,Berthed,0,258.483,604.729,0,0,0,Vessel Live Movement,
KOTA CANTIK,CVI,Shanghai,CNSHA,2026-09-12 00:00:00,3.85,147.45,Transit,0,249.038,604.729,0,0,0,Vessel Live Movement,
KOTA CANTIK,CVI,Shanghai,CNSHA,2026-09-12 03:00:00,4.866272,149.192795,Transit,0,239.592,604.729,0,0,0,Vessel Live Movement,
KOTA CANTIK,CVI,Shanghai,CNSHA,2026-09-12 06:00:00,5.878049,150.940849,Transit,0,230.146,604.729,0,0,0,Vessel Live Movement,
KOTA CANTIK,CVI,Shanghai,CNSHA,2026-09-12 09:00:00,6.884375,152.695254,Transit,0,220.7,604.729,0,0,0,Vessel Live Movement,
KOTA CANTIK,CVI,Shanghai,CNSHA,2026-09-12 12:00:00,7.884281,154.457091,Transit,0,211.254,604.729,0,0,0,Vessel Live Movement,
KOTA CANTIK,CVI,Shanghai,CNSHA,2026-09-12 15:00:00,8.87679,156.227432,Transit,0,201.808,604.729,0,0,0,Vessel Live Movement,
KOTA CANTIK,CVI,Shanghai,CNSHA,2026-09-12 18:00:00,9.860916,158.007337,Transit,0,192.362,604.729,0,0,0,Vessel Live Movement,
KOTA CANTIK,CVI,Shanghai,CNSHA,2026-09-12 21:00:00,10.835657,159.797851,Transit,0,182.916,604.729,0,0,0,Vessel Live Movement,
KOTA CANTIK,CVI,Shanghai,CNSHA,2026-09-13 00:00:00,11.799814,161.601064,Berthed,0,1556.488,604.729,0,1375.146,0,Vessel Live Movement,
KOTA CANTIK,CVI,Shanghai,CNSHA,2026-09-13 03:00:00,11.80209,161.600273,Berthed,0,1554.914,604.729,0,0,0,Vessel Live Movement,
KOTA CANTIK,CVI,Shanghai,CNSHA,2026-09-13 06:00:00,11.799065,161.6006,Berthed,0,1553.339,604.729,0,0,0,Vessel Live Movement,
KOTA CANTIK,CVI,Shanghai,CNSHA,2026-09-13 09:00:00,11.800675,161.599678,Berthed,0,1551.765,604.729,0,0,0,Vessel Live Movement,
KOTA CANTIK,CVI,Shanghai,CNSHA,2026-09-13 12:00:00,11.799228,161.60037,Berthed,0,1550.191,604.729,0,0,0,Vessel Live Movement,
KOTA CANTIK,CVI,Shanghai,CNSHA,2026-09-13 15:00:00,11.801421,161.59903,Berthed,0,1548.616,604.729,0,0,0,Vessel Live Movement,
KOTA CANTIK,CVI,Shanghai,CNSHA,2026-09-13 18:00:00,11.801267,161.602352,Berthed,0,1547.042,604.729,0,0,0,Vessel Live Movement,
KOTA CANTIK,CVI,Shanghai,CNSHA,2026-09-13 21:00:00,11.800086,161.59958,Berthed,0,1545.468,604.729,0,0,0,Vessel Live Movement,
KOTA CANTIK,CVI,Ningbo,CNNGB,2026-09-14 00:00:00,11.8,161.6,Transit,0,1536.022,604.729,0,0,0,Vessel Live Movement,
KOTA CANTIK,CVI,Ningbo,CNNGB,2026-09-14 03:00:00,10.869303,162.064015,Transit,0,1526.576,604.729,0,0,0,Vessel Live Movement,
KOTA CANTIK,CVI,Ningbo,CNNGB,2026-09-14 06:00:00,9.937915,162.525144,Transit,0,1517.13,604.729,0,0,0,Vessel Live Movement,
KOTA CANTIK,CVI,Ningbo,CNNGB,2026-09-14 09:00:00,9.005899,162.983652,Transit,0,1507.684,604.729,0,0,0,Vessel Live Movement,
KOTA CANTIK,CVI,Ningbo,CNNGB,2026-09-14 12:00:00,8.073319,163.439802,Transit,0,1498.238,604.729,0,0,0,Vessel Live Movement,
KOTA CANTIK,CVI,Ningbo,CNNGB,2026-09-14 15:00:00,7.140237,163.893849,Transit,0,1488.792,604.729,0,0,0,Vessel Live Movement,
KOTA CANTIK,CVI,Ningbo,CNNGB,2026-09-14 18:00:00,6.206712,164.346046,Transit,0,1479.346,604.729,0,0,0,Vessel Live Movement,
KOTA CANTIK,CVI,Ningbo,CNNGB,2026-09-14 21:00:00,5.272805,164.796644,Transit,0,1469.9,604.729,0,0,0,Vessel Live Movement,
KOTA CANTIK,CVI,Ningbo,CNNGB,2026-09-15 00:00:00,4.338575,165.245888,Transit,0,1460.454,604.729,0,0,0,Vessel Live Movement,
KOTA CANTIK,CVI,Ningbo,CNNGB,2026-09-15 03:00:00,3.40408,165.694021,Transit,0,1451.008,604.729,0,0,0,Vessel Live Movement,
KOTA CANTIK,CVI,Ningbo,CNNGB,2026-09-15 06:00:00,2.469377,166.141285,Transit,0,1441.562,604.729,0,0,0,Vessel Live Movement,
KOTA CANTIK,CVI,Ningbo,CNNGB,2026-09-15 09:00:00,1.534525,166.587921,Transit,0,1432.116,604.729,0,0,0,Vessel Live Movement,
KOTA CANTIK,CVI,Ningbo,CNNGB,2026-09-15 12:00:00,0.599579,167.034166,Transit,0,1422.67,604.729,0,0,0,Vessel Live Movement,
KOTA CANTIK,CVI,Ningbo,CNNGB,2026-09-15 15:00:00,-0.335403,167.480259,Transit,0,1413.224,604.729,0,0,0,Vessel Live Movement,
KOTA CANTIK,CVI,Ningbo,CNNGB,2026-09-15 18:00:00,-1.270365,167.926437,Transit,0,1403.779,604.729,0,0,0,Vessel Live Movement,
KOTA CANTIK,CVI,Ningbo,CNNGB,2026-09-15 21:00:00,-2.205249,168.372938,Transit,0,1394.333,604.729,0,0,0,Vessel Live Movement,
KOTA CANTIK,CVI,Ningbo,CNNGB,2026-09-16 00:00:00,-3.139801,168.818691,Berthed,0,1392.758,604.729,0,0,0,Vessel Live Movement,
KOTA CANTIK,CVI,Ningbo,CNNGB,2026-09-16 03:00:00,-3.139107,168.818348,Berthed,0,1391.184,604.729,0,0,0,Vessel Live Movement,
KOTA CANTIK,CVI,Ningbo,CNNGB,2026-09-16 06:00:00,-3.140961,168.820537,Berthed,0,1389.61,604.729,0,0,0,Vessel Live Movement,
KOTA CANTIK,CVI,Ningbo,CNNGB,2026-09-16 09:00:00,-3.139194,168.819326,Berthed,0,1388.035,604.729,0,0,0,Vessel Live Movement,
KOTA CANTIK,CVI,Ningbo,CNNGB,2026-09-16 12:00:00,-3.140569,168.820839,Berthed,0,1386.461,604.729,0,0,0,Vessel Live Movement,
KOTA CANTIK,CVI,Ningbo,CNNGB,2026-09-16 15:00:00,-3.140512,168.82064,Berthed,0,1384.887,604.729,0,0,0,Vessel Live Movement,
KOTA CANTIK,CVI,Ningbo,CNNGB,2026-09-16 18:00:00,-3.138515,168.819475,Berthed,0,1383.312,604.729,0,0,0,Vessel Live Movement,
KOTA CANTIK,CVI,Ningbo,CNNGB,2026-09-16 21:00:00,-3.139088,168.82078,Berthed,0,1381.738,604.729,0,0,0,Vessel Live Movement,
KOTA CANTIK,CVI,Nansha,CNNSA,2026-09-17 00:00:00,-3.14,168.82,Transit,0,1372.292,604.729,0,0,0,Vessel Live Movement,
KOTA CANTIK,CVI,Nansha,CNNSA,2026-09-17 03:00:00,-3.150462,168.480907,Transit,0,1362.846,604.729,0,0,0,Vessel Live Movement,
KOTA CANTIK,CVI,Nansha,CNNSA,2026-09-17 06:00:00,-3.160814,168.141807,Transit,0,1353.4,604.729,0,0,0,Vessel Live Movement,
KOTA CANTIK,CVI,Nansha,CNNSA,2026-09-17 09:00:00,-3.171056,167.8027,Transit,0,1343.954,604.729,0,0,0,Vessel Live Movement,
KOTA CANTIK,CVI,Nansha,CNNSA,2026-09-17 12:00:00,-3.181186,167.463586,Transit,0,1334.508,604.729,0,0,0,Vessel Live Movement,
KOTA CANTIK,CVI,Nansha,CNNSA,2026-09-17 15:00:00,-3.191206,167.124466,Transit,0,1325.062,604.729,0,0,0,Vessel Live Movement,
KOTA CANTIK,CVI,Nansha,CNNSA,2026-09-17 18:00:00,-3.201114,166.78534,Transit,0,1315.616,604.729,0,0,0,Vessel Live Movement,
KOTA CANTIK,CVI,Nansha,CNNSA,2026-09-17 21:00:00,-3.21091,166.446206,Transit,0,1306.17,604.729,0,0,0,Vessel Live Movement,
KOTA CANTIK,CVI,Nansha,CNNSA,2026-09-18 00:00:00,-3.220594,166.107067,Transit,0,1296.724,604.729,0,0,0,Vessel Live Movement,
KOTA CANTIK,CVI,Nansha,CNNSA,2026-09-18 03:00:00,-3.230165,165.767921,Transit,0,1287.278,604.729,0,0,0,Vessel Live Movement,
KOTA CANTIK,CVI,Nansha,CNNSA,2026-09-18 06:00:00,-3.239623,165.428768,Transit,0,1277.833,604.729,0,0,0,Vessel Live Movement,
KOTA CANTIK,CVI,Nansha,CNNSA,2026-09-18 09:00:00,-3.248968,165.089609,Transit,0,1268.387,604.729,0,0,0,Vessel Live Movement,
KOTA CANTIK,CVI,Nansha,CNNSA,2026-09-18 12:00:00,-3.258199,164.750444,Transit,0,1258.941,604.729,0,0,0,Vessel Live Movement,
KOTA CANTIK,CVI,Nansha,CNNSA,2026-09-18 15:00:00,-3.267317,164.411273,Transit,0,1249.495,604.729,0,0,0,Vessel Live Movement,
KOTA CANTIK,CVI,Nansha,CNNSA,2026-09-18 18:00:00,-3.27632,164.072096,Transit,0,1240.049,604.729,0,0,0,Vessel Live Movement,
KOTA CANTIK,CVI,Nansha,CNNSA,2026-09-18 21:00:00,-3.285208,163.732913,Transit,0,1230.603,604.729,0,0,0,Vessel Live Movement,
KOTA CANTIK,CVI,Nansha,CNNSA,2026-09-19 00:00:00,-3.293982,163.393723,Transit,0,1221.157,604.729,0,0,0,Vessel Live Movement,
KOTA CANTIK,CVI,Nansha,CNNSA,2026-09-19 03:00:00,-3.302641,163.054528,Transit,0,1211.711,604.729,0,0,0,Vessel Live Movement,
KOTA CANTIK,CVI,Nansha,CNNSA,2026-09-19 06:00:00,-3.311184,162.715327,Transit,0,1202.265,604.729,0,0,0,Vessel Live Movement,
KOTA CANTIK,CVI,Nansha,CNNSA,2026-09-19 09:00:00,-3.319611,162.37612,Transit,0,1192.819,604.729,0,0,0,Vessel Live Movement,
KOTA CANTIK,CVI,Nansha,CNNSA,2026-09-19 12:00:00,-3.327922,162.036907,Transit,0,1183.373,604.729,0,0,0,Vessel Live Movement,
KOTA CANTIK,CVI,Nansha,CNNSA,2026-09-19 15:00:00,-3.336117,161.697689,Transit,0,1173.927,604.729,0,0,0,Vessel Live Movement,
KOTA CANTIK,CVI,Nansha,CNNSA,2026-09-19 18:00:00,-3.344195,161.358465,Transit,0,1164.481,604.729,0,0,0,Vessel Live Movement,
KOTA CANTIK,CVI,Nansha,CNNSA,2026-09-19 21:00:00,-3.352156,161.019235,Transit,0,1155.035,604.729,0,0,0,Vessel Live Movement,
KOTA CANTIK,CVI,Nansha,CNNSA,2026-09-20 00:00:00,-3.361015,160.679842,Berthed,0,1153.461,604.729,0,0,0,Vessel Live Movement,
KOTA CANTIK,CVI,Nansha,CNNSA,2026-09-20 03:00:00,-3.359246,160.681799,Berthed,0,1151.887,604.729,0,0,0,Vessel Live Movement,
KOTA CANTIK,CVI,Nansha,CNNSA,2026-09-20 06:00:00,-3.361273,160.680834,Berthed,0,1150.312,604.729,0,0,0,Vessel Live Movement,
KOTA CANTIK,CVI,Nansha,CNNSA,2026-09-20 09:00:00,-3.360115,160.679492,Berthed,0,1148.738,604.729,0,0,0,Vessel Live Movement,
KOTA CANTIK,CVI,Nansha,CNNSA,2026-09-20 12:00:00,-3.357257,160.67951,Berthed,0,1147.164,604.729,0,0,0,Vessel Live Movement,
KOTA CANTIK,CVI,Nansha,CNNSA,2026-09-20 15:00:00,-3.359926,160.678345,Berthed,0,1145.589,604.729,0,0,0,Vessel Live Movement,
KOTA CANTIK,CVI,Nansha,CNNSA,2026-09-20 18:00:00,-3.360443,160.680519,Berthed,0,1144.015,604.729,0,0,0,Vessel Live Movement,
KOTA CANTIK,CVI,Nansha,CNNSA,2026-09-20 21:00:00,-3.361148,160.679741,Berthed,0,1142.441,604.729,0,0,0,Vessel Live Movement,
KOTA CANTIK,CVI,Chennai,INMAA,2026-09-21 00:00:00,-3.36,160.68,Transit,0,1132.995,604.729,0,0,0,Vessel Live Movement,
KOTA CANTIK,CVI,Chennai,INMAA,2026-09-21 03:00:00,-3.180333,160.348615,Transit,0,1123.549,604.729,0,0,0,Vessel Live Movement,
KOTA CANTIK,CVI,Chennai,INMAA,2026-09-21 06:00:00,-3.000559,160.017345,Transit,0,1114.103,604.729,0,0,0,Vessel Live Movement,
KOTA CANTIK,CVI,Chennai,INMAA,2026-09-21 09:00:00,-2.820685,159.686185,Transit,0,1104.657,604.729,0,0,0,Vessel Live Movement,
KOTA CANTIK,CVI,Chennai,INMAA,2026-09-21 12:00:00,-2.640717,159.355126,Transit,0,1095.211,604.729,0,0,0,Vessel Live Movement,
KOTA CANTIK,CVI,Chennai,INMAA,2026-09-21 15:00:00,-2.460662,159.024164,Transit,0,1085.765,604.729,0,0,0,Vessel Live Movement,
KOTA CANTIK,CVI,Chennai,INMAA,2026-09-21 18:00:00,-2.280524,158.693291,Transit,0,1076.319,604.729,0,0,0,Vessel Live Movement,
KOTA CANTIK,CVI,Chennai,INMAA,2026-09-21 21:00:00,-2.10031,158.362501,Transit,0,1066.873,604.729,0,0,0,Vessel Live Movement,
KOTA CANTIK,CVI,Chennai,INMAA,2026-09-22 00:00:00,-1.920027,158.031787,Transit,0,1057.427,604.729,0,0,0,Vessel Live Movement,
KOTA CANTIK,CVI,Chennai,INMAA,2026-09-22 03:00:00,-1.739679,157.701143,Transit,0,1047.981,604.729,0,0,0,Vessel Live Movement,
KOTA CANTIK,CVI,Chennai,INMAA,2026-09-22 06:00:00,-1.559274,157.370563,Transit,0,1038.535,604.729,0,0,0,Vessel Live Movement,
KOTA CANTIK,CVI,Chennai,INMAA,2026-09-22 09:00:00,-1.378816,157.040039,Transit,0,1029.089,604.729,0,0,0,Vessel Live Movement,
KOTA CANTIK,CVI,Chennai,INMAA,2026-09-22 12:00:00,-1.198313,156.709565,Transit,0,1019.643,604.729,0,0,0,Vessel Live Movement,
KOTA CANTIK,CVI,Chennai,INMAA,2026-09-22 15:00:00,-1.01777,156.379134,Transit,0,1010.197,604.729,0,0,0,Vessel Live Movement,
KOTA CANTIK,CVI,Chennai,INMAA,2026-09-22 18:00:00,-0.837193,156.048741,Transit,0,1000.751,604.729,0,0,0,Vessel Live Movement,
KOTA CANTIK,CVI,Chennai,INMAA,2026-09-22 21:00:00,-0.656589,155.718378,Transit,0,991.305,604.729,0,0,0,Vessel Live Movement,
KOTA CANTIK,CVI,Chennai,INMAA,2026-09-23 00:00:00,-0.475962,155.388039,Transit,0,981.859,604.729,0,0,0,Vessel Live Movement,
KOTA CANTIK,CVI,Chennai,INMAA,2026-09-23 03:00:00,-0.29532,155.057717,Transit,0,972.413,604.729,0,0,0,Vessel Live Movement,
KOTA CANTIK,CVI,Chennai,INMAA,2026-09-23 06:00:00,-0.114668,154.727406,Transit,0,962.968,604.729,0,0,0,Vessel Live Movement,
KOTA CANTIK,CVI,Chennai,INMAA,2026-09-23 09:00:00,0.065988,154.397099,Transit,0,953.522,604.729,0,0,0,Vessel Live Movement,
KOTA CANTIK,CVI,Chennai,INMAA,2026-09-23 12:00:00,0.246642,154.06679,Transit,0,944.076,604.729,0,0,0,Vessel Live Movement,
KOTA CANTIK,CVI,Chennai,INMAA,2026-09-23 15:00:00,0.427288,153.736472,Transit,0,934.63,604.729,0,0,0,Vessel Live Movement,
KOTA CANTIK,CVI,Chennai,INMAA,2026-09-23 18:00:00,0.607919,153.406138,Transit,0,925.184,604.729,0,0,0,Vessel Live Movement,
KOTA CANTIK,CVI,Chennai,INMAA,2026-09-23 21:00:00,0.78853,153.075782,Transit,0,915.738,604.729,0,0,0,Vessel Live Movement,
KOTA CANTIK,CVI,Chennai,INMAA,2026-09-24 00:00:00,0.969115,152.745398,Transit,0,906.292,604.729,0,0,0,Vessel Live Movement,
KOTA CANTIK,CVI,Chennai,INMAA,2026-09-24 03:00:00,1.149668,152.414978,Transit,0,896.846,604.729,0,0,0,Vessel Live Movement,
KOTA CANTIK,CVI,Chennai,INMAA,2026-09-24 06:00:00,1.330182,152.084516,Transit,0,887.4,604.729,0,0,0,Vessel Live Movement,
KOTA CANTIK,CVI,Chennai,INMAA,2026-09-24 09:00:00,1.510652,151.754006,Transit,0,877.954,604.729,0,0,0,Vessel Live Movement,
KOTA CANTIK,CVI,Chennai,INMAA,2026-09-24 12:00:00,1.691072,151.423442,Transit,0,868.508,604.729,0,0,0,Vessel Live Movement,
KOTA CANTIK,CVI,Chennai,INMAA,2026-09-24 15:00:00,1.871436,151.092815,Transit,0,859.062,604.729,0,0,0,Vessel Live Movement,
KOTA CANTIK,CVI,Chennai,INMAA,2026-09-24 18:00:00,2.051738,150.762121,Transit,0,849.616,604.729,0,0,0,Vessel Live Movement,
KOTA CANTIK,CVI,Chennai,INMAA,2026-09-24 21:00:00,2.231971,150.431352,Transit,0,840.17,604.729,0,0,0,Vessel Live Movement,
KOTA CANTIK,CVI,Chennai,INMAA,2026-09-25 00:00:00,2.412129,150.100502,Transit,0,830.724,604.729,0,0,0,Vessel Live Movement,
KOTA CANTIK,CVI,Chennai,INMAA,2026-09-25 03:00:00,2.592208,149.769565,Transit,0,821.278,604.729,0,0,0,Vessel Live Movement,
KOTA CANTIK,CVI,Chennai,INMAA,2026-09-25 06:00:00,2.7722,149.438533,Transit,0,811.832,604.729,0,0,0,Vessel Live Movement,
KOTA CANTIK,CVI,Chennai,INMAA,2026-09-25 09:00:00,2.9521,149.107401,Transit,0,802.386,604.729,0,0,0,Vessel Live Movement,
KOTA CANTIK,CVI,Chennai,INMAA,2026-09-25 12:00:00,3.131901,148.776161,Transit,0,792.94,604.729,0,0,0,Vessel Live Movement,
KOTA CANTIK,CVI,Chennai,INMAA,2026-09-25 15:00:00,3.311597,148.444808,Transit,0,783.494,604.729,0,0,0,Vessel Live Movement,
KOTA CANTIK,CVI,Chennai,INMAA,2026-09-25 18:00:00,3.491184,148.113334,Transit,0,774.049,604.729,0,0,0,Vessel Live Movement,
KOTA CANTIK,CVI,Chennai,INMAA,2026-09-25 21:00:00,3.670653,147.781734,Transit,0,764.603,604.729,0,0,0,Vessel Live Movement,
KOTA CANTIK,CVI,Chennai,INMAA,2026-09-26 00:00:00,3.851356,147.449059,Berthed,0,763.028,604.729,0,0,0,Vessel Live Movement,
KOTA CANTIK,CVI,Chennai,INMAA,2026-09-26 03:00:00,3.850469,147.451004,Berthed,0,761.454,604.729,0,0,0,Vessel Live Movement,
KOTA CANTIK,CVI,Chennai,INMAA,2026-09-26 06:00:00,3.849515,147.449766,Berthed,0,759.88,604.729,0,0,0,Vessel Live Movement,
KOTA CANTIK,CVI,Chennai,INMAA,2026-09-26 09:00:00,3.851464,147.449254,Berthed,0,758.305,604.729,0,0,0,Vessel Live Movement,
KOTA CANTIK,CVI,Chennai,INMAA,2026-09-26 12:00:00,3.851631,147.448802,Berthed,0,756.731,604.729,0,0,0,Vessel Live Movement,
KOTA CANTIK,CVI,Chennai,INMAA,2026-09-26 15:00:00,3.850421,147.448921,Berthed,0,755.157,604.729,0,0,0,Vessel Live Movement,
KOTA CANTIK,CVI,Chennai,INMAA,2026-09-26 18:00:00,3.850026,147.450201,Berthed,0,753.582,604.729,0,0,0,Vessel Live Movement,
KOTA CANTIK,CVI,Chennai,INMAA,2026-09-26 21:00:00,3.849831,147.450174,Berthed,0,752.008,604.729,0,0,0,Vessel Live Movement,
KOTA CANTIK,CVI,Chennai,INMAA,2026-09-27 00:00:00,3.84855,147.451194,Berthed,0,750.434,604.729,0,0,0,Vessel Live Movement,
KOTA CANTIK,CVI,Chennai,INMAA,2026-09-27 03:00:00,3.849089,147.450601,Berthed,0,748.859,604.729,0,0,0,Vessel Live Movement,
KOTA CANTIK,CVI,Chennai,INMAA,2026-09-27 06:00:00,3.849941,147.45197,Berthed,0,747.285,604.729,0,0,0,Vessel Live Movement,
KOTA CANTIK,CVI,Chennai,INMAA,2026-09-27 09:00:00,3.849936,147.447231,Berthed,0,745.711,604.729,0,0,0,Vessel Live Movement,
KOTA CANTIK,CVI,Chennai,INMAA,2026-09-27 12:00:00,3.848646,147.450809,Berthed,0,744.136,604.729,0,0,0,Vessel Live Movement,
KOTA CANTIK,CVI,Chennai,INMAA,2026-09-27 15:00:00,3.849788,147.450327,Berthed,0,742.562,604.729,0,0,0,Vessel Live Movement,
KOTA CANTIK,CVI,Chennai,INMAA,2026-09-27 18:00:00,3.846791,147.450517,Berthed,0,740.988,604.729,0,0,0,Vessel Live Movement,
KOTA CANTIK,CVI,Chennai,INMAA,2026-09-27 21:00:00,3.850142,147.44892,Berthed,0,739.413,604.729,0,0,0,Vessel Live Movement,
KOTA CANTIK,CVI,Shanghai,CNSHA,2026-09-28 00:00:00,3.85,147.45,Transit,0,729.967,604.729,0,0,0,Vessel Live Movement,
KOTA CANTIK,CVI,Shanghai,CNSHA,2026-09-28 03:00:00,4.866272,149.192795,Transit,0,720.521,604.729,0,0,0,Vessel Live Movement,
KOTA CANTIK,CVI,Shanghai,CNSHA,2026-09-28 06:00:00,5.878049,150.940849,Transit,0,711.076,604.729,0,0,0,Vessel Live Movement,
KOTA CANTIK,CVI,Shanghai,CNSHA,2026-09-28 09:00:00,6.884375,152.695254,Transit,0,701.63,604.729,0,0,0,Vessel Live Movement,
KOTA CANTIK,CVI,Shanghai,CNSHA,2026-09-28 12:00:00,7.884281,154.457091,Transit,0,692.184,604.729,0,0,0,Vessel Live Movement,
KOTA CANTIK,CVI,Shanghai,CNSHA,2026-09-28 15:00:00,8.87679,156.227432,Transit,0,682.738,604.729,0,0,0,Vessel Live Movement,
KOTA CANTIK,CVI,Shanghai,CNSHA,2026-09-28 18:00:00,9.860916,158.007337,Transit,0,673.292,604.729,0,0,0,Vessel Live Movement,
KOTA CANTIK,CVI,Shanghai,CNSHA,2026-09-28 21:00:00,10.835657,159.797851,Transit,0,663.846,604.729,0,0,0,Vessel Live Movement,
KOTA CANTIK,CVI,Shanghai,CNSHA,2026-09-29 00:00:00,11.798357,161.599208,Berthed,0,662.271,604.729,0,0,0,Vessel Live Movement,
KOTA CANTIK,CVI,Shanghai,CNSHA,2026-09-29 03:00:00,11.800031,161.599368,Berthed,0,660.697,604.729,0,0,0,Vessel Live Movement,
KOTA CANTIK,CVI,Shanghai,CNSHA,2026-09-29 06:00:00,11.797592,161.60037,Berthed,0,659.123,604.729,0,0,0,Vessel Live Movement,
KOTA CANTIK,CVI,Shanghai,CNSHA,2026-09-29 09:00:00,11.798926,161.598832,Berthed,0,657.548,604.729,0,0,0,Vessel Live Movement,
KOTA CANTIK,CVI,Shanghai,CNSHA,2026-09-29 12:00:00,11.800552,161.600549,Berthed,0,655.974,604.729,0,0,0,Vessel Live Movement,
KOTA CANTIK,CVI,Shanghai,CNSHA,2026-09-29 15:00:00,11.799275,161.599903,Berthed,0,654.4,604.729,0,0,0,Vessel Live Movement,
KOTA CANTIK,CVI,Shanghai,CNSHA,2026-09-29 18:00:00,11.801707,161.601131,Berthed,0,652.825,604.729,0,0,0,Vessel Live Movement,
KOTA CANTIK,CVI,Shanghai,CNSHA,2026-09-29 21:00:00,11.800136,161.599962,Berthed,0,651.251,604.729,0,0,0,Vessel Live Movement,
KOTA CARUM,CCS,Kolkata,INCCU,2026-08-01 00:00:00,13.041805,98.829769,Transit,1598.475,0,301.098,0,0,0,Vessel Live Movement,
KOTA CARUM,CCS,Kolkata,INCCU,2026-08-01 03:00:00,12.796858,102.504387,Transit,1589.029,0,301.098,0,0,0,Vessel Live Movement,
KOTA CARUM,CCS,Kolkata,INCCU,2026-08-01 06:00:00,12.501128,106.171142,Transit,1579.583,0,301.098,0,0,0,Vessel Live Movement,
KOTA CARUM,CCS,Kolkata,INCCU,2026-08-01 09:00:00,12.155944,109.828821,Transit,1570.137,0,301.098,0,0,0,Vessel Live Movement,
KOTA CARUM,CCS,Kolkata,INCCU,2026-08-01 12:00:00,11.762837,113.476368,Transit,1560.691,0,301.098,0,0,0,Vessel Live Movement,
KOTA CARUM,CCS,Kolkata,INCCU,2026-08-01 15:00:00,11.323538,117.112904,Transit,1551.245,0,301.098,0,0,0,Vessel Live Movement,
KOTA CARUM,CCS,Kolkata,INCCU,2026-08-01 18:00:00,10.839957,120.737738,Transit,1541.8,0,301.098,0,0,0,Vessel Live Movement,
KOTA CARUM,CCS,Kolkata,INCCU,2026-08-01 21:00:00,10.31417,124.350372,Transit,1532.354,0,301.098,0,0,0,Vessel Live Movement,
KOTA CARUM,CCS,Kolkata,INCCU,2026-08-02 00:00:00,9.748408,127.95051,Transit,1522.908,0,301.098,0,0,0,Vessel Live Movement,
KOTA CARUM,CCS,Kolkata,INCCU,2026-08-02 03:00:00,9.145038,131.538057,Transit,1513.462,0,301.098,0,0,0,Vessel Live Movement,
KOTA CARUM,CCS,Kolkata,INCCU,2026-08-02 06:00:00,8.506553,135.113117,Transit,1504.016,0,301.098,0,0,0,Vessel Live Movement,
KOTA CARUM,CCS,Kolkata,INCCU,2026-08-02 09:00:00,7.835554,138.675983,Transit,1494.57,0,301.098,0,0,0,Vessel Live Movement,
KOTA CARUM,CCS,Kolkata,INCCU,2026-08-02 12:00:00,7.134739,142.227137,Transit,1485.124,0,301.098,0,0,0,Vessel Live Movement,
KOTA CARUM,CCS,Kolkata,INCCU,2026-08-02 15:00:00,6.406892,145.767231,Transit,1475.678,0,301.098,0,0,0,Vessel Live Movement,
KOTA CARUM,CCS,Kolkata,INCCU,2026-08-02 18:00:00,5.654867,149.297078,Transit,1466.232,0,301.098,0,0,0,Vessel Live Movement,
KOTA CARUM,CCS,Kolkata,INCCU,2026-08-02 21:00:00,4.88158,152.817638,Transit,1456.786,0,301.098,0,0,0,Vessel Live Movement,
KOTA CARUM,CCS,Kolkata,INCCU,2026-08-03 00:00:00,4.09012,156.328837,Berthed,1455.212,0,301.098,0,0,0,Vessel Live Movement,
KOTA CARUM,CCS,Kolkata,INCCU,2026-08-03 03:00:00,4.091014,156.331942,Berthed,1453.637,0,301.098,0,0,0,Vessel Live Movement,
KOTA CARUM,CCS,Kolkata,INCCU,2026-08-03 06:00:00,4.091732,156.328275,Berthed,1452.063,0,301.098,0,0,0,Vessel Live Movement,
KOTA CARUM,CCS,Kolkata,INCCU,2026-08-03 09:00:00,4.08945,156.3314,Berthed,1450.489,0,301.098,0,0,0,Vessel Live Movement,
KOTA CARUM,CCS,Kolkata,INCCU,2026-08-03 12:00:00,4.089538,156.328034,Berthed,1448.914,0,301.098,0,0,0,Vessel Live Movement,
KOTA CARUM,CCS,Kolkata,INCCU,2026-08-03 15:00:00,4.091749,156.329986,Berthed,1447.34,0,301.098,0,0,0,Vessel Live Movement,
KOTA CARUM,CCS,Kolkata,INCCU,2026-08-03 18:00:00,4.090603,156.328976,Berthed,1445.766,0,301.098,0,0,0,Vessel Live Movement,
KOTA CARUM,CCS,Kolkata,INCCU,2026-08-03 21:00:00,4.089862,156.329273,Berthed,1444.191,0,301.098,0,0,0,Vessel Live Movement,
KOTA CARUM,CCS,Kolkata,INCCU,2026-08-04 00:00:00,4.090576,156.329333,Berthed,1442.617,0,301.098,0,0,0,Vessel Live Movement,
KOTA CARUM,CCS,Kolkata,INCCU,2026-08-04 03:00:00,4.090551,156.32838,Berthed,1441.043,0,301.098,0,0,0,Vessel Live Movement,
KOTA CARUM,CCS,Kolkata,INCCU,2026-08-04 06:00:00,4.089765,156.328664,Berthed,1439.468,0,301.098,0,0,0,Vessel Live Movement,
KOTA CARUM,CCS,Kolkata,INCCU,2026-08-04 09:00:00,4.089856,156.330969,Berthed,1437.894,0,301.098,0,0,0,Vessel Live Movement,
KOTA CARUM,CCS,Kolkata,INCCU,2026-08-04 12:00:00,4.090436,156.328154,Berthed,1436.32,0,301.098,0,0,0,Vessel Live Movement,
KOTA CARUM,CCS,Kolkata,INCCU,2026-08-04 15:00:00,4.089078,156.33228,Berthed,1434.745,0,301.098,0,0,0,Vessel Live Movement,
KOTA CARUM,CCS,Kolkata,INCCU,2026-08-04 18:00:00,4.090553,156.330725,Berthed,1433.171,0,301.098,0,0,0,Vessel Live Movement,
KOTA CARUM,CCS,Kolkata,INCCU,2026-08-04 21:00:00,4.090618,156.328928,Berthed,1431.597,0,301.098,0,0,0,Vessel Live Movement,
KOTA CARUM,CCS,Kolkata,INCCU,2026-08-05 00:00:00,4.088458,156.331346,Berthed,1430.022,0,301.098,0,0,0,Vessel Live Movement,
KOTA CARUM,CCS,Kolkata,INCCU,2026-08-05 03:00:00,4.090568,156.330021,Berthed,1428.448,0,301.098,0,0,0,Vessel Live Movement,
KOTA CARUM,CCS,Kolkata,INCCU,2026-08-05 06:00:00,4.09185,156.329424,Berthed,1426.874,0,301.098,0,0,0,Vessel Live Movement,
KOTA CARUM,CCS,Kolkata,INCCU,2026-08-05 09:00:00,4.090308,156.328922,Berthed,1425.299,0,301.098,0,0,0,Vessel Live Movement,
KOTA CARUM,CCS,Kolkata,INCCU,2026-08-05 12:00:00,4.089137,156.328623,Berthed,1423.725,0,301.098,0,0,0,Vessel Live Movement,
KOTA CARUM,CCS,Kolkata,INCCU,2026-08-05 15:00:00,4.08969,156.331152,Berthed,1422.151,0,301.098,0,0,0,Vessel Live Movement,
KOTA CARUM,CCS,Kolkata,INCCU,2026-08-05 18:00:00,4.090206,156.328139,Berthed,1420.577,0,301.098,0,0,0,Vessel Live Movement,
KOTA CARUM,CCS,Kolkata,INCCU,2026-08-05 21:00:00,4.088743,156.33078,Berthed,1419.002,0,301.098,0,0,0,Vessel Live Movement,
KOTA CARUM,CCS,Xiamen,CNXMN,2026-08-06 00:00:00,4.09,156.33,Transit,1409.556,0,301.098,0,0,0,Vessel Live Movement,
KOTA CARUM,CCS,Xiamen,CNXMN,2026-08-06 03:00:00,4.008854,156.489324,Transit,1400.11,0,301.098,0,0,0,Vessel Live Movement,
KOTA CARUM,CCS,Xiamen,CNXMN,2026-08-06 06:00:00,3.927677,156.648616,Transit,1390.664,0,301.098,0,0,0,Vessel Live Movement,
KOTA CARUM,CCS,Xiamen,CNXMN,2026-08-06 09:00:00,3.846469,156.807877,Transit,1381.218,0,301.098,0,0,0,Vessel Live Movement,
KOTA CARUM,CCS,Xiamen,CNXMN,2026-08-06 12:00:00,3.765232,156.967108,Transit,1371.772,0,301.098,0,0,0,Vessel Live Movement,
KOTA CARUM,CCS,Xiamen,CNXMN,2026-08-06 15:00:00,3.683966,157.126309,Transit,1362.326,0,301.098,0,0,0,Vessel Live Movement,
KOTA CARUM,CCS,Xiamen,CNXMN,2026-08-06 18:00:00,3.602672,157.285481,Transit,1352.881,0,301.098,0,0,0,Vessel Live Movement,
KOTA CARUM,CCS,Xiamen,CNXMN,2026-08-06 21:00:00,3.521349,157.444624,Transit,1343.435,0,301.098,0,0,0,Vessel Live Movement,
KOTA CARUM,CCS,Xiamen,CNXMN,2026-08-07 00:00:00,3.44,157.60374,Transit,1333.989,0,301.098,0,0,0,Vessel Live Movement,
KOTA CARUM,CCS,Xiamen,CNXMN,2026-08-07 03:00:00,3.358625,157.762829,Transit,1324.543,0,301.098,0,0,0,Vessel Live Movement,
KOTA CARUM,CCS,Xiamen,CNXMN,2026-08-07 06:00:00,3.277223,157.921891,Transit,1315.097,0,301.098,0,0,0,Vessel Live Movement,
KOTA CARUM,CCS,Xiamen,CNXMN,2026-08-07 09:00:00,3.195796,158.080927,Transit,1305.651,0,301.098,0,0,0,Vessel Live Movement,
KOTA CARUM,CCS,Xiamen,CNXMN,2026-08-07 12:00:00,3.114345,158.239938,Transit,1296.205,0,301.098,0,0,0,Vessel Live Movement,
KOTA CARUM,CCS,Xiamen,CNXMN,2026-08-07 15:00:00,3.03287,158.398924,Transit,1286.759,0,301.098,0,0,0,Vessel Live Movement,
KOTA CARUM,CCS,Xiamen,CNXMN,2026-08-07 18:00:00,2.951371,158.557886,Transit,1277.313,0,301.098,0,0,0,Vessel Live Movement,
KOTA CARUM,CCS,Xiamen,CNXMN,2026-08-07 21:00:00,2.86985,158.716825,Transit,1267.867,0,301.098,0,0,0,Vessel Live Movement,
KOTA CARUM,CCS,Xiamen,CNXMN,2026-08-08 00:00:00,2.788307,158.875742,Transit,1258.421,0,301.098,0,0,0,Vessel Live Movement,
KOTA CARUM,CCS,Xiamen,CNXMN,2026-08-08 03:00:00,2.706742,159.034636,Transit,1248.975,0,301.098,0,0,0,Vessel Live Movement,
KOTA CARUM,CCS,Xiamen,CNXMN,2026-08-08 06:00:00,2.625157,159.193509,Transit,1239.529,0,301.098,0,0,0,Vessel Live Movement,
KOTA CARUM,CCS,Xiamen,CNXMN,2026-08-08 09:00:00,2.543551,159.352361,Transit,1230.083,0,301.098,0,0,0,Vessel Live Movement,
KOTA CARUM,CCS,Xiamen,CNXMN,2026-08-08 12:00:00,2.461926,159.511193,Transit,1220.637,0,301.098,0,0,0,Vessel Live Movement,
KOTA CARUM,CCS,Xiamen,CNXMN,2026-08-08 15:00:00,2.380282,159.670006,Transit,1211.191,0,301.098,0,0,0,Vessel Live Movement,
KOTA CARUM,CCS,Xiamen,CNXMN,2026-08-08 18:00:00,2.29862,159.8288,Transit,1201.745,0,301.098,0,0,0,Vessel Live Movement,
KOTA CARUM,CCS,Xiamen,CNXMN,2026-08-08 21:00:00,2.21694,159.987575,Transit,1192.299,0,301.098,0,0,0,Vessel Live Movement,
KOTA CARUM,CCS,Xiamen,CNXMN,2026-08-09 00:00:00,2.135243,160.146334,Transit,1182.853,0,301.098,0,0,0,Vessel Live Movement,
KOTA CARUM,CCS,Xiamen,CNXMN,2026-08-09 03:00:00,2.05353,160.305075,Transit,1173.407,0,301.098,0,0,0,Vessel Live Movement,
KOTA CARUM,CCS,Xiamen,CNXMN,2026-08-09 06:00:00,1.971801,160.4638,Transit,1163.962,0,301.098,0,0,0,Vessel Live Movement,
KOTA CARUM,CCS,Xiamen,CNXMN,2026-08-09 09:00:00,1.890056,160.622509,Transit,1154.516,0,301.098,0,0,0,Vessel Live Movement,
KOTA CARUM,CCS,Xiamen,CNXMN,2026-08-09 12:00:00,1.808298,160.781204,Transit,1145.07,0,301.098,0,0,0,Vessel Live Movement,
KOTA CARUM,CCS,Xiamen,CNXMN,2026-08-09 15:00:00,1.726525,160.939884,Transit,1135.624,0,301.098,0,0,0,Vessel Live Movement,
KOTA CARUM,CCS,Xiamen,CNXMN,2026-08-09 18:00:00,1.644739,161.09855,Transit,1126.178,0,301.098,0,0,0,Vessel Live Movement,
KOTA CARUM,CCS,Xiamen,CNXMN,2026-08-09 21:00:00,1.562941,161.257204,Transit,1116.732,0,301.098,0,0,0,Vessel Live Movement,
KOTA CARUM,CCS,Xiamen,CNXMN,2026-08-10 00:00:00,1.481131,161.415845,Transit,1107.286,0,301.098,0,0,0,Vessel Live Movement,
KOTA CARUM,CCS,Xiamen,CNXMN,2026-08-10 03:00:00,1.399309,161.574475,Transit,1097.84,0,301.098,0,0,0,Vessel Live Movement,
KOTA CARUM,CCS,Xiamen,CNXMN,2026-08-10 06:00:00,1.317477,161.733093,Transit,1088.394,0,301.098,0,0,0,Vessel Live Movement,
KOTA CARUM,CCS,Xiamen,CNXMN,2026-08-10 09:00:00,1.235634,161.891701,Transit,1078.948,0,301.098,0,0,0,Vessel Live Movement,
KOTA CARUM,CCS,Xiamen,CNXMN,2026-08-10 12:00:00,1.153782,162.050299,Transit,1069.502,0,301.098,0,0,0,Vessel Live Movement,
KOTA CARUM,CCS,Xiamen,CNXMN,2026-08-10 15:00:00,1.071921,162.208888,Transit,1060.056,0,301.098,0,0,0,Vessel Live Movement,
KOTA CARUM,CCS,Xiamen,CNXMN,2026-08-10 18:00:00,0.990052,162.367469,Transit,1050.61,0,301.098,0,0,0,Vessel Live Movement,
KOTA CARUM,CCS,Xiamen,CNXMN,2026-08-10 21:00:00,0.908176,162.526041,Transit,1041.164,0,301.098,0,0,0,Vessel Live Movement,
KOTA CARUM,CCS,Xiamen,CNXMN,2026-08-11 00:00:00,0.826292,162.684607,Transit,1031.718,0,301.098,0,0,0,Vessel Live Movement,
KOTA CARUM,CCS,Xiamen,CNXMN,2026-08-11 03:00:00,0.744402,162.843166,Transit,1022.272,0,301.098,0,0,0,Vessel Live Movement,
KOTA CARUM,CCS,Xiamen,CNXMN,2026-08-11 06:00:00,0.662507,163.001719,Transit,1012.826,0,301.098,0,0,0,Vessel Live Movement,
KOTA CARUM,CCS,Xiamen,CNXMN,2026-08-11 09:00:00,0.580606,163.160267,Transit,1003.38,0,301.098,0,0,0,Vessel Live Movement,
KOTA CARUM,CCS,Xiamen,CNXMN,2026-08-11 12:00:00,0.498701,163.31881,Transit,993.934,0,301.098,0,0,0,Vessel Live Movement,
KOTA CARUM,CCS,Xiamen,CNXMN,2026-08-11 15:00:00,0.416792,163.47735,Transit,984.488,0,301.098,0,0,0,Vessel Live Movement,
KOTA CARUM,CCS,Xiamen,CNXMN,2026-08-11 18:00:00,0.33488,163.635886,Transit,975.043,0,301.098,0,0,0,Vessel Live Movement,
KOTA CARUM,CCS,Xiamen,CNXMN,2026-08-11 21:00:00,0.252966,163.794419,Transit,965.597,0,301.098,0,0,0,Vessel Live Movement,
KOTA CARUM,CCS,Xiamen,CNXMN,2026-08-12 00:00:00,0.171049,163.952951,Transit,956.151,0,301.098,0,0,0,Vessel Live Movement,
KOTA CARUM,CCS,Xiamen,CNXMN,2026-08-12 03:00:00,0.089131,164.111481,Transit,946.705,0,301.098,0,0,0,Vessel Live Movement,
KOTA CARUM,CCS,Xiamen,CNXMN,2026-08-12 06:00:00,0.007212,164.27001,Transit,937.259,0,301.098,0,0,0,Vessel Live Movement,
KOTA CARUM,CCS,Xiamen,CNXMN,2026-08-12 09:00:00,-0.074706,164.428539,Transit,927.813,0,301.098,0,0,0,Vessel Live Movement,
KOTA CARUM,CCS,Xiamen,CNXMN,2026-08-12 12:00:00,-0.156624,164.587069,Transit,918.367,0,301.098,0,0,0,Vessel Live Movement,
KOTA CARUM,CCS,Xiamen,CNXMN,2026-08-12 15:00:00,-0.238541,164.7456,Transit,908.921,0,301.098,0,0,0,Vessel Live Movement,
KOTA CARUM,CCS,Xiamen,CNXMN,2026-08-12 18:00:00,-0.320456,164.904133,Transit,899.475,0,301.098,0,0,0,Vessel Live Movement,
KOTA CARUM,CCS,Xiamen,CNXMN,2026-08-12 21:00:00,-0.402369,165.062669,Transit,890.029,0,301.098,0,0,0,Vessel Live Movement,
KOTA CARUM,CCS,Xiamen,CNXMN,2026-08-13 00:00:00,-0.484278,165.221208,Transit,880.583,0,301.098,0,0,0,Vessel Live Movement,
KOTA CARUM,CCS,Xiamen,CNXMN,2026-08-13 03:00:00,-0.566184,165.37975,Transit,871.137,0,301.098,0,0,0,Vessel Live Movement,
KOTA CARUM,CCS,Xiamen,CNXMN,2026-08-13 06:00:00,-0.648086,165.538297,Transit,861.691,0,301.098,0,0,0,Vessel Live Movement,
KOTA CARUM,CCS,Xiamen,CNXMN,2026-08-13 09:00:00,-0.729982,165.696849,Transit,852.245,0,301.098,0,0,0,Vessel Live Movement,
KOTA CARUM,CCS,Xiamen,CNXMN,2026-08-13 12:00:00,-0.811873,165.855407,Transit,842.799,0,301.098,0,0,0,Vessel Live Movement,
KOTA CARUM,CCS,Xiamen,CNXMN,2026-08-13 15:00:00,-0.893758,166.013972,Transit,833.353,0,301.098,0,0,0,Vessel Live Movement,
KOTA CARUM,CCS,Xiamen,CNXMN,2026-08-13 18:00:00,-0.975636,166.172543,Transit,823.907,0,301.098,0,0,0,Vessel Live Movement,
KOTA CARUM,CCS,Xiamen,CNXMN,2026-08-13 21:00:00,-1.057506,166.331122,Transit,814.461,0,301.098,0,0,0,Vessel Live Movement,
KOTA CARUM,CCS,Xiamen,CNXMN,2026-08-14 00:00:00,-1.139368,166.48971,Transit,805.015,0,301.098,0,0,0,Vessel Live Movement,
KOTA CARUM,CCS,Xiamen,CNXMN,2026-08-14 03:00:00,-1.221222,166.648306,Transit,795.569,0,301.098,0,0,0,Vessel Live Movement,
KOTA CARUM,CCS,Xiamen,CNXMN,2026-08-14 06:00:00,-1.303066,166.806912,Transit,786.124,0,301.098,0,0,0,Vessel Live Movement,
KOTA CARUM,CCS,Xiamen,CNXMN,2026-08-14 09:00:00,-1.3849,166.965529,Transit,776.678,0,301.098,0,0,0,Vessel Live Movement,
KOTA CARUM,CCS,Xiamen,CNXMN,2026-08-14 12:00:00,-1.466724,167.124156,Transit,767.232,0,301.098,0,0,0,Vessel Live Movement,
KOTA CARUM,CCS,Xiamen,CNXMN,2026-08-14 15:00:00,-1.548536,167.282795,Transit,757.786,0,301.098,0,0,0,Vessel Live Movement,
KOTA CARUM,CCS,Xiamen,CNXMN,2026-08-14 18:00:00,-1.630337,167.441447,Transit,748.34,0,301.098,0,0,0,Vessel Live Movement,
KOTA CARUM,CCS,Xiamen,CNXMN,2026-08-14 21:00:00,-1.712125,167.600111,Transit,738.894,0,301.098,0,0,0,Vessel Live Movement,
KOTA CARUM,CCS,Xiamen,CNXMN,2026-08-15 00:00:00,-1.7939,167.758789,Transit,729.448,0,301.098,0,0,0,Vessel Live Movement,
KOTA CARUM,CCS,Xiamen,CNXMN,2026-08-15 03:00:00,-1.875661,167.91748,Transit,720.002,0,301.098,0,0,0,Vessel Live Movement,
KOTA CARUM,CCS,Xiamen,CNXMN,2026-08-15 06:00:00,-1.957408,168.076187,Transit,710.556,0,301.098,0,0,0,Vessel Live Movement,
KOTA CARUM,CCS,Xiamen,CNXMN,2026-08-15 09:00:00,-2.039139,168.234909,Transit,701.11,0,301.098,0,0,0,Vessel Live Movement,
KOTA CARUM,CCS,Xiamen,CNXMN,2026-08-15 12:00:00,-2.120855,168.393648,Transit,691.664,0,301.098,0,0,0,Vessel Live Movement,
KOTA CARUM,CCS,Xiamen,CNXMN,2026-08-15 15:00:00,-2.202555,168.552403,Transit,682.218,0,301.098,0,0,0,Vessel Live Movement,
KOTA CARUM,CCS,Xiamen,CNXMN,2026-08-15 18:00:00,-2.284238,168.711175,Transit,672.772,0,301.098,0,0,0,Vessel Live Movement,
KOTA CARUM,CCS,Xiamen,CNXMN,2026-08-15 21:00:00,-2.365904,168.869966,Transit,663.326,0,301.098,0,0,0,Vessel Live Movement,
KOTA CARUM,CCS,Xiamen,CNXMN,2026-08-16 00:00:00,-2.447551,169.028775,Transit,653.88,0,301.098,0,0,0,Vessel Live Movement,
KOTA CARUM,CCS,Xiamen,CNXMN,2026-08-16 03:00:00,-2.529179,169.187604,Transit,644.434,0,301.098,0,0,0,Vessel Live Movement,
KOTA CARUM,CCS,Xiamen,CNXMN,2026-08-16 06:00:00,-2.610788,169.346453,Transit,634.988,0,301.098,0,0,0,Vessel Live Movement,
KOTA CARUM,CCS,Xiamen,CNXMN,2026-08-16 09:00:00,-2.692378,169.505322,Transit,625.542,0,301.098,0,0,0,Vessel Live Movement,
KOTA CARUM,CCS,Xiamen,CNXMN,2026-08-16 12:00:00,-2.773946,169.664212,Transit,616.096,0,301.098,0,0,0,Vessel Live Movement,
KOTA CARUM,CCS,Xiamen,CNXMN,2026-08-16 15:00:00,-2.855493,169.823125,Transit,606.65,0,301.098,0,0,0,Vessel Live Movement,
KOTA CARUM,CCS,Xiamen,CNXMN,2026-08-16 18:00:00,-2.937018,169.98206,Transit,597.205,0,301.098,0,0,0,Vessel Live Movement,
KOTA CARUM,CCS,Xiamen,CNXMN,2026-08-16 21:00:00,-3.018521,170.141018,Transit,587.759,0,301.098,0,0,0,Vessel Live Movement,
KOTA CARUM,CCS,Xiamen,CNXMN,2026-08-17 00:00:00,-3.100407,170.300861,Berthed,586.184,0,301.098,0,0,0,Vessel Live Movement,
KOTA CARUM,CCS,Xiamen,CNXMN,2026-08-17 03:00:00,-3.100463,170.301253,Berthed,584.61,0,301.098,0,0,0,Vessel Live Movement,
KOTA CARUM,CCS,Xiamen,CNXMN,2026-08-17 06:00:00,-3.102565,170.299597,Berthed,583.036,0,301.098,0,0,0,Vessel Live Movement,
KOTA CARUM,CCS,Xiamen,CNXMN,2026-08-17 09:00:00,-3.100514,170.300552,Berthed,581.461,0,301.098,0,0,0,Vessel Live Movement,
KOTA CARUM,CCS,Xiamen,CNXMN,2026-08-17 12:00:00,-3.099221,170.300716,Berthed,579.887,0,301.098,0,0,0,Vessel Live Movement,
KOTA CARUM,CCS,Xiamen,CNXMN,2026-08-17 15:00:00,-3.100622,170.300441,Berthed,578.313,0,301.098,0,0,0,Vessel Live Movement,
KOTA CARUM,CCS,Xiamen,CNXMN,2026-08-17 18:00:00,-3.1009,170.298943,Berthed,576.738,0,301.098,0,0,0,Vessel Live Movement,
KOTA CARUM,CCS,Xiamen,CNXMN,2026-08-17 21:00:00,-3.10028,170.3014,Berthed,575.164,0,301.098,0,0,0,Vessel Live Movement,
KOTA CARUM,CCS,Shekou,CNSHK,2026-08-18 00:00:00,-3.1,170.3,Transit,565.718,0,301.098,0,0,0,Vessel Live Movement,
KOTA CARUM,CCS,Shekou,CNSHK,2026-08-18 03:00:00,-3.457805,163.616982,Transit,556.272,0,301.098,0,0,0,Vessel Live Movement,
KOTA CARUM,CCS,Shekou,CNSHK,2026-08-18 06:00:00,-3.7687,156.929259,Transit,546.826,0,301.098,0,0,0,Vessel Live Movement,
KOTA CARUM,CCS,Shekou,CNSHK,2026-08-18 09:00:00,-4.028421,150.237158,Transit,537.38,0,301.098,0,0,0,Vessel Live Movement,
KOTA CARUM,CCS,Shekou,CNSHK,2026-08-18 12:00:00,-4.233395,143.541242,Transit,527.934,0,301.098,0,0,0,Vessel Live Movement,
KOTA CARUM,CCS,Shekou,CNSHK,2026-08-18 15:00:00,-4.3808,136.842284,Transit,518.488,0,301.098,0,0,0,Vessel Live Movement,
KOTA CARUM,CCS,Shekou,CNSHK,2026-08-18 18:00:00,-4.468598,130.141224,Transit,509.042,0,301.098,0,0,0,Vessel Live Movement,
KOTA CARUM,CCS,Shekou,CNSHK,2026-08-18 21:00:00,-4.495577,123.439117,Transit,499.596,0,301.098,0,0,0,Vessel Live Movement,
KOTA CARUM,CCS,Shekou,CNSHK,2026-08-19 00:00:00,-4.461364,116.737077,Transit,490.15,0,301.098,0,0,0,Vessel Live Movement,
KOTA CARUM,CCS,Shekou,CNSHK,2026-08-19 03:00:00,-4.366432,110.036212,Transit,480.704,0,301.098,0,0,0,Vessel Live Movement,
KOTA CARUM,CCS,Shekou,CNSHK,2026-08-19 06:00:00,-4.212092,103.337568,Transit,471.259,0,301.098,0,0,0,Vessel Live Movement,
KOTA CARUM,CCS,Shekou,CNSHK,2026-08-19 09:00:00,-4.000476,96.642067,Transit,461.813,0,301.098,0,0,0,Vessel Live Movement,
KOTA CARUM,CCS,Shekou,CNSHK,2026-08-19 12:00:00,-3.734499,89.950459,Transit,452.367,0,301.098,0,0,0,Vessel Live Movement,
KOTA CARUM,CCS,Shekou,CNSHK,2026-08-19 15:00:00,-3.417817,83.263281,Transit,442.921,0,301.098,0,0,0,Vessel Live Movement,
KOTA CARUM,CCS,Shekou,CNSHK,2026-08-19 18:00:00,-3.054772,76.580829,Transit,433.475,0,301.098,0,0,0,Vessel Live Movement,
KOTA CARUM,CCS,Shekou,CNSHK,2026-08-19 21:00:00,-2.650328,69.903142,Transit,424.029,0,301.098,0,0,0,Vessel Live Movement,
KOTA CARUM,CCS,Shekou,CNSHK,2026-08-20 00:00:00,-2.209973,63.2292,Berthed,1696.843,0,301.098,1274.389,0,0,Vessel Live Movement,
KOTA CARUM,CCS,Shekou,CNSHK,2026-08-20 03:00:00,-2.209556,63.230955,Berthed,1695.269,0,301.098,0,0,0,Vessel Live Movement,
KOTA CARUM,CCS,Shekou,CNSHK,2026-08-20 06:00:00,-2.209949,63.230211,Berthed,1693.695,0,301.098,0,0,0,Vessel Live Movement,
KOTA CARUM,CCS,Shekou,CNSHK,2026-08-20 09:00:00,-2.211384,63.230218,Berthed,1692.12,0,301.098,0,0,0,Vessel Live Movement,
KOTA CARUM,CCS,Shekou,CNSHK,2026-08-20 12:00:00,-2.210729,63.229558,Berthed,1690.546,0,301.098,0,0,0,Vessel Live Movement,
KOTA CARUM,CCS,Shekou,CNSHK,2026-08-20 15:00:00,-2.208206,63.232281,Berthed,1688.972,0,301.098,0,0,0,Vessel Live Movement,
KOTA CARUM,CCS,Shekou,CNSHK,2026-08-20 18:00:00,-2.210308,63.231526,Berthed,1687.397,0,301.098,0,0,0,Vessel Live Movement,
KOTA CARUM,CCS,Shekou,CNSHK,2026-08-20 21:00:00,-2.211003,63.230244,Berthed,1685.823,0,301.098,0,0,0,Vessel Live Movement,
KOTA CARUM,CCS,Haiphong,VNHPH,2026-08-21 00:00:00,-2.21,63.23,Transit,1676.377,0,301.098,0,0,0,Vessel Live Movement,
KOTA CARUM,CCS,Haiphong,VNHPH,2026-08-21 03:00:00,-1.252691,63.605859,Transit,1666.931,0,301.098,0,0,0,Vessel Live Movement,
KOTA CARUM,CCS,Haiphong,VNHPH,2026-08-21 06:00:00,-0.295329,63.981443,Transit,1657.485,0,301.098,0,0,0,Vessel Live Movement,
KOTA CARUM,CCS,Haiphong,VNHPH,2026-08-21 09:00:00,0.662046,64.356962,Transit,1648.039,0,301.098,0,0,0,Vessel Live Movement,
KOTA CARUM,CCS,Haiphong,VNHPH,2026-08-21 12:00:00,1.619393,64.732627,Transit,1638.593,0,301.098,0,0,0,Vessel Live Movement,
KOTA CARUM,CCS,Haiphong,VNHPH,2026-08-21 15:00:00,2.57667,65.108646,Transit,1629.147,0,301.098,0,0,0,Vessel Live Movement,
KOTA CARUM,CCS,Haiphong,VNHPH,2026-08-21 18:00:00,3.533837,65.485232,Transit,1619.701,0,301.098,0,0,0,Vessel Live Movement,
KOTA CARUM,CCS,Haiphong,VNHPH,2026-08-21 21:00:00,4.49085,65.862595,Transit,1610.255,0,301.098,0,0,0,Vessel Live Movement,
KOTA CARUM,CCS,Haiphong,VNHPH,2026-08-22 00:00:00,5.447669,66.24095,Transit,1600.809,0,301.098,0,0,0,Vessel Live Movement,
KOTA CARUM,CCS,Haiphong,VNHPH,2026-08-22 03:00:00,6.404251,66.620511,Transit,1591.363,0,301.098,0,0,0,Vessel Live Movement,
KOTA CARUM,CCS,Haiphong,VNHPH,2026-08-22 06:00:00,7.360554,67.001498,Transit,1581.917,0,301.098,0,0,0,Vessel Live Movement,
KOTA CARUM,CCS,Haiphong,VNHPH,2026-08-22 09:00:00,8.316533,67.384131,Transit,1572.471,0,301.098,0,0,0,Vessel Live Movement,
KOTA CARUM,CCS,Haiphong,VNHPH,2026-08-22 12:00:00,9.272144,67.768635,Transit,1563.026,0,301.098,0,0,0,Vessel Live Movement,
KOTA CARUM,CCS,Haiphong,VNHPH,2026-08-22 15:00:00,10.227344,68.155239,Transit,1553.58,0,301.098,0,0,0,Vessel Live Movement,
KOTA CARUM,CCS,Haiphong,VNHPH,2026-08-22 18:00:00,11.182084,68.544174,Transit,1544.134,0,301.098,0,0,0,Vessel Live Movement,
KOTA CARUM,CCS,Haiphong,VNHPH,2026-08-22 21:00:00,12.136319,68.93568,Transit,1534.688,0,301.098,0,0,0,Vessel Live Movement,
KOTA CARUM,CCS,Haiphong,VNHPH,2026-08-23 00:00:00,13.089724,69.329816,Berthed,1533.113,0,301.098,0,0,0,Vessel Live Movement,
KOTA CARUM,CCS,Haiphong,VNHPH,2026-08-23 03:00:00,13.089892,69.328419,Berthed,1531.539,0,301.098,0,0,0,Vessel Live Movement,
KOTA CARUM,CCS,Haiphong,VNHPH,2026-08-23 06:00:00,13.089919,69.331458,Berthed,1529.965,0,301.098,0,0,0,Vessel Live Movement,
KOTA CARUM,CCS,Haiphong,VNHPH,2026-08-23 09:00:00,13.0916,69.331443,Berthed,1528.39,0,301.098,0,0,0,Vessel Live Movement,
KOTA CARUM,CCS,Haiphong,VNHPH,2026-08-23 12:00:00,13.090921,69.330945,Berthed,1526.816,0,301.098,0,0,0,Vessel Live Movement,
KOTA CARUM,CCS,Haiphong,VNHPH,2026-08-23 15:00:00,13.090252,69.330591,Berthed,1525.242,0,301.098,0,0,0,Vessel Live Movement,
KOTA CARUM,CCS,Haiphong,VNHPH,2026-08-23 18:00:00,13.089762,69.330615,Berthed,1523.667,0,301.098,0,0,0,Vessel Live Movement,
KOTA CARUM,CCS,Haiphong,VNHPH,2026-08-23 21:00:00,13.089723,69.329203,Berthed,1522.093,0,301.098,0,0,0,Vessel Live Movement,
KOTA CARUM,CCS,Kolkata,INCCU,2026-08-24 00:00:00,13.09,69.33,Transit,1512.647,0,301.098,0,0,0,Vessel Live Movement,
KOTA CARUM,CCS,Kolkata,INCCU,2026-08-24 03:00:00,13.271204,73.012396,Transit,1503.201,0,301.098,0,0,0,Vessel Live Movement,
KOTA CARUM,CCS,Kolkata,INCCU,2026-08-24 06:00:00,13.399475,76.699484,Transit,1493.755,0,301.098,0,0,0,Vessel Live Movement,
KOTA CARUM,CCS,Kolkata,INCCU,2026-08-24 09:00:00,13.474225,80.389683,Transit,1484.309,0,301.098,0,0,0,Vessel Live Movement,
KOTA CARUM,CCS,Kolkata,INCCU,2026-08-24 12:00:00,13.495111,84.081357,Transit,1474.863,0,301.098,0,0,0,Vessel Live Movement,
KOTA CARUM,CCS,Kolkata,INCCU,2026-08-24 15:00:00,13.462037,87.772843,Transit,1465.417,0,301.098,0,0,0,Vessel Live Movement,
KOTA CARUM,CCS,Kolkata,INCCU,2026-08-24 18:00:00,13.375155,91.46248,Transit,1455.971,0,301.098,0,0,0,Vessel Live Movement,
KOTA CARUM,CCS,Kolkata,INCCU,2026-08-24 21:00:00,13.234864,95.148643,Transit,1446.525,0,301.098,0,0,0,Vessel Live Movement,
KOTA CARUM,CCS,Kolkata,INCCU,2026-08-25 00:00:00,13.041805,98.829769,Transit,1437.08,0,301.098,0,0,0,Vessel Live Movement,
KOTA CARUM,CCS,Kolkata,INCCU,2026-08-25 03:00:00,12.796858,102.504387,Transit,1427.634,0,301.098,0,0,0,Vessel Live Movement,
KOTA CARUM,CCS,Kolkata,INCCU,2026-08-25 06:00:00,12.501128,106.171142,Transit,1418.188,0,301.098,0,0,0,Vessel Live Movement,
KOTA CARUM,CCS,Kolkata,INCCU,2026-08-25 09:00:00,12.155944,109.828821,Transit,1408.742,0,301.098,0,0,0,Vessel Live Movement,
KOTA CARUM,CCS,Kolkata,INCCU,2026-08-25 12:00:00,11.762837,113.476368,Transit,1399.296,0,301.098,0,0,0,Vessel Live Movement,
KOTA CARUM,CCS,Kolkata,INCCU,2026-08-25 15:00:00,11.323538,117.112904,Transit,1389.85,0,301.098,0,0,0,Vessel Live Movement,
KOTA CARUM,CCS,Kolkata,INCCU,2026-08-25 18:00:00,10.839957,120.737738,Transit,1380.404,0,301.098,0,0,0,Vessel Live Movement,
KOTA CARUM,CCS,Kolkata,INCCU,2026-08-25 21:00:00,10.31417,124.350372,Transit,1370.958,0,301.098,0,0,0,Vessel Live Movement,
KOTA CARUM,CCS,Kolkata,INCCU,2026-08-26 00:00:00,9.748408,127.95051,Transit,1361.512,0,301.098,0,0,0,Vessel Live Movement,
KOTA CARUM,CCS,Kolkata,INCCU,2026-08-26 03:00:00,9.145038,131.538057,Transit,1352.066,0,301.098,0,0,0,Vessel Live Movement,
KOTA CARUM,CCS,Kolkata,INCCU,2026-08-26 06:00:00,8.506553,135.113117,Transit,1342.62,0,301.098,0,0,0,Vessel Live Movement,
KOTA CARUM,CCS,Kolkata,INCCU,2026-08-26 09:00:00,7.835554,138.675983,Transit,1333.174,0,301.098,0,0,0,Vessel Live Movement,
KOTA CARUM,CCS,Kolkata,INCCU,2026-08-26 12:00:00,7.134739,142.227137,Transit,1323.728,0,301.098,0,0,0,Vessel Live Movement,
KOTA CARUM,CCS,Kolkata,INCCU,2026-08-26 15:00:00,6.406892,145.767231,Transit,1314.282,0,301.098,0,0,0,Vessel Live Movement,
KOTA CARUM,CCS,Kolkata,INCCU,2026-08-26 18:00:00,5.654867,149.297078,Transit,1304.836,0,301.098,0,0,0,Vessel Live Movement,
KOTA CARUM,CCS,Kolkata,INCCU,2026-08-26 21:00:00,4.88158,152.817638,Transit,1295.39,0,301.098,0,0,0,Vessel Live Movement,
KOTA CARUM,CCS,Kolkata,INCCU,2026-08-27 00:00:00,4.090209,156.330986,Berthed,1293.816,0,301.098,0,0,0,Vessel Live Movement,
KOTA CARUM,CCS,Kolkata,INCCU,2026-08-27 03:00:00,4.089315,156.331662,Berthed,1292.242,0,301.098,0,0,0,Vessel Live Movement,
KOTA CARUM,CCS,Kolkata,INCCU,2026-08-27 06:00:00,4.09098,156.330283,Berthed,1290.667,0,301.098,0,0,0,Vessel Live Movement,
KOTA CARUM,CCS,Kolkata,INCCU,2026-08-27 09:00:00,4.090644,156.330395,Berthed,1289.093,0,301.098,0,0,0,Vessel Live Movement,
KOTA CARUM,CCS,Kolkata,INCCU,2026-08-27 12:00:00,4.090351,156.329653,Berthed,1287.519,0,301.098,0,0,0,Vessel Live Movement,
KOTA CARUM,CCS,Kolkata,INCCU,2026-08-27 15:00:00,4.088619,156.328426,Berthed,1285.944,0,301.098,0,0,0,Vessel Live Movement,
KOTA CARUM,CCS,Kolkata,INCCU,2026-08-27 18:00:00,4.089984,156.327308,Berthed,1284.37,0,301.098,0,0,0,Vessel Live Movement,
KOTA CARUM,CCS,Kolkata,INCCU,2026-08-27 21:00:00,4.089993,156.330445,Berthed,1282.796,0,301.098,0,0,0,Vessel Live Movement,
KOTA CARUM,CCS,Kolkata,INCCU,2026-08-28 00:00:00,4.089724,156.328832,Berthed,1281.221,0,301.098,0,0,0,Vessel Live Movement,
KOTA CARUM,CCS,Kolkata,INCCU,2026-08-28 03:00:00,4.089932,156.328676,Berthed,1279.647,0,301.098,0,0,0,Vessel Live Movement,
KOTA CARUM,CCS,Kolkata,INCCU,2026-08-28 06:00:00,4.090676,156.329004,Berthed,1278.073,0,301.098,0,0,0,Vessel Live Movement,
KOTA CARUM,CCS,Kolkata,INCCU,2026-08-28 09:00:00,4.089071,156.330485,Berthed,1276.498,0,301.098,0,0,0,Vessel Live Movement,
KOTA CARUM,CCS,Kolkata,INCCU,2026-08-28 12:00:00,4.090455,156.331327,Berthed,1274.924,0,301.098,0,0,0,Vessel Live Movement,
KOTA CARUM,CCS,Kolkata,INCCU,2026-08-28 15:00:00,4.090999,156.328586,Berthed,1273.35,0,301.098,0,0,0,Vessel Live Movement,
KOTA CARUM,CCS,Kolkata,INCCU,2026-08-28 18:00:00,4.091684,156.329821,Berthed,1271.775,0,301.098,0,0,0,Vessel Live Movement,
KOTA CARUM,CCS,Kolkata,INCCU,2026-08-28 21:00:00,4.089541,156.329513,Berthed,1270.201,0,301.098,0,0,0,Vessel Live Movement,
KOTA CARUM,CCS,Kolkata,INCCU,2026-08-29 00:00:00,4.08964,156.329548,Berthed,1268.627,0,301.098,0,0,0,Vessel Live Movement,
KOTA CARUM,CCS,Kolkata,INCCU,2026-08-29 03:00:00,4.090043,156.32956,Berthed,1267.052,0,301.098,0,0,0,Vessel Live Movement,
KOTA CARUM,CCS,Kolkata,INCCU,2026-08-29 06:00:00,4.090717,156.330757,Berthed,1265.478,0,301.098,0,0,0,Vessel Live Movement,
KOTA CARUM,CCS,Kolkata,INCCU,2026-08-29 09:00:00,4.089894,156.330947,Berthed,1263.904,0,301.098,0,0,0,Vessel Live Movement,
KOTA CARUM,CCS,Kolkata,INCCU,2026-08-29 12:00:00,4.089263,156.329595,Berthed,1262.329,0,301.098,0,0,0,Vessel Live Movement,
KOTA CARUM,CCS,Kolkata,INCCU,2026-08-29 15:00:00,4.09209,156.329297,Berthed,1260.755,0,301.098,0,0,0,Vessel Live Movement,
KOTA CARUM,CCS,Kolkata,INCCU,2026-08-29 18:00:00,4.090299,156.329996,Berthed,1259.181,0,301.098,0,0,0,Vessel Live Movement,
KOTA CARUM,CCS,Kolkata,INCCU,2026-08-29 21:00:00,4.090359,156.329025,Berthed,1257.606,0,301.098,0,0,0,Vessel Live Movement,
KOTA CARUM,CCS,Xiamen,CNXMN,2026-08-30 00:00:00,4.09,156.33,Transit,1248.161,0,301.098,0,0,0,Vessel Live Movement,
KOTA CARUM,CCS,Xiamen,CNXMN,2026-08-30 03:00:00,4.008854,156.489324,Transit,1238.715,0,301.098,0,0,0,Vessel Live Movement,
KOTA CARUM,CCS,Xiamen,CNXMN,2026-08-30 06:00:00,3.927677,156.648616,Transit,1229.269,0,301.098,0,0,0,Vessel Live Movement,
KOTA CARUM,CCS,Xiamen,CNXMN,2026-08-30 09:00:00,3.846469,156.807877,Transit,1219.823,0,301.098,0,0,0,Vessel Live Movement,
KOTA CARUM,CCS,Xiamen,CNXMN,2026-08-30 12:00:00,3.765232,156.967108,Transit,1210.377,0,301.098,0,0,0,Vessel Live Movement,
KOTA CARUM,CCS,Xiamen,CNXMN,2026-08-30 15:00:00,3.683966,157.126309,Transit,1200.931,0,301.098,0,0,0,Vessel Live Movement,
KOTA CARUM,CCS,Xiamen,CNXMN,2026-08-30 18:00:00,3.602672,157.285481,Transit,1191.485,0,301.098,0,0,0,Vessel Live Movement,
KOTA CARUM,CCS,Xiamen,CNXMN,2026-08-30 21:00:00,3.521349,157.444624,Transit,1182.039,0,301.098,0,0,0,Vessel Live Movement,
KOTA CARUM,CCS,Xiamen,CNXMN,2026-08-31 00:00:00,3.44,157.60374,Transit,1172.593,0,301.098,0,0,0,Vessel Live Movement,
KOTA CARUM,CCS,Xiamen,CNXMN,2026-08-31 03:00:00,3.358625,157.762829,Transit,1163.147,0,301.098,0,0,0,Vessel Live Movement,
KOTA CARUM,CCS,Xiamen,CNXMN,2026-08-31 06:00:00,3.277223,157.921891,Transit,1153.701,0,301.098,0,0,0,Vessel Live Movement,
KOTA CARUM,CCS,Xiamen,CNXMN,2026-08-31 09:00:00,3.195796,158.080927,Transit,1144.255,0,301.098,0,0,0,Vessel Live Movement,
KOTA CARUM,CCS,Xiamen,CNXMN,2026-08-31 12:00:00,3.114345,158.239938,Transit,1134.809,0,301.098,0,0,0,Vessel Live Movement,
KOTA CARUM,CCS,Xiamen,CNXMN,2026-08-31 15:00:00,3.03287,158.398924,Transit,1125.363,0,301.098,0,0,0,Vessel Live Movement,
KOTA CARUM,CCS,Xiamen,CNXMN,2026-08-31 18:00:00,2.951371,158.557886,Transit,1115.917,0,301.098,0,0,0,Vessel Live Movement,
KOTA CARUM,CCS,Xiamen,CNXMN,2026-08-31 21:00:00,2.86985,158.716825,Transit,1106.471,0,301.098,0,0,0,Vessel Live Movement,
KOTA CARUM,CCS,Xiamen,CNXMN,2026-09-01 00:00:00,2.788307,158.875742,Transit,1097.025,0,301.098,0,0,0,Vessel Live Movement,
KOTA CARUM,CCS,Xiamen,CNXMN,2026-09-01 03:00:00,2.706742,159.034636,Transit,1087.579,0,301.098,0,0,0,Vessel Live Movement,
KOTA CARUM,CCS,Xiamen,CNXMN,2026-09-01 06:00:00,2.625157,159.193509,Transit,1078.133,0,301.098,0,0,0,Vessel Live Movement,
KOTA CARUM,CCS,Xiamen,CNXMN,2026-09-01 09:00:00,2.543551,159.352361,Transit,1068.687,0,301.098,0,0,0,Vessel Live Movement,
KOTA CARUM,CCS,Xiamen,CNXMN,2026-09-01 12:00:00,2.461926,159.511193,Transit,1059.242,0,301.098,0,0,0,Vessel Live Movement,
KOTA CARUM,CCS,Xiamen,CNXMN,2026-09-01 15:00:00,2.380282,159.670006,Transit,1049.796,0,301.098,0,0,0,Vessel Live Movement,
KOTA CARUM,CCS,Xiamen,CNXMN,2026-09-01 18:00:00,2.29862,159.8288,Transit,1040.35,0,301.098,0,0,0,Vessel Live Movement,
KOTA CARUM,CCS,Xiamen,CNXMN,2026-09-01 21:00:00,2.21694,159.987575,Transit,1030.904,0,301.098,0,0,0,Vessel Live Movement,
KOTA CARUM,CCS,Xiamen,CNXMN,2026-09-02 00:00:00,2.135243,160.146334,Transit,1021.458,0,301.098,0,0,0,Vessel Live Movement,
KOTA CARUM,CCS,Xiamen,CNXMN,2026-09-02 03:00:00,2.05353,160.305075,Transit,1012.012,0,301.098,0,0,0,Vessel Live Movement,
KOTA CARUM,CCS,Xiamen,CNXMN,2026-09-02 06:00:00,1.971801,160.4638,Transit,1002.566,0,301.098,0,0,0,Vessel Live Movement,
KOTA CARUM,CCS,Xiamen,CNXMN,2026-09-02 09:00:00,1.890056,160.622509,Transit,993.12,0,301.098,0,0,0,Vessel Live Movement,
KOTA CARUM,CCS,Xiamen,CNXMN,2026-09-02 12:00:00,1.808298,160.781204,Transit,983.674,0,301.098,0,0,0,Vessel Live Movement,
KOTA CARUM,CCS,Xiamen,CNXMN,2026-09-02 15:00:00,1.726525,160.939884,Transit,974.228,0,301.098,0,0,0,Vessel Live Movement,
KOTA CARUM,CCS,Xiamen,CNXMN,2026-09-02 18:00:00,1.644739,161.09855,Transit,964.782,0,301.098,0,0,0,Vessel Live Movement,
KOTA CARUM,CCS,Xiamen,CNXMN,2026-09-02 21:00:00,1.562941,161.257204,Transit,955.336,0,301.098,0,0,0,Vessel Live Movement,
KOTA CARUM,CCS,Xiamen,CNXMN,2026-09-03 00:00:00,1.481131,161.415845,Transit,945.89,0,301.098,0,0,0,Vessel Live Movement,
KOTA CARUM,CCS,Xiamen,CNXMN,2026-09-03 03:00:00,1.399309,161.574475,Transit,936.444,0,301.098,0,0,0,Vessel Live Movement,
KOTA CARUM,CCS,Xiamen,CNXMN,2026-09-03 06:00:00,1.317477,161.733093,Transit,926.998,0,301.098,0,0,0,Vessel Live Movement,
KOTA CARUM,CCS,Xiamen,CNXMN,2026-09-03 09:00:00,1.235634,161.891701,Transit,917.552,0,301.098,0,0,0,Vessel Live Movement,
KOTA CARUM,CCS,Xiamen,CNXMN,2026-09-03 12:00:00,1.153782,162.050299,Transit,908.106,0,301.098,0,0,0,Vessel Live Movement,
KOTA CARUM,CCS,Xiamen,CNXMN,2026-09-03 15:00:00,1.071921,162.208888,Transit,898.66,0,301.098,0,0,0,Vessel Live Movement,
KOTA CARUM,CCS,Xiamen,CNXMN,2026-09-03 18:00:00,0.990052,162.367469,Transit,889.214,0,301.098,0,0,0,Vessel Live Movement,
KOTA CARUM,CCS,Xiamen,CNXMN,2026-09-03 21:00:00,0.908176,162.526041,Transit,879.768,0,301.098,0,0,0,Vessel Live Movement,
KOTA CARUM,CCS,Xiamen,CNXMN,2026-09-04 00:00:00,0.826292,162.684607,Transit,870.323,0,301.098,0,0,0,Vessel Live Movement,
KOTA CARUM,CCS,Xiamen,CNXMN,2026-09-04 03:00:00,0.744402,162.843166,Transit,860.877,0,301.098,0,0,0,Vessel Live Movement,
KOTA CARUM,CCS,Xiamen,CNXMN,2026-09-04 06:00:00,0.662507,163.001719,Transit,851.431,0,301.098,0,0,0,Vessel Live Movement,
KOTA CARUM,CCS,Xiamen,CNXMN,2026-09-04 09:00:00,0.580606,163.160267,Transit,841.985,0,301.098,0,0,0,Vessel Live Movement,
KOTA CARUM,CCS,Xiamen,CNXMN,2026-09-04 12:00:00,0.498701,163.31881,Transit,832.539,0,301.098,0,0,0,Vessel Live Movement,
KOTA CARUM,CCS,Xiamen,CNXMN,2026-09-04 15:00:00,0.416792,163.47735,Transit,823.093,0,301.098,0,0,0,Vessel Live Movement,
KOTA CARUM,CCS,Xiamen,CNXMN,2026-09-04 18:00:00,0.33488,163.635886,Transit,813.647,0,301.098,0,0,0,Vessel Live Movement,
KOTA CARUM,CCS,Xiamen,CNXMN,2026-09-04 21:00:00,0.252966,163.794419,Transit,804.201,0,301.098,0,0,0,Vessel Live Movement,
KOTA CARUM,CCS,Xiamen,CNXMN,2026-09-05 00:00:00,0.171049,163.952951,Transit,794.755,0,301.098,0,0,0,Vessel Live Movement,
KOTA CARUM,CCS,Xiamen,CNXMN,2026-09-05 03:00:00,0.089131,164.111481,Transit,785.309,0,301.098,0,0,0,Vessel Live Movement,
KOTA CARUM,CCS,Xiamen,CNXMN,2026-09-05 06:00:00,0.007212,164.27001,Transit,775.863,0,301.098,0,0,0,Vessel Live Movement,
KOTA CARUM,CCS,Xiamen,CNXMN,2026-09-05 09:00:00,-0.074706,164.428539,Transit,766.417,0,301.098,0,0,0,Vessel Live Movement,
KOTA CARUM,CCS,Xiamen,CNXMN,2026-09-05 12:00:00,-0.156624,164.587069,Transit,756.971,0,301.098,0,0,0,Vessel Live Movement,
KOTA CARUM,CCS,Xiamen,CNXMN,2026-09-05 15:00:00,-0.238541,164.7456,Transit,747.525,0,301.098,0,0,0,Vessel Live Movement,
KOTA CARUM,CCS,Xiamen,CNXMN,2026-09-05 18:00:00,-0.320456,164.904133,Transit,738.079,0,301.098,0,0,0,Vessel Live Movement,
KOTA CARUM,CCS,Xiamen,CNXMN,2026-09-05 21:00:00,-0.402369,165.062669,Transit,728.633,0,301.098,0,0,0,Vessel Live Movement,
KOTA CARUM,CCS,Xiamen,CNXMN,2026-09-06 00:00:00,-0.484278,165.221208,Transit,719.187,0,301.098,0,0,0,Vessel Live Movement,
KOTA CARUM,CCS,Xiamen,CNXMN,2026-09-06 03:00:00,-0.566184,165.37975,Transit,709.741,0,301.098,0,0,0,Vessel Live Movement,
KOTA CARUM,CCS,Xiamen,CNXMN,2026-09-06 06:00:00,-0.648086,165.538297,Transit,700.295,0,301.098,0,0,0,Vessel Live Movement,
KOTA CARUM,CCS,Xiamen,CNXMN,2026-09-06 09:00:00,-0.729982,165.696849,Transit,690.849,0,301.098,0,0,0,Vessel Live Movement,
KOTA CARUM,CCS,Xiamen,CNXMN,2026-09-06 12:00:00,-0.811873,165.855407,Transit,681.404,0,301.098,0,0,0,Vessel Live Movement,
KOTA CARUM,CCS,Xiamen,CNXMN,2026-09-06 15:00:00,-0.893758,166.013972,Transit,671.958,0,301.098,0,0,0,Vessel Live Movement,
KOTA CARUM,CCS,Xiamen,CNXMN,2026-09-06 18:00:00,-0.975636,166.172543,Transit,662.512,0,301.098,0,0,0,Vessel Live Movement,
KOTA CARUM,CCS,Xiamen,CNXMN,2026-09-06 21:00:00,-1.057506,166.331122,Transit,653.066,0,301.098,0,0,0,Vessel Live Movement,
KOTA CARUM,CCS,Xiamen,CNXMN,2026-09-07 00:00:00,-1.139368,166.48971,Transit,643.62,0,301.098,0,0,0,Vessel Live Movement,
KOTA CARUM,CCS,Xiamen,CNXMN,2026-09-07 03:00:00,-1.221222,166.648306,Transit,634.174,0,301.098,0,0,0,Vessel Live Movement,
KOTA CARUM,CCS,Xiamen,CNXMN,2026-09-07 06:00:00,-1.303066,166.806912,Transit,624.728,0,301.098,0,0,0,Vessel Live Movement,
KOTA CARUM,CCS,Xiamen,CNXMN,2026-09-07 09:00:00,-1.3849,166.965529,Transit,615.282,0,301.098,0,0,0,Vessel Live Movement,
KOTA CARUM,CCS,Xiamen,CNXMN,2026-09-07 12:00:00,-1.466724,167.124156,Transit,605.836,0,301.098,0,0,0,Vessel Live Movement,
KOTA CARUM,CCS,Xiamen,CNXMN,2026-09-07 15:00:00,-1.548536,167.282795,Transit,596.39,0,301.098,0,0,0,Vessel Live Movement,
KOTA CARUM,CCS,Xiamen,CNXMN,2026-09-07 18:00:00,-1.630337,167.441447,Transit,586.944,0,301.098,0,0,0,Vessel Live Movement,
KOTA CARUM,CCS,Xiamen,CNXMN,2026-09-07 21:00:00,-1.712125,167.600111,Transit,577.498,0,301.098,0,0,0,Vessel Live Movement,
KOTA CARUM,CCS,Xiamen,CNXMN,2026-09-08 00:00:00,-1.7939,167.758789,Transit,568.052,0,301.098,0,0,0,Vessel Live Movement,
KOTA CARUM,CCS,Xiamen,CNXMN,2026-09-08 03:00:00,-1.875661,167.91748,Transit,558.606,0,301.098,0,0,0,Vessel Live Movement,
KOTA CARUM,CCS,Xiamen,CNXMN,2026-09-08 06:00:00,-1.957408,168.076187,Transit,549.16,0,301.098,0,0,0,Vessel Live Movement,
KOTA CARUM,CCS,Xiamen,CNXMN,2026-09-08 09:00:00,-2.039139,168.234909,Transit,539.714,0,301.098,0,0,0,Vessel Live Movement,
KOTA CARUM,CCS,Xiamen,CNXMN,2026-09-08 12:00:00,-2.120855,168.393648,Transit,530.268,0,301.098,0,0,0,Vessel Live Movement,
KOTA CARUM,CCS,Xiamen,CNXMN,2026-09-08 15:00:00,-2.202555,168.552403,Transit,520.822,0,301.098,0,0,0,Vessel Live Movement,
KOTA CARUM,CCS,Xiamen,CNXMN,2026-09-08 18:00:00,-2.284238,168.711175,Transit,511.376,0,301.098,0,0,0,Vessel Live Movement,
KOTA CARUM,CCS,Xiamen,CNXMN,2026-09-08 21:00:00,-2.365904,168.869966,Transit,501.93,0,301.098,0,0,0,Vessel Live Movement,
KOTA CARUM,CCS,Xiamen,CNXMN,2026-09-09 00:00:00,-2.447551,169.028775,Transit,492.485,0,301.098,0,0,0,Vessel Live Movement,
KOTA CARUM,CCS,Xiamen,CNXMN,2026-09-09 03:00:00,-2.529179,169.187604,Transit,483.039,0,301.098,0,0,0,Vessel Live Movement,
KOTA CARUM,CCS,Xiamen,CNXMN,2026-09-09 06:00:00,-2.610788,169.346453,Transit,473.593,0,301.098,0,0,0,Vessel Live Movement,
KOTA CARUM,CCS,Xiamen,CNXMN,2026-09-09 09:00:00,-2.692378,169.505322,Transit,464.147,0,301.098,0,0,0,Vessel Live Movement,
KOTA CARUM,CCS,Xiamen,CNXMN,2026-09-09 12:00:00,-2.773946,169.664212,Transit,454.701,0,301.098,0,0,0,Vessel Live Movement,
KOTA CARUM,CCS,Xiamen,CNXMN,2026-09-09 15:00:00,-2.855493,169.823125,Transit,445.255,0,301.098,0,0,0,Vessel Live Movement,
KOTA CARUM,CCS,Xiamen,CNXMN,2026-09-09 18:00:00,-2.937018,169.98206,Transit,435.809,0,301.098,0,0,0,Vessel Live Movement,
KOTA CARUM,CCS,Xiamen,CNXMN,2026-09-09 21:00:00,-3.018521,170.141018,Transit,426.363,0,301.098,0,0,0,Vessel Live Movement,
KOTA CARUM,CCS,Xiamen,CNXMN,2026-09-10 00:00:00,-3.099508,170.302403,Berthed,1482.224,0,301.098,1057.435,0,0,Vessel Live Movement,
KOTA CARUM,CCS,Xiamen,CNXMN,2026-09-10 03:00:00,-3.099555,170.300677,Berthed,1480.65,0,301.098,0,0,0,Vessel Live Movement,
KOTA CARUM,CCS,Xiamen,CNXMN,2026-09-10 06:00:00,-3.100367,170.298077,Berthed,1479.075,0,301.098,0,0,0,Vessel Live Movement,
KOTA CARUM,CCS,Xiamen,CNXMN,2026-09-10 09:00:00,-3.09861,170.29891,Berthed,1477.501,0,301.098,0,0,0,Vessel Live Movement,
KOTA CARUM,CCS,Xiamen,CNXMN,2026-09-10 12:00:00,-3.100595,170.300758,Berthed,1475.927,0,301.098,0,0,0,Vessel Live Movement,
KOTA CARUM,CCS,Xiamen,CNXMN,2026-09-10 15:00:00,-3.099729,170.300212,Berthed,1474.352,0,301.098,0,0,0,Vessel Live Movement,
KOTA CARUM,CCS,Xiamen,CNXMN,2026-09-10 18:00:00,-3.098976,170.300013,Berthed,1472.778,0,301.098,0,0,0,Vessel Live Movement,
KOTA CARUM,CCS,Xiamen,CNXMN,2026-09-10 21:00:00,-3.102025,170.300967,Berthed,1471.204,0,301.098,0,0,0,Vessel Live Movement,
KOTA CARUM,CCS,Shekou,CNSHK,2026-09-11 00:00:00,-3.1,170.3,Transit,1461.758,0,301.098,0,0,0,Vessel Live Movement,
KOTA CARUM,CCS,Shekou,CNSHK,2026-09-11 03:00:00,-3.457805,163.616982,Transit,1452.312,0,301.098,0,0,0,Vessel Live Movement,
KOTA CARUM,CCS,Shekou,CNSHK,2026-09-11 06:00:00,-3.7687,156.929259,Transit,1442.866,0,301.098,0,0,0,Vessel Live Movement,
KOTA CARUM,CCS,Shekou,CNSHK,2026-09-11 09:00:00,-4.028421,150.237158,Transit,1433.42,0,301.098,0,0,0,Vessel Live Movement,
KOTA CARUM,CCS,Shekou,CNSHK,2026-09-11 12:00:00,-4.233395,143.541242,Transit,1423.974,0,301.098,0,0,0,Vessel Live Movement,
KOTA CARUM,CCS,Shekou,CNSHK,2026-09-11 15:00:00,-4.3808,136.842284,Transit,1414.528,0,301.098,0,0,0,Vessel Live Movement,
KOTA CARUM,CCS,Shekou,CNSHK,2026-09-11 18:00:00,-4.468598,130.141224,Transit,1405.082,0,301.098,0,0,0,Vessel Live Movement,
KOTA CARUM,CCS,Shekou,CNSHK,2026-09-11 21:00:00,-4.495577,123.439117,Transit,1395.636,0,301.098,0,0,0,Vessel Live Movement,
KOTA CARUM,CCS,Shekou,CNSHK,2026-09-12 00:00:00,-4.461364,116.737077,Transit,1386.19,0,301.098,0,0,0,Vessel Live Movement,
KOTA CARUM,CCS,Shekou,CNSHK,2026-09-12 03:00:00,-4.366432,110.036212,Transit,1376.744,0,301.098,0,0,0,Vessel Live Movement,
KOTA CARUM,CCS,Shekou,CNSHK,2026-09-12 06:00:00,-4.212092,103.337568,Transit,1367.298,0,301.098,0,0,0,Vessel Live Movement,
KOTA CARUM,CCS,Shekou,CNSHK,2026-09-12 09:00:00,-4.000476,96.642067,Transit,1357.852,0,301.098,0,0,0,Vessel Live Movement,
KOTA CARUM,CCS,Shekou,CNSHK,2026-09-12 12:00:00,-3.734499,89.950459,Transit,1348.406,0,301.098,0,0,0,Vessel Live Movement,
KOTA CARUM,CCS,Shekou,CNSHK,2026-09-12 15:00:00,-3.417817,83.263281,Transit,1338.96,0,301.098,0,0,0,Vessel Live Movement,
KOTA CARUM,CCS,Shekou,CNSHK,2026-09-12 18:00:00,-3.054772,76.580829,Transit,1329.515,0,301.098,0,0,0,Vessel Live Movement,
KOTA CARUM,CCS,Shekou,CNSHK,2026-09-12 21:00:00,-2.650328,69.903142,Transit,1320.069,0,301.098,0,0,0,Vessel Live Movement,
KOTA CARUM,CCS,Shekou,CNSHK,2026-09-13 00:00:00,-2.208246,63.229509,Berthed,1318.494,0,301.098,0,0,0,Vessel Live Movement,
KOTA CARUM,CCS,Shekou,CNSHK,2026-09-13 03:00:00,-2.20881,63.230181,Berthed,1316.92,0,301.098,0,0,0,Vessel Live Movement,
KOTA CARUM,CCS,Shekou,CNSHK,2026-09-13 06:00:00,-2.210491,63.229735,Berthed,1315.346,0,301.098,0,0,0,Vessel Live Movement,
KOTA CARUM,CCS,Shekou,CNSHK,2026-09-13 09:00:00,-2.210477,63.229964,Berthed,1313.771,0,301.098,0,0,0,Vessel Live Movement,
KOTA CARUM,CCS,Shekou,CNSHK,2026-09-13 12:00:00,-2.209183,63.228916,Berthed,1312.197,0,301.098,0,0,0,Vessel Live Movement,
KOTA CARUM,CCS,Shekou,CNSHK,2026-09-13 15:00:00,-2.209083,63.229813,Berthed,1310.623,0,301.098,0,0,0,Vessel Live Movement,
KOTA CARUM,CCS,Shekou,CNSHK,2026-09-13 18:00:00,-2.209673,63.228283,Berthed,1309.048,0,301.098,0,0,0,Vessel Live Movement,
KOTA CARUM,CCS,Shekou,CNSHK,2026-09-13 21:00:00,-2.208807,63.230516,Berthed,1307.474,0,301.098,0,0,0,Vessel Live Movement,
KOTA CARUM,CCS,Haiphong,VNHPH,2026-09-14 00:00:00,-2.21,63.23,Transit,1298.028,0,301.098,0,0,0,Vessel Live Movement,
KOTA CARUM,CCS,Haiphong,VNHPH,2026-09-14 03:00:00,-1.252691,63.605859,Transit,1288.582,0,301.098,0,0,0,Vessel Live Movement,
KOTA CARUM,CCS,Haiphong,VNHPH,2026-09-14 06:00:00,-0.295329,63.981443,Transit,1279.136,0,301.098,0,0,0,Vessel Live Movement,
KOTA CARUM,CCS,Haiphong,VNHPH,2026-09-14 09:00:00,0.662046,64.356962,Transit,1269.69,0,301.098,0,0,0,Vessel Live Movement,
KOTA CARUM,CCS,Haiphong,VNHPH,2026-09-14 12:00:00,1.619393,64.732627,Transit,1260.244,0,301.098,0,0,0,Vessel Live Movement,
KOTA CARUM,CCS,Haiphong,VNHPH,2026-09-14 15:00:00,2.57667,65.108646,Transit,1250.798,0,301.098,0,0,0,Vessel Live Movement,
KOTA CARUM,CCS,Haiphong,VNHPH,2026-09-14 18:00:00,3.533837,65.485232,Transit,1241.352,0,301.098,0,0,0,Vessel Live Movement,
KOTA CARUM,CCS,Haiphong,VNHPH,2026-09-14 21:00:00,4.49085,65.862595,Transit,1231.906,0,301.098,0,0,0,Vessel Live Movement,
KOTA CARUM,CCS,Haiphong,VNHPH,2026-09-15 00:00:00,5.447669,66.24095,Transit,1222.46,0,301.098,0,0,0,Vessel Live Movement,
KOTA CARUM,CCS,Haiphong,VNHPH,2026-09-15 03:00:00,6.404251,66.620511,Transit,1213.014,0,301.098,0,0,0,Vessel Live Movement,
KOTA CARUM,CCS,Haiphong,VNHPH,2026-09-15 06:00:00,7.360554,67.001498,Transit,1203.569,0,301.098,0,0,0,Vessel Live Movement,
KOTA CARUM,CCS,Haiphong,VNHPH,2026-09-15 09:00:00,8.316533,67.384131,Transit,1194.123,0,301.098,0,0,0,Vessel Live Movement,
KOTA CARUM,CCS,Haiphong,VNHPH,2026-09-15 12:00:00,9.272144,67.768635,Transit,1184.677,0,301.098,0,0,0,Vessel Live Movement,
KOTA CARUM,CCS,Haiphong,VNHPH,2026-09-15 15:00:00,10.227344,68.155239,Transit,1175.231,0,301.098,0,0,0,Vessel Live Movement,
KOTA CARUM,CCS,Haiphong,VNHPH,2026-09-15 18:00:00,11.182084,68.544174,Transit,1165.785,0,301.098,0,0,0,Vessel Live Movement,
KOTA CARUM,CCS,Haiphong,VNHPH,2026-09-15 21:00:00,12.136319,68.93568,Transit,1156.339,0,301.098,0,0,0,Vessel Live Movement,
KOTA CARUM,CCS,Haiphong,VNHPH,2026-09-16 00:00:00,13.091135,69.330957,Berthed,1154.764,0,301.098,0,0,0,Vessel Live Movement,
KOTA CARUM,CCS,Haiphong,VNHPH,2026-09-16 03:00:00,13.090269,69.329895,Berthed,1153.19,0,301.098,0,0,0,Vessel Live Movement,
KOTA CARUM,CCS,Haiphong,VNHPH,2026-09-16 06:00:00,13.090411,69.329585,Berthed,1151.616,0,301.098,0,0,0,Vessel Live Movement,
KOTA CARUM,CCS,Haiphong,VNHPH,2026-09-16 09:00:00,13.090033,69.330679,Berthed,1150.041,0,301.098,0,0,0,Vessel Live Movement,
KOTA CARUM,CCS,Haiphong,VNHPH,2026-09-16 12:00:00,13.091158,69.331064,Berthed,1148.467,0,301.098,0,0,0,Vessel Live Movement,
KOTA CARUM,CCS,Haiphong,VNHPH,2026-09-16 15:00:00,13.089384,69.3298,Berthed,1146.893,0,301.098,0,0,0,Vessel Live Movement,
KOTA CARUM,CCS,Haiphong,VNHPH,2026-09-16 18:00:00,13.088021,69.330909,Berthed,1145.318,0,301.098,0,0,0,Vessel Live Movement,
KOTA CARUM,CCS,Haiphong,VNHPH,2026-09-16 21:00:00,13.088777,69.328353,Berthed,1143.744,0,301.098,0,0,0,Vessel Live Movement,
KOTA CARUM,CCS,Kolkata,INCCU,2026-09-17 00:00:00,13.09,69.33,Transit,1134.298,0,301.098,0,0,0,Vessel Live Movement,
KOTA CARUM,CCS,Kolkata,INCCU,2026-09-17 03:00:00,13.271204,73.012396,Transit,1124.852,0,301.098,0,0,0,Vessel Live Movement,
KOTA CARUM,CCS,Kolkata,INCCU,2026-09-17 06:00:00,13.399475,76.699484,Transit,1115.406,0,301.098,0,0,0,Vessel Live Movement,
KOTA CARUM,CCS,Kolkata,INCCU,2026-09-17 09:00:00,13.474225,80.389683,Transit,1105.96,0,301.098,0,0,0,Vessel Live Movement,
KOTA CARUM,CCS,Kolkata,INCCU,2026-09-17 12:00:00,13.495111,84.081357,Transit,1096.514,0,301.098,0,0,0,Vessel Live Movement,
KOTA CARUM,CCS,Kolkata,INCCU,2026-09-17 15:00:00,13.462037,87.772843,Transit,1087.068,0,301.098,0,0,0,Vessel Live Movement,
KOTA CARUM,CCS,Kolkata,INCCU,2026-09-17 18:00:00,13.375155,91.46248,Transit,1077.623,0,301.098,0,0,0,Vessel Live Movement,
KOTA CARUM,CCS,Kolkata,INCCU,2026-09-17 21:00:00,13.234864,95.148643,Transit,1068.177,0,301.098,0,0,0,Vessel Live Movement,
KOTA CARUM,CCS,Kolkata,INCCU,2026-09-18 00:00:00,13.041805,98.829769,Transit,1058.731,0,301.098,0,0,0,Vessel Live Movement,
KOTA CARUM,CCS,Kolkata,INCCU,2026-09-18 03:00:00,12.796858,102.504387,Transit,1049.285,0,301.098,0,0,0,Vessel Live Movement,
KOTA CARUM,CCS,Kolkata,INCCU,2026-09-18 06:00:00,12.501128,106.171142,Transit,1039.839,0,301.098,0,0,0,Vessel Live Movement,
KOTA CARUM,CCS,Kolkata,INCCU,2026-09-18 09:00:00,12.155944,109.828821,Transit,1030.393,0,301.098,0,0,0,Vessel Live Movement,
KOTA CARUM,CCS,Kolkata,INCCU,2026-09-18 12:00:00,11.762837,113.476368,Transit,1020.947,0,301.098,0,0,0,Vessel Live Movement,
KOTA CARUM,CCS,Kolkata,INCCU,2026-09-18 15:00:00,11.323538,117.112904,Transit,1011.501,0,301.098,0,0,0,Vessel Live Movement,
KOTA CARUM,CCS,Kolkata,INCCU,2026-09-18 18:00:00,10.839957,120.737738,Transit,1002.055,0,301.098,0,0,0,Vessel Live Movement,
KOTA CARUM,CCS,Kolkata,INCCU,2026-09-18 21:00:00,10.31417,124.350372,Transit,992.609,0,301.098,0,0,0,Vessel Live Movement,
KOTA CARUM,CCS,Kolkata,INCCU,2026-09-19 00:00:00,9.748408,127.95051,Transit,983.163,0,301.098,0,0,0,Vessel Live Movement,
KOTA CARUM,CCS,Kolkata,INCCU,2026-09-19 03:00:00,9.145038,131.538057,Transit,973.717,0,301.098,0,0,0,Vessel Live Movement,
KOTA CARUM,CCS,Kolkata,INCCU,2026-09-19 06:00:00,8.506553,135.113117,Transit,964.271,0,301.098,0,0,0,Vessel Live Movement,
KOTA CARUM,CCS,Kolkata,INCCU,2026-09-19 09:00:00,7.835554,138.675983,Transit,954.825,0,301.098,0,0,0,Vessel Live Movement,
KOTA CARUM,CCS,Kolkata,INCCU,2026-09-19 12:00:00,7.134739,142.227137,Transit,945.379,0,301.098,0,0,0,Vessel Live Movement,
KOTA CARUM,CCS,Kolkata,INCCU,2026-09-19 15:00:00,6.406892,145.767231,Transit,935.933,0,301.098,0,0,0,Vessel Live Movement,
KOTA CARUM,CCS,Kolkata,INCCU,2026-09-19 18:00:00,5.654867,149.297078,Transit,926.487,0,301.098,0,0,0,Vessel Live Movement,
KOTA CARUM,CCS,Kolkata,INCCU,2026-09-19 21:00:00,4.88158,152.817638,Transit,917.041,0,301.098,0,0,0,Vessel Live Movement,
KOTA CARUM,CCS,Kolkata,INCCU,2026-09-20 00:00:00,4.088812,156.328999,Berthed,915.467,0,301.098,0,0,0,Vessel Live Movement,
KOTA CARUM,CCS,Kolkata,INCCU,2026-09-20 03:00:00,4.089469,156.329583,Berthed,913.893,0,301.098,0,0,0,Vessel Live Movement,
KOTA CARUM,CCS,Kolkata,INCCU,2026-09-20 06:00:00,4.091487,156.329305,Berthed,912.318,0,301.098,0,0,0,Vessel Live Movement,
KOTA CARUM,CCS,Kolkata,INCCU,2026-09-20 09:00:00,4.091217,156.329907,Berthed,910.744,0,301.098,0,0,0,Vessel Live Movement,
KOTA CARUM,CCS,Kolkata,INCCU,2026-09-20 12:00:00,4.089879,156.331441,Berthed,909.17,0,301.098,0,0,0,Vessel Live Movement,
KOTA CARUM,CCS,Kolkata,INCCU,2026-09-20 15:00:00,4.089138,156.328177,Berthed,907.595,0,301.098,0,0,0,Vessel Live Movement,
KOTA CARUM,CCS,Kolkata,INCCU,2026-09-20 18:00:00,4.090165,156.329712,Berthed,906.021,0,301.098,0,0,0,Vessel Live Movement,
KOTA CARUM,CCS,Kolkata,INCCU,2026-09-20 21:00:00,4.090622,156.330526,Berthed,904.447,0,301.098,0,0,0,Vessel Live Movement,
KOTA CARUM,CCS,Kolkata,INCCU,2026-09-21 00:00:00,4.089315,156.330755,Berthed,902.872,0,301.098,0,0,0,Vessel Live Movement,
KOTA CARUM,CCS,Kolkata,INCCU,2026-09-21 03:00:00,4.089406,156.331506,Berthed,901.298,0,301.098,0,0,0,Vessel Live Movement,
KOTA CARUM,CCS,Kolkata,INCCU,2026-09-21 06:00:00,4.090472,156.328682,Berthed,899.724,0,301.098,0,0,0,Vessel Live Movement,
KOTA CARUM,CCS,Kolkata,INCCU,2026-09-21 09:00:00,4.090736,156.331433,Berthed,898.149,0,301.098,0,0,0,Vessel Live Movement,
KOTA CARUM,CCS,Kolkata,INCCU,2026-09-21 12:00:00,4.090148,156.330886,Berthed,896.575,0,301.098,0,0,0,Vessel Live Movement,
KOTA CARUM,CCS,Kolkata,INCCU,2026-09-21 15:00:00,4.091349,156.328107,Berthed,895.001,0,301.098,0,0,0,Vessel Live Movement,
KOTA CARUM,CCS,Kolkata,INCCU,2026-09-21 18:00:00,4.088183,156.330861,Berthed,893.426,0,301.098,0,0,0,Vessel Live Movement,
KOTA CARUM,CCS,Kolkata,INCCU,2026-09-21 21:00:00,4.089746,156.330152,Berthed,891.852,0,301.098,0,0,0,Vessel Live Movement,
KOTA CARUM,CCS,Kolkata,INCCU,2026-09-22 00:00:00,4.088848,156.329379,Berthed,890.278,0,301.098,0,0,0,Vessel Live Movement,
KOTA CARUM,CCS,Kolkata,INCCU,2026-09-22 03:00:00,4.089669,156.330898,Berthed,888.704,0,301.098,0,0,0,Vessel Live Movement,
KOTA CARUM,CCS,Kolkata,INCCU,2026-09-22 06:00:00,4.090234,156.330973,Berthed,887.129,0,301.098,0,0,0,Vessel Live Movement,
KOTA CARUM,CCS,Kolkata,INCCU,2026-09-22 09:00:00,4.090995,156.328593,Berthed,885.555,0,301.098,0,0,0,Vessel Live Movement,
KOTA CARUM,CCS,Kolkata,INCCU,2026-09-22 12:00:00,4.089973,156.330161,Berthed,883.981,0,301.098,0,0,0,Vessel Live Movement,
KOTA CARUM,CCS,Kolkata,INCCU,2026-09-22 15:00:00,4.089647,156.331813,Berthed,882.406,0,301.098,0,0,0,Vessel Live Movement,
KOTA CARUM,CCS,Kolkata,INCCU,2026-09-22 18:00:00,4.092053,156.329267,Berthed,880.832,0,301.098,0,0,0,Vessel Live Movement,
KOTA CARUM,CCS,Kolkata,INCCU,2026-09-22 21:00:00,4.090108,156.330864,Berthed,879.258,0,301.098,0,0,0,Vessel Live Movement,
KOTA CARUM,CCS,Xiamen,CNXMN,2026-09-23 00:00:00,4.09,156.33,Transit,869.812,0,301.098,0,0,0,Vessel Live Movement,
KOTA CARUM,CCS,Xiamen,CNXMN,2026-09-23 03:00:00,4.008854,156.489324,Transit,860.366,0,301.098,0,0,0,Vessel Live Movement,
KOTA CARUM,CCS,Xiamen,CNXMN,2026-09-23 06:00:00,3.927677,156.648616,Transit,850.92,0,301.098,0,0,0,Vessel Live Movement,
KOTA CARUM,CCS,Xiamen,CNXMN,2026-09-23 09:00:00,3.846469,156.807877,Transit,841.474,0,301.098,0,0,0,Vessel Live Movement,
KOTA CARUM,CCS,Xiamen,CNXMN,2026-09-23 12:00:00,3.765232,156.967108,Transit,832.028,0,301.098,0,0,0,Vessel Live Movement,
KOTA CARUM,CCS,Xiamen,CNXMN,2026-09-23 15:00:00,3.683966,157.126309,Transit,822.582,0,301.098,0,0,0,Vessel Live Movement,
KOTA CARUM,CCS,Xiamen,CNXMN,2026-09-23 18:00:00,3.602672,157.285481,Transit,813.136,0,301.098,0,0,0,Vessel Live Movement,
KOTA CARUM,CCS,Xiamen,CNXMN,2026-09-23 21:00:00,3.521349,157.444624,Transit,803.69,0,301.098,0,0,0,Vessel Live Movement,
KOTA CARUM,CCS,Xiamen,CNXMN,2026-09-24 00:00:00,3.44,157.60374,Transit,794.244,0,301.098,0,0,0,Vessel Live Movement,
KOTA CARUM,CCS,Xiamen,CNXMN,2026-09-24 03:00:00,3.358625,157.762829,Transit,784.798,0,301.098,0,0,0,Vessel Live Movement,
KOTA CARUM,CCS,Xiamen,CNXMN,2026-09-24 06:00:00,3.277223,157.921891,Transit,775.352,0,301.098,0,0,0,Vessel Live Movement,
KOTA CARUM,CCS,Xiamen,CNXMN,2026-09-24 09:00:00,3.195796,158.080927,Transit,765.906,0,301.098,0,0,0,Vessel Live Movement,
KOTA CARUM,CCS,Xiamen,CNXMN,2026-09-24 12:00:00,3.114345,158.239938,Transit,756.46,0,301.098,0,0,0,Vessel Live Movement,
KOTA CARUM,CCS,Xiamen,CNXMN,2026-09-24 15:00:00,3.03287,158.398924,Transit,747.014,0,301.098,0,0,0,Vessel Live Movement,
KOTA CARUM,CCS,Xiamen,CNXMN,2026-09-24 18:00:00,2.951371,158.557886,Transit,737.568,0,301.098,0,0,0,Vessel Live Movement,
KOTA CARUM,CCS,Xiamen,CNXMN,2026-09-24 21:00:00,2.86985,158.716825,Transit,728.122,0,301.098,0,0,0,Vessel Live Movement,
KOTA CARUM,CCS,Xiamen,CNXMN,2026-09-25 00:00:00,2.788307,158.875742,Transit,718.676,0,301.098,0,0,0,Vessel Live Movement,
KOTA CARUM,CCS,Xiamen,CNXMN,2026-09-25 03:00:00,2.706742,159.034636,Transit,709.23,0,301.098,0,0,0,Vessel Live Movement,
KOTA CARUM,CCS,Xiamen,CNXMN,2026-09-25 06:00:00,2.625157,159.193509,Transit,699.785,0,301.098,0,0,0,Vessel Live Movement,
KOTA CARUM,CCS,Xiamen,CNXMN,2026-09-25 09:00:00,2.543551,159.352361,Transit,690.339,0,301.098,0,0,0,Vessel Live Movement,
KOTA CARUM,CCS,Xiamen,CNXMN,2026-09-25 12:00:00,2.461926,159.511193,Transit,680.893,0,301.098,0,0,0,Vessel Live Movement,
KOTA CARUM,CCS,Xiamen,CNXMN,2026-09-25 15:00:00,2.380282,159.670006,Transit,671.447,0,301.098,0,0,0,Vessel Live Movement,
KOTA CARUM,CCS,Xiamen,CNXMN,2026-09-25 18:00:00,2.29862,159.8288,Transit,662.001,0,301.098,0,0,0,Vessel Live Movement,
KOTA CARUM,CCS,Xiamen,CNXMN,2026-09-25 21:00:00,2.21694,159.987575,Transit,652.555,0,301.098,0,0,0,Vessel Live Movement,
KOTA CARUM,CCS,Xiamen,CNXMN,2026-09-26 00:00:00,2.135243,160.146334,Transit,643.109,0,301.098,0,0,0,Vessel Live Movement,
KOTA CARUM,CCS,Xiamen,CNXMN,2026-09-26 03:00:00,2.05353,160.305075,Transit,633.663,0,301.098,0,0,0,Vessel Live Movement,
KOTA CARUM,CCS,Xiamen,CNXMN,2026-09-26 06:00:00,1.971801,160.4638,Transit,624.217,0,301.098,0,0,0,Vessel Live Movement,
KOTA CARUM,CCS,Xiamen,CNXMN,2026-09-26 09:00:00,1.890056,160.622509,Transit,614.771,0,301.098,0,0,0,Vessel Live Movement,
KOTA CARUM,CCS,Xiamen,CNXMN,2026-09-26 12:00:00,1.808298,160.781204,Transit,605.325,0,301.098,0,0,0,Vessel Live Movement,
KOTA CARUM,CCS,Xiamen,CNXMN,2026-09-26 15:00:00,1.726525,160.939884,Transit,595.879,0,301.098,0,0,0,Vessel Live Movement,
KOTA CARUM,CCS,Xiamen,CNXMN,2026-09-26 18:00:00,1.644739,161.09855,Transit,586.433,0,301.098,0,0,0,Vessel Live Movement,
KOTA CARUM,CCS,Xiamen,CNXMN,2026-09-26 21:00:00,1.562941,161.257204,Transit,576.987,0,301.098,0,0,0,Vessel Live Movement,
KOTA CARUM,CCS,Xiamen,CNXMN,2026-09-27 00:00:00,1.481131,161.415845,Transit,567.541,0,301.098,0,0,0,Vessel Live Movement,
KOTA CARUM,CCS,Xiamen,CNXMN,2026-09-27 03:00:00,1.399309,161.574475,Transit,558.095,0,301.098,0,0,0,Vessel Live Movement,
KOTA CARUM,CCS,Xiamen,CNXMN,2026-09-27 06:00:00,1.317477,161.733093,Transit,548.649,0,301.098,0,0,0,Vessel Live Movement,
KOTA CARUM,CCS,Xiamen,CNXMN,2026-09-27 09:00:00,1.235634,161.891701,Transit,539.203,0,301.098,0,0,0,Vessel Live Movement,
KOTA CARUM,CCS,Xiamen,CNXMN,2026-09-27 12:00:00,1.153782,162.050299,Transit,529.757,0,301.098,0,0,0,Vessel Live Movement,
KOTA CARUM,CCS,Xiamen,CNXMN,2026-09-27 15:00:00,1.071921,162.208888,Transit,520.311,0,301.098,0,0,0,Vessel Live Movement,
KOTA CARUM,CCS,Xiamen,CNXMN,2026-09-27 18:00:00,0.990052,162.367469,Transit,510.866,0,301.098,0,0,0,Vessel Live Movement,
KOTA CARUM,CCS,Xiamen,CNXMN,2026-09-27 21:00:00,0.908176,162.526041,Transit,501.42,0,301.098,0,0,0,Vessel Live Movement,
KOTA CARUM,CCS,Xiamen,CNXMN,2026-09-28 00:00:00,0.826292,162.684607,Transit,491.974,0,301.098,0,0,0,Vessel Live Movement,
KOTA CARUM,CCS,Xiamen,CNXMN,2026-09-28 03:00:00,0.744402,162.843166,Transit,482.528,0,301.098,0,0,0,Vessel Live Movement,
KOTA CARUM,CCS,Xiamen,CNXMN,2026-09-28 06:00:00,0.662507,163.001719,Transit,473.082,0,301.098,0,0,0,Vessel Live Movement,
KOTA CARUM,CCS,Xiamen,CNXMN,2026-09-28 09:00:00,0.580606,163.160267,Transit,463.636,0,301.098,0,0,0,Vessel Live Movement,
KOTA CARUM,CCS,Xiamen,CNXMN,2026-09-28 12:00:00,0.498701,163.31881,Transit,454.19,0,301.098,0,0,0,Vessel Live Movement,
KOTA CARUM,CCS,Xiamen,CNXMN,2026-09-28 15:00:00,0.416792,163.47735,Transit,444.744,0,301.098,0,0,0,Vessel Live Movement,
KOTA CARUM,CCS,Xiamen,CNXMN,2026-09-28 18:00:00,0.33488,163.635886,Transit,435.298,0,301.098,0,0,0,Vessel Live Movement,
KOTA CARUM,CCS,Xiamen,CNXMN,2026-09-28 21:00:00,0.252966,163.794419,Transit,425.852,0,301.098,0,0,0,Vessel Live Movement,
KOTA CARUM,CCS,Xiamen,CNXMN,2026-09-29 00:00:00,0.171049,163.952951,Transit,416.406,0,301.098,0,0,0,Vessel Live Movement,
KOTA CARUM,CCS,Xiamen,CNXMN,2026-09-29 03:00:00,0.089131,164.111481,Transit,406.96,0,301.098,0,0,0,Vessel Live Movement,
KOTA CARUM,CCS,Xiamen,CNXMN,2026-09-29 06:00:00,0.007212,164.27001,Transit,397.514,0,301.098,0,0,0,Vessel Live Movement,
KOTA CARUM,CCS,Xiamen,CNXMN,2026-09-29 09:00:00,-0.074706,164.428539,Transit,388.068,0,301.098,0,0,0,Vessel Live Movement,
KOTA CARUM,CCS,Xiamen,CNXMN,2026-09-29 12:00:00,-0.156624,164.587069,Transit,378.622,0,301.098,0,0,0,Vessel Live Movement,
KOTA CARUM,CCS,Xiamen,CNXMN,2026-09-29 15:00:00,-0.238541,164.7456,Transit,369.176,0,301.098,0,0,0,Vessel Live Movement,
KOTA CARUM,CCS,Xiamen,CNXMN,2026-09-29 18:00:00,-0.320456,164.904133,Transit,359.73,0,301.098,0,0,0,Vessel Live Movement,
KOTA CARUM,CCS,Xiamen,CNXMN,2026-09-29 21:00:00,-0.402369,165.062669,Transit,350.284,0,301.098,0,0,0,Vessel Live Movement,
KOTA CEMPAKA,NCI,Jakarta,IDJKT,2026-08-01 00:00:00,-1.636348,168.467441,Transit,0,1513.945,243.548,0,0,0,Vessel Live Movement,
KOTA CEMPAKA,NCI,Jakarta,IDJKT,2026-08-01 03:00:00,-1.453244,168.238609,Transit,0,1503.877,243.548,0,0,0,Vessel Live Movement,
KOTA CEMPAKA,NCI,Jakarta,IDJKT,2026-08-01 06:00:00,-1.270116,168.009813,Transit,0,1493.81,243.548,0,0,0,Vessel Live Movement,
KOTA CEMPAKA,NCI,Jakarta,IDJKT,2026-08-01 09:00:00,-1.086968,167.78105,Transit,0,1483.743,243.548,0,0,0,Vessel Live Movement,
KOTA CEMPAKA,NCI,Jakarta,IDJKT,2026-08-01 12:00:00,-0.903802,167.552315,Transit,0,1473.675,243.548,0,0,0,Vessel Live Movement,
KOTA CEMPAKA,NCI,Jakarta,IDJKT,2026-08-01 15:00:00,-0.720623,167.323602,Transit,0,1463.608,243.548,0,0,0,Vessel Live Movement,
KOTA CEMPAKA,NCI,Jakarta,IDJKT,2026-08-01 18:00:00,-0.537431,167.094909,Transit,0,1453.54,243.548,0,0,0,Vessel Live Movement,
KOTA CEMPAKA,NCI,Jakarta,IDJKT,2026-08-01 21:00:00,-0.354232,166.866228,Transit,0,1443.473,243.548,0,0,0,Vessel Live Movement,
KOTA CEMPAKA,NCI,Jakarta,IDJKT,2026-08-02 00:00:00,-0.171026,166.637557,Transit,0,1433.406,243.548,0,0,0,Vessel Live Movement,
KOTA CEMPAKA,NCI,Jakarta,IDJKT,2026-08-02 03:00:00,0.012182,166.40889,Transit,0,1423.338,243.548,0,0,0,Vessel Live Movement,
KOTA CEMPAKA,NCI,Jakarta,IDJKT,2026-08-02 06:00:00,0.19539,166.180223,Transit,0,1413.271,243.548,0,0,0,Vessel Live Movement,
KOTA CEMPAKA,NCI,Jakarta,IDJKT,2026-08-02 09:00:00,0.378595,165.951551,Transit,0,1403.203,243.548,0,0,0,Vessel Live Movement,
KOTA CEMPAKA,NCI,Jakarta,IDJKT,2026-08-02 12:00:00,0.561794,165.72287,Transit,0,1393.136,243.548,0,0,0,Vessel Live Movement,
KOTA CEMPAKA,NCI,Jakarta,IDJKT,2026-08-02 15:00:00,0.744984,165.494174,Transit,0,1383.069,243.548,0,0,0,Vessel Live Movement,
KOTA CEMPAKA,NCI,Jakarta,IDJKT,2026-08-02 18:00:00,0.928162,165.265458,Transit,0,1373.001,243.548,0,0,0,Vessel Live Movement,
KOTA CEMPAKA,NCI,Jakarta,IDJKT,2026-08-02 21:00:00,1.111325,165.03672,Transit,0,1362.934,243.548,0,0,0,Vessel Live Movement,
KOTA CEMPAKA,NCI,Jakarta,IDJKT,2026-08-03 00:00:00,1.29447,164.807952,Transit,0,1352.866,243.548,0,0,0,Vessel Live Movement,
KOTA CEMPAKA,NCI,Jakarta,IDJKT,2026-08-03 03:00:00,1.477595,164.579152,Transit,0,1342.799,243.548,0,0,0,Vessel Live Movement,
KOTA CEMPAKA,NCI,Jakarta,IDJKT,2026-08-03 06:00:00,1.660697,164.350314,Transit,0,1332.732,243.548,0,0,0,Vessel Live Movement,
KOTA CEMPAKA,NCI,Jakarta,IDJKT,2026-08-03 09:00:00,1.843772,164.121434,Transit,0,1322.664,243.548,0,0,0,Vessel Live Movement,
KOTA CEMPAKA,NCI,Jakarta,IDJKT,2026-08-03 12:00:00,2.026817,163.892507,Transit,0,1312.597,243.548,0,0,0,Vessel Live Movement,
KOTA CEMPAKA,NCI,Jakarta,IDJKT,2026-08-03 15:00:00,2.20983,163.663527,Transit,0,1302.529,243.548,0,0,0,Vessel Live Movement,
KOTA CEMPAKA,NCI,Jakarta,IDJKT,2026-08-03 18:00:00,2.392808,163.434492,Transit,0,1292.462,243.548,0,0,0,Vessel Live Movement,
KOTA CEMPAKA,NCI,Jakarta,IDJKT,2026-08-03 21:00:00,2.575748,163.205395,Transit,0,1282.395,243.548,0,0,0,Vessel Live Movement,
KOTA CEMPAKA,NCI,Jakarta,IDJKT,2026-08-04 00:00:00,2.758646,162.976232,Transit,0,1272.327,243.548,0,0,0,Vessel Live Movement,
KOTA CEMPAKA,NCI,Jakarta,IDJKT,2026-08-04 03:00:00,2.941501,162.746999,Transit,0,1262.26,243.548,0,0,0,Vessel Live Movement,
KOTA CEMPAKA,NCI,Jakarta,IDJKT,2026-08-04 06:00:00,3.124308,162.517691,Transit,0,1252.192,243.548,0,0,0,Vessel Live Movement,
KOTA CEMPAKA,NCI,Jakarta,IDJKT,2026-08-04 09:00:00,3.307065,162.288303,Transit,0,1242.125,243.548,0,0,0,Vessel Live Movement,
KOTA CEMPAKA,NCI,Jakarta,IDJKT,2026-08-04 12:00:00,3.48977,162.05883,Transit,0,1232.058,243.548,0,0,0,Vessel Live Movement,
KOTA CEMPAKA,NCI,Jakarta,IDJKT,2026-08-04 15:00:00,3.672419,161.829268,Transit,0,1221.99,243.548,0,0,0,Vessel Live Movement,
KOTA CEMPAKA,NCI,Jakarta,IDJKT,2026-08-04 18:00:00,3.855009,161.599612,Transit,0,1211.923,243.548,0,0,0,Vessel Live Movement,
KOTA CEMPAKA,NCI,Jakarta,IDJKT,2026-08-04 21:00:00,4.037537,161.369858,Transit,0,1201.855,243.548,0,0,0,Vessel Live Movement,
KOTA CEMPAKA,NCI,Jakarta,IDJKT,2026-08-05 00:00:00,4.217847,161.138598,Berthed,0,1200.178,243.548,0,0,0,Vessel Live Movement,
KOTA CEMPAKA,NCI,Jakarta,IDJKT,2026-08-05 03:00:00,4.221116,161.140398,Berthed,0,1198.5,243.548,0,0,0,Vessel Live Movement,
KOTA CEMPAKA,NCI,Jakarta,IDJKT,2026-08-05 06:00:00,4.22001,161.140495,Berthed,0,1196.822,243.548,0,0,0,Vessel Live Movement,
KOTA CEMPAKA,NCI,Jakarta,IDJKT,2026-08-05 09:00:00,4.21967,161.140567,Berthed,0,1195.144,243.548,0,0,0,Vessel Live Movement,
KOTA CEMPAKA,NCI,Jakarta,IDJKT,2026-08-05 12:00:00,4.220883,161.141569,Berthed,0,1193.466,243.548,0,0,0,Vessel Live Movement,
KOTA CEMPAKA,NCI,Jakarta,IDJKT,2026-08-05 15:00:00,4.219867,161.139244,Berthed,0,1191.788,243.548,0,0,0,Vessel Live Movement,
KOTA CEMPAKA,NCI,Jakarta,IDJKT,2026-08-05 18:00:00,4.218312,161.138917,Berthed,0,1190.11,243.548,0,0,0,Vessel Live Movement,
KOTA CEMPAKA,NCI,Jakarta,IDJKT,2026-08-05 21:00:00,4.221198,161.13817,Berthed,0,1188.432,243.548,0,0,0,Vessel Live Movement,
KOTA CEMPAKA,NCI,Jakarta,IDJKT,2026-08-06 00:00:00,4.222432,161.140516,Berthed,0,1186.754,243.548,0,0,0,Vessel Live Movement,
KOTA CEMPAKA,NCI,Jakarta,IDJKT,2026-08-06 03:00:00,4.220777,161.140205,Berthed,0,1185.076,243.548,0,0,0,Vessel Live Movement,
KOTA CEMPAKA,NCI,Jakarta,IDJKT,2026-08-06 06:00:00,4.218623,161.142206,Berthed,0,1183.399,243.548,0,0,0,Vessel Live Movement,
KOTA CEMPAKA,NCI,Jakarta,IDJKT,2026-08-06 09:00:00,4.219865,161.139552,Berthed,0,1181.721,243.548,0,0,0,Vessel Live Movement,
KOTA CEMPAKA,NCI,Jakarta,IDJKT,2026-08-06 12:00:00,4.220523,161.141114,Berthed,0,1180.043,243.548,0,0,0,Vessel Live Movement,
KOTA CEMPAKA,NCI,Jakarta,IDJKT,2026-08-06 15:00:00,4.221465,161.141175,Berthed,0,1178.365,243.548,0,0,0,Vessel Live Movement,
KOTA CEMPAKA,NCI,Jakarta,IDJKT,2026-08-06 18:00:00,4.219238,161.138901,Berthed,0,1176.687,243.548,0,0,0,Vessel Live Movement,
KOTA CEMPAKA,NCI,Jakarta,IDJKT,2026-08-06 21:00:00,4.220169,161.140437,Berthed,0,1175.009,243.548,0,0,0,Vessel Live Movement,
KOTA CEMPAKA,NCI,Surabaya,IDSUB,2026-08-07 00:00:00,4.22,161.14,Transit,0,1164.942,243.548,0,0,0,Vessel Live Movement,
KOTA CEMPAKA,NCI,Surabaya,IDSUB,2026-08-07 03:00:00,4.767156,162.577239,Transit,0,1154.874,243.548,0,0,0,Vessel Live Movement,
KOTA CEMPAKA,NCI,Surabaya,IDSUB,2026-08-07 06:00:00,5.311322,164.016763,Transit,0,1144.807,243.548,0,0,0,Vessel Live Movement,
KOTA CEMPAKA,NCI,Surabaya,IDSUB,2026-08-07 09:00:00,5.852148,165.458823,Transit,0,1134.739,243.548,0,0,0,Vessel Live Movement,
KOTA CEMPAKA,NCI,Surabaya,IDSUB,2026-08-07 12:00:00,6.389286,166.903667,Transit,0,1124.672,243.548,0,0,0,Vessel Live Movement,
KOTA CEMPAKA,NCI,Surabaya,IDSUB,2026-08-07 15:00:00,6.922387,168.351535,Transit,0,1114.605,243.548,0,0,0,Vessel Live Movement,
KOTA CEMPAKA,NCI,Surabaya,IDSUB,2026-08-07 18:00:00,7.4511,169.802665,Transit,0,1104.537,243.548,0,0,0,Vessel Live Movement,
KOTA CEMPAKA,NCI,Surabaya,IDSUB,2026-08-07 21:00:00,7.975076,171.257285,Transit,0,1094.47,243.548,0,0,0,Vessel Live Movement,
KOTA CEMPAKA,NCI,Surabaya,IDSUB,2026-08-08 00:00:00,8.493965,172.715619,Transit,0,1084.402,243.548,0,0,0,Vessel Live Movement,
KOTA CEMPAKA,NCI,Surabaya,IDSUB,2026-08-08 03:00:00,9.007418,174.177883,Transit,0,1074.335,243.548,0,0,0,Vessel Live Movement,
KOTA CEMPAKA,NCI,Surabaya,IDSUB,2026-08-08 06:00:00,9.515084,175.644282,Transit,0,1064.268,243.548,0,0,0,Vessel Live Movement,
KOTA CEMPAKA,NCI,Surabaya,IDSUB,2026-08-08 09:00:00,10.016613,177.115017,Transit,0,1054.2,243.548,0,0,0,Vessel Live Movement,
KOTA CEMPAKA,NCI,Surabaya,IDSUB,2026-08-08 12:00:00,10.511656,178.590277,Transit,0,1044.133,243.548,0,0,0,Vessel Live Movement,
KOTA CEMPAKA,NCI,Surabaya,IDSUB,2026-08-08 15:00:00,10.999865,-179.929758,Transit,0,1034.065,243.548,0,0,0,Vessel Live Movement,
KOTA CEMPAKA,NCI,Surabaya,IDSUB,2026-08-08 18:00:00,11.48089,-178.44492,Transit,0,1023.998,243.548,0,0,0,Vessel Live Movement,
KOTA CEMPAKA,NCI,Surabaya,IDSUB,2026-08-08 21:00:00,11.954384,-176.955049,Transit,0,1013.931,243.548,0,0,0,Vessel Live Movement,
KOTA CEMPAKA,NCI,Surabaya,IDSUB,2026-08-09 00:00:00,12.419434,-175.460818,Berthed,0,1012.253,243.548,0,0,0,Vessel Live Movement,
KOTA CEMPAKA,NCI,Surabaya,IDSUB,2026-08-09 03:00:00,12.420054,-175.459901,Berthed,0,1010.575,243.548,0,0,0,Vessel Live Movement,
KOTA CEMPAKA,NCI,Surabaya,IDSUB,2026-08-09 06:00:00,12.418682,-175.460431,Berthed,0,1008.897,243.548,0,0,0,Vessel Live Movement,
KOTA CEMPAKA,NCI,Surabaya,IDSUB,2026-08-09 09:00:00,12.417745,-175.460841,Berthed,0,1007.219,243.548,0,0,0,Vessel Live Movement,
KOTA CEMPAKA,NCI,Surabaya,IDSUB,2026-08-09 12:00:00,12.419943,-175.461097,Berthed,0,1005.541,243.548,0,0,0,Vessel Live Movement,
KOTA CEMPAKA,NCI,Surabaya,IDSUB,2026-08-09 15:00:00,12.42022,-175.458999,Berthed,0,1003.863,243.548,0,0,0,Vessel Live Movement,
KOTA CEMPAKA,NCI,Surabaya,IDSUB,2026-08-09 18:00:00,12.419781,-175.459971,Berthed,0,1002.185,243.548,0,0,0,Vessel Live Movement,
KOTA CEMPAKA,NCI,Surabaya,IDSUB,2026-08-09 21:00:00,12.420506,-175.459081,Berthed,0,1000.507,243.548,0,0,0,Vessel Live Movement,
KOTA CEMPAKA,NCI,Tianjin,CNTSN,2026-08-10 00:00:00,12.42,-175.46,Transit,0,990.44,243.548,0,0,0,Vessel Live Movement,
KOTA CEMPAKA,NCI,Tianjin,CNTSN,2026-08-10 03:00:00,12.099445,-175.936768,Transit,0,980.373,243.548,0,0,0,Vessel Live Movement,
KOTA CEMPAKA,NCI,Tianjin,CNTSN,2026-08-10 06:00:00,11.778078,-176.412393,Transit,0,970.305,243.548,0,0,0,Vessel Live Movement,
KOTA CEMPAKA,NCI,Tianjin,CNTSN,2026-08-10 09:00:00,11.455925,-176.886905,Transit,0,960.238,243.548,0,0,0,Vessel Live Movement,
KOTA CEMPAKA,NCI,Tianjin,CNTSN,2026-08-10 12:00:00,11.133008,-177.360336,Transit,0,950.17,243.548,0,0,0,Vessel Live Movement,
KOTA CEMPAKA,NCI,Tianjin,CNTSN,2026-08-10 15:00:00,10.809352,-177.832716,Transit,0,940.103,243.548,0,0,0,Vessel Live Movement,
KOTA CEMPAKA,NCI,Tianjin,CNTSN,2026-08-10 18:00:00,10.48498,-178.304078,Transit,0,930.036,243.548,0,0,0,Vessel Live Movement,
KOTA CEMPAKA,NCI,Tianjin,CNTSN,2026-08-10 21:00:00,10.159915,-178.774451,Transit,0,919.968,243.548,0,0,0,Vessel Live Movement,
KOTA CEMPAKA,NCI,Tianjin,CNTSN,2026-08-11 00:00:00,9.834181,-179.243869,Transit,0,909.901,243.548,0,0,0,Vessel Live Movement,
KOTA CEMPAKA,NCI,Tianjin,CNTSN,2026-08-11 03:00:00,9.507802,-179.712361,Transit,0,899.833,243.548,0,0,0,Vessel Live Movement,
KOTA CEMPAKA,NCI,Tianjin,CNTSN,2026-08-11 06:00:00,9.180799,179.820041,Transit,0,889.766,243.548,0,0,0,Vessel Live Movement,
KOTA CEMPAKA,NCI,Tianjin,CNTSN,2026-08-11 09:00:00,8.853197,179.353306,Transit,0,879.699,243.548,0,0,0,Vessel Live Movement,
KOTA CEMPAKA,NCI,Tianjin,CNTSN,2026-08-11 12:00:00,8.525017,178.887402,Transit,0,869.631,243.548,0,0,0,Vessel Live Movement,
KOTA CEMPAKA,NCI,Tianjin,CNTSN,2026-08-11 15:00:00,8.196283,178.422298,Transit,0,859.564,243.548,0,0,0,Vessel Live Movement,
KOTA CEMPAKA,NCI,Tianjin,CNTSN,2026-08-11 18:00:00,7.867017,177.957962,Transit,0,849.496,243.548,0,0,0,Vessel Live Movement,
KOTA CEMPAKA,NCI,Tianjin,CNTSN,2026-08-11 21:00:00,7.537242,177.494364,Transit,0,839.429,243.548,0,0,0,Vessel Live Movement,
KOTA CEMPAKA,NCI,Tianjin,CNTSN,2026-08-12 00:00:00,7.206979,177.031472,Transit,0,829.362,243.548,0,0,0,Vessel Live Movement,
KOTA CEMPAKA,NCI,Tianjin,CNTSN,2026-08-12 03:00:00,6.876252,176.569255,Transit,0,819.294,243.548,0,0,0,Vessel Live Movement,
KOTA CEMPAKA,NCI,Tianjin,CNTSN,2026-08-12 06:00:00,6.545083,176.107682,Transit,0,809.227,243.548,0,0,0,Vessel Live Movement,
KOTA CEMPAKA,NCI,Tianjin,CNTSN,2026-08-12 09:00:00,6.213492,175.64672,Transit,0,799.159,243.548,0,0,0,Vessel Live Movement,
KOTA CEMPAKA,NCI,Tianjin,CNTSN,2026-08-12 12:00:00,5.881503,175.186339,Transit,0,789.092,243.548,0,0,0,Vessel Live Movement,
KOTA CEMPAKA,NCI,Tianjin,CNTSN,2026-08-12 15:00:00,5.549138,174.726508,Transit,0,779.025,243.548,0,0,0,Vessel Live Movement,
KOTA CEMPAKA,NCI,Tianjin,CNTSN,2026-08-12 18:00:00,5.216418,174.267196,Transit,0,768.957,243.548,0,0,0,Vessel Live Movement,
KOTA CEMPAKA,NCI,Tianjin,CNTSN,2026-08-12 21:00:00,4.883365,173.80837,Transit,0,758.89,243.548,0,0,0,Vessel Live Movement,
KOTA CEMPAKA,NCI,Tianjin,CNTSN,2026-08-13 00:00:00,4.550175,173.350141,Berthed,0,757.212,243.548,0,0,0,Vessel Live Movement,
KOTA CEMPAKA,NCI,Tianjin,CNTSN,2026-08-13 03:00:00,4.549093,173.349345,Berthed,0,755.534,243.548,0,0,0,Vessel Live Movement,
KOTA CEMPAKA,NCI,Tianjin,CNTSN,2026-08-13 06:00:00,4.550227,173.352696,Berthed,0,753.856,243.548,0,0,0,Vessel Live Movement,
KOTA CEMPAKA,NCI,Tianjin,CNTSN,2026-08-13 09:00:00,4.548831,173.352001,Berthed,0,752.178,243.548,0,0,0,Vessel Live Movement,
KOTA CEMPAKA,NCI,Tianjin,CNTSN,2026-08-13 12:00:00,4.548361,173.349062,Berthed,0,750.5,243.548,0,0,0,Vessel Live Movement,
KOTA CEMPAKA,NCI,Tianjin,CNTSN,2026-08-13 15:00:00,4.549826,173.350602,Berthed,0,748.822,243.548,0,0,0,Vessel Live Movement,
KOTA CEMPAKA,NCI,Tianjin,CNTSN,2026-08-13 18:00:00,4.549355,173.351619,Berthed,0,747.145,243.548,0,0,0,Vessel Live Movement,
KOTA CEMPAKA,NCI,Tianjin,CNTSN,2026-08-13 21:00:00,4.550728,173.350617,Berthed,0,745.467,243.548,0,0,0,Vessel Live Movement,
KOTA CEMPAKA,NCI,Tianjin,CNTSN,2026-08-14 00:00:00,4.550557,173.349459,Berthed,0,743.789,243.548,0,0,0,Vessel Live Movement,
KOTA CEMPAKA,NCI,Tianjin,CNTSN,2026-08-14 03:00:00,4.552372,173.348551,Berthed,0,742.111,243.548,0,0,0,Vessel Live Movement,
KOTA CEMPAKA,NCI,Tianjin,CNTSN,2026-08-14 06:00:00,4.550123,173.35017,Berthed,0,740.433,243.548,0,0,0,Vessel Live Movement,
KOTA CEMPAKA,NCI,Tianjin,CNTSN,2026-08-14 09:00:00,4.552043,173.350266,Berthed,0,738.755,243.548,0,0,0,Vessel Live Movement,
KOTA CEMPAKA,NCI,Tianjin,CNTSN,2026-08-14 12:00:00,4.550283,173.349598,Berthed,0,737.077,243.548,0,0,0,Vessel Live Movement,
KOTA CEMPAKA,NCI,Tianjin,CNTSN,2026-08-14 15:00:00,4.549853,173.349702,Berthed,0,735.399,243.548,0,0,0,Vessel Live Movement,
KOTA CEMPAKA,NCI,Tianjin,CNTSN,2026-08-14 18:00:00,4.550343,173.350533,Berthed,0,733.721,243.548,0,0,0,Vessel Live Movement,
KOTA CEMPAKA,NCI,Tianjin,CNTSN,2026-08-14 21:00:00,4.550754,173.350628,Berthed,0,732.043,243.548,0,0,0,Vessel Live Movement,
KOTA CEMPAKA,NCI,Qingdao,CNTAO,2026-08-15 00:00:00,4.55,173.35,Transit,0,721.976,243.548,0,0,0,Vessel Live Movement,
KOTA CEMPAKA,NCI,Qingdao,CNTAO,2026-08-15 03:00:00,4.510757,170.434418,Transit,0,711.909,243.548,0,0,0,Vessel Live Movement,
KOTA CEMPAKA,NCI,Qingdao,CNTAO,2026-08-15 06:00:00,4.459886,167.519198,Transit,0,701.841,243.548,0,0,0,Vessel Live Movement,
KOTA CEMPAKA,NCI,Qingdao,CNTAO,2026-08-15 09:00:00,4.39752,164.604427,Transit,0,691.774,243.548,0,0,0,Vessel Live Movement,
KOTA CEMPAKA,NCI,Qingdao,CNTAO,2026-08-15 12:00:00,4.323822,161.690189,Transit,0,681.706,243.548,0,0,0,Vessel Live Movement,
KOTA CEMPAKA,NCI,Qingdao,CNTAO,2026-08-15 15:00:00,4.238985,158.776559,Transit,0,671.639,243.548,0,0,0,Vessel Live Movement,
KOTA CEMPAKA,NCI,Qingdao,CNTAO,2026-08-15 18:00:00,4.143231,155.86361,Transit,0,661.572,243.548,0,0,0,Vessel Live Movement,
KOTA CEMPAKA,NCI,Qingdao,CNTAO,2026-08-15 21:00:00,4.03681,152.951405,Transit,0,651.504,243.548,0,0,0,Vessel Live Movement,
KOTA CEMPAKA,NCI,Qingdao,CNTAO,2026-08-16 00:00:00,3.921646,150.042353,Berthed,0,2012.552,243.548,0,1362.725,0,Vessel Live Movement,
KOTA CEMPAKA,NCI,Qingdao,CNTAO,2026-08-16 03:00:00,3.920707,150.039918,Berthed,0,2010.874,243.548,0,0,0,Vessel Live Movement,
KOTA CEMPAKA,NCI,Qingdao,CNTAO,2026-08-16 06:00:00,3.918366,150.037724,Berthed,0,2009.196,243.548,0,0,0,Vessel Live Movement,
KOTA CEMPAKA,NCI,Qingdao,CNTAO,2026-08-16 09:00:00,3.919183,150.041444,Berthed,0,2007.518,243.548,0,0,0,Vessel Live Movement,
KOTA CEMPAKA,NCI,Qingdao,CNTAO,2026-08-16 12:00:00,3.919398,150.042027,Berthed,0,2005.84,243.548,0,0,0,Vessel Live Movement,
KOTA CEMPAKA,NCI,Qingdao,CNTAO,2026-08-16 15:00:00,3.92002,150.039373,Berthed,0,2004.162,243.548,0,0,0,Vessel Live Movement,
KOTA CEMPAKA,NCI,Qingdao,CNTAO,2026-08-16 18:00:00,3.919454,150.039369,Berthed,0,2002.484,243.548,0,0,0,Vessel Live Movement,
KOTA CEMPAKA,NCI,Qingdao,CNTAO,2026-08-16 21:00:00,3.921549,150.040959,Berthed,0,2000.806,243.548,0,0,0,Vessel Live Movement,
KOTA CEMPAKA,NCI,Qingdao,CNTAO,2026-08-17 00:00:00,3.918735,150.038121,Berthed,0,1999.128,243.548,0,0,0,Vessel Live Movement,
KOTA CEMPAKA,NCI,Qingdao,CNTAO,2026-08-17 03:00:00,3.919851,150.039052,Berthed,0,1997.451,243.548,0,0,0,Vessel Live Movement,
KOTA CEMPAKA,NCI,Qingdao,CNTAO,2026-08-17 06:00:00,3.919486,150.040256,Berthed,0,1995.773,243.548,0,0,0,Vessel Live Movement,
KOTA CEMPAKA,NCI,Qingdao,CNTAO,2026-08-17 09:00:00,3.920052,150.040932,Berthed,0,1994.095,243.548,0,0,0,Vessel Live Movement,
KOTA CEMPAKA,NCI,Qingdao,CNTAO,2026-08-17 12:00:00,3.919877,150.039241,Berthed,0,1992.417,243.548,0,0,0,Vessel Live Movement,
KOTA CEMPAKA,NCI,Qingdao,CNTAO,2026-08-17 15:00:00,3.918961,150.041371,Berthed,0,1990.739,243.548,0,0,0,Vessel Live Movement,
KOTA CEMPAKA,NCI,Qingdao,CNTAO,2026-08-17 18:00:00,3.920842,150.039459,Berthed,0,1989.061,243.548,0,0,0,Vessel Live Movement,
KOTA CEMPAKA,NCI,Qingdao,CNTAO,2026-08-17 21:00:00,3.920545,150.039078,Berthed,0,1987.383,243.548,0,0,0,Vessel Live Movement,
KOTA CEMPAKA,NCI,Xiamen,CNXMN,2026-08-18 00:00:00,3.92,150.04,Transit,0,1977.316,243.548,0,0,0,Vessel Live Movement,
KOTA CEMPAKA,NCI,Xiamen,CNXMN,2026-08-18 03:00:00,3.631221,150.886735,Transit,0,1967.248,243.548,0,0,0,Vessel Live Movement,
KOTA CEMPAKA,NCI,Xiamen,CNXMN,2026-08-18 06:00:00,3.341653,151.732928,Transit,0,1957.181,243.548,0,0,0,Vessel Live Movement,
KOTA CEMPAKA,NCI,Xiamen,CNXMN,2026-08-18 09:00:00,3.051357,152.578621,Transit,0,1947.114,243.548,0,0,0,Vessel Live Movement,
KOTA CEMPAKA,NCI,Xiamen,CNXMN,2026-08-18 12:00:00,2.760398,153.423857,Transit,0,1937.046,243.548,0,0,0,Vessel Live Movement,
KOTA CEMPAKA,NCI,Xiamen,CNXMN,2026-08-18 15:00:00,2.46884,154.268679,Transit,0,1926.979,243.548,0,0,0,Vessel Live Movement,
KOTA CEMPAKA,NCI,Xiamen,CNXMN,2026-08-18 18:00:00,2.176745,155.113129,Transit,0,1916.911,243.548,0,0,0,Vessel Live Movement,
KOTA CEMPAKA,NCI,Xiamen,CNXMN,2026-08-18 21:00:00,1.884179,155.957253,Transit,0,1906.844,243.548,0,0,0,Vessel Live Movement,
KOTA CEMPAKA,NCI,Xiamen,CNXMN,2026-08-19 00:00:00,1.591204,156.801092,Transit,0,1896.777,243.548,0,0,0,Vessel Live Movement,
KOTA CEMPAKA,NCI,Xiamen,CNXMN,2026-08-19 03:00:00,1.297884,157.644692,Transit,0,1886.709,243.548,0,0,0,Vessel Live Movement,
KOTA CEMPAKA,NCI,Xiamen,CNXMN,2026-08-19 06:00:00,1.004283,158.488096,Transit,0,1876.642,243.548,0,0,0,Vessel Live Movement,
KOTA CEMPAKA,NCI,Xiamen,CNXMN,2026-08-19 09:00:00,0.710465,159.331348,Transit,0,1866.574,243.548,0,0,0,Vessel Live Movement,
KOTA CEMPAKA,NCI,Xiamen,CNXMN,2026-08-19 12:00:00,0.416492,160.174493,Transit,0,1856.507,243.548,0,0,0,Vessel Live Movement,
KOTA CEMPAKA,NCI,Xiamen,CNXMN,2026-08-19 15:00:00,0.12243,161.017575,Transit,0,1846.44,243.548,0,0,0,Vessel Live Movement,
KOTA CEMPAKA,NCI,Xiamen,CNXMN,2026-08-19 18:00:00,-0.171659,161.860639,Transit,0,1836.372,243.548,0,0,0,Vessel Live Movement,
KOTA CEMPAKA,NCI,Xiamen,CNXMN,2026-08-19 21:00:00,-0.465711,162.703729,Transit,0,1826.305,243.548,0,0,0,Vessel Live Movement,
KOTA CEMPAKA,NCI,Xiamen,CNXMN,2026-08-20 00:00:00,-0.759662,163.546889,Transit,0,1816.237,243.548,0,0,0,Vessel Live Movement,
KOTA CEMPAKA,NCI,Xiamen,CNXMN,2026-08-20 03:00:00,-1.053449,164.390163,Transit,0,1806.17,243.548,0,0,0,Vessel Live Movement,
KOTA CEMPAKA,NCI,Xiamen,CNXMN,2026-08-20 06:00:00,-1.347007,165.233597,Transit,0,1796.103,243.548,0,0,0,Vessel Live Movement,
KOTA CEMPAKA,NCI,Xiamen,CNXMN,2026-08-20 09:00:00,-1.640274,166.077234,Transit,0,1786.035,243.548,0,0,0,Vessel Live Movement,
KOTA CEMPAKA,NCI,Xiamen,CNXMN,2026-08-20 12:00:00,-1.933185,166.921118,Transit,0,1775.968,243.548,0,0,0,Vessel Live Movement,
KOTA CEMPAKA,NCI,Xiamen,CNXMN,2026-08-20 15:00:00,-2.225676,167.765293,Transit,0,1765.9,243.548,0,0,0,Vessel Live Movement,
KOTA CEMPAKA,NCI,Xiamen,CNXMN,2026-08-20 18:00:00,-2.517685,168.609803,Transit,0,1755.833,243.548,0,0,0,Vessel Live Movement,
KOTA CEMPAKA,NCI,Xiamen,CNXMN,2026-08-20 21:00:00,-2.809148,169.454691,Transit,0,1745.766,243.548,0,0,0,Vessel Live Movement,
KOTA CEMPAKA,NCI,Xiamen,CNXMN,2026-08-21 00:00:00,-3.101567,170.300102,Berthed,0,1744.088,243.548,0,0,0,Vessel Live Movement,
KOTA CEMPAKA,NCI,Xiamen,CNXMN,2026-08-21 03:00:00,-3.100414,170.300241,Berthed,0,1742.41,243.548,0,0,0,Vessel Live Movement,
KOTA CEMPAKA,NCI,Xiamen,CNXMN,2026-08-21 06:00:00,-3.098474,170.299286,Berthed,0,1740.732,243.548,0,0,0,Vessel Live Movement,
KOTA CEMPAKA,NCI,Xiamen,CNXMN,2026-08-21 09:00:00,-3.099393,170.29927,Berthed,0,1739.054,243.548,0,0,0,Vessel Live Movement,
KOTA CEMPAKA,NCI,Xiamen,CNXMN,2026-08-21 12:00:00,-3.0995,170.300636,Berthed,0,1737.376,243.548,0,0,0,Vessel Live Movement,
KOTA CEMPAKA,NCI,Xiamen,CNXMN,2026-08-21 15:00:00,-3.099627,170.299906,Berthed,0,1735.698,243.548,0,0,0,Vessel Live Movement,
KOTA CEMPAKA,NCI,Xiamen,CNXMN,2026-08-21 18:00:00,-3.100626,170.300022,Berthed,0,1734.02,243.548,0,0,0,Vessel Live Movement,
KOTA CEMPAKA,NCI,Xiamen,CNXMN,2026-08-21 21:00:00,-3.099842,170.30111,Berthed,0,1732.342,243.548,0,0,0,Vessel Live Movement,
KOTA CEMPAKA,NCI,Jakarta,IDJKT,2026-08-22 00:00:00,-3.1,170.3,Transit,0,1722.275,243.548,0,0,0,Vessel Live Movement,
KOTA CEMPAKA,NCI,Jakarta,IDJKT,2026-08-22 03:00:00,-2.917186,170.070702,Transit,0,1712.208,243.548,0,0,0,Vessel Live Movement,
KOTA CEMPAKA,NCI,Jakarta,IDJKT,2026-08-22 06:00:00,-2.734326,169.841479,Transit,0,1702.14,243.548,0,0,0,Vessel Live Movement,
KOTA CEMPAKA,NCI,Jakarta,IDJKT,2026-08-22 09:00:00,-2.551422,169.612325,Transit,0,1692.073,243.548,0,0,0,Vessel Live Movement,
KOTA CEMPAKA,NCI,Jakarta,IDJKT,2026-08-22 12:00:00,-2.368477,169.383237,Transit,0,1682.005,243.548,0,0,0,Vessel Live Movement,
KOTA CEMPAKA,NCI,Jakarta,IDJKT,2026-08-22 15:00:00,-2.185494,169.154209,Transit,0,1671.938,243.548,0,0,0,Vessel Live Movement,
KOTA CEMPAKA,NCI,Jakarta,IDJKT,2026-08-22 18:00:00,-2.002476,168.925237,Transit,0,1661.871,243.548,0,0,0,Vessel Live Movement,
KOTA CEMPAKA,NCI,Jakarta,IDJKT,2026-08-22 21:00:00,-1.819427,168.696316,Transit,0,1651.803,243.548,0,0,0,Vessel Live Movement,
KOTA CEMPAKA,NCI,Jakarta,IDJKT,2026-08-23 00:00:00,-1.636348,168.467441,Transit,0,1641.736,243.548,0,0,0,Vessel Live Movement,
KOTA CEMPAKA,NCI,Jakarta,IDJKT,2026-08-23 03:00:00,-1.453244,168.238609,Transit,0,1631.668,243.548,0,0,0,Vessel Live Movement,
KOTA CEMPAKA,NCI,Jakarta,IDJKT,2026-08-23 06:00:00,-1.270116,168.009813,Transit,0,1621.601,243.548,0,0,0,Vessel Live Movement,
KOTA CEMPAKA,NCI,Jakarta,IDJKT,2026-08-23 09:00:00,-1.086968,167.78105,Transit,0,1611.534,243.548,0,0,0,Vessel Live Movement,
KOTA CEMPAKA,NCI,Jakarta,IDJKT,2026-08-23 12:00:00,-0.903802,167.552315,Transit,0,1601.466,243.548,0,0,0,Vessel Live Movement,
KOTA CEMPAKA,NCI,Jakarta,IDJKT,2026-08-23 15:00:00,-0.720623,167.323602,Transit,0,1591.399,243.548,0,0,0,Vessel Live Movement,
KOTA CEMPAKA,NCI,Jakarta,IDJKT,2026-08-23 18:00:00,-0.537431,167.094909,Transit,0,1581.331,243.548,0,0,0,Vessel Live Movement,
KOTA CEMPAKA,NCI,Jakarta,IDJKT,2026-08-23 21:00:00,-0.354232,166.866228,Transit,0,1571.264,243.548,0,0,0,Vessel Live Movement,
KOTA CEMPAKA,NCI,Jakarta,IDJKT,2026-08-24 00:00:00,-0.171026,166.637557,Transit,0,1561.197,243.548,0,0,0,Vessel Live Movement,
KOTA CEMPAKA,NCI,Jakarta,IDJKT,2026-08-24 03:00:00,0.012182,166.40889,Transit,0,1551.129,243.548,0,0,0,Vessel Live Movement,
KOTA CEMPAKA,NCI,Jakarta,IDJKT,2026-08-24 06:00:00,0.19539,166.180223,Transit,0,1541.062,243.548,0,0,0,Vessel Live Movement,
KOTA CEMPAKA,NCI,Jakarta,IDJKT,2026-08-24 09:00:00,0.378595,165.951551,Transit,0,1530.994,243.548,0,0,0,Vessel Live Movement,
KOTA CEMPAKA,NCI,Jakarta,IDJKT,2026-08-24 12:00:00,0.561794,165.72287,Transit,0,1520.927,243.548,0,0,0,Vessel Live Movement,
KOTA CEMPAKA,NCI,Jakarta,IDJKT,2026-08-24 15:00:00,0.744984,165.494174,Transit,0,1510.86,243.548,0,0,0,Vessel Live Movement,
KOTA CEMPAKA,NCI,Jakarta,IDJKT,2026-08-24 18:00:00,0.928162,165.265458,Transit,0,1500.792,243.548,0,0,0,Vessel Live Movement,
KOTA CEMPAKA,NCI,Jakarta,IDJKT,2026-08-24 21:00:00,1.111325,165.03672,Transit,0,1490.725,243.548,0,0,0,Vessel Live Movement,
KOTA CEMPAKA,NCI,Jakarta,IDJKT,2026-08-25 00:00:00,1.29447,164.807952,Transit,0,1480.657,243.548,0,0,0,Vessel Live Movement,
KOTA CEMPAKA,NCI,Jakarta,IDJKT,2026-08-25 03:00:00,1.477595,164.579152,Transit,0,1470.59,243.548,0,0,0,Vessel Live Movement,
KOTA CEMPAKA,NCI,Jakarta,IDJKT,2026-08-25 06:00:00,1.660697,164.350314,Transit,0,1460.523,243.548,0,0,0,Vessel Live Movement,
KOTA CEMPAKA,NCI,Jakarta,IDJKT,2026-08-25 09:00:00,1.843772,164.121434,Transit,0,1450.455,243.548,0,0,0,Vessel Live Movement,
KOTA CEMPAKA,NCI,Jakarta,IDJKT,2026-08-25 12:00:00,2.026817,163.892507,Transit,0,1440.388,243.548,0,0,0,Vessel Live Movement,
KOTA CEMPAKA,NCI,Jakarta,IDJKT,2026-08-25 15:00:00,2.20983,163.663527,Transit,0,1430.32,243.548,0,0,0,Vessel Live Movement,
KOTA CEMPAKA,NCI,Jakarta,IDJKT,2026-08-25 18:00:00,2.392808,163.434492,Transit,0,1420.253,243.548,0,0,0,Vessel Live Movement,
KOTA CEMPAKA,NCI,Jakarta,IDJKT,2026-08-25 21:00:00,2.575748,163.205395,Transit,0,1410.186,243.548,0,0,0,Vessel Live Movement,
KOTA CEMPAKA,NCI,Jakarta,IDJKT,2026-08-26 00:00:00,2.758646,162.976232,Transit,0,1400.118,243.548,0,0,0,Vessel Live Movement,
KOTA CEMPAKA,NCI,Jakarta,IDJKT,2026-08-26 03:00:00,2.941501,162.746999,Transit,0,1390.051,243.548,0,0,0,Vessel Live Movement,
KOTA CEMPAKA,NCI,Jakarta,IDJKT,2026-08-26 06:00:00,3.124308,162.517691,Transit,0,1379.983,243.548,0,0,0,Vessel Live Movement,
KOTA CEMPAKA,NCI,Jakarta,IDJKT,2026-08-26 09:00:00,3.307065,162.288303,Transit,0,1369.916,243.548,0,0,0,Vessel Live Movement,
KOTA CEMPAKA,NCI,Jakarta,IDJKT,2026-08-26 12:00:00,3.48977,162.05883,Transit,0,1359.849,243.548,0,0,0,Vessel Live Movement,
KOTA CEMPAKA,NCI,Jakarta,IDJKT,2026-08-26 15:00:00,3.672419,161.829268,Transit,0,1349.781,243.548,0,0,0,Vessel Live Movement,
KOTA CEMPAKA,NCI,Jakarta,IDJKT,2026-08-26 18:00:00,3.855009,161.599612,Transit,0,1339.714,243.548,0,0,0,Vessel Live Movement,
KOTA CEMPAKA,NCI,Jakarta,IDJKT,2026-08-26 21:00:00,4.037537,161.369858,Transit,0,1329.646,243.548,0,0,0,Vessel Live Movement,
KOTA CEMPAKA,NCI,Jakarta,IDJKT,2026-08-27 00:00:00,4.218963,161.139881,Berthed,0,1327.968,243.548,0,0,0,Vessel Live Movement,
KOTA CEMPAKA,NCI,Jakarta,IDJKT,2026-08-27 03:00:00,4.2189,161.140466,Berthed,0,1326.291,243.548,0,0,0,Vessel Live Movement,
KOTA CEMPAKA,NCI,Jakarta,IDJKT,2026-08-27 06:00:00,4.220279,161.140319,Berthed,0,1324.613,243.548,0,0,0,Vessel Live Movement,
KOTA CEMPAKA,NCI,Jakarta,IDJKT,2026-08-27 09:00:00,4.222381,161.140266,Berthed,0,1322.935,243.548,0,0,0,Vessel Live Movement,
KOTA CEMPAKA,NCI,Jakarta,IDJKT,2026-08-27 12:00:00,4.21874,161.139727,Berthed,0,1321.257,243.548,0,0,0,Vessel Live Movement,
KOTA CEMPAKA,NCI,Jakarta,IDJKT,2026-08-27 15:00:00,4.220376,161.137904,Berthed,0,1319.579,243.548,0,0,0,Vessel Live Movement,
KOTA CEMPAKA,NCI,Jakarta,IDJKT,2026-08-27 18:00:00,4.21901,161.14096,Berthed,0,1317.901,243.548,0,0,0,Vessel Live Movement,
KOTA CEMPAKA,NCI,Jakarta,IDJKT,2026-08-27 21:00:00,4.218278,161.140558,Berthed,0,1316.223,243.548,0,0,0,Vessel Live Movement,
KOTA CEMPAKA,NCI,Jakarta,IDJKT,2026-08-28 00:00:00,4.21935,161.138954,Berthed,0,1314.545,243.548,0,0,0,Vessel Live Movement,
KOTA CEMPAKA,NCI,Jakarta,IDJKT,2026-08-28 03:00:00,4.220414,161.141449,Berthed,0,1312.867,243.548,0,0,0,Vessel Live Movement,
KOTA CEMPAKA,NCI,Jakarta,IDJKT,2026-08-28 06:00:00,4.218793,161.139365,Berthed,0,1311.189,243.548,0,0,0,Vessel Live Movement,
KOTA CEMPAKA,NCI,Jakarta,IDJKT,2026-08-28 09:00:00,4.220273,161.138564,Berthed,0,1309.512,243.548,0,0,0,Vessel Live Movement,
KOTA CEMPAKA,NCI,Jakarta,IDJKT,2026-08-28 12:00:00,4.22139,161.141897,Berthed,0,1307.834,243.548,0,0,0,Vessel Live Movement,
KOTA CEMPAKA,NCI,Jakarta,IDJKT,2026-08-28 15:00:00,4.220343,161.140953,Berthed,0,1306.156,243.548,0,0,0,Vessel Live Movement,
KOTA CEMPAKA,NCI,Jakarta,IDJKT,2026-08-28 18:00:00,4.219325,161.140001,Berthed,0,1304.478,243.548,0,0,0,Vessel Live Movement,
KOTA CEMPAKA,NCI,Jakarta,IDJKT,2026-08-28 21:00:00,4.220902,161.138788,Berthed,0,1302.8,243.548,0,0,0,Vessel Live Movement,
KOTA CEMPAKA,NCI,Surabaya,IDSUB,2026-08-29 00:00:00,4.22,161.14,Transit,0,1292.733,243.548,0,0,0,Vessel Live Movement,
KOTA CEMPAKA,NCI,Surabaya,IDSUB,2026-08-29 03:00:00,4.767156,162.577239,Transit,0,1282.665,243.548,0,0,0,Vessel Live Movement,
KOTA CEMPAKA,NCI,Surabaya,IDSUB,2026-08-29 06:00:00,5.311322,164.016763,Transit,0,1272.598,243.548,0,0,0,Vessel Live Movement,
KOTA CEMPAKA,NCI,Surabaya,IDSUB,2026-08-29 09:00:00,5.852148,165.458823,Transit,0,1262.53,243.548,0,0,0,Vessel Live Movement,
KOTA CEMPAKA,NCI,Surabaya,IDSUB,2026-08-29 12:00:00,6.389286,166.903667,Transit,0,1252.463,243.548,0,0,0,Vessel Live Movement,
KOTA CEMPAKA,NCI,Surabaya,IDSUB,2026-08-29 15:00:00,6.922387,168.351535,Transit,0,1242.396,243.548,0,0,0,Vessel Live Movement,
KOTA CEMPAKA,NCI,Surabaya,IDSUB,2026-08-29 18:00:00,7.4511,169.802665,Transit,0,1232.328,243.548,0,0,0,Vessel Live Movement,
KOTA CEMPAKA,NCI,Surabaya,IDSUB,2026-08-29 21:00:00,7.975076,171.257285,Transit,0,1222.261,243.548,0,0,0,Vessel Live Movement,
KOTA CEMPAKA,NCI,Surabaya,IDSUB,2026-08-30 00:00:00,8.493965,172.715619,Transit,0,1212.193,243.548,0,0,0,Vessel Live Movement,
KOTA CEMPAKA,NCI,Surabaya,IDSUB,2026-08-30 03:00:00,9.007418,174.177883,Transit,0,1202.126,243.548,0,0,0,Vessel Live Movement,
KOTA CEMPAKA,NCI,Surabaya,IDSUB,2026-08-30 06:00:00,9.515084,175.644282,Transit,0,1192.059,243.548,0,0,0,Vessel Live Movement,
KOTA CEMPAKA,NCI,Surabaya,IDSUB,2026-08-30 09:00:00,10.016613,177.115017,Transit,0,1181.991,243.548,0,0,0,Vessel Live Movement,
KOTA CEMPAKA,NCI,Surabaya,IDSUB,2026-08-30 12:00:00,10.511656,178.590277,Transit,0,1171.924,243.548,0,0,0,Vessel Live Movement,
KOTA CEMPAKA,NCI,Surabaya,IDSUB,2026-08-30 15:00:00,10.999865,-179.929758,Transit,0,1161.856,243.548,0,0,0,Vessel Live Movement,
KOTA CEMPAKA,NCI,Surabaya,IDSUB,2026-08-30 18:00:00,11.48089,-178.44492,Transit,0,1151.789,243.548,0,0,0,Vessel Live Movement,
KOTA CEMPAKA,NCI,Surabaya,IDSUB,2026-08-30 21:00:00,11.954384,-176.955049,Transit,0,1141.722,243.548,0,0,0,Vessel Live Movement,
KOTA CEMPAKA,NCI,Surabaya,IDSUB,2026-08-31 00:00:00,12.420144,-175.459123,Berthed,0,1140.044,243.548,0,0,0,Vessel Live Movement,
KOTA CEMPAKA,NCI,Surabaya,IDSUB,2026-08-31 03:00:00,12.420896,-175.457954,Berthed,0,1138.366,243.548,0,0,0,Vessel Live Movement,
KOTA CEMPAKA,NCI,Surabaya,IDSUB,2026-08-31 06:00:00,12.419879,-175.460045,Berthed,0,1136.688,243.548,0,0,0,Vessel Live Movement,
KOTA CEMPAKA,NCI,Surabaya,IDSUB,2026-08-31 09:00:00,12.41912,-175.461083,Berthed,0,1135.01,243.548,0,0,0,Vessel Live Movement,
KOTA CEMPAKA,NCI,Surabaya,IDSUB,2026-08-31 12:00:00,12.419846,-175.458697,Berthed,0,1133.332,243.548,0,0,0,Vessel Live Movement,
KOTA CEMPAKA,NCI,Surabaya,IDSUB,2026-08-31 15:00:00,12.418498,-175.459865,Berthed,0,1131.654,243.548,0,0,0,Vessel Live Movement,
KOTA CEMPAKA,NCI,Surabaya,IDSUB,2026-08-31 18:00:00,12.42009,-175.46152,Berthed,0,1129.976,243.548,0,0,0,Vessel Live Movement,
KOTA CEMPAKA,NCI,Surabaya,IDSUB,2026-08-31 21:00:00,12.419404,-175.459342,Berthed,0,1128.298,243.548,0,0,0,Vessel Live Movement,
KOTA CEMPAKA,NCI,Tianjin,CNTSN,2026-09-01 00:00:00,12.42,-175.46,Transit,0,1118.231,243.548,0,0,0,Vessel Live Movement,
KOTA CEMPAKA,NCI,Tianjin,CNTSN,2026-09-01 03:00:00,12.099445,-175.936768,Transit,0,1108.164,243.548,0,0,0,Vessel Live Movement,
KOTA CEMPAKA,NCI,Tianjin,CNTSN,2026-09-01 06:00:00,11.778078,-176.412393,Transit,0,1098.096,243.548,0,0,0,Vessel Live Movement,
KOTA CEMPAKA,NCI,Tianjin,CNTSN,2026-09-01 09:00:00,11.455925,-176.886905,Transit,0,1088.029,243.548,0,0,0,Vessel Live Movement,
KOTA CEMPAKA,NCI,Tianjin,CNTSN,2026-09-01 12:00:00,11.133008,-177.360336,Transit,0,1077.961,243.548,0,0,0,Vessel Live Movement,
KOTA CEMPAKA,NCI,Tianjin,CNTSN,2026-09-01 15:00:00,10.809352,-177.832716,Transit,0,1067.894,243.548,0,0,0,Vessel Live Movement,
KOTA CEMPAKA,NCI,Tianjin,CNTSN,2026-09-01 18:00:00,10.48498,-178.304078,Transit,0,1057.827,243.548,0,0,0,Vessel Live Movement,
KOTA CEMPAKA,NCI,Tianjin,CNTSN,2026-09-01 21:00:00,10.159915,-178.774451,Transit,0,1047.759,243.548,0,0,0,Vessel Live Movement,
KOTA CEMPAKA,NCI,Tianjin,CNTSN,2026-09-02 00:00:00,9.834181,-179.243869,Transit,0,1037.692,243.548,0,0,0,Vessel Live Movement,
KOTA CEMPAKA,NCI,Tianjin,CNTSN,2026-09-02 03:00:00,9.507802,-179.712361,Transit,0,1027.624,243.548,0,0,0,Vessel Live Movement,
KOTA CEMPAKA,NCI,Tianjin,CNTSN,2026-09-02 06:00:00,9.180799,179.820041,Transit,0,1017.557,243.548,0,0,0,Vessel Live Movement,
KOTA CEMPAKA,NCI,Tianjin,CNTSN,2026-09-02 09:00:00,8.853197,179.353306,Transit,0,1007.49,243.548,0,0,0,Vessel Live Movement,
KOTA CEMPAKA,NCI,Tianjin,CNTSN,2026-09-02 12:00:00,8.525017,178.887402,Transit,0,997.422,243.548,0,0,0,Vessel Live Movement,
KOTA CEMPAKA,NCI,Tianjin,CNTSN,2026-09-02 15:00:00,8.196283,178.422298,Transit,0,987.355,243.548,0,0,0,Vessel Live Movement,
KOTA CEMPAKA,NCI,Tianjin,CNTSN,2026-09-02 18:00:00,7.867017,177.957962,Transit,0,977.287,243.548,0,0,0,Vessel Live Movement,
KOTA CEMPAKA,NCI,Tianjin,CNTSN,2026-09-02 21:00:00,7.537242,177.494364,Transit,0,967.22,243.548,0,0,0,Vessel Live Movement,
KOTA CEMPAKA,NCI,Tianjin,CNTSN,2026-09-03 00:00:00,7.206979,177.031472,Transit,0,957.153,243.548,0,0,0,Vessel Live Movement,
KOTA CEMPAKA,NCI,Tianjin,CNTSN,2026-09-03 03:00:00,6.876252,176.569255,Transit,0,947.085,243.548,0,0,0,Vessel Live Movement,
KOTA CEMPAKA,NCI,Tianjin,CNTSN,2026-09-03 06:00:00,6.545083,176.107682,Transit,0,937.018,243.548,0,0,0,Vessel Live Movement,
KOTA CEMPAKA,NCI,Tianjin,CNTSN,2026-09-03 09:00:00,6.213492,175.64672,Transit,0,926.95,243.548,0,0,0,Vessel Live Movement,
KOTA CEMPAKA,NCI,Tianjin,CNTSN,2026-09-03 12:00:00,5.881503,175.186339,Transit,0,916.883,243.548,0,0,0,Vessel Live Movement,
KOTA CEMPAKA,NCI,Tianjin,CNTSN,2026-09-03 15:00:00,5.549138,174.726508,Transit,0,906.816,243.548,0,0,0,Vessel Live Movement,
KOTA CEMPAKA,NCI,Tianjin,CNTSN,2026-09-03 18:00:00,5.216418,174.267196,Transit,0,896.748,243.548,0,0,0,Vessel Live Movement,
KOTA CEMPAKA,NCI,Tianjin,CNTSN,2026-09-03 21:00:00,4.883365,173.80837,Transit,0,886.681,243.548,0,0,0,Vessel Live Movement,
KOTA CEMPAKA,NCI,Tianjin,CNTSN,2026-09-04 00:00:00,4.549898,173.350053,Berthed,0,885.003,243.548,0,0,0,Vessel Live Movement,
KOTA CEMPAKA,NCI,Tianjin,CNTSN,2026-09-04 03:00:00,4.549853,173.349859,Berthed,0,883.325,243.548,0,0,0,Vessel Live Movement,
KOTA CEMPAKA,NCI,Tianjin,CNTSN,2026-09-04 06:00:00,4.550625,173.348562,Berthed,0,881.647,243.548,0,0,0,Vessel Live Movement,
KOTA CEMPAKA,NCI,Tianjin,CNTSN,2026-09-04 09:00:00,4.550457,173.352548,Berthed,0,879.969,243.548,0,0,0,Vessel Live Movement,
KOTA CEMPAKA,NCI,Tianjin,CNTSN,2026-09-04 12:00:00,4.552051,173.351184,Berthed,0,878.291,243.548,0,0,0,Vessel Live Movement,
KOTA CEMPAKA,NCI,Tianjin,CNTSN,2026-09-04 15:00:00,4.549572,173.350585,Berthed,0,876.613,243.548,0,0,0,Vessel Live Movement,
KOTA CEMPAKA,NCI,Tianjin,CNTSN,2026-09-04 18:00:00,4.549035,173.351766,Berthed,0,874.935,243.548,0,0,0,Vessel Live Movement,
KOTA CEMPAKA,NCI,Tianjin,CNTSN,2026-09-04 21:00:00,4.54934,173.349057,Berthed,0,873.258,243.548,0,0,0,Vessel Live Movement,
KOTA CEMPAKA,NCI,Tianjin,CNTSN,2026-09-05 00:00:00,4.548324,173.350959,Berthed,0,871.58,243.548,0,0,0,Vessel Live Movement,
KOTA CEMPAKA,NCI,Tianjin,CNTSN,2026-09-05 03:00:00,4.550396,173.350236,Berthed,0,869.902,243.548,0,0,0,Vessel Live Movement,
KOTA CEMPAKA,NCI,Tianjin,CNTSN,2026-09-05 06:00:00,4.548443,173.349922,Berthed,0,868.224,243.548,0,0,0,Vessel Live Movement,
KOTA CEMPAKA,NCI,Tianjin,CNTSN,2026-09-05 09:00:00,4.551121,173.35024,Berthed,0,866.546,243.548,0,0,0,Vessel Live Movement,
KOTA CEMPAKA,NCI,Tianjin,CNTSN,2026-09-05 12:00:00,4.551191,173.350646,Berthed,0,864.868,243.548,0,0,0,Vessel Live Movement,
KOTA CEMPAKA,NCI,Tianjin,CNTSN,2026-09-05 15:00:00,4.549458,173.349796,Berthed,0,863.19,243.548,0,0,0,Vessel Live Movement,
KOTA CEMPAKA,NCI,Tianjin,CNTSN,2026-09-05 18:00:00,4.550037,173.349989,Berthed,0,861.512,243.548,0,0,0,Vessel Live Movement,
KOTA CEMPAKA,NCI,Tianjin,CNTSN,2026-09-05 21:00:00,4.55191,173.350158,Berthed,0,859.834,243.548,0,0,0,Vessel Live Movement,
KOTA CEMPAKA,NCI,Qingdao,CNTAO,2026-09-06 00:00:00,4.55,173.35,Transit,0,849.767,243.548,0,0,0,Vessel Live Movement,
KOTA CEMPAKA,NCI,Qingdao,CNTAO,2026-09-06 03:00:00,4.510757,170.434418,Transit,0,839.7,243.548,0,0,0,Vessel Live Movement,
KOTA CEMPAKA,NCI,Qingdao,CNTAO,2026-09-06 06:00:00,4.459886,167.519198,Transit,0,829.632,243.548,0,0,0,Vessel Live Movement,
KOTA CEMPAKA,NCI,Qingdao,CNTAO,2026-09-06 09:00:00,4.39752,164.604427,Transit,0,819.565,243.548,0,0,0,Vessel Live Movement,
KOTA CEMPAKA,NCI,Qingdao,CNTAO,2026-09-06 12:00:00,4.323822,161.690189,Transit,0,809.497,243.548,0,0,0,Vessel Live Movement,
KOTA CEMPAKA,NCI,Qingdao,CNTAO,2026-09-06 15:00:00,4.238985,158.776559,Transit,0,799.43,243.548,0,0,0,Vessel Live Movement,
KOTA CEMPAKA,NCI,Qingdao,CNTAO,2026-09-06 18:00:00,4.143231,155.86361,Transit,0,789.363,243.548,0,0,0,Vessel Live Movement,
KOTA CEMPAKA,NCI,Qingdao,CNTAO,2026-09-06 21:00:00,4.03681,152.951405,Transit,0,779.295,243.548,0,0,0,Vessel Live Movement,
KOTA CEMPAKA,NCI,Qingdao,CNTAO,2026-09-07 00:00:00,3.920776,150.041472,Berthed,0,777.617,243.548,0,0,0,Vessel Live Movement,
KOTA CEMPAKA,NCI,Qingdao,CNTAO,2026-09-07 03:00:00,3.922527,150.040513,Berthed,0,775.939,243.548,0,0,0,Vessel Live Movement,
KOTA CEMPAKA,NCI,Qingdao,CNTAO,2026-09-07 06:00:00,3.921459,150.040514,Berthed,0,774.261,243.548,0,0,0,Vessel Live Movement,
KOTA CEMPAKA,NCI,Qingdao,CNTAO,2026-09-07 09:00:00,3.920147,150.040617,Berthed,0,772.584,243.548,0,0,0,Vessel Live Movement,
KOTA CEMPAKA,NCI,Qingdao,CNTAO,2026-09-07 12:00:00,3.918605,150.041195,Berthed,0,770.906,243.548,0,0,0,Vessel Live Movement,
KOTA CEMPAKA,NCI,Qingdao,CNTAO,2026-09-07 15:00:00,3.918449,150.04016,Berthed,0,769.228,243.548,0,0,0,Vessel Live Movement,
KOTA CEMPAKA,NCI,Qingdao,CNTAO,2026-09-07 18:00:00,3.920234,150.039911,Berthed,0,767.55,243.548,0,0,0,Vessel Live Movement,
KOTA CEMPAKA,NCI,Qingdao,CNTAO,2026-09-07 21:00:00,3.921526,150.04121,Berthed,0,765.872,243.548,0,0,0,Vessel Live Movement,
KOTA CEMPAKA,NCI,Qingdao,CNTAO,2026-09-08 00:00:00,3.920847,150.038399,Berthed,0,764.194,243.548,0,0,0,Vessel Live Movement,
KOTA CEMPAKA,NCI,Qingdao,CNTAO,2026-09-08 03:00:00,3.919924,150.038338,Berthed,0,762.516,243.548,0,0,0,Vessel Live Movement,
KOTA CEMPAKA,NCI,Qingdao,CNTAO,2026-09-08 06:00:00,3.921428,150.038819,Berthed,0,760.838,243.548,0,0,0,Vessel Live Movement,
KOTA CEMPAKA,NCI,Qingdao,CNTAO,2026-09-08 09:00:00,3.920199,150.041221,Berthed,0,759.16,243.548,0,0,0,Vessel Live Movement,
KOTA CEMPAKA,NCI,Qingdao,CNTAO,2026-09-08 12:00:00,3.918326,150.041604,Berthed,0,757.482,243.548,0,0,0,Vessel Live Movement,
KOTA CEMPAKA,NCI,Qingdao,CNTAO,2026-09-08 15:00:00,3.921015,150.040388,Berthed,0,755.805,243.548,0,0,0,Vessel Live Movement,
KOTA CEMPAKA,NCI,Qingdao,CNTAO,2026-09-08 18:00:00,3.919449,150.040372,Berthed,0,754.127,243.548,0,0,0,Vessel Live Movement,
KOTA CEMPAKA,NCI,Qingdao,CNTAO,2026-09-08 21:00:00,3.919195,150.041085,Berthed,0,752.449,243.548,0,0,0,Vessel Live Movement,
KOTA CEMPAKA,NCI,Xiamen,CNXMN,2026-09-09 00:00:00,3.92,150.04,Transit,0,742.381,243.548,0,0,0,Vessel Live Movement,
KOTA CEMPAKA,NCI,Xiamen,CNXMN,2026-09-09 03:00:00,3.631221,150.886735,Transit,0,732.314,243.548,0,0,0,Vessel Live Movement,
KOTA CEMPAKA,NCI,Xiamen,CNXMN,2026-09-09 06:00:00,3.341653,151.732928,Transit,0,722.247,243.548,0,0,0,Vessel Live Movement,
KOTA CEMPAKA,NCI,Xiamen,CNXMN,2026-09-09 09:00:00,3.051357,152.578621,Transit,0,712.179,243.548,0,0,0,Vessel Live Movement,
KOTA CEMPAKA,NCI,Xiamen,CNXMN,2026-09-09 12:00:00,2.760398,153.423857,Transit,0,702.112,243.548,0,0,0,Vessel Live Movement,
KOTA CEMPAKA,NCI,Xiamen,CNXMN,2026-09-09 15:00:00,2.46884,154.268679,Transit,0,692.044,243.548,0,0,0,Vessel Live Movement,
KOTA CEMPAKA,NCI,Xiamen,CNXMN,2026-09-09 18:00:00,2.176745,155.113129,Transit,0,681.977,243.548,0,0,0,Vessel Live Movement,
KOTA CEMPAKA,NCI,Xiamen,CNXMN,2026-09-09 21:00:00,1.884179,155.957253,Transit,0,671.91,243.548,0,0,0,Vessel Live Movement,
KOTA CEMPAKA,NCI,Xiamen,CNXMN,2026-09-10 00:00:00,1.591204,156.801092,Transit,0,661.842,243.548,0,0,0,Vessel Live Movement,
KOTA CEMPAKA,NCI,Xiamen,CNXMN,2026-09-10 03:00:00,1.297884,157.644692,Transit,0,651.775,243.548,0,0,0,Vessel Live Movement,
KOTA CEMPAKA,NCI,Xiamen,CNXMN,2026-09-10 06:00:00,1.004283,158.488096,Transit,0,641.707,243.548,0,0,0,Vessel Live Movement,
KOTA CEMPAKA,NCI,Xiamen,CNXMN,2026-09-10 09:00:00,0.710465,159.331348,Transit,0,631.64,243.548,0,0,0,Vessel Live Movement,
KOTA CEMPAKA,NCI,Xiamen,CNXMN,2026-09-10 12:00:00,0.416492,160.174493,Transit,0,621.573,243.548,0,0,0,Vessel Live Movement,
KOTA CEMPAKA,NCI,Xiamen,CNXMN,2026-09-10 15:00:00,0.12243,161.017575,Transit,0,611.505,243.548,0,0,0,Vessel Live Movement,
KOTA CEMPAKA,NCI,Xiamen,CNXMN,2026-09-10 18:00:00,-0.171659,161.860639,Transit,0,601.438,243.548,0,0,0,Vessel Live Movement,
KOTA CEMPAKA,NCI,Xiamen,CNXMN,2026-09-10 21:00:00,-0.465711,162.703729,Transit,0,591.37,243.548,0,0,0,Vessel Live Movement,
KOTA CEMPAKA,NCI,Xiamen,CNXMN,2026-09-11 00:00:00,-0.759662,163.546889,Transit,0,581.303,243.548,0,0,0,Vessel Live Movement,
KOTA CEMPAKA,NCI,Xiamen,CNXMN,2026-09-11 03:00:00,-1.053449,164.390163,Transit,0,571.236,243.548,0,0,0,Vessel Live Movement,
KOTA CEMPAKA,NCI,Xiamen,CNXMN,2026-09-11 06:00:00,-1.347007,165.233597,Transit,0,561.168,243.548,0,0,0,Vessel Live Movement,
KOTA CEMPAKA,NCI,Xiamen,CNXMN,2026-09-11 09:00:00,-1.640274,166.077234,Transit,0,551.101,243.548,0,0,0,Vessel Live Movement,
KOTA CEMPAKA,NCI,Xiamen,CNXMN,2026-09-11 12:00:00,-1.933185,166.921118,Transit,0,541.033,243.548,0,0,0,Vessel Live Movement,
KOTA CEMPAKA,NCI,Xiamen,CNXMN,2026-09-11 15:00:00,-2.225676,167.765293,Transit,0,530.966,243.548,0,0,0,Vessel Live Movement,
KOTA CEMPAKA,NCI,Xiamen,CNXMN,2026-09-11 18:00:00,-2.517685,168.609803,Transit,0,520.899,243.548,0,0,0,Vessel Live Movement,
KOTA CEMPAKA,NCI,Xiamen,CNXMN,2026-09-11 21:00:00,-2.809148,169.454691,Transit,0,510.831,243.548,0,0,0,Vessel Live Movement,
KOTA CEMPAKA,NCI,Xiamen,CNXMN,2026-09-12 00:00:00,-3.097357,170.301488,Berthed,0,1856.417,243.548,0,1347.264,0,Vessel Live Movement,
KOTA CEMPAKA,NCI,Xiamen,CNXMN,2026-09-12 03:00:00,-3.099189,170.300573,Berthed,0,1854.74,243.548,0,0,0,Vessel Live Movement,
KOTA CEMPAKA,NCI,Xiamen,CNXMN,2026-09-12 06:00:00,-3.101213,170.299956,Berthed,0,1853.062,243.548,0,0,0,Vessel Live Movement,
KOTA CEMPAKA,NCI,Xiamen,CNXMN,2026-09-12 09:00:00,-3.101336,170.300026,Berthed,0,1851.384,243.548,0,0,0,Vessel Live Movement,
KOTA CEMPAKA,NCI,Xiamen,CNXMN,2026-09-12 12:00:00,-3.099084,170.300194,Berthed,0,1849.706,243.548,0,0,0,Vessel Live Movement,
KOTA CEMPAKA,NCI,Xiamen,CNXMN,2026-09-12 15:00:00,-3.100461,170.301242,Berthed,0,1848.028,243.548,0,0,0,Vessel Live Movement,
KOTA CEMPAKA,NCI,Xiamen,CNXMN,2026-09-12 18:00:00,-3.098367,170.299195,Berthed,0,1846.35,243.548,0,0,0,Vessel Live Movement,
KOTA CEMPAKA,NCI,Xiamen,CNXMN,2026-09-12 21:00:00,-3.100022,170.298436,Berthed,0,1844.672,243.548,0,0,0,Vessel Live Movement,
KOTA CEMPAKA,NCI,Jakarta,IDJKT,2026-09-13 00:00:00,-3.1,170.3,Transit,0,1834.605,243.548,0,0,0,Vessel Live Movement,
KOTA CEMPAKA,NCI,Jakarta,IDJKT,2026-09-13 03:00:00,-2.917186,170.070702,Transit,0,1824.537,243.548,0,0,0,Vessel Live Movement,
KOTA CEMPAKA,NCI,Jakarta,IDJKT,2026-09-13 06:00:00,-2.734326,169.841479,Transit,0,1814.47,243.548,0,0,0,Vessel Live Movement,
KOTA CEMPAKA,NCI,Jakarta,IDJKT,2026-09-13 09:00:00,-2.551422,169.612325,Transit,0,1804.403,243.548,0,0,0,Vessel Live Movement,
KOTA CEMPAKA,NCI,Jakarta,IDJKT,2026-09-13 12:00:00,-2.368477,169.383237,Transit,0,1794.335,243.548,0,0,0,Vessel Live Movement,
KOTA CEMPAKA,NCI,Jakarta,IDJKT,2026-09-13 15:00:00,-2.185494,169.154209,Transit,0,1784.268,243.548,0,0,0,Vessel Live Movement,
KOTA CEMPAKA,NCI,Jakarta,IDJKT,2026-09-13 18:00:00,-2.002476,168.925237,Transit,0,1774.2,243.548,0,0,0,Vessel Live Movement,
KOTA CEMPAKA,NCI,Jakarta,IDJKT,2026-09-13 21:00:00,-1.819427,168.696316,Transit,0,1764.133,243.548,0,0,0,Vessel Live Movement,
KOTA CEMPAKA,NCI,Jakarta,IDJKT,2026-09-14 00:00:00,-1.636348,168.467441,Transit,0,1754.066,243.548,0,0,0,Vessel Live Movement,
KOTA CEMPAKA,NCI,Jakarta,IDJKT,2026-09-14 03:00:00,-1.453244,168.238609,Transit,0,1743.998,243.548,0,0,0,Vessel Live Movement,
KOTA CEMPAKA,NCI,Jakarta,IDJKT,2026-09-14 06:00:00,-1.270116,168.009813,Transit,0,1733.931,243.548,0,0,0,Vessel Live Movement,
KOTA CEMPAKA,NCI,Jakarta,IDJKT,2026-09-14 09:00:00,-1.086968,167.78105,Transit,0,1723.863,243.548,0,0,0,Vessel Live Movement,
KOTA CEMPAKA,NCI,Jakarta,IDJKT,2026-09-14 12:00:00,-0.903802,167.552315,Transit,0,1713.796,243.548,0,0,0,Vessel Live Movement,
KOTA CEMPAKA,NCI,Jakarta,IDJKT,2026-09-14 15:00:00,-0.720623,167.323602,Transit,0,1703.729,243.548,0,0,0,Vessel Live Movement,
KOTA CEMPAKA,NCI,Jakarta,IDJKT,2026-09-14 18:00:00,-0.537431,167.094909,Transit,0,1693.661,243.548,0,0,0,Vessel Live Movement,
KOTA CEMPAKA,NCI,Jakarta,IDJKT,2026-09-14 21:00:00,-0.354232,166.866228,Transit,0,1683.594,243.548,0,0,0,Vessel Live Movement,
KOTA CEMPAKA,NCI,Jakarta,IDJKT,2026-09-15 00:00:00,-0.171026,166.637557,Transit,0,1673.526,243.548,0,0,0,Vessel Live Movement,
KOTA CEMPAKA,NCI,Jakarta,IDJKT,2026-09-15 03:00:00,0.012182,166.40889,Transit,0,1663.459,243.548,0,0,0,Vessel Live Movement,
KOTA CEMPAKA,NCI,Jakarta,IDJKT,2026-09-15 06:00:00,0.19539,166.180223,Transit,0,1653.392,243.548,0,0,0,Vessel Live Movement,
KOTA CEMPAKA,NCI,Jakarta,IDJKT,2026-09-15 09:00:00,0.378595,165.951551,Transit,0,1643.324,243.548,0,0,0,Vessel Live Movement,
KOTA CEMPAKA,NCI,Jakarta,IDJKT,2026-09-15 12:00:00,0.561794,165.72287,Transit,0,1633.257,243.548,0,0,0,Vessel Live Movement,
KOTA CEMPAKA,NCI,Jakarta,IDJKT,2026-09-15 15:00:00,0.744984,165.494174,Transit,0,1623.189,243.548,0,0,0,Vessel Live Movement,
KOTA CEMPAKA,NCI,Jakarta,IDJKT,2026-09-15 18:00:00,0.928162,165.265458,Transit,0,1613.122,243.548,0,0,0,Vessel Live Movement,
KOTA CEMPAKA,NCI,Jakarta,IDJKT,2026-09-15 21:00:00,1.111325,165.03672,Transit,0,1603.055,243.548,0,0,0,Vessel Live Movement,
KOTA CEMPAKA,NCI,Jakarta,IDJKT,2026-09-16 00:00:00,1.29447,164.807952,Transit,0,1592.987,243.548,0,0,0,Vessel Live Movement,
KOTA CEMPAKA,NCI,Jakarta,IDJKT,2026-09-16 03:00:00,1.477595,164.579152,Transit,0,1582.92,243.548,0,0,0,Vessel Live Movement,
KOTA CEMPAKA,NCI,Jakarta,IDJKT,2026-09-16 06:00:00,1.660697,164.350314,Transit,0,1572.852,243.548,0,0,0,Vessel Live Movement,
KOTA CEMPAKA,NCI,Jakarta,IDJKT,2026-09-16 09:00:00,1.843772,164.121434,Transit,0,1562.785,243.548,0,0,0,Vessel Live Movement,
KOTA CEMPAKA,NCI,Jakarta,IDJKT,2026-09-16 12:00:00,2.026817,163.892507,Transit,0,1552.718,243.548,0,0,0,Vessel Live Movement,
KOTA CEMPAKA,NCI,Jakarta,IDJKT,2026-09-16 15:00:00,2.20983,163.663527,Transit,0,1542.65,243.548,0,0,0,Vessel Live Movement,
KOTA CEMPAKA,NCI,Jakarta,IDJKT,2026-09-16 18:00:00,2.392808,163.434492,Transit,0,1532.583,243.548,0,0,0,Vessel Live Movement,
KOTA CEMPAKA,NCI,Jakarta,IDJKT,2026-09-16 21:00:00,2.575748,163.205395,Transit,0,1522.515,243.548,0,0,0,Vessel Live Movement,
KOTA CEMPAKA,NCI,Jakarta,IDJKT,2026-09-17 00:00:00,2.758646,162.976232,Transit,0,1512.448,243.548,0,0,0,Vessel Live Movement,
KOTA CEMPAKA,NCI,Jakarta,IDJKT,2026-09-17 03:00:00,2.941501,162.746999,Transit,0,1502.381,243.548,0,0,0,Vessel Live Movement,
KOTA CEMPAKA,NCI,Jakarta,IDJKT,2026-09-17 06:00:00,3.124308,162.517691,Transit,0,1492.313,243.548,0,0,0,Vessel Live Movement,
KOTA CEMPAKA,NCI,Jakarta,IDJKT,2026-09-17 09:00:00,3.307065,162.288303,Transit,0,1482.246,243.548,0,0,0,Vessel Live Movement,
KOTA CEMPAKA,NCI,Jakarta,IDJKT,2026-09-17 12:00:00,3.48977,162.05883,Transit,0,1472.178,243.548,0,0,0,Vessel Live Movement,
KOTA CEMPAKA,NCI,Jakarta,IDJKT,2026-09-17 15:00:00,3.672419,161.829268,Transit,0,1462.111,243.548,0,0,0,Vessel Live Movement,
KOTA CEMPAKA,NCI,Jakarta,IDJKT,2026-09-17 18:00:00,3.855009,161.599612,Transit,0,1452.044,243.548,0,0,0,Vessel Live Movement,
KOTA CEMPAKA,NCI,Jakarta,IDJKT,2026-09-17 21:00:00,4.037537,161.369858,Transit,0,1441.976,243.548,0,0,0,Vessel Live Movement,
KOTA CEMPAKA,NCI,Jakarta,IDJKT,2026-09-18 00:00:00,4.220089,161.139547,Berthed,0,1440.298,243.548,0,0,0,Vessel Live Movement,
KOTA CEMPAKA,NCI,Jakarta,IDJKT,2026-09-18 03:00:00,4.221928,161.1393,Berthed,0,1438.62,243.548,0,0,0,Vessel Live Movement,
KOTA CEMPAKA,NCI,Jakarta,IDJKT,2026-09-18 06:00:00,4.219835,161.141108,Berthed,0,1436.942,243.548,0,0,0,Vessel Live Movement,
KOTA CEMPAKA,NCI,Jakarta,IDJKT,2026-09-18 09:00:00,4.221077,161.140874,Berthed,0,1435.265,243.548,0,0,0,Vessel Live Movement,
KOTA CEMPAKA,NCI,Jakarta,IDJKT,2026-09-18 12:00:00,4.219352,161.139614,Berthed,0,1433.587,243.548,0,0,0,Vessel Live Movement,
KOTA CEMPAKA,NCI,Jakarta,IDJKT,2026-09-18 15:00:00,4.221942,161.138439,Berthed,0,1431.909,243.548,0,0,0,Vessel Live Movement,
KOTA CEMPAKA,NCI,Jakarta,IDJKT,2026-09-18 18:00:00,4.21949,161.140676,Berthed,0,1430.231,243.548,0,0,0,Vessel Live Movement,
KOTA CEMPAKA,NCI,Jakarta,IDJKT,2026-09-18 21:00:00,4.219315,161.14122,Berthed,0,1428.553,243.548,0,0,0,Vessel Live Movement,
KOTA CEMPAKA,NCI,Jakarta,IDJKT,2026-09-19 00:00:00,4.219478,161.141116,Berthed,0,1426.875,243.548,0,0,0,Vessel Live Movement,
KOTA CEMPAKA,NCI,Jakarta,IDJKT,2026-09-19 03:00:00,4.219544,161.140401,Berthed,0,1425.197,243.548,0,0,0,Vessel Live Movement,
KOTA CEMPAKA,NCI,Jakarta,IDJKT,2026-09-19 06:00:00,4.221016,161.139209,Berthed,0,1423.519,243.548,0,0,0,Vessel Live Movement,
KOTA CEMPAKA,NCI,Jakarta,IDJKT,2026-09-19 09:00:00,4.219033,161.138497,Berthed,0,1421.841,243.548,0,0,0,Vessel Live Movement,
KOTA CEMPAKA,NCI,Jakarta,IDJKT,2026-09-19 12:00:00,4.220376,161.14059,Berthed,0,1420.163,243.548,0,0,0,Vessel Live Movement,
KOTA CEMPAKA,NCI,Jakarta,IDJKT,2026-09-19 15:00:00,4.22148,161.141976,Berthed,0,1418.486,243.548,0,0,0,Vessel Live Movement,
KOTA CEMPAKA,NCI,Jakarta,IDJKT,2026-09-19 18:00:00,4.220494,161.141129,Berthed,0,1416.808,243.548,0,0,0,Vessel Live Movement,
KOTA CEMPAKA,NCI,Jakarta,IDJKT,2026-09-19 21:00:00,4.219109,161.139558,Berthed,0,1415.13,243.548,0,0,0,Vessel Live Movement,
KOTA CEMPAKA,NCI,Surabaya,IDSUB,2026-09-20 00:00:00,4.22,161.14,Transit,0,1405.062,243.548,0,0,0,Vessel Live Movement,
KOTA CEMPAKA,NCI,Surabaya,IDSUB,2026-09-20 03:00:00,4.767156,162.577239,Transit,0,1394.995,243.548,0,0,0,Vessel Live Movement,
KOTA CEMPAKA,NCI,Surabaya,IDSUB,2026-09-20 06:00:00,5.311322,164.016763,Transit,0,1384.928,243.548,0,0,0,Vessel Live Movement,
KOTA CEMPAKA,NCI,Surabaya,IDSUB,2026-09-20 09:00:00,5.852148,165.458823,Transit,0,1374.86,243.548,0,0,0,Vessel Live Movement,
KOTA CEMPAKA,NCI,Surabaya,IDSUB,2026-09-20 12:00:00,6.389286,166.903667,Transit,0,1364.793,243.548,0,0,0,Vessel Live Movement,
KOTA CEMPAKA,NCI,Surabaya,IDSUB,2026-09-20 15:00:00,6.922387,168.351535,Transit,0,1354.725,243.548,0,0,0,Vessel Live Movement,
KOTA CEMPAKA,NCI,Surabaya,IDSUB,2026-09-20 18:00:00,7.4511,169.802665,Transit,0,1344.658,243.548,0,0,0,Vessel Live Movement,
KOTA CEMPAKA,NCI,Surabaya,IDSUB,2026-09-20 21:00:00,7.975076,171.257285,Transit,0,1334.591,243.548,0,0,0,Vessel Live Movement,
KOTA CEMPAKA,NCI,Surabaya,IDSUB,2026-09-21 00:00:00,8.493965,172.715619,Transit,0,1324.523,243.548,0,0,0,Vessel Live Movement,
KOTA CEMPAKA,NCI,Surabaya,IDSUB,2026-09-21 03:00:00,9.007418,174.177883,Transit,0,1314.456,243.548,0,0,0,Vessel Live Movement,
KOTA CEMPAKA,NCI,Surabaya,IDSUB,2026-09-21 06:00:00,9.515084,175.644282,Transit,0,1304.388,243.548,0,0,0,Vessel Live Movement,
KOTA CEMPAKA,NCI,Surabaya,IDSUB,2026-09-21 09:00:00,10.016613,177.115017,Transit,0,1294.321,243.548,0,0,0,Vessel Live Movement,
KOTA CEMPAKA,NCI,Surabaya,IDSUB,2026-09-21 12:00:00,10.511656,178.590277,Transit,0,1284.254,243.548,0,0,0,Vessel Live Movement,
KOTA CEMPAKA,NCI,Surabaya,IDSUB,2026-09-21 15:00:00,10.999865,-179.929758,Transit,0,1274.186,243.548,0,0,0,Vessel Live Movement,
KOTA CEMPAKA,NCI,Surabaya,IDSUB,2026-09-21 18:00:00,11.48089,-178.44492,Transit,0,1264.119,243.548,0,0,0,Vessel Live Movement,
KOTA CEMPAKA,NCI,Surabaya,IDSUB,2026-09-21 21:00:00,11.954384,-176.955049,Transit,0,1254.051,243.548,0,0,0,Vessel Live Movement,
KOTA CEMPAKA,NCI,Surabaya,IDSUB,2026-09-22 00:00:00,12.416479,-175.460839,Berthed,0,1252.373,243.548,0,0,0,Vessel Live Movement,
KOTA CEMPAKA,NCI,Surabaya,IDSUB,2026-09-22 03:00:00,12.420063,-175.459633,Berthed,0,1250.696,243.548,0,0,0,Vessel Live Movement,
KOTA CEMPAKA,NCI,Surabaya,IDSUB,2026-09-22 06:00:00,12.419596,-175.459848,Berthed,0,1249.018,243.548,0,0,0,Vessel Live Movement,
KOTA CEMPAKA,NCI,Surabaya,IDSUB,2026-09-22 09:00:00,12.418922,-175.461384,Berthed,0,1247.34,243.548,0,0,0,Vessel Live Movement,
KOTA CEMPAKA,NCI,Surabaya,IDSUB,2026-09-22 12:00:00,12.419777,-175.459571,Berthed,0,1245.662,243.548,0,0,0,Vessel Live Movement,
KOTA CEMPAKA,NCI,Surabaya,IDSUB,2026-09-22 15:00:00,12.419951,-175.460795,Berthed,0,1243.984,243.548,0,0,0,Vessel Live Movement,
KOTA CEMPAKA,NCI,Surabaya,IDSUB,2026-09-22 18:00:00,12.417914,-175.461001,Berthed,0,1242.306,243.548,0,0,0,Vessel Live Movement,
KOTA CEMPAKA,NCI,Surabaya,IDSUB,2026-09-22 21:00:00,12.420933,-175.460098,Berthed,0,1240.628,243.548,0,0,0,Vessel Live Movement,
KOTA CEMPAKA,NCI,Tianjin,CNTSN,2026-09-23 00:00:00,12.42,-175.46,Transit,0,1230.561,243.548,0,0,0,Vessel Live Movement,
KOTA CEMPAKA,NCI,Tianjin,CNTSN,2026-09-23 03:00:00,12.099445,-175.936768,Transit,0,1220.493,243.548,0,0,0,Vessel Live Movement,
KOTA CEMPAKA,NCI,Tianjin,CNTSN,2026-09-23 06:00:00,11.778078,-176.412393,Transit,0,1210.426,243.548,0,0,0,Vessel Live Movement,
KOTA CEMPAKA,NCI,Tianjin,CNTSN,2026-09-23 09:00:00,11.455925,-176.886905,Transit,0,1200.359,243.548,0,0,0,Vessel Live Movement,
KOTA CEMPAKA,NCI,Tianjin,CNTSN,2026-09-23 12:00:00,11.133008,-177.360336,Transit,0,1190.291,243.548,0,0,0,Vessel Live Movement,
KOTA CEMPAKA,NCI,Tianjin,CNTSN,2026-09-23 15:00:00,10.809352,-177.832716,Transit,0,1180.224,243.548,0,0,0,Vessel Live Movement,
KOTA CEMPAKA,NCI,Tianjin,CNTSN,2026-09-23 18:00:00,10.48498,-178.304078,Transit,0,1170.156,243.548,0,0,0,Vessel Live Movement,
KOTA CEMPAKA,NCI,Tianjin,CNTSN,2026-09-23 21:00:00,10.159915,-178.774451,Transit,0,1160.089,243.548,0,0,0,Vessel Live Movement,
KOTA CEMPAKA,NCI,Tianjin,CNTSN,2026-09-24 00:00:00,9.834181,-179.243869,Transit,0,1150.022,243.548,0,0,0,Vessel Live Movement,
KOTA CEMPAKA,NCI,Tianjin,CNTSN,2026-09-24 03:00:00,9.507802,-179.712361,Transit,0,1139.954,243.548,0,0,0,Vessel Live Movement,
KOTA CEMPAKA,NCI,Tianjin,CNTSN,2026-09-24 06:00:00,9.180799,179.820041,Transit,0,1129.887,243.548,0,0,0,Vessel Live Movement,
KOTA CEMPAKA,NCI,Tianjin,CNTSN,2026-09-24 09:00:00,8.853197,179.353306,Transit,0,1119.819,243.548,0,0,0,Vessel Live Movement,
KOTA CEMPAKA,NCI,Tianjin,CNTSN,2026-09-24 12:00:00,8.525017,178.887402,Transit,0,1109.752,243.548,0,0,0,Vessel Live Movement,
KOTA CEMPAKA,NCI,Tianjin,CNTSN,2026-09-24 15:00:00,8.196283,178.422298,Transit,0,1099.685,243.548,0,0,0,Vessel Live Movement,
KOTA CEMPAKA,NCI,Tianjin,CNTSN,2026-09-24 18:00:00,7.867017,177.957962,Transit,0,1089.617,243.548,0,0,0,Vessel Live Movement,
KOTA CEMPAKA,NCI,Tianjin,CNTSN,2026-09-24 21:00:00,7.537242,177.494364,Transit,0,1079.55,243.548,0,0,0,Vessel Live Movement,
KOTA CEMPAKA,NCI,Tianjin,CNTSN,2026-09-25 00:00:00,7.206979,177.031472,Transit,0,1069.482,243.548,0,0,0,Vessel Live Movement,
KOTA CEMPAKA,NCI,Tianjin,CNTSN,2026-09-25 03:00:00,6.876252,176.569255,Transit,0,1059.415,243.548,0,0,0,Vessel Live Movement,
KOTA CEMPAKA,NCI,Tianjin,CNTSN,2026-09-25 06:00:00,6.545083,176.107682,Transit,0,1049.348,243.548,0,0,0,Vessel Live Movement,
KOTA CEMPAKA,NCI,Tianjin,CNTSN,2026-09-25 09:00:00,6.213492,175.64672,Transit,0,1039.28,243.548,0,0,0,Vessel Live Movement,
KOTA CEMPAKA,NCI,Tianjin,CNTSN,2026-09-25 12:00:00,5.881503,175.186339,Transit,0,1029.213,243.548,0,0,0,Vessel Live Movement,
KOTA CEMPAKA,NCI,Tianjin,CNTSN,2026-09-25 15:00:00,5.549138,174.726508,Transit,0,1019.145,243.548,0,0,0,Vessel Live Movement,
KOTA CEMPAKA,NCI,Tianjin,CNTSN,2026-09-25 18:00:00,5.216418,174.267196,Transit,0,1009.078,243.548,0,0,0,Vessel Live Movement,
KOTA CEMPAKA,NCI,Tianjin,CNTSN,2026-09-25 21:00:00,4.883365,173.80837,Transit,0,999.011,243.548,0,0,0,Vessel Live Movement,
KOTA CEMPAKA,NCI,Tianjin,CNTSN,2026-09-26 00:00:00,4.549535,173.349316,Berthed,0,997.333,243.548,0,0,0,Vessel Live Movement,
KOTA CEMPAKA,NCI,Tianjin,CNTSN,2026-09-26 03:00:00,4.549077,173.349752,Berthed,0,995.655,243.548,0,0,0,Vessel Live Movement,
KOTA CEMPAKA,NCI,Tianjin,CNTSN,2026-09-26 06:00:00,4.54974,173.350462,Berthed,0,993.977,243.548,0,0,0,Vessel Live Movement,
KOTA CEMPAKA,NCI,Tianjin,CNTSN,2026-09-26 09:00:00,4.550591,173.349152,Berthed,0,992.299,243.548,0,0,0,Vessel Live Movement,
KOTA CEMPAKA,NCI,Tianjin,CNTSN,2026-09-26 12:00:00,4.548779,173.349019,Berthed,0,990.621,243.548,0,0,0,Vessel Live Movement,
KOTA CEMPAKA,NCI,Tianjin,CNTSN,2026-09-26 15:00:00,4.55174,173.350832,Berthed,0,988.943,243.548,0,0,0,Vessel Live Movement,
KOTA CEMPAKA,NCI,Tianjin,CNTSN,2026-09-26 18:00:00,4.550614,173.350586,Berthed,0,987.265,243.548,0,0,0,Vessel Live Movement,
KOTA CEMPAKA,NCI,Tianjin,CNTSN,2026-09-26 21:00:00,4.550155,173.349316,Berthed,0,985.587,243.548,0,0,0,Vessel Live Movement,
KOTA CEMPAKA,NCI,Tianjin,CNTSN,2026-09-27 00:00:00,4.550663,173.349342,Berthed,0,983.909,243.548,0,0,0,Vessel Live Movement,
KOTA CEMPAKA,NCI,Tianjin,CNTSN,2026-09-27 03:00:00,4.54846,173.351201,Berthed,0,982.232,243.548,0,0,0,Vessel Live Movement,
KOTA CEMPAKA,NCI,Tianjin,CNTSN,2026-09-27 06:00:00,4.550348,173.349409,Berthed,0,980.554,243.548,0,0,0,Vessel Live Movement,
KOTA CEMPAKA,NCI,Tianjin,CNTSN,2026-09-27 09:00:00,4.550365,173.350256,Berthed,0,978.876,243.548,0,0,0,Vessel Live Movement,
KOTA CEMPAKA,NCI,Tianjin,CNTSN,2026-09-27 12:00:00,4.550864,173.349943,Berthed,0,977.198,243.548,0,0,0,Vessel Live Movement,
KOTA CEMPAKA,NCI,Tianjin,CNTSN,2026-09-27 15:00:00,4.550955,173.349416,Berthed,0,975.52,243.548,0,0,0,Vessel Live Movement,
KOTA CEMPAKA,NCI,Tianjin,CNTSN,2026-09-27 18:00:00,4.550257,173.350475,Berthed,0,973.842,243.548,0,0,0,Vessel Live Movement,
KOTA CEMPAKA,NCI,Tianjin,CNTSN,2026-09-27 21:00:00,4.550878,173.34995,Berthed,0,972.164,243.548,0,0,0,Vessel Live Movement,
KOTA CEMPAKA,NCI,Qingdao,CNTAO,2026-09-28 00:00:00,4.55,173.35,Transit,0,962.097,243.548,0,0,0,Vessel Live Movement,
KOTA CEMPAKA,NCI,Qingdao,CNTAO,2026-09-28 03:00:00,4.510757,170.434418,Transit,0,952.029,243.548,0,0,0,Vessel Live Movement,
KOTA CEMPAKA,NCI,Qingdao,CNTAO,2026-09-28 06:00:00,4.459886,167.519198,Transit,0,941.962,243.548,0,0,0,Vessel Live Movement,
KOTA CEMPAKA,NCI,Qingdao,CNTAO,2026-09-28 09:00:00,4.39752,164.604427,Transit,0,931.895,243.548,0,0,0,Vessel Live Movement,
KOTA CEMPAKA,NCI,Qingdao,CNTAO,2026-09-28 12:00:00,4.323822,161.690189,Transit,0,921.827,243.548,0,0,0,Vessel Live Movement,
KOTA CEMPAKA,NCI,Qingdao,CNTAO,2026-09-28 15:00:00,4.238985,158.776559,Transit,0,911.76,243.548,0,0,0,Vessel Live Movement,
KOTA CEMPAKA,NCI,Qingdao,CNTAO,2026-09-28 18:00:00,4.143231,155.86361,Transit,0,901.692,243.548,0,0,0,Vessel Live Movement,
KOTA CEMPAKA,NCI,Qingdao,CNTAO,2026-09-28 21:00:00,4.03681,152.951405,Transit,0,891.625,243.548,0,0,0,Vessel Live Movement,
KOTA CEMPAKA,NCI,Qingdao,CNTAO,2026-09-29 00:00:00,3.91821,150.040454,Berthed,0,889.947,243.548,0,0,0,Vessel Live Movement,
KOTA CEMPAKA,NCI,Qingdao,CNTAO,2026-09-29 03:00:00,3.91869,150.040686,Berthed,0,888.269,243.548,0,0,0,Vessel Live Movement,
KOTA CEMPAKA,NCI,Qingdao,CNTAO,2026-09-29 06:00:00,3.918726,150.040336,Berthed,0,886.591,243.548,0,0,0,Vessel Live Movement,
KOTA CEMPAKA,NCI,Qingdao,CNTAO,2026-09-29 09:00:00,3.920741,150.040386,Berthed,0,884.913,243.548,0,0,0,Vessel Live Movement,
KOTA CEMPAKA,NCI,Qingdao,CNTAO,2026-09-29 12:00:00,3.921152,150.038702,Berthed,0,883.235,243.548,0,0,0,Vessel Live Movement,
KOTA CEMPAKA,NCI,Qingdao,CNTAO,2026-09-29 15:00:00,3.921466,150.041077,Berthed,0,881.558,243.548,0,0,0,Vessel Live Movement,
KOTA CEMPAKA,NCI,Qingdao,CNTAO,2026-09-29 18:00:00,3.922106,150.04046,Berthed,0,879.88,243.548,0,0,0,Vessel Live Movement,
KOTA CEMPAKA,NCI,Qingdao,CNTAO,2026-09-29 21:00:00,3.920683,150.038714,Berthed,0,878.202,243.548,0,0,0,Vessel Live Movement,
KOTA CEPAT,VCS,Haiphong,VNHPH,2026-08-01 00:00:00,10.556797,68.928286,Transit,1446.698,0,110.862,0,0,0,Vessel Live Movement,
KOTA CEPAT,VCS,Haiphong,VNHPH,2026-08-01 03:00:00,10.715138,68.953183,Transit,1437.21,0,110.862,0,0,0,Vessel Live Movement,
KOTA CEPAT,VCS,Haiphong,VNHPH,2026-08-01 06:00:00,10.873477,68.978106,Transit,1427.723,0,110.862,0,0,0,Vessel Live Movement,
KOTA CEPAT,VCS,Haiphong,VNHPH,2026-08-01 09:00:00,11.031814,69.003055,Transit,1418.236,0,110.862,0,0,0,Vessel Live Movement,
KOTA CEPAT,VCS,Haiphong,VNHPH,2026-08-01 12:00:00,11.19015,69.028031,Transit,1408.748,0,110.862,0,0,0,Vessel Live Movement,
KOTA CEPAT,VCS,Haiphong,VNHPH,2026-08-01 15:00:00,11.348483,69.053035,Transit,1399.261,0,110.862,0,0,0,Vessel Live Movement,
KOTA CEPAT,VCS,Haiphong,VNHPH,2026-08-01 18:00:00,11.506814,69.078066,Transit,1389.774,0,110.862,0,0,0,Vessel Live Movement,
KOTA CEPAT,VCS,Haiphong,VNHPH,2026-08-01 21:00:00,11.665142,69.103125,Transit,1380.286,0,110.862,0,0,0,Vessel Live Movement,
KOTA CEPAT,VCS,Haiphong,VNHPH,2026-08-02 00:00:00,11.823469,69.128213,Transit,1370.799,0,110.862,0,0,0,Vessel Live Movement,
KOTA CEPAT,VCS,Haiphong,VNHPH,2026-08-02 03:00:00,11.981793,69.153331,Transit,1361.312,0,110.862,0,0,0,Vessel Live Movement,
KOTA CEPAT,VCS,Haiphong,VNHPH,2026-08-02 06:00:00,12.140116,69.178477,Transit,1351.824,0,110.862,0,0,0,Vessel Live Movement,
KOTA CEPAT,VCS,Haiphong,VNHPH,2026-08-02 09:00:00,12.298436,69.203654,Transit,1342.337,0,110.862,0,0,0,Vessel Live Movement,
KOTA CEPAT,VCS,Haiphong,VNHPH,2026-08-02 12:00:00,12.456753,69.22886,Transit,1332.849,0,110.862,0,0,0,Vessel Live Movement,
KOTA CEPAT,VCS,Haiphong,VNHPH,2026-08-02 15:00:00,12.615069,69.254098,Transit,1323.362,0,110.862,0,0,0,Vessel Live Movement,
KOTA CEPAT,VCS,Haiphong,VNHPH,2026-08-02 18:00:00,12.773381,69.279367,Transit,1313.875,0,110.862,0,0,0,Vessel Live Movement,
KOTA CEPAT,VCS,Haiphong,VNHPH,2026-08-02 21:00:00,12.931692,69.304667,Transit,1304.387,0,110.862,0,0,0,Vessel Live Movement,
KOTA CEPAT,VCS,Haiphong,VNHPH,2026-08-03 00:00:00,13.090846,69.329236,Berthed,1302.806,0,110.862,0,0,0,Vessel Live Movement,
KOTA CEPAT,VCS,Haiphong,VNHPH,2026-08-03 03:00:00,13.08801,69.330458,Berthed,1301.225,0,110.862,0,0,0,Vessel Live Movement,
KOTA CEPAT,VCS,Haiphong,VNHPH,2026-08-03 06:00:00,13.089914,69.328813,Berthed,1299.644,0,110.862,0,0,0,Vessel Live Movement,
KOTA CEPAT,VCS,Haiphong,VNHPH,2026-08-03 09:00:00,13.092348,69.331623,Berthed,1298.063,0,110.862,0,0,0,Vessel Live Movement,
KOTA CEPAT,VCS,Haiphong,VNHPH,2026-08-03 12:00:00,13.091557,69.330439,Berthed,1296.481,0,110.862,0,0,0,Vessel Live Movement,
KOTA CEPAT,VCS,Haiphong,VNHPH,2026-08-03 15:00:00,13.091027,69.329588,Berthed,1294.9,0,110.862,0,0,0,Vessel Live Movement,
KOTA CEPAT,VCS,Haiphong,VNHPH,2026-08-03 18:00:00,13.089368,69.328412,Berthed,1293.319,0,110.862,0,0,0,Vessel Live Movement,
KOTA CEPAT,VCS,Haiphong,VNHPH,2026-08-03 21:00:00,13.088888,69.32967,Berthed,1291.738,0,110.862,0,0,0,Vessel Live Movement,
KOTA CEPAT,VCS,Qinzhou,CNQZH,2026-08-04 00:00:00,13.09,69.33,Transit,1282.25,0,110.862,0,0,0,Vessel Live Movement,
KOTA CEPAT,VCS,Qinzhou,CNQZH,2026-08-04 03:00:00,12.312614,72.241603,Transit,1272.763,0,110.862,0,0,0,Vessel Live Movement,
KOTA CEPAT,VCS,Qinzhou,CNQZH,2026-08-04 06:00:00,11.504592,75.135681,Transit,1263.276,0,110.862,0,0,0,Vessel Live Movement,
KOTA CEPAT,VCS,Qinzhou,CNQZH,2026-08-04 09:00:00,10.668172,78.012908,Transit,1253.788,0,110.862,0,0,0,Vessel Live Movement,
KOTA CEPAT,VCS,Qinzhou,CNQZH,2026-08-04 12:00:00,9.805617,80.874114,Transit,1244.301,0,110.862,0,0,0,Vessel Live Movement,
KOTA CEPAT,VCS,Qinzhou,CNQZH,2026-08-04 15:00:00,8.919214,83.720269,Transit,1234.814,0,110.862,0,0,0,Vessel Live Movement,
KOTA CEPAT,VCS,Qinzhou,CNQZH,2026-08-04 18:00:00,8.011266,86.552474,Transit,1225.326,0,110.862,0,0,0,Vessel Live Movement,
KOTA CEPAT,VCS,Qinzhou,CNQZH,2026-08-04 21:00:00,7.084087,89.371946,Transit,1215.839,0,110.862,0,0,0,Vessel Live Movement,
KOTA CEPAT,VCS,Qinzhou,CNQZH,2026-08-05 00:00:00,6.138604,92.179081,Berthed,1214.258,0,110.862,0,0,0,Vessel Live Movement,
KOTA CEPAT,VCS,Qinzhou,CNQZH,2026-08-05 03:00:00,6.139461,92.179565,Berthed,1212.676,0,110.862,0,0,0,Vessel Live Movement,
KOTA CEPAT,VCS,Qinzhou,CNQZH,2026-08-05 06:00:00,6.141542,92.180287,Berthed,1211.095,0,110.862,0,0,0,Vessel Live Movement,
KOTA CEPAT,VCS,Qinzhou,CNQZH,2026-08-05 09:00:00,6.140615,92.179247,Berthed,1209.514,0,110.862,0,0,0,Vessel Live Movement,
KOTA CEPAT,VCS,Qinzhou,CNQZH,2026-08-05 12:00:00,6.138355,92.179804,Berthed,1207.933,0,110.862,0,0,0,Vessel Live Movement,
KOTA CEPAT,VCS,Qinzhou,CNQZH,2026-08-05 15:00:00,6.140278,92.179388,Berthed,1206.351,0,110.862,0,0,0,Vessel Live Movement,
KOTA CEPAT,VCS,Qinzhou,CNQZH,2026-08-05 18:00:00,6.13943,92.180388,Berthed,1204.77,0,110.862,0,0,0,Vessel Live Movement,
KOTA CEPAT,VCS,Qinzhou,CNQZH,2026-08-05 21:00:00,6.1398,92.180836,Berthed,1203.189,0,110.862,0,0,0,Vessel Live Movement,
KOTA CEPAT,VCS,Qui Nhon,VNUIH,2026-08-06 00:00:00,6.14,92.18,Transit,1193.702,0,110.862,0,0,0,Vessel Live Movement,
KOTA CEPAT,VCS,Qui Nhon,VNUIH,2026-08-06 03:00:00,6.372494,90.724628,Transit,1184.214,0,110.862,0,0,0,Vessel Live Movement,
KOTA CEPAT,VCS,Qui Nhon,VNUIH,2026-08-06 06:00:00,6.600907,89.267948,Transit,1174.727,0,110.862,0,0,0,Vessel Live Movement,
KOTA CEPAT,VCS,Qui Nhon,VNUIH,2026-08-06 09:00:00,6.825087,87.809937,Transit,1165.24,0,110.862,0,0,0,Vessel Live Movement,
KOTA CEPAT,VCS,Qui Nhon,VNUIH,2026-08-06 12:00:00,7.044886,86.350572,Transit,1155.752,0,110.862,0,0,0,Vessel Live Movement,
KOTA CEPAT,VCS,Qui Nhon,VNUIH,2026-08-06 15:00:00,7.260155,84.889837,Transit,1146.265,0,110.862,0,0,0,Vessel Live Movement,
KOTA CEPAT,VCS,Qui Nhon,VNUIH,2026-08-06 18:00:00,7.470753,83.427719,Transit,1136.778,0,110.862,0,0,0,Vessel Live Movement,
KOTA CEPAT,VCS,Qui Nhon,VNUIH,2026-08-06 21:00:00,7.676535,81.964207,Transit,1127.29,0,110.862,0,0,0,Vessel Live Movement,
KOTA CEPAT,VCS,Qui Nhon,VNUIH,2026-08-07 00:00:00,7.877365,80.499295,Transit,1117.803,0,110.862,0,0,0,Vessel Live Movement,
KOTA CEPAT,VCS,Qui Nhon,VNUIH,2026-08-07 03:00:00,8.073105,79.032979,Transit,1108.316,0,110.862,0,0,0,Vessel Live Movement,
KOTA CEPAT,VCS,Qui Nhon,VNUIH,2026-08-07 06:00:00,8.263622,77.56526,Transit,1098.828,0,110.862,0,0,0,Vessel Live Movement,
KOTA CEPAT,VCS,Qui Nhon,VNUIH,2026-08-07 09:00:00,8.448787,76.096143,Transit,1089.341,0,110.862,0,0,0,Vessel Live Movement,
KOTA CEPAT,VCS,Qui Nhon,VNUIH,2026-08-07 12:00:00,8.628472,74.625637,Transit,1079.853,0,110.862,0,0,0,Vessel Live Movement,
KOTA CEPAT,VCS,Qui Nhon,VNUIH,2026-08-07 15:00:00,8.802555,73.153751,Transit,1070.366,0,110.862,0,0,0,Vessel Live Movement,
KOTA CEPAT,VCS,Qui Nhon,VNUIH,2026-08-07 18:00:00,8.970914,71.680504,Transit,1060.879,0,110.862,0,0,0,Vessel Live Movement,
KOTA CEPAT,VCS,Qui Nhon,VNUIH,2026-08-07 21:00:00,9.133433,70.205912,Transit,1051.391,0,110.862,0,0,0,Vessel Live Movement,
KOTA CEPAT,VCS,Qui Nhon,VNUIH,2026-08-08 00:00:00,9.290459,68.729362,Berthed,1049.81,0,110.862,0,0,0,Vessel Live Movement,
KOTA CEPAT,VCS,Qui Nhon,VNUIH,2026-08-08 03:00:00,9.290433,68.730359,Berthed,1048.229,0,110.862,0,0,0,Vessel Live Movement,
KOTA CEPAT,VCS,Qui Nhon,VNUIH,2026-08-08 06:00:00,9.289306,68.730038,Berthed,1046.648,0,110.862,0,0,0,Vessel Live Movement,
KOTA CEPAT,VCS,Qui Nhon,VNUIH,2026-08-08 09:00:00,9.290741,68.728195,Berthed,1045.067,0,110.862,0,0,0,Vessel Live Movement,
KOTA CEPAT,VCS,Qui Nhon,VNUIH,2026-08-08 12:00:00,9.289029,68.728544,Berthed,1043.485,0,110.862,0,0,0,Vessel Live Movement,
KOTA CEPAT,VCS,Qui Nhon,VNUIH,2026-08-08 15:00:00,9.290004,68.730098,Berthed,1041.904,0,110.862,0,0,0,Vessel Live Movement,
KOTA CEPAT,VCS,Qui Nhon,VNUIH,2026-08-08 18:00:00,9.289225,68.730245,Berthed,1040.323,0,110.862,0,0,0,Vessel Live Movement,
KOTA CEPAT,VCS,Qui Nhon,VNUIH,2026-08-08 21:00:00,9.289837,68.729997,Berthed,1038.742,0,110.862,0,0,0,Vessel Live Movement,
KOTA CEPAT,VCS,Haiphong,VNHPH,2026-08-09 00:00:00,9.29,68.73,Transit,1029.254,0,110.862,0,0,0,Vessel Live Movement,
KOTA CEPAT,VCS,Haiphong,VNHPH,2026-08-09 03:00:00,9.448356,68.754703,Transit,1019.767,0,110.862,0,0,0,Vessel Live Movement,
KOTA CEPAT,VCS,Haiphong,VNHPH,2026-08-09 06:00:00,9.60671,68.779429,Transit,1010.28,0,110.862,0,0,0,Vessel Live Movement,
KOTA CEPAT,VCS,Haiphong,VNHPH,2026-08-09 09:00:00,9.765062,68.804179,Transit,1000.792,0,110.862,0,0,0,Vessel Live Movement,
KOTA CEPAT,VCS,Haiphong,VNHPH,2026-08-09 12:00:00,9.923413,68.828951,Transit,991.305,0,110.862,0,0,0,Vessel Live Movement,
KOTA CEPAT,VCS,Haiphong,VNHPH,2026-08-09 15:00:00,10.081762,68.853748,Transit,981.818,0,110.862,0,0,0,Vessel Live Movement,
KOTA CEPAT,VCS,Haiphong,VNHPH,2026-08-09 18:00:00,10.240109,68.878569,Transit,972.33,0,110.862,0,0,0,Vessel Live Movement,
KOTA CEPAT,VCS,Haiphong,VNHPH,2026-08-09 21:00:00,10.398454,68.903415,Transit,962.843,0,110.862,0,0,0,Vessel Live Movement,
KOTA CEPAT,VCS,Haiphong,VNHPH,2026-08-10 00:00:00,10.556797,68.928286,Transit,953.355,0,110.862,0,0,0,Vessel Live Movement,
KOTA CEPAT,VCS,Haiphong,VNHPH,2026-08-10 03:00:00,10.715138,68.953183,Transit,943.868,0,110.862,0,0,0,Vessel Live Movement,
KOTA CEPAT,VCS,Haiphong,VNHPH,2026-08-10 06:00:00,10.873477,68.978106,Transit,934.381,0,110.862,0,0,0,Vessel Live Movement,
KOTA CEPAT,VCS,Haiphong,VNHPH,2026-08-10 09:00:00,11.031814,69.003055,Transit,924.893,0,110.862,0,0,0,Vessel Live Movement,
KOTA CEPAT,VCS,Haiphong,VNHPH,2026-08-10 12:00:00,11.19015,69.028031,Transit,915.406,0,110.862,0,0,0,Vessel Live Movement,
KOTA CEPAT,VCS,Haiphong,VNHPH,2026-08-10 15:00:00,11.348483,69.053035,Transit,905.919,0,110.862,0,0,0,Vessel Live Movement,
KOTA CEPAT,VCS,Haiphong,VNHPH,2026-08-10 18:00:00,11.506814,69.078066,Transit,896.431,0,110.862,0,0,0,Vessel Live Movement,
KOTA CEPAT,VCS,Haiphong,VNHPH,2026-08-10 21:00:00,11.665142,69.103125,Transit,886.944,0,110.862,0,0,0,Vessel Live Movement,
KOTA CEPAT,VCS,Haiphong,VNHPH,2026-08-11 00:00:00,11.823469,69.128213,Transit,877.457,0,110.862,0,0,0,Vessel Live Movement,
KOTA CEPAT,VCS,Haiphong,VNHPH,2026-08-11 03:00:00,11.981793,69.153331,Transit,867.969,0,110.862,0,0,0,Vessel Live Movement,
KOTA CEPAT,VCS,Haiphong,VNHPH,2026-08-11 06:00:00,12.140116,69.178477,Transit,858.482,0,110.862,0,0,0,Vessel Live Movement,
KOTA CEPAT,VCS,Haiphong,VNHPH,2026-08-11 09:00:00,12.298436,69.203654,Transit,848.995,0,110.862,0,0,0,Vessel Live Movement,
KOTA CEPAT,VCS,Haiphong,VNHPH,2026-08-11 12:00:00,12.456753,69.22886,Transit,839.507,0,110.862,0,0,0,Vessel Live Movement,
KOTA CEPAT,VCS,Haiphong,VNHPH,2026-08-11 15:00:00,12.615069,69.254098,Transit,830.02,0,110.862,0,0,0,Vessel Live Movement,
KOTA CEPAT,VCS,Haiphong,VNHPH,2026-08-11 18:00:00,12.773381,69.279367,Transit,820.533,0,110.862,0,0,0,Vessel Live Movement,
KOTA CEPAT,VCS,Haiphong,VNHPH,2026-08-11 21:00:00,12.931692,69.304667,Transit,811.045,0,110.862,0,0,0,Vessel Live Movement,
KOTA CEPAT,VCS,Haiphong,VNHPH,2026-08-12 00:00:00,13.088455,69.328944,Berthed,809.464,0,110.862,0,0,0,Vessel Live Movement,
KOTA CEPAT,VCS,Haiphong,VNHPH,2026-08-12 03:00:00,13.090761,69.330789,Berthed,807.883,0,110.862,0,0,0,Vessel Live Movement,
KOTA CEPAT,VCS,Haiphong,VNHPH,2026-08-12 06:00:00,13.089481,69.328642,Berthed,806.302,0,110.862,0,0,0,Vessel Live Movement,
KOTA CEPAT,VCS,Haiphong,VNHPH,2026-08-12 09:00:00,13.092304,69.328352,Berthed,804.72,0,110.862,0,0,0,Vessel Live Movement,
KOTA CEPAT,VCS,Haiphong,VNHPH,2026-08-12 12:00:00,13.090889,69.330204,Berthed,803.139,0,110.862,0,0,0,Vessel Live Movement,
KOTA CEPAT,VCS,Haiphong,VNHPH,2026-08-12 15:00:00,13.090429,69.327721,Berthed,801.558,0,110.862,0,0,0,Vessel Live Movement,
KOTA CEPAT,VCS,Haiphong,VNHPH,2026-08-12 18:00:00,13.090093,69.330008,Berthed,799.977,0,110.862,0,0,0,Vessel Live Movement,
KOTA CEPAT,VCS,Haiphong,VNHPH,2026-08-12 21:00:00,13.090633,69.330261,Berthed,798.395,0,110.862,0,0,0,Vessel Live Movement,
KOTA CEPAT,VCS,Qinzhou,CNQZH,2026-08-13 00:00:00,13.09,69.33,Transit,788.908,0,110.862,0,0,0,Vessel Live Movement,
KOTA CEPAT,VCS,Qinzhou,CNQZH,2026-08-13 03:00:00,12.312614,72.241603,Transit,779.421,0,110.862,0,0,0,Vessel Live Movement,
KOTA CEPAT,VCS,Qinzhou,CNQZH,2026-08-13 06:00:00,11.504592,75.135681,Transit,769.933,0,110.862,0,0,0,Vessel Live Movement,
KOTA CEPAT,VCS,Qinzhou,CNQZH,2026-08-13 09:00:00,10.668172,78.012908,Transit,760.446,0,110.862,0,0,0,Vessel Live Movement,
KOTA CEPAT,VCS,Qinzhou,CNQZH,2026-08-13 12:00:00,9.805617,80.874114,Transit,750.959,0,110.862,0,0,0,Vessel Live Movement,
KOTA CEPAT,VCS,Qinzhou,CNQZH,2026-08-13 15:00:00,8.919214,83.720269,Transit,741.471,0,110.862,0,0,0,Vessel Live Movement,
KOTA CEPAT,VCS,Qinzhou,CNQZH,2026-08-13 18:00:00,8.011266,86.552474,Transit,731.984,0,110.862,0,0,0,Vessel Live Movement,
KOTA CEPAT,VCS,Qinzhou,CNQZH,2026-08-13 21:00:00,7.084087,89.371946,Transit,722.497,0,110.862,0,0,0,Vessel Live Movement,
KOTA CEPAT,VCS,Qinzhou,CNQZH,2026-08-14 00:00:00,6.138236,92.180611,Berthed,1982.119,0,110.862,1261.204,0,0,Vessel Live Movement,
KOTA CEPAT,VCS,Qinzhou,CNQZH,2026-08-14 03:00:00,6.140535,92.179437,Berthed,1980.538,0,110.862,0,0,0,Vessel Live Movement,
KOTA CEPAT,VCS,Qinzhou,CNQZH,2026-08-14 06:00:00,6.13962,92.180637,Berthed,1978.957,0,110.862,0,0,0,Vessel Live Movement,
KOTA CEPAT,VCS,Qinzhou,CNQZH,2026-08-14 09:00:00,6.141545,92.179484,Berthed,1977.375,0,110.862,0,0,0,Vessel Live Movement,
KOTA CEPAT,VCS,Qinzhou,CNQZH,2026-08-14 12:00:00,6.139419,92.180102,Berthed,1975.794,0,110.862,0,0,0,Vessel Live Movement,
KOTA CEPAT,VCS,Qinzhou,CNQZH,2026-08-14 15:00:00,6.140699,92.17999,Berthed,1974.213,0,110.862,0,0,0,Vessel Live Movement,
KOTA CEPAT,VCS,Qinzhou,CNQZH,2026-08-14 18:00:00,6.139309,92.180933,Berthed,1972.632,0,110.862,0,0,0,Vessel Live Movement,
KOTA CEPAT,VCS,Qinzhou,CNQZH,2026-08-14 21:00:00,6.13886,92.182,Berthed,1971.05,0,110.862,0,0,0,Vessel Live Movement,
KOTA CEPAT,VCS,Qui Nhon,VNUIH,2026-08-15 00:00:00,6.14,92.18,Transit,1961.563,0,110.862,0,0,0,Vessel Live Movement,
KOTA CEPAT,VCS,Qui Nhon,VNUIH,2026-08-15 03:00:00,6.372494,90.724628,Transit,1952.076,0,110.862,0,0,0,Vessel Live Movement,
KOTA CEPAT,VCS,Qui Nhon,VNUIH,2026-08-15 06:00:00,6.600907,89.267948,Transit,1942.588,0,110.862,0,0,0,Vessel Live Movement,
KOTA CEPAT,VCS,Qui Nhon,VNUIH,2026-08-15 09:00:00,6.825087,87.809937,Transit,1933.101,0,110.862,0,0,0,Vessel Live Movement,
KOTA CEPAT,VCS,Qui Nhon,VNUIH,2026-08-15 12:00:00,7.044886,86.350572,Transit,1923.614,0,110.862,0,0,0,Vessel Live Movement,
KOTA CEPAT,VCS,Qui Nhon,VNUIH,2026-08-15 15:00:00,7.260155,84.889837,Transit,1914.126,0,110.862,0,0,0,Vessel Live Movement,
KOTA CEPAT,VCS,Qui Nhon,VNUIH,2026-08-15 18:00:00,7.470753,83.427719,Transit,1904.639,0,110.862,0,0,0,Vessel Live Movement,
KOTA CEPAT,VCS,Qui Nhon,VNUIH,2026-08-15 21:00:00,7.676535,81.964207,Transit,1895.152,0,110.862,0,0,0,Vessel Live Movement,
KOTA CEPAT,VCS,Qui Nhon,VNUIH,2026-08-16 00:00:00,7.877365,80.499295,Transit,1885.664,0,110.862,0,0,0,Vessel Live Movement,
KOTA CEPAT,VCS,Qui Nhon,VNUIH,2026-08-16 03:00:00,8.073105,79.032979,Transit,1876.177,0,110.862,0,0,0,Vessel Live Movement,
KOTA CEPAT,VCS,Qui Nhon,VNUIH,2026-08-16 06:00:00,8.263622,77.56526,Transit,1866.69,0,110.862,0,0,0,Vessel Live Movement,
KOTA CEPAT,VCS,Qui Nhon,VNUIH,2026-08-16 09:00:00,8.448787,76.096143,Transit,1857.202,0,110.862,0,0,0,Vessel Live Movement,
KOTA CEPAT,VCS,Qui Nhon,VNUIH,2026-08-16 12:00:00,8.628472,74.625637,Transit,1847.715,0,110.862,0,0,0,Vessel Live Movement,
KOTA CEPAT,VCS,Qui Nhon,VNUIH,2026-08-16 15:00:00,8.802555,73.153751,Transit,1838.228,0,110.862,0,0,0,Vessel Live Movement,
KOTA CEPAT,VCS,Qui Nhon,VNUIH,2026-08-16 18:00:00,8.970914,71.680504,Transit,1828.74,0,110.862,0,0,0,Vessel Live Movement,
KOTA CEPAT,VCS,Qui Nhon,VNUIH,2026-08-16 21:00:00,9.133433,70.205912,Transit,1819.253,0,110.862,0,0,0,Vessel Live Movement,
KOTA CEPAT,VCS,Qui Nhon,VNUIH,2026-08-17 00:00:00,9.290786,68.73147,Berthed,1817.672,0,110.862,0,0,0,Vessel Live Movement,
KOTA CEPAT,VCS,Qui Nhon,VNUIH,2026-08-17 03:00:00,9.291322,68.729896,Berthed,1816.09,0,110.862,0,0,0,Vessel Live Movement,
KOTA CEPAT,VCS,Qui Nhon,VNUIH,2026-08-17 06:00:00,9.291188,68.72987,Berthed,1814.509,0,110.862,0,0,0,Vessel Live Movement,
KOTA CEPAT,VCS,Qui Nhon,VNUIH,2026-08-17 09:00:00,9.288901,68.731341,Berthed,1812.928,0,110.862,0,0,0,Vessel Live Movement,
KOTA CEPAT,VCS,Qui Nhon,VNUIH,2026-08-17 12:00:00,9.290861,68.728704,Berthed,1811.347,0,110.862,0,0,0,Vessel Live Movement,
KOTA CEPAT,VCS,Qui Nhon,VNUIH,2026-08-17 15:00:00,9.291249,68.730064,Berthed,1809.765,0,110.862,0,0,0,Vessel Live Movement,
KOTA CEPAT,VCS,Qui Nhon,VNUIH,2026-08-17 18:00:00,9.290747,68.72881,Berthed,1808.184,0,110.862,0,0,0,Vessel Live Movement,
KOTA CEPAT,VCS,Qui Nhon,VNUIH,2026-08-17 21:00:00,9.289004,68.729758,Berthed,1806.603,0,110.862,0,0,0,Vessel Live Movement,
KOTA CEPAT,VCS,Haiphong,VNHPH,2026-08-18 00:00:00,9.29,68.73,Transit,1797.116,0,110.862,0,0,0,Vessel Live Movement,
KOTA CEPAT,VCS,Haiphong,VNHPH,2026-08-18 03:00:00,9.448356,68.754703,Transit,1787.628,0,110.862,0,0,0,Vessel Live Movement,
KOTA CEPAT,VCS,Haiphong,VNHPH,2026-08-18 06:00:00,9.60671,68.779429,Transit,1778.141,0,110.862,0,0,0,Vessel Live Movement,
KOTA CEPAT,VCS,Haiphong,VNHPH,2026-08-18 09:00:00,9.765062,68.804179,Transit,1768.654,0,110.862,0,0,0,Vessel Live Movement,
KOTA CEPAT,VCS,Haiphong,VNHPH,2026-08-18 12:00:00,9.923413,68.828951,Transit,1759.166,0,110.862,0,0,0,Vessel Live Movement,
KOTA CEPAT,VCS,Haiphong,VNHPH,2026-08-18 15:00:00,10.081762,68.853748,Transit,1749.679,0,110.862,0,0,0,Vessel Live Movement,
KOTA CEPAT,VCS,Haiphong,VNHPH,2026-08-18 18:00:00,10.240109,68.878569,Transit,1740.192,0,110.862,0,0,0,Vessel Live Movement,
KOTA CEPAT,VCS,Haiphong,VNHPH,2026-08-18 21:00:00,10.398454,68.903415,Transit,1730.704,0,110.862,0,0,0,Vessel Live Movement,
KOTA CEPAT,VCS,Haiphong,VNHPH,2026-08-19 00:00:00,10.556797,68.928286,Transit,1721.217,0,110.862,0,0,0,Vessel Live Movement,
KOTA CEPAT,VCS,Haiphong,VNHPH,2026-08-19 03:00:00,10.715138,68.953183,Transit,1711.73,0,110.862,0,0,0,Vessel Live Movement,
KOTA CEPAT,VCS,Haiphong,VNHPH,2026-08-19 06:00:00,10.873477,68.978106,Transit,1702.242,0,110.862,0,0,0,Vessel Live Movement,
KOTA CEPAT,VCS,Haiphong,VNHPH,2026-08-19 09:00:00,11.031814,69.003055,Transit,1692.755,0,110.862,0,0,0,Vessel Live Movement,
KOTA CEPAT,VCS,Haiphong,VNHPH,2026-08-19 12:00:00,11.19015,69.028031,Transit,1683.267,0,110.862,0,0,0,Vessel Live Movement,
KOTA CEPAT,VCS,Haiphong,VNHPH,2026-08-19 15:00:00,11.348483,69.053035,Transit,1673.78,0,110.862,0,0,0,Vessel Live Movement,
KOTA CEPAT,VCS,Haiphong,VNHPH,2026-08-19 18:00:00,11.506814,69.078066,Transit,1664.293,0,110.862,0,0,0,Vessel Live Movement,
KOTA CEPAT,VCS,Haiphong,VNHPH,2026-08-19 21:00:00,11.665142,69.103125,Transit,1654.805,0,110.862,0,0,0,Vessel Live Movement,
KOTA CEPAT,VCS,Haiphong,VNHPH,2026-08-20 00:00:00,11.823469,69.128213,Transit,1645.318,0,110.862,0,0,0,Vessel Live Movement,
KOTA CEPAT,VCS,Haiphong,VNHPH,2026-08-20 03:00:00,11.981793,69.153331,Transit,1635.831,0,110.862,0,0,0,Vessel Live Movement,
KOTA CEPAT,VCS,Haiphong,VNHPH,2026-08-20 06:00:00,12.140116,69.178477,Transit,1626.343,0,110.862,0,0,0,Vessel Live Movement,
KOTA CEPAT,VCS,Haiphong,VNHPH,2026-08-20 09:00:00,12.298436,69.203654,Transit,1616.856,0,110.862,0,0,0,Vessel Live Movement,
KOTA CEPAT,VCS,Haiphong,VNHPH,2026-08-20 12:00:00,12.456753,69.22886,Transit,1607.369,0,110.862,0,0,0,Vessel Live Movement,
KOTA CEPAT,VCS,Haiphong,VNHPH,2026-08-20 15:00:00,12.615069,69.254098,Transit,1597.881,0,110.862,0,0,0,Vessel Live Movement,
KOTA CEPAT,VCS,Haiphong,VNHPH,2026-08-20 18:00:00,12.773381,69.279367,Transit,1588.394,0,110.862,0,0,0,Vessel Live Movement,
KOTA CEPAT,VCS,Haiphong,VNHPH,2026-08-20 21:00:00,12.931692,69.304667,Transit,1578.907,0,110.862,0,0,0,Vessel Live Movement,
KOTA CEPAT,VCS,Haiphong,VNHPH,2026-08-21 00:00:00,13.092054,69.330168,Berthed,1577.325,0,110.862,0,0,0,Vessel Live Movement,
KOTA CEPAT,VCS,Haiphong,VNHPH,2026-08-21 03:00:00,13.090258,69.331239,Berthed,1575.744,0,110.862,0,0,0,Vessel Live Movement,
KOTA CEPAT,VCS,Haiphong,VNHPH,2026-08-21 06:00:00,13.088255,69.328914,Berthed,1574.163,0,110.862,0,0,0,Vessel Live Movement,
KOTA CEPAT,VCS,Haiphong,VNHPH,2026-08-21 09:00:00,13.087887,69.331712,Berthed,1572.582,0,110.862,0,0,0,Vessel Live Movement,
KOTA CEPAT,VCS,Haiphong,VNHPH,2026-08-21 12:00:00,13.088927,69.330831,Berthed,1571,0,110.862,0,0,0,Vessel Live Movement,
KOTA CEPAT,VCS,Haiphong,VNHPH,2026-08-21 15:00:00,13.090584,69.329335,Berthed,1569.419,0,110.862,0,0,0,Vessel Live Movement,
KOTA CEPAT,VCS,Haiphong,VNHPH,2026-08-21 18:00:00,13.089573,69.329441,Berthed,1567.838,0,110.862,0,0,0,Vessel Live Movement,
KOTA CEPAT,VCS,Haiphong,VNHPH,2026-08-21 21:00:00,13.089328,69.329458,Berthed,1566.257,0,110.862,0,0,0,Vessel Live Movement,
KOTA CEPAT,VCS,Qinzhou,CNQZH,2026-08-22 00:00:00,13.09,69.33,Transit,1556.769,0,110.862,0,0,0,Vessel Live Movement,
KOTA CEPAT,VCS,Qinzhou,CNQZH,2026-08-22 03:00:00,12.312614,72.241603,Transit,1547.282,0,110.862,0,0,0,Vessel Live Movement,
KOTA CEPAT,VCS,Qinzhou,CNQZH,2026-08-22 06:00:00,11.504592,75.135681,Transit,1537.795,0,110.862,0,0,0,Vessel Live Movement,
KOTA CEPAT,VCS,Qinzhou,CNQZH,2026-08-22 09:00:00,10.668172,78.012908,Transit,1528.307,0,110.862,0,0,0,Vessel Live Movement,
KOTA CEPAT,VCS,Qinzhou,CNQZH,2026-08-22 12:00:00,9.805617,80.874114,Transit,1518.82,0,110.862,0,0,0,Vessel Live Movement,
KOTA CEPAT,VCS,Qinzhou,CNQZH,2026-08-22 15:00:00,8.919214,83.720269,Transit,1509.333,0,110.862,0,0,0,Vessel Live Movement,
KOTA CEPAT,VCS,Qinzhou,CNQZH,2026-08-22 18:00:00,8.011266,86.552474,Transit,1499.845,0,110.862,0,0,0,Vessel Live Movement,
KOTA CEPAT,VCS,Qinzhou,CNQZH,2026-08-22 21:00:00,7.084087,89.371946,Transit,1490.358,0,110.862,0,0,0,Vessel Live Movement,
KOTA CEPAT,VCS,Qinzhou,CNQZH,2026-08-23 00:00:00,6.138194,92.179789,Berthed,1488.777,0,110.862,0,0,0,Vessel Live Movement,
KOTA CEPAT,VCS,Qinzhou,CNQZH,2026-08-23 03:00:00,6.138382,92.178004,Berthed,1487.196,0,110.862,0,0,0,Vessel Live Movement,
KOTA CEPAT,VCS,Qinzhou,CNQZH,2026-08-23 06:00:00,6.141418,92.179958,Berthed,1485.614,0,110.862,0,0,0,Vessel Live Movement,
KOTA CEPAT,VCS,Qinzhou,CNQZH,2026-08-23 09:00:00,6.141311,92.180295,Berthed,1484.033,0,110.862,0,0,0,Vessel Live Movement,
KOTA CEPAT,VCS,Qinzhou,CNQZH,2026-08-23 12:00:00,6.141107,92.179199,Berthed,1482.452,0,110.862,0,0,0,Vessel Live Movement,
KOTA CEPAT,VCS,Qinzhou,CNQZH,2026-08-23 15:00:00,6.140695,92.179499,Berthed,1480.871,0,110.862,0,0,0,Vessel Live Movement,
KOTA CEPAT,VCS,Qinzhou,CNQZH,2026-08-23 18:00:00,6.140093,92.179956,Berthed,1479.289,0,110.862,0,0,0,Vessel Live Movement,
KOTA CEPAT,VCS,Qinzhou,CNQZH,2026-08-23 21:00:00,6.138864,92.179026,Berthed,1477.708,0,110.862,0,0,0,Vessel Live Movement,
KOTA CEPAT,VCS,Qui Nhon,VNUIH,2026-08-24 00:00:00,6.14,92.18,Transit,1468.221,0,110.862,0,0,0,Vessel Live Movement,
KOTA CEPAT,VCS,Qui Nhon,VNUIH,2026-08-24 03:00:00,6.372494,90.724628,Transit,1458.734,0,110.862,0,0,0,Vessel Live Movement,
KOTA CEPAT,VCS,Qui Nhon,VNUIH,2026-08-24 06:00:00,6.600907,89.267948,Transit,1449.246,0,110.862,0,0,0,Vessel Live Movement,
KOTA CEPAT,VCS,Qui Nhon,VNUIH,2026-08-24 09:00:00,6.825087,87.809937,Transit,1439.759,0,110.862,0,0,0,Vessel Live Movement,
KOTA CEPAT,VCS,Qui Nhon,VNUIH,2026-08-24 12:00:00,7.044886,86.350572,Transit,1430.271,0,110.862,0,0,0,Vessel Live Movement,
KOTA CEPAT,VCS,Qui Nhon,VNUIH,2026-08-24 15:00:00,7.260155,84.889837,Transit,1420.784,0,110.862,0,0,0,Vessel Live Movement,
KOTA CEPAT,VCS,Qui Nhon,VNUIH,2026-08-24 18:00:00,7.470753,83.427719,Transit,1411.297,0,110.862,0,0,0,Vessel Live Movement,
KOTA CEPAT,VCS,Qui Nhon,VNUIH,2026-08-24 21:00:00,7.676535,81.964207,Transit,1401.809,0,110.862,0,0,0,Vessel Live Movement,
KOTA CEPAT,VCS,Qui Nhon,VNUIH,2026-08-25 00:00:00,7.877365,80.499295,Transit,1392.322,0,110.862,0,0,0,Vessel Live Movement,
KOTA CEPAT,VCS,Qui Nhon,VNUIH,2026-08-25 03:00:00,8.073105,79.032979,Transit,1382.835,0,110.862,0,0,0,Vessel Live Movement,
KOTA CEPAT,VCS,Qui Nhon,VNUIH,2026-08-25 06:00:00,8.263622,77.56526,Transit,1373.347,0,110.862,0,0,0,Vessel Live Movement,
KOTA CEPAT,VCS,Qui Nhon,VNUIH,2026-08-25 09:00:00,8.448787,76.096143,Transit,1363.86,0,110.862,0,0,0,Vessel Live Movement,
KOTA CEPAT,VCS,Qui Nhon,VNUIH,2026-08-25 12:00:00,8.628472,74.625637,Transit,1354.373,0,110.862,0,0,0,Vessel Live Movement,
KOTA CEPAT,VCS,Qui Nhon,VNUIH,2026-08-25 15:00:00,8.802555,73.153751,Transit,1344.885,0,110.862,0,0,0,Vessel Live Movement,
KOTA CEPAT,VCS,Qui Nhon,VNUIH,2026-08-25 18:00:00,8.970914,71.680504,Transit,1335.398,0,110.862,0,0,0,Vessel Live Movement,
KOTA CEPAT,VCS,Qui Nhon,VNUIH,2026-08-25 21:00:00,9.133433,70.205912,Transit,1325.911,0,110.862,0,0,0,Vessel Live Movement,
KOTA CEPAT,VCS,Qui Nhon,VNUIH,2026-08-26 00:00:00,9.290109,68.73195,Berthed,1324.329,0,110.862,0,0,0,Vessel Live Movement,
KOTA CEPAT,VCS,Qui Nhon,VNUIH,2026-08-26 03:00:00,9.288837,68.729862,Berthed,1322.748,0,110.862,0,0,0,Vessel Live Movement,
KOTA CEPAT,VCS,Qui Nhon,VNUIH,2026-08-26 06:00:00,9.289855,68.729131,Berthed,1321.167,0,110.862,0,0,0,Vessel Live Movement,
KOTA CEPAT,VCS,Qui Nhon,VNUIH,2026-08-26 09:00:00,9.289843,68.729339,Berthed,1319.586,0,110.862,0,0,0,Vessel Live Movement,
KOTA CEPAT,VCS,Qui Nhon,VNUIH,2026-08-26 12:00:00,9.290365,68.731599,Berthed,1318.004,0,110.862,0,0,0,Vessel Live Movement,
KOTA CEPAT,VCS,Qui Nhon,VNUIH,2026-08-26 15:00:00,9.289574,68.730318,Berthed,1316.423,0,110.862,0,0,0,Vessel Live Movement,
KOTA CEPAT,VCS,Qui Nhon,VNUIH,2026-08-26 18:00:00,9.289426,68.73018,Berthed,1314.842,0,110.862,0,0,0,Vessel Live Movement,
KOTA CEPAT,VCS,Qui Nhon,VNUIH,2026-08-26 21:00:00,9.291242,68.731957,Berthed,1313.261,0,110.862,0,0,0,Vessel Live Movement,
KOTA CEPAT,VCS,Haiphong,VNHPH,2026-08-27 00:00:00,9.29,68.73,Transit,1303.773,0,110.862,0,0,0,Vessel Live Movement,
KOTA CEPAT,VCS,Haiphong,VNHPH,2026-08-27 03:00:00,9.448356,68.754703,Transit,1294.286,0,110.862,0,0,0,Vessel Live Movement,
KOTA CEPAT,VCS,Haiphong,VNHPH,2026-08-27 06:00:00,9.60671,68.779429,Transit,1284.799,0,110.862,0,0,0,Vessel Live Movement,
KOTA CEPAT,VCS,Haiphong,VNHPH,2026-08-27 09:00:00,9.765062,68.804179,Transit,1275.311,0,110.862,0,0,0,Vessel Live Movement,
KOTA CEPAT,VCS,Haiphong,VNHPH,2026-08-27 12:00:00,9.923413,68.828951,Transit,1265.824,0,110.862,0,0,0,Vessel Live Movement,
KOTA CEPAT,VCS,Haiphong,VNHPH,2026-08-27 15:00:00,10.081762,68.853748,Transit,1256.337,0,110.862,0,0,0,Vessel Live Movement,
KOTA CEPAT,VCS,Haiphong,VNHPH,2026-08-27 18:00:00,10.240109,68.878569,Transit,1246.849,0,110.862,0,0,0,Vessel Live Movement,
KOTA CEPAT,VCS,Haiphong,VNHPH,2026-08-27 21:00:00,10.398454,68.903415,Transit,1237.362,0,110.862,0,0,0,Vessel Live Movement,
KOTA CEPAT,VCS,Haiphong,VNHPH,2026-08-28 00:00:00,10.556797,68.928286,Transit,1227.875,0,110.862,0,0,0,Vessel Live Movement,
KOTA CEPAT,VCS,Haiphong,VNHPH,2026-08-28 03:00:00,10.715138,68.953183,Transit,1218.387,0,110.862,0,0,0,Vessel Live Movement,
KOTA CEPAT,VCS,Haiphong,VNHPH,2026-08-28 06:00:00,10.873477,68.978106,Transit,1208.9,0,110.862,0,0,0,Vessel Live Movement,
KOTA CEPAT,VCS,Haiphong,VNHPH,2026-08-28 09:00:00,11.031814,69.003055,Transit,1199.413,0,110.862,0,0,0,Vessel Live Movement,
KOTA CEPAT,VCS,Haiphong,VNHPH,2026-08-28 12:00:00,11.19015,69.028031,Transit,1189.925,0,110.862,0,0,0,Vessel Live Movement,
KOTA CEPAT,VCS,Haiphong,VNHPH,2026-08-28 15:00:00,11.348483,69.053035,Transit,1180.438,0,110.862,0,0,0,Vessel Live Movement,
KOTA CEPAT,VCS,Haiphong,VNHPH,2026-08-28 18:00:00,11.506814,69.078066,Transit,1170.951,0,110.862,0,0,0,Vessel Live Movement,
KOTA CEPAT,VCS,Haiphong,VNHPH,2026-08-28 21:00:00,11.665142,69.103125,Transit,1161.463,0,110.862,0,0,0,Vessel Live Movement,
KOTA CEPAT,VCS,Haiphong,VNHPH,2026-08-29 00:00:00,11.823469,69.128213,Transit,1151.976,0,110.862,0,0,0,Vessel Live Movement,
KOTA CEPAT,VCS,Haiphong,VNHPH,2026-08-29 03:00:00,11.981793,69.153331,Transit,1142.489,0,110.862,0,0,0,Vessel Live Movement,
KOTA CEPAT,VCS,Haiphong,VNHPH,2026-08-29 06:00:00,12.140116,69.178477,Transit,1133.001,0,110.862,0,0,0,Vessel Live Movement,
KOTA CEPAT,VCS,Haiphong,VNHPH,2026-08-29 09:00:00,12.298436,69.203654,Transit,1123.514,0,110.862,0,0,0,Vessel Live Movement,
KOTA CEPAT,VCS,Haiphong,VNHPH,2026-08-29 12:00:00,12.456753,69.22886,Transit,1114.026,0,110.862,0,0,0,Vessel Live Movement,
KOTA CEPAT,VCS,Haiphong,VNHPH,2026-08-29 15:00:00,12.615069,69.254098,Transit,1104.539,0,110.862,0,0,0,Vessel Live Movement,
KOTA CEPAT,VCS,Haiphong,VNHPH,2026-08-29 18:00:00,12.773381,69.279367,Transit,1095.052,0,110.862,0,0,0,Vessel Live Movement,
KOTA CEPAT,VCS,Haiphong,VNHPH,2026-08-29 21:00:00,12.931692,69.304667,Transit,1085.564,0,110.862,0,0,0,Vessel Live Movement,
KOTA CEPAT,VCS,Haiphong,VNHPH,2026-08-30 00:00:00,13.089896,69.328011,Berthed,1083.983,0,110.862,0,0,0,Vessel Live Movement,
KOTA CEPAT,VCS,Haiphong,VNHPH,2026-08-30 03:00:00,13.08936,69.32943,Berthed,1082.402,0,110.862,0,0,0,Vessel Live Movement,
KOTA CEPAT,VCS,Haiphong,VNHPH,2026-08-30 06:00:00,13.089973,69.330047,Berthed,1080.821,0,110.862,0,0,0,Vessel Live Movement,
KOTA CEPAT,VCS,Haiphong,VNHPH,2026-08-30 09:00:00,13.089126,69.33027,Berthed,1079.24,0,110.862,0,0,0,Vessel Live Movement,
KOTA CEPAT,VCS,Haiphong,VNHPH,2026-08-30 12:00:00,13.089959,69.329345,Berthed,1077.658,0,110.862,0,0,0,Vessel Live Movement,
KOTA CEPAT,VCS,Haiphong,VNHPH,2026-08-30 15:00:00,13.090271,69.329485,Berthed,1076.077,0,110.862,0,0,0,Vessel Live Movement,
KOTA CEPAT,VCS,Haiphong,VNHPH,2026-08-30 18:00:00,13.089798,69.32874,Berthed,1074.496,0,110.862,0,0,0,Vessel Live Movement,
KOTA CEPAT,VCS,Haiphong,VNHPH,2026-08-30 21:00:00,13.088984,69.332108,Berthed,1072.915,0,110.862,0,0,0,Vessel Live Movement,
KOTA CEPAT,VCS,Qinzhou,CNQZH,2026-08-31 00:00:00,13.09,69.33,Transit,1063.427,0,110.862,0,0,0,Vessel Live Movement,
KOTA CEPAT,VCS,Qinzhou,CNQZH,2026-08-31 03:00:00,12.312614,72.241603,Transit,1053.94,0,110.862,0,0,0,Vessel Live Movement,
KOTA CEPAT,VCS,Qinzhou,CNQZH,2026-08-31 06:00:00,11.504592,75.135681,Transit,1044.453,0,110.862,0,0,0,Vessel Live Movement,
KOTA CEPAT,VCS,Qinzhou,CNQZH,2026-08-31 09:00:00,10.668172,78.012908,Transit,1034.965,0,110.862,0,0,0,Vessel Live Movement,
KOTA CEPAT,VCS,Qinzhou,CNQZH,2026-08-31 12:00:00,9.805617,80.874114,Transit,1025.478,0,110.862,0,0,0,Vessel Live Movement,
KOTA CEPAT,VCS,Qinzhou,CNQZH,2026-08-31 15:00:00,8.919214,83.720269,Transit,1015.991,0,110.862,0,0,0,Vessel Live Movement,
KOTA CEPAT,VCS,Qinzhou,CNQZH,2026-08-31 18:00:00,8.011266,86.552474,Transit,1006.503,0,110.862,0,0,0,Vessel Live Movement,
KOTA CEPAT,VCS,Qinzhou,CNQZH,2026-08-31 21:00:00,7.084087,89.371946,Transit,997.016,0,110.862,0,0,0,Vessel Live Movement,
KOTA CEPAT,VCS,Qinzhou,CNQZH,2026-09-01 00:00:00,6.141269,92.180781,Berthed,995.435,0,110.862,0,0,0,Vessel Live Movement,
KOTA CEPAT,VCS,Qinzhou,CNQZH,2026-09-01 03:00:00,6.140828,92.17916,Berthed,993.853,0,110.862,0,0,0,Vessel Live Movement,
KOTA CEPAT,VCS,Qinzhou,CNQZH,2026-09-01 06:00:00,6.138116,92.177588,Berthed,992.272,0,110.862,0,0,0,Vessel Live Movement,
KOTA CEPAT,VCS,Qinzhou,CNQZH,2026-09-01 09:00:00,6.139066,92.180348,Berthed,990.691,0,110.862,0,0,0,Vessel Live Movement,
KOTA CEPAT,VCS,Qinzhou,CNQZH,2026-09-01 12:00:00,6.140486,92.180287,Berthed,989.11,0,110.862,0,0,0,Vessel Live Movement,
KOTA CEPAT,VCS,Qinzhou,CNQZH,2026-09-01 15:00:00,6.139928,92.180063,Berthed,987.528,0,110.862,0,0,0,Vessel Live Movement,
KOTA CEPAT,VCS,Qinzhou,CNQZH,2026-09-01 18:00:00,6.139912,92.180264,Berthed,985.947,0,110.862,0,0,0,Vessel Live Movement,
KOTA CEPAT,VCS,Qinzhou,CNQZH,2026-09-01 21:00:00,6.139062,92.180119,Berthed,984.366,0,110.862,0,0,0,Vessel Live Movement,
KOTA CEPAT,VCS,Qui Nhon,VNUIH,2026-09-02 00:00:00,6.14,92.18,Transit,974.879,0,110.862,0,0,0,Vessel Live Movement,
KOTA CEPAT,VCS,Qui Nhon,VNUIH,2026-09-02 03:00:00,6.372494,90.724628,Transit,965.391,0,110.862,0,0,0,Vessel Live Movement,
KOTA CEPAT,VCS,Qui Nhon,VNUIH,2026-09-02 06:00:00,6.600907,89.267948,Transit,955.904,0,110.862,0,0,0,Vessel Live Movement,
KOTA CEPAT,VCS,Qui Nhon,VNUIH,2026-09-02 09:00:00,6.825087,87.809937,Transit,946.417,0,110.862,0,0,0,Vessel Live Movement,
KOTA CEPAT,VCS,Qui Nhon,VNUIH,2026-09-02 12:00:00,7.044886,86.350572,Transit,936.929,0,110.862,0,0,0,Vessel Live Movement,
KOTA CEPAT,VCS,Qui Nhon,VNUIH,2026-09-02 15:00:00,7.260155,84.889837,Transit,927.442,0,110.862,0,0,0,Vessel Live Movement,
KOTA CEPAT,VCS,Qui Nhon,VNUIH,2026-09-02 18:00:00,7.470753,83.427719,Transit,917.955,0,110.862,0,0,0,Vessel Live Movement,
KOTA CEPAT,VCS,Qui Nhon,VNUIH,2026-09-02 21:00:00,7.676535,81.964207,Transit,908.467,0,110.862,0,0,0,Vessel Live Movement,
KOTA CEPAT,VCS,Qui Nhon,VNUIH,2026-09-03 00:00:00,7.877365,80.499295,Transit,898.98,0,110.862,0,0,0,Vessel Live Movement,
KOTA CEPAT,VCS,Qui Nhon,VNUIH,2026-09-03 03:00:00,8.073105,79.032979,Transit,889.493,0,110.862,0,0,0,Vessel Live Movement,
KOTA CEPAT,VCS,Qui Nhon,VNUIH,2026-09-03 06:00:00,8.263622,77.56526,Transit,880.005,0,110.862,0,0,0,Vessel Live Movement,
KOTA CEPAT,VCS,Qui Nhon,VNUIH,2026-09-03 09:00:00,8.448787,76.096143,Transit,870.518,0,110.862,0,0,0,Vessel Live Movement,
KOTA CEPAT,VCS,Qui Nhon,VNUIH,2026-09-03 12:00:00,8.628472,74.625637,Transit,861.03,0,110.862,0,0,0,Vessel Live Movement,
KOTA CEPAT,VCS,Qui Nhon,VNUIH,2026-09-03 15:00:00,8.802555,73.153751,Transit,851.543,0,110.862,0,0,0,Vessel Live Movement,
KOTA CEPAT,VCS,Qui Nhon,VNUIH,2026-09-03 18:00:00,8.970914,71.680504,Transit,842.056,0,110.862,0,0,0,Vessel Live Movement,
KOTA CEPAT,VCS,Qui Nhon,VNUIH,2026-09-03 21:00:00,9.133433,70.205912,Transit,832.568,0,110.862,0,0,0,Vessel Live Movement,
KOTA CEPAT,VCS,Qui Nhon,VNUIH,2026-09-04 00:00:00,9.288972,68.730067,Berthed,830.987,0,110.862,0,0,0,Vessel Live Movement,
KOTA CEPAT,VCS,Qui Nhon,VNUIH,2026-09-04 03:00:00,9.289915,68.731582,Berthed,829.406,0,110.862,0,0,0,Vessel Live Movement,
KOTA CEPAT,VCS,Qui Nhon,VNUIH,2026-09-04 06:00:00,9.291695,68.730314,Berthed,827.825,0,110.862,0,0,0,Vessel Live Movement,
KOTA CEPAT,VCS,Qui Nhon,VNUIH,2026-09-04 09:00:00,9.289,68.731631,Berthed,826.244,0,110.862,0,0,0,Vessel Live Movement,
KOTA CEPAT,VCS,Qui Nhon,VNUIH,2026-09-04 12:00:00,9.290411,68.729631,Berthed,824.662,0,110.862,0,0,0,Vessel Live Movement,
KOTA CEPAT,VCS,Qui Nhon,VNUIH,2026-09-04 15:00:00,9.2897,68.730199,Berthed,823.081,0,110.862,0,0,0,Vessel Live Movement,
KOTA CEPAT,VCS,Qui Nhon,VNUIH,2026-09-04 18:00:00,9.289276,68.729674,Berthed,821.5,0,110.862,0,0,0,Vessel Live Movement,
KOTA CEPAT,VCS,Qui Nhon,VNUIH,2026-09-04 21:00:00,9.29074,68.730206,Berthed,819.919,0,110.862,0,0,0,Vessel Live Movement,
KOTA CEPAT,VCS,Haiphong,VNHPH,2026-09-05 00:00:00,9.29,68.73,Transit,810.431,0,110.862,0,0,0,Vessel Live Movement,
KOTA CEPAT,VCS,Haiphong,VNHPH,2026-09-05 03:00:00,9.448356,68.754703,Transit,800.944,0,110.862,0,0,0,Vessel Live Movement,
KOTA CEPAT,VCS,Haiphong,VNHPH,2026-09-05 06:00:00,9.60671,68.779429,Transit,791.457,0,110.862,0,0,0,Vessel Live Movement,
KOTA CEPAT,VCS,Haiphong,VNHPH,2026-09-05 09:00:00,9.765062,68.804179,Transit,781.969,0,110.862,0,0,0,Vessel Live Movement,
KOTA CEPAT,VCS,Haiphong,VNHPH,2026-09-05 12:00:00,9.923413,68.828951,Transit,772.482,0,110.862,0,0,0,Vessel Live Movement,
KOTA CEPAT,VCS,Haiphong,VNHPH,2026-09-05 15:00:00,10.081762,68.853748,Transit,762.995,0,110.862,0,0,0,Vessel Live Movement,
KOTA CEPAT,VCS,Haiphong,VNHPH,2026-09-05 18:00:00,10.240109,68.878569,Transit,753.507,0,110.862,0,0,0,Vessel Live Movement,
KOTA CEPAT,VCS,Haiphong,VNHPH,2026-09-05 21:00:00,10.398454,68.903415,Transit,744.02,0,110.862,0,0,0,Vessel Live Movement,
KOTA CEPAT,VCS,Haiphong,VNHPH,2026-09-06 00:00:00,10.556797,68.928286,Transit,734.532,0,110.862,0,0,0,Vessel Live Movement,
KOTA CEPAT,VCS,Haiphong,VNHPH,2026-09-06 03:00:00,10.715138,68.953183,Transit,725.045,0,110.862,0,0,0,Vessel Live Movement,
KOTA CEPAT,VCS,Haiphong,VNHPH,2026-09-06 06:00:00,10.873477,68.978106,Transit,715.558,0,110.862,0,0,0,Vessel Live Movement,
KOTA CEPAT,VCS,Haiphong,VNHPH,2026-09-06 09:00:00,11.031814,69.003055,Transit,706.07,0,110.862,0,0,0,Vessel Live Movement,
KOTA CEPAT,VCS,Haiphong,VNHPH,2026-09-06 12:00:00,11.19015,69.028031,Transit,696.583,0,110.862,0,0,0,Vessel Live Movement,
KOTA CEPAT,VCS,Haiphong,VNHPH,2026-09-06 15:00:00,11.348483,69.053035,Transit,687.096,0,110.862,0,0,0,Vessel Live Movement,
KOTA CEPAT,VCS,Haiphong,VNHPH,2026-09-06 18:00:00,11.506814,69.078066,Transit,677.608,0,110.862,0,0,0,Vessel Live Movement,
KOTA CEPAT,VCS,Haiphong,VNHPH,2026-09-06 21:00:00,11.665142,69.103125,Transit,668.121,0,110.862,0,0,0,Vessel Live Movement,
KOTA CEPAT,VCS,Haiphong,VNHPH,2026-09-07 00:00:00,11.823469,69.128213,Transit,658.634,0,110.862,0,0,0,Vessel Live Movement,
KOTA CEPAT,VCS,Haiphong,VNHPH,2026-09-07 03:00:00,11.981793,69.153331,Transit,649.146,0,110.862,0,0,0,Vessel Live Movement,
KOTA CEPAT,VCS,Haiphong,VNHPH,2026-09-07 06:00:00,12.140116,69.178477,Transit,639.659,0,110.862,0,0,0,Vessel Live Movement,
KOTA CEPAT,VCS,Haiphong,VNHPH,2026-09-07 09:00:00,12.298436,69.203654,Transit,630.172,0,110.862,0,0,0,Vessel Live Movement,
KOTA CEPAT,VCS,Haiphong,VNHPH,2026-09-07 12:00:00,12.456753,69.22886,Transit,620.684,0,110.862,0,0,0,Vessel Live Movement,
KOTA CEPAT,VCS,Haiphong,VNHPH,2026-09-07 15:00:00,12.615069,69.254098,Transit,611.197,0,110.862,0,0,0,Vessel Live Movement,
KOTA CEPAT,VCS,Haiphong,VNHPH,2026-09-07 18:00:00,12.773381,69.279367,Transit,601.71,0,110.862,0,0,0,Vessel Live Movement,
KOTA CEPAT,VCS,Haiphong,VNHPH,2026-09-07 21:00:00,12.931692,69.304667,Transit,592.222,0,110.862,0,0,0,Vessel Live Movement,
KOTA CEPAT,VCS,Haiphong,VNHPH,2026-09-08 00:00:00,13.089815,69.330517,Berthed,1837.533,0,110.862,1246.892,0,0,Vessel Live Movement,
KOTA CEPAT,VCS,Haiphong,VNHPH,2026-09-08 03:00:00,13.09013,69.32959,Berthed,1835.952,0,110.862,0,0,0,Vessel Live Movement,
KOTA CEPAT,VCS,Haiphong,VNHPH,2026-09-08 06:00:00,13.09127,69.327913,Berthed,1834.371,0,110.862,0,0,0,Vessel Live Movement,
KOTA CEPAT,VCS,Haiphong,VNHPH,2026-09-08 09:00:00,13.08945,69.32921,Berthed,1832.789,0,110.862,0,0,0,Vessel Live Movement,
KOTA CEPAT,VCS,Haiphong,VNHPH,2026-09-08 12:00:00,13.08853,69.331812,Berthed,1831.208,0,110.862,0,0,0,Vessel Live Movement,
KOTA CEPAT,VCS,Haiphong,VNHPH,2026-09-08 15:00:00,13.089925,69.330761,Berthed,1829.627,0,110.862,0,0,0,Vessel Live Movement,
KOTA CEPAT,VCS,Haiphong,VNHPH,2026-09-08 18:00:00,13.09107,69.331788,Berthed,1828.046,0,110.862,0,0,0,Vessel Live Movement,
KOTA CEPAT,VCS,Haiphong,VNHPH,2026-09-08 21:00:00,13.090212,69.331868,Berthed,1826.464,0,110.862,0,0,0,Vessel Live Movement,
KOTA CEPAT,VCS,Qinzhou,CNQZH,2026-09-09 00:00:00,13.09,69.33,Transit,1816.977,0,110.862,0,0,0,Vessel Live Movement,
KOTA CEPAT,VCS,Qinzhou,CNQZH,2026-09-09 03:00:00,12.312614,72.241603,Transit,1807.49,0,110.862,0,0,0,Vessel Live Movement,
KOTA CEPAT,VCS,Qinzhou,CNQZH,2026-09-09 06:00:00,11.504592,75.135681,Transit,1798.002,0,110.862,0,0,0,Vessel Live Movement,
KOTA CEPAT,VCS,Qinzhou,CNQZH,2026-09-09 09:00:00,10.668172,78.012908,Transit,1788.515,0,110.862,0,0,0,Vessel Live Movement,
KOTA CEPAT,VCS,Qinzhou,CNQZH,2026-09-09 12:00:00,9.805617,80.874114,Transit,1779.028,0,110.862,0,0,0,Vessel Live Movement,
KOTA CEPAT,VCS,Qinzhou,CNQZH,2026-09-09 15:00:00,8.919214,83.720269,Transit,1769.54,0,110.862,0,0,0,Vessel Live Movement,
KOTA CEPAT,VCS,Qinzhou,CNQZH,2026-09-09 18:00:00,8.011266,86.552474,Transit,1760.053,0,110.862,0,0,0,Vessel Live Movement,
KOTA CEPAT,VCS,Qinzhou,CNQZH,2026-09-09 21:00:00,7.084087,89.371946,Transit,1750.566,0,110.862,0,0,0,Vessel Live Movement,
KOTA CEPAT,VCS,Qinzhou,CNQZH,2026-09-10 00:00:00,6.139028,92.181602,Berthed,1748.984,0,110.862,0,0,0,Vessel Live Movement,
KOTA CEPAT,VCS,Qinzhou,CNQZH,2026-09-10 03:00:00,6.139835,92.179231,Berthed,1747.403,0,110.862,0,0,0,Vessel Live Movement,
KOTA CEPAT,VCS,Qinzhou,CNQZH,2026-09-10 06:00:00,6.137614,92.180046,Berthed,1745.822,0,110.862,0,0,0,Vessel Live Movement,
KOTA CEPAT,VCS,Qinzhou,CNQZH,2026-09-10 09:00:00,6.140961,92.178847,Berthed,1744.241,0,110.862,0,0,0,Vessel Live Movement,
KOTA CEPAT,VCS,Qinzhou,CNQZH,2026-09-10 12:00:00,6.140901,92.180472,Berthed,1742.659,0,110.862,0,0,0,Vessel Live Movement,
KOTA CEPAT,VCS,Qinzhou,CNQZH,2026-09-10 15:00:00,6.140995,92.179399,Berthed,1741.078,0,110.862,0,0,0,Vessel Live Movement,
KOTA CEPAT,VCS,Qinzhou,CNQZH,2026-09-10 18:00:00,6.138932,92.179573,Berthed,1739.497,0,110.862,0,0,0,Vessel Live Movement,
KOTA CEPAT,VCS,Qinzhou,CNQZH,2026-09-10 21:00:00,6.139072,92.181409,Berthed,1737.916,0,110.862,0,0,0,Vessel Live Movement,
KOTA CEPAT,VCS,Qui Nhon,VNUIH,2026-09-11 00:00:00,6.14,92.18,Transit,1728.428,0,110.862,0,0,0,Vessel Live Movement,
KOTA CEPAT,VCS,Qui Nhon,VNUIH,2026-09-11 03:00:00,6.372494,90.724628,Transit,1718.941,0,110.862,0,0,0,Vessel Live Movement,
KOTA CEPAT,VCS,Qui Nhon,VNUIH,2026-09-11 06:00:00,6.600907,89.267948,Transit,1709.454,0,110.862,0,0,0,Vessel Live Movement,
KOTA CEPAT,VCS,Qui Nhon,VNUIH,2026-09-11 09:00:00,6.825087,87.809937,Transit,1699.966,0,110.862,0,0,0,Vessel Live Movement,
KOTA CEPAT,VCS,Qui Nhon,VNUIH,2026-09-11 12:00:00,7.044886,86.350572,Transit,1690.479,0,110.862,0,0,0,Vessel Live Movement,
KOTA CEPAT,VCS,Qui Nhon,VNUIH,2026-09-11 15:00:00,7.260155,84.889837,Transit,1680.992,0,110.862,0,0,0,Vessel Live Movement,
KOTA CEPAT,VCS,Qui Nhon,VNUIH,2026-09-11 18:00:00,7.470753,83.427719,Transit,1671.504,0,110.862,0,0,0,Vessel Live Movement,
KOTA CEPAT,VCS,Qui Nhon,VNUIH,2026-09-11 21:00:00,7.676535,81.964207,Transit,1662.017,0,110.862,0,0,0,Vessel Live Movement,
KOTA CEPAT,VCS,Qui Nhon,VNUIH,2026-09-12 00:00:00,7.877365,80.499295,Transit,1652.53,0,110.862,0,0,0,Vessel Live Movement,
KOTA CEPAT,VCS,Qui Nhon,VNUIH,2026-09-12 03:00:00,8.073105,79.032979,Transit,1643.042,0,110.862,0,0,0,Vessel Live Movement,
KOTA CEPAT,VCS,Qui Nhon,VNUIH,2026-09-12 06:00:00,8.263622,77.56526,Transit,1633.555,0,110.862,0,0,0,Vessel Live Movement,
KOTA CEPAT,VCS,Qui Nhon,VNUIH,2026-09-12 09:00:00,8.448787,76.096143,Transit,1624.068,0,110.862,0,0,0,Vessel Live Movement,
KOTA CEPAT,VCS,Qui Nhon,VNUIH,2026-09-12 12:00:00,8.628472,74.625637,Transit,1614.58,0,110.862,0,0,0,Vessel Live Movement,
KOTA CEPAT,VCS,Qui Nhon,VNUIH,2026-09-12 15:00:00,8.802555,73.153751,Transit,1605.093,0,110.862,0,0,0,Vessel Live Movement,
KOTA CEPAT,VCS,Qui Nhon,VNUIH,2026-09-12 18:00:00,8.970914,71.680504,Transit,1595.606,0,110.862,0,0,0,Vessel Live Movement,
KOTA CEPAT,VCS,Qui Nhon,VNUIH,2026-09-12 21:00:00,9.133433,70.205912,Transit,1586.118,0,110.862,0,0,0,Vessel Live Movement,
KOTA CEPAT,VCS,Qui Nhon,VNUIH,2026-09-13 00:00:00,9.288715,68.730358,Berthed,1584.537,0,110.862,0,0,0,Vessel Live Movement,
KOTA CEPAT,VCS,Qui Nhon,VNUIH,2026-09-13 03:00:00,9.291743,68.73017,Berthed,1582.956,0,110.862,0,0,0,Vessel Live Movement,
KOTA CEPAT,VCS,Qui Nhon,VNUIH,2026-09-13 06:00:00,9.290498,68.729141,Berthed,1581.375,0,110.862,0,0,0,Vessel Live Movement,
KOTA CEPAT,VCS,Qui Nhon,VNUIH,2026-09-13 09:00:00,9.288969,68.731177,Berthed,1579.793,0,110.862,0,0,0,Vessel Live Movement,
KOTA CEPAT,VCS,Qui Nhon,VNUIH,2026-09-13 12:00:00,9.290402,68.728706,Berthed,1578.212,0,110.862,0,0,0,Vessel Live Movement,
KOTA CEPAT,VCS,Qui Nhon,VNUIH,2026-09-13 15:00:00,9.2906,68.730459,Berthed,1576.631,0,110.862,0,0,0,Vessel Live Movement,
KOTA CEPAT,VCS,Qui Nhon,VNUIH,2026-09-13 18:00:00,9.28847,68.730704,Berthed,1575.05,0,110.862,0,0,0,Vessel Live Movement,
KOTA CEPAT,VCS,Qui Nhon,VNUIH,2026-09-13 21:00:00,9.289104,68.730259,Berthed,1573.468,0,110.862,0,0,0,Vessel Live Movement,
KOTA CEPAT,VCS,Haiphong,VNHPH,2026-09-14 00:00:00,9.29,68.73,Transit,1563.981,0,110.862,0,0,0,Vessel Live Movement,
KOTA CEPAT,VCS,Haiphong,VNHPH,2026-09-14 03:00:00,9.448356,68.754703,Transit,1554.494,0,110.862,0,0,0,Vessel Live Movement,
KOTA CEPAT,VCS,Haiphong,VNHPH,2026-09-14 06:00:00,9.60671,68.779429,Transit,1545.006,0,110.862,0,0,0,Vessel Live Movement,
KOTA CEPAT,VCS,Haiphong,VNHPH,2026-09-14 09:00:00,9.765062,68.804179,Transit,1535.519,0,110.862,0,0,0,Vessel Live Movement,
KOTA CEPAT,VCS,Haiphong,VNHPH,2026-09-14 12:00:00,9.923413,68.828951,Transit,1526.032,0,110.862,0,0,0,Vessel Live Movement,
KOTA CEPAT,VCS,Haiphong,VNHPH,2026-09-14 15:00:00,10.081762,68.853748,Transit,1516.544,0,110.862,0,0,0,Vessel Live Movement,
KOTA CEPAT,VCS,Haiphong,VNHPH,2026-09-14 18:00:00,10.240109,68.878569,Transit,1507.057,0,110.862,0,0,0,Vessel Live Movement,
KOTA CEPAT,VCS,Haiphong,VNHPH,2026-09-14 21:00:00,10.398454,68.903415,Transit,1497.57,0,110.862,0,0,0,Vessel Live Movement,
KOTA CEPAT,VCS,Haiphong,VNHPH,2026-09-15 00:00:00,10.556797,68.928286,Transit,1488.082,0,110.862,0,0,0,Vessel Live Movement,
KOTA CEPAT,VCS,Haiphong,VNHPH,2026-09-15 03:00:00,10.715138,68.953183,Transit,1478.595,0,110.862,0,0,0,Vessel Live Movement,
KOTA CEPAT,VCS,Haiphong,VNHPH,2026-09-15 06:00:00,10.873477,68.978106,Transit,1469.108,0,110.862,0,0,0,Vessel Live Movement,
KOTA CEPAT,VCS,Haiphong,VNHPH,2026-09-15 09:00:00,11.031814,69.003055,Transit,1459.62,0,110.862,0,0,0,Vessel Live Movement,
KOTA CEPAT,VCS,Haiphong,VNHPH,2026-09-15 12:00:00,11.19015,69.028031,Transit,1450.133,0,110.862,0,0,0,Vessel Live Movement,
KOTA CEPAT,VCS,Haiphong,VNHPH,2026-09-15 15:00:00,11.348483,69.053035,Transit,1440.646,0,110.862,0,0,0,Vessel Live Movement,
KOTA CEPAT,VCS,Haiphong,VNHPH,2026-09-15 18:00:00,11.506814,69.078066,Transit,1431.158,0,110.862,0,0,0,Vessel Live Movement,
KOTA CEPAT,VCS,Haiphong,VNHPH,2026-09-15 21:00:00,11.665142,69.103125,Transit,1421.671,0,110.862,0,0,0,Vessel Live Movement,
KOTA CEPAT,VCS,Haiphong,VNHPH,2026-09-16 00:00:00,11.823469,69.128213,Transit,1412.183,0,110.862,0,0,0,Vessel Live Movement,
KOTA CEPAT,VCS,Haiphong,VNHPH,2026-09-16 03:00:00,11.981793,69.153331,Transit,1402.696,0,110.862,0,0,0,Vessel Live Movement,
KOTA CEPAT,VCS,Haiphong,VNHPH,2026-09-16 06:00:00,12.140116,69.178477,Transit,1393.209,0,110.862,0,0,0,Vessel Live Movement,
KOTA CEPAT,VCS,Haiphong,VNHPH,2026-09-16 09:00:00,12.298436,69.203654,Transit,1383.721,0,110.862,0,0,0,Vessel Live Movement,
KOTA CEPAT,VCS,Haiphong,VNHPH,2026-09-16 12:00:00,12.456753,69.22886,Transit,1374.234,0,110.862,0,0,0,Vessel Live Movement,
KOTA CEPAT,VCS,Haiphong,VNHPH,2026-09-16 15:00:00,12.615069,69.254098,Transit,1364.747,0,110.862,0,0,0,Vessel Live Movement,
KOTA CEPAT,VCS,Haiphong,VNHPH,2026-09-16 18:00:00,12.773381,69.279367,Transit,1355.259,0,110.862,0,0,0,Vessel Live Movement,
KOTA CEPAT,VCS,Haiphong,VNHPH,2026-09-16 21:00:00,12.931692,69.304667,Transit,1345.772,0,110.862,0,0,0,Vessel Live Movement,
KOTA CEPAT,VCS,Haiphong,VNHPH,2026-09-17 00:00:00,13.089977,69.328986,Berthed,1344.191,0,110.862,0,0,0,Vessel Live Movement,
KOTA CEPAT,VCS,Haiphong,VNHPH,2026-09-17 03:00:00,13.090435,69.32971,Berthed,1342.61,0,110.862,0,0,0,Vessel Live Movement,
KOTA CEPAT,VCS,Haiphong,VNHPH,2026-09-17 06:00:00,13.090578,69.328893,Berthed,1341.028,0,110.862,0,0,0,Vessel Live Movement,
KOTA CEPAT,VCS,Haiphong,VNHPH,2026-09-17 09:00:00,13.088675,69.329507,Berthed,1339.447,0,110.862,0,0,0,Vessel Live Movement,
KOTA CEPAT,VCS,Haiphong,VNHPH,2026-09-17 12:00:00,13.090479,69.32876,Berthed,1337.866,0,110.862,0,0,0,Vessel Live Movement,
KOTA CEPAT,VCS,Haiphong,VNHPH,2026-09-17 15:00:00,13.090895,69.329358,Berthed,1336.285,0,110.862,0,0,0,Vessel Live Movement,
KOTA CEPAT,VCS,Haiphong,VNHPH,2026-09-17 18:00:00,13.090593,69.329325,Berthed,1334.703,0,110.862,0,0,0,Vessel Live Movement,
KOTA CEPAT,VCS,Haiphong,VNHPH,2026-09-17 21:00:00,13.089721,69.330088,Berthed,1333.122,0,110.862,0,0,0,Vessel Live Movement,
KOTA CEPAT,VCS,Qinzhou,CNQZH,2026-09-18 00:00:00,13.09,69.33,Transit,1323.635,0,110.862,0,0,0,Vessel Live Movement,
KOTA CEPAT,VCS,Qinzhou,CNQZH,2026-09-18 03:00:00,12.312614,72.241603,Transit,1314.148,0,110.862,0,0,0,Vessel Live Movement,
KOTA CEPAT,VCS,Qinzhou,CNQZH,2026-09-18 06:00:00,11.504592,75.135681,Transit,1304.66,0,110.862,0,0,0,Vessel Live Movement,
KOTA CEPAT,VCS,Qinzhou,CNQZH,2026-09-18 09:00:00,10.668172,78.012908,Transit,1295.173,0,110.862,0,0,0,Vessel Live Movement,
KOTA CEPAT,VCS,Qinzhou,CNQZH,2026-09-18 12:00:00,9.805617,80.874114,Transit,1285.685,0,110.862,0,0,0,Vessel Live Movement,
KOTA CEPAT,VCS,Qinzhou,CNQZH,2026-09-18 15:00:00,8.919214,83.720269,Transit,1276.198,0,110.862,0,0,0,Vessel Live Movement,
KOTA CEPAT,VCS,Qinzhou,CNQZH,2026-09-18 18:00:00,8.011266,86.552474,Transit,1266.711,0,110.862,0,0,0,Vessel Live Movement,
KOTA CEPAT,VCS,Qinzhou,CNQZH,2026-09-18 21:00:00,7.084087,89.371946,Transit,1257.223,0,110.862,0,0,0,Vessel Live Movement,
KOTA CEPAT,VCS,Qinzhou,CNQZH,2026-09-19 00:00:00,6.139972,92.179425,Berthed,1255.642,0,110.862,0,0,0,Vessel Live Movement,
KOTA CEPAT,VCS,Qinzhou,CNQZH,2026-09-19 03:00:00,6.139281,92.180117,Berthed,1254.061,0,110.862,0,0,0,Vessel Live Movement,
KOTA CEPAT,VCS,Qinzhou,CNQZH,2026-09-19 06:00:00,6.140787,92.179634,Berthed,1252.48,0,110.862,0,0,0,Vessel Live Movement,
KOTA CEPAT,VCS,Qinzhou,CNQZH,2026-09-19 09:00:00,6.138057,92.17994,Berthed,1250.899,0,110.862,0,0,0,Vessel Live Movement,
KOTA CEPAT,VCS,Qinzhou,CNQZH,2026-09-19 12:00:00,6.139777,92.180641,Berthed,1249.317,0,110.862,0,0,0,Vessel Live Movement,
KOTA CEPAT,VCS,Qinzhou,CNQZH,2026-09-19 15:00:00,6.139729,92.180433,Berthed,1247.736,0,110.862,0,0,0,Vessel Live Movement,
KOTA CEPAT,VCS,Qinzhou,CNQZH,2026-09-19 18:00:00,6.140031,92.177906,Berthed,1246.155,0,110.862,0,0,0,Vessel Live Movement,
KOTA CEPAT,VCS,Qinzhou,CNQZH,2026-09-19 21:00:00,6.139839,92.179633,Berthed,1244.574,0,110.862,0,0,0,Vessel Live Movement,
KOTA CEPAT,VCS,Qui Nhon,VNUIH,2026-09-20 00:00:00,6.14,92.18,Transit,1235.086,0,110.862,0,0,0,Vessel Live Movement,
KOTA CEPAT,VCS,Qui Nhon,VNUIH,2026-09-20 03:00:00,6.372494,90.724628,Transit,1225.599,0,110.862,0,0,0,Vessel Live Movement,
KOTA CEPAT,VCS,Qui Nhon,VNUIH,2026-09-20 06:00:00,6.600907,89.267948,Transit,1216.112,0,110.862,0,0,0,Vessel Live Movement,
KOTA CEPAT,VCS,Qui Nhon,VNUIH,2026-09-20 09:00:00,6.825087,87.809937,Transit,1206.624,0,110.862,0,0,0,Vessel Live Movement,
KOTA CEPAT,VCS,Qui Nhon,VNUIH,2026-09-20 12:00:00,7.044886,86.350572,Transit,1197.137,0,110.862,0,0,0,Vessel Live Movement,
KOTA CEPAT,VCS,Qui Nhon,VNUIH,2026-09-20 15:00:00,7.260155,84.889837,Transit,1187.65,0,110.862,0,0,0,Vessel Live Movement,
KOTA CEPAT,VCS,Qui Nhon,VNUIH,2026-09-20 18:00:00,7.470753,83.427719,Transit,1178.162,0,110.862,0,0,0,Vessel Live Movement,
KOTA CEPAT,VCS,Qui Nhon,VNUIH,2026-09-20 21:00:00,7.676535,81.964207,Transit,1168.675,0,110.862,0,0,0,Vessel Live Movement,
KOTA CEPAT,VCS,Qui Nhon,VNUIH,2026-09-21 00:00:00,7.877365,80.499295,Transit,1159.187,0,110.862,0,0,0,Vessel Live Movement,
KOTA CEPAT,VCS,Qui Nhon,VNUIH,2026-09-21 03:00:00,8.073105,79.032979,Transit,1149.7,0,110.862,0,0,0,Vessel Live Movement,
KOTA CEPAT,VCS,Qui Nhon,VNUIH,2026-09-21 06:00:00,8.263622,77.56526,Transit,1140.213,0,110.862,0,0,0,Vessel Live Movement,
KOTA CEPAT,VCS,Qui Nhon,VNUIH,2026-09-21 09:00:00,8.448787,76.096143,Transit,1130.725,0,110.862,0,0,0,Vessel Live Movement,
KOTA CEPAT,VCS,Qui Nhon,VNUIH,2026-09-21 12:00:00,8.628472,74.625637,Transit,1121.238,0,110.862,0,0,0,Vessel Live Movement,
KOTA CEPAT,VCS,Qui Nhon,VNUIH,2026-09-21 15:00:00,8.802555,73.153751,Transit,1111.751,0,110.862,0,0,0,Vessel Live Movement,
KOTA CEPAT,VCS,Qui Nhon,VNUIH,2026-09-21 18:00:00,8.970914,71.680504,Transit,1102.263,0,110.862,0,0,0,Vessel Live Movement,
KOTA CEPAT,VCS,Qui Nhon,VNUIH,2026-09-21 21:00:00,9.133433,70.205912,Transit,1092.776,0,110.862,0,0,0,Vessel Live Movement,
KOTA CEPAT,VCS,Qui Nhon,VNUIH,2026-09-22 00:00:00,9.288798,68.730483,Berthed,1091.195,0,110.862,0,0,0,Vessel Live Movement,
KOTA CEPAT,VCS,Qui Nhon,VNUIH,2026-09-22 03:00:00,9.289961,68.730744,Berthed,1089.614,0,110.862,0,0,0,Vessel Live Movement,
KOTA CEPAT,VCS,Qui Nhon,VNUIH,2026-09-22 06:00:00,9.289696,68.729113,Berthed,1088.032,0,110.862,0,0,0,Vessel Live Movement,
KOTA CEPAT,VCS,Qui Nhon,VNUIH,2026-09-22 09:00:00,9.289766,68.730039,Berthed,1086.451,0,110.862,0,0,0,Vessel Live Movement,
KOTA CEPAT,VCS,Qui Nhon,VNUIH,2026-09-22 12:00:00,9.29068,68.730238,Berthed,1084.87,0,110.862,0,0,0,Vessel Live Movement,
KOTA CEPAT,VCS,Qui Nhon,VNUIH,2026-09-22 15:00:00,9.289822,68.730367,Berthed,1083.289,0,110.862,0,0,0,Vessel Live Movement,
KOTA CEPAT,VCS,Qui Nhon,VNUIH,2026-09-22 18:00:00,9.290627,68.731783,Berthed,1081.707,0,110.862,0,0,0,Vessel Live Movement,
KOTA CEPAT,VCS,Qui Nhon,VNUIH,2026-09-22 21:00:00,9.288519,68.72938,Berthed,1080.126,0,110.862,0,0,0,Vessel Live Movement,
KOTA CEPAT,VCS,Haiphong,VNHPH,2026-09-23 00:00:00,9.29,68.73,Transit,1070.639,0,110.862,0,0,0,Vessel Live Movement,
KOTA CEPAT,VCS,Haiphong,VNHPH,2026-09-23 03:00:00,9.448356,68.754703,Transit,1061.152,0,110.862,0,0,0,Vessel Live Movement,
KOTA CEPAT,VCS,Haiphong,VNHPH,2026-09-23 06:00:00,9.60671,68.779429,Transit,1051.664,0,110.862,0,0,0,Vessel Live Movement,
KOTA CEPAT,VCS,Haiphong,VNHPH,2026-09-23 09:00:00,9.765062,68.804179,Transit,1042.177,0,110.862,0,0,0,Vessel Live Movement,
KOTA CEPAT,VCS,Haiphong,VNHPH,2026-09-23 12:00:00,9.923413,68.828951,Transit,1032.689,0,110.862,0,0,0,Vessel Live Movement,
KOTA CEPAT,VCS,Haiphong,VNHPH,2026-09-23 15:00:00,10.081762,68.853748,Transit,1023.202,0,110.862,0,0,0,Vessel Live Movement,
KOTA CEPAT,VCS,Haiphong,VNHPH,2026-09-23 18:00:00,10.240109,68.878569,Transit,1013.715,0,110.862,0,0,0,Vessel Live Movement,
KOTA CEPAT,VCS,Haiphong,VNHPH,2026-09-23 21:00:00,10.398454,68.903415,Transit,1004.227,0,110.862,0,0,0,Vessel Live Movement,
KOTA CEPAT,VCS,Haiphong,VNHPH,2026-09-24 00:00:00,10.556797,68.928286,Transit,994.74,0,110.862,0,0,0,Vessel Live Movement,
KOTA CEPAT,VCS,Haiphong,VNHPH,2026-09-24 03:00:00,10.715138,68.953183,Transit,985.253,0,110.862,0,0,0,Vessel Live Movement,
KOTA CEPAT,VCS,Haiphong,VNHPH,2026-09-24 06:00:00,10.873477,68.978106,Transit,975.765,0,110.862,0,0,0,Vessel Live Movement,
KOTA CEPAT,VCS,Haiphong,VNHPH,2026-09-24 09:00:00,11.031814,69.003055,Transit,966.278,0,110.862,0,0,0,Vessel Live Movement,
KOTA CEPAT,VCS,Haiphong,VNHPH,2026-09-24 12:00:00,11.19015,69.028031,Transit,956.791,0,110.862,0,0,0,Vessel Live Movement,
KOTA CEPAT,VCS,Haiphong,VNHPH,2026-09-24 15:00:00,11.348483,69.053035,Transit,947.303,0,110.862,0,0,0,Vessel Live Movement,
KOTA CEPAT,VCS,Haiphong,VNHPH,2026-09-24 18:00:00,11.506814,69.078066,Transit,937.816,0,110.862,0,0,0,Vessel Live Movement,
KOTA CEPAT,VCS,Haiphong,VNHPH,2026-09-24 21:00:00,11.665142,69.103125,Transit,928.329,0,110.862,0,0,0,Vessel Live Movement,
KOTA CEPAT,VCS,Haiphong,VNHPH,2026-09-25 00:00:00,11.823469,69.128213,Transit,918.841,0,110.862,0,0,0,Vessel Live Movement,
KOTA CEPAT,VCS,Haiphong,VNHPH,2026-09-25 03:00:00,11.981793,69.153331,Transit,909.354,0,110.862,0,0,0,Vessel Live Movement,
KOTA CEPAT,VCS,Haiphong,VNHPH,2026-09-25 06:00:00,12.140116,69.178477,Transit,899.867,0,110.862,0,0,0,Vessel Live Movement,
KOTA CEPAT,VCS,Haiphong,VNHPH,2026-09-25 09:00:00,12.298436,69.203654,Transit,890.379,0,110.862,0,0,0,Vessel Live Movement,
KOTA CEPAT,VCS,Haiphong,VNHPH,2026-09-25 12:00:00,12.456753,69.22886,Transit,880.892,0,110.862,0,0,0,Vessel Live Movement,
KOTA CEPAT,VCS,Haiphong,VNHPH,2026-09-25 15:00:00,12.615069,69.254098,Transit,871.405,0,110.862,0,0,0,Vessel Live Movement,
KOTA CEPAT,VCS,Haiphong,VNHPH,2026-09-25 18:00:00,12.773381,69.279367,Transit,861.917,0,110.862,0,0,0,Vessel Live Movement,
KOTA CEPAT,VCS,Haiphong,VNHPH,2026-09-25 21:00:00,12.931692,69.304667,Transit,852.43,0,110.862,0,0,0,Vessel Live Movement,
KOTA CEPAT,VCS,Haiphong,VNHPH,2026-09-26 00:00:00,13.091713,69.329736,Berthed,850.849,0,110.862,0,0,0,Vessel Live Movement,
KOTA CEPAT,VCS,Haiphong,VNHPH,2026-09-26 03:00:00,13.089345,69.328559,Berthed,849.267,0,110.862,0,0,0,Vessel Live Movement,
KOTA CEPAT,VCS,Haiphong,VNHPH,2026-09-26 06:00:00,13.090317,69.329845,Berthed,847.686,0,110.862,0,0,0,Vessel Live Movement,
KOTA CEPAT,VCS,Haiphong,VNHPH,2026-09-26 09:00:00,13.088628,69.32935,Berthed,846.105,0,110.862,0,0,0,Vessel Live Movement,
KOTA CEPAT,VCS,Haiphong,VNHPH,2026-09-26 12:00:00,13.092201,69.329347,Berthed,844.524,0,110.862,0,0,0,Vessel Live Movement,
KOTA CEPAT,VCS,Haiphong,VNHPH,2026-09-26 15:00:00,13.09113,69.330078,Berthed,842.942,0,110.862,0,0,0,Vessel Live Movement,
KOTA CEPAT,VCS,Haiphong,VNHPH,2026-09-26 18:00:00,13.089743,69.328841,Berthed,841.361,0,110.862,0,0,0,Vessel Live Movement,
KOTA CEPAT,VCS,Haiphong,VNHPH,2026-09-26 21:00:00,13.089885,69.330488,Berthed,839.78,0,110.862,0,0,0,Vessel Live Movement,
KOTA CEPAT,VCS,Qinzhou,CNQZH,2026-09-27 00:00:00,13.09,69.33,Transit,830.293,0,110.862,0,0,0,Vessel Live Movement,
KOTA CEPAT,VCS,Qinzhou,CNQZH,2026-09-27 03:00:00,12.312614,72.241603,Transit,820.805,0,110.862,0,0,0,Vessel Live Movement,
KOTA CEPAT,VCS,Qinzhou,CNQZH,2026-09-27 06:00:00,11.504592,75.135681,Transit,811.318,0,110.862,0,0,0,Vessel Live Movement,
KOTA CEPAT,VCS,Qinzhou,CNQZH,2026-09-27 09:00:00,10.668172,78.012908,Transit,801.831,0,110.862,0,0,0,Vessel Live Movement,
KOTA CEPAT,VCS,Qinzhou,CNQZH,2026-09-27 12:00:00,9.805617,80.874114,Transit,792.343,0,110.862,0,0,0,Vessel Live Movement,
KOTA CEPAT,VCS,Qinzhou,CNQZH,2026-09-27 15:00:00,8.919214,83.720269,Transit,782.856,0,110.862,0,0,0,Vessel Live Movement,
KOTA CEPAT,VCS,Qinzhou,CNQZH,2026-09-27 18:00:00,8.011266,86.552474,Transit,773.369,0,110.862,0,0,0,Vessel Live Movement,
KOTA CEPAT,VCS,Qinzhou,CNQZH,2026-09-27 21:00:00,7.084087,89.371946,Transit,763.881,0,110.862,0,0,0,Vessel Live Movement,
KOTA CEPAT,VCS,Qinzhou,CNQZH,2026-09-28 00:00:00,6.14011,92.180807,Berthed,2109.099,0,110.862,1346.799,0,0,Vessel Live Movement,
KOTA CEPAT,VCS,Qinzhou,CNQZH,2026-09-28 03:00:00,6.139948,92.179452,Berthed,2107.518,0,110.862,0,0,0,Vessel Live Movement,
KOTA CEPAT,VCS,Qinzhou,CNQZH,2026-09-28 06:00:00,6.139068,92.180028,Berthed,2105.937,0,110.862,0,0,0,Vessel Live Movement,
KOTA CEPAT,VCS,Qinzhou,CNQZH,2026-09-28 09:00:00,6.139871,92.178219,Berthed,2104.356,0,110.862,0,0,0,Vessel Live Movement,
KOTA CEPAT,VCS,Qinzhou,CNQZH,2026-09-28 12:00:00,6.142062,92.18032,Berthed,2102.775,0,110.862,0,0,0,Vessel Live Movement,
KOTA CEPAT,VCS,Qinzhou,CNQZH,2026-09-28 15:00:00,6.139681,92.179088,Berthed,2101.193,0,110.862,0,0,0,Vessel Live Movement,
KOTA CEPAT,VCS,Qinzhou,CNQZH,2026-09-28 18:00:00,6.139329,92.179163,Berthed,2099.612,0,110.862,0,0,0,Vessel Live Movement,
KOTA CEPAT,VCS,Qinzhou,CNQZH,2026-09-28 21:00:00,6.140398,92.180123,Berthed,2098.031,0,110.862,0,0,0,Vessel Live Movement,
KOTA CEPAT,VCS,Qui Nhon,VNUIH,2026-09-29 00:00:00,6.14,92.18,Transit,2088.543,0,110.862,0,0,0,Vessel Live Movement,
KOTA CEPAT,VCS,Qui Nhon,VNUIH,2026-09-29 03:00:00,6.372494,90.724628,Transit,2079.056,0,110.862,0,0,0,Vessel Live Movement,
KOTA CEPAT,VCS,Qui Nhon,VNUIH,2026-09-29 06:00:00,6.600907,89.267948,Transit,2069.569,0,110.862,0,0,0,Vessel Live Movement,
KOTA CEPAT,VCS,Qui Nhon,VNUIH,2026-09-29 09:00:00,6.825087,87.809937,Transit,2060.081,0,110.862,0,0,0,Vessel Live Movement,
KOTA CEPAT,VCS,Qui Nhon,VNUIH,2026-09-29 12:00:00,7.044886,86.350572,Transit,2050.594,0,110.862,0,0,0,Vessel Live Movement,
KOTA CEPAT,VCS,Qui Nhon,VNUIH,2026-09-29 15:00:00,7.260155,84.889837,Transit,2041.107,0,110.862,0,0,0,Vessel Live Movement,
KOTA CEPAT,VCS,Qui Nhon,VNUIH,2026-09-29 18:00:00,7.470753,83.427719,Transit,2031.619,0,110.862,0,0,0,Vessel Live Movement,
KOTA CEPAT,VCS,Qui Nhon,VNUIH,2026-09-29 21:00:00,7.676535,81.964207,Transit,2022.132,0,110.862,0,0,0,Vessel Live Movement,
KOTA DAHLIA,KCS,Busan,KRPUS,2026-08-01 00:00:00,-4.024303,68.803207,Transit,198.765,0,16.362,0,0,0,Vessel Live Movement,
KOTA DAHLIA,KCS,Busan,KRPUS,2026-08-01 03:00:00,-4.248766,69.50137,Transit,197.847,0,16.362,0,0,0,Vessel Live Movement,
KOTA DAHLIA,KCS,Busan,KRPUS,2026-08-01 06:00:00,-4.472601,70.199938,Transit,196.928,0,16.362,0,0,0,Vessel Live Movement,
KOTA DAHLIA,KCS,Busan,KRPUS,2026-08-01 09:00:00,-4.695773,70.898933,Transit,196.01,0,16.362,0,0,0,Vessel Live Movement,
KOTA DAHLIA,KCS,Busan,KRPUS,2026-08-01 12:00:00,-4.918248,71.598375,Transit,195.091,0,16.362,0,0,0,Vessel Live Movement,
KOTA DAHLIA,KCS,Busan,KRPUS,2026-08-01 15:00:00,-5.139994,72.298284,Transit,194.173,0,16.362,0,0,0,Vessel Live Movement,
KOTA DAHLIA,KCS,Busan,KRPUS,2026-08-01 18:00:00,-5.360976,72.998679,Transit,193.254,0,16.362,0,0,0,Vessel Live Movement,
KOTA DAHLIA,KCS,Busan,KRPUS,2026-08-01 21:00:00,-5.581162,73.699581,Transit,192.336,0,16.362,0,0,0,Vessel Live Movement,
KOTA DAHLIA,KCS,Busan,KRPUS,2026-08-02 00:00:00,-5.800517,74.401008,Transit,191.417,0,16.362,0,0,0,Vessel Live Movement,
KOTA DAHLIA,KCS,Busan,KRPUS,2026-08-02 03:00:00,-6.019007,75.10298,Transit,190.499,0,16.362,0,0,0,Vessel Live Movement,
KOTA DAHLIA,KCS,Busan,KRPUS,2026-08-02 06:00:00,-6.236601,75.805515,Transit,189.581,0,16.362,0,0,0,Vessel Live Movement,
KOTA DAHLIA,KCS,Busan,KRPUS,2026-08-02 09:00:00,-6.453263,76.508633,Transit,188.662,0,16.362,0,0,0,Vessel Live Movement,
KOTA DAHLIA,KCS,Busan,KRPUS,2026-08-02 12:00:00,-6.668961,77.212351,Transit,187.744,0,16.362,0,0,0,Vessel Live Movement,
KOTA DAHLIA,KCS,Busan,KRPUS,2026-08-02 15:00:00,-6.883661,77.916687,Transit,186.825,0,16.362,0,0,0,Vessel Live Movement,
KOTA DAHLIA,KCS,Busan,KRPUS,2026-08-02 18:00:00,-7.097329,78.621659,Transit,185.907,0,16.362,0,0,0,Vessel Live Movement,
KOTA DAHLIA,KCS,Busan,KRPUS,2026-08-02 21:00:00,-7.309934,79.327285,Transit,184.988,0,16.362,0,0,0,Vessel Live Movement,
KOTA DAHLIA,KCS,Busan,KRPUS,2026-08-03 00:00:00,-7.52144,80.033581,Transit,184.07,0,16.362,0,0,0,Vessel Live Movement,
KOTA DAHLIA,KCS,Busan,KRPUS,2026-08-03 03:00:00,-7.731816,80.740563,Transit,183.151,0,16.362,0,0,0,Vessel Live Movement,
KOTA DAHLIA,KCS,Busan,KRPUS,2026-08-03 06:00:00,-7.941027,81.44825,Transit,182.233,0,16.362,0,0,0,Vessel Live Movement,
KOTA DAHLIA,KCS,Busan,KRPUS,2026-08-03 09:00:00,-8.149041,82.156655,Transit,181.315,0,16.362,0,0,0,Vessel Live Movement,
KOTA DAHLIA,KCS,Busan,KRPUS,2026-08-03 12:00:00,-8.355825,82.865795,Transit,180.396,0,16.362,0,0,0,Vessel Live Movement,
KOTA DAHLIA,KCS,Busan,KRPUS,2026-08-03 15:00:00,-8.561346,83.575685,Transit,179.478,0,16.362,0,0,0,Vessel Live Movement,
KOTA DAHLIA,KCS,Busan,KRPUS,2026-08-03 18:00:00,-8.765571,84.28634,Transit,178.559,0,16.362,0,0,0,Vessel Live Movement,
KOTA DAHLIA,KCS,Busan,KRPUS,2026-08-03 21:00:00,-8.968466,84.997773,Transit,177.641,0,16.362,0,0,0,Vessel Live Movement,
KOTA DAHLIA,KCS,Busan,KRPUS,2026-08-04 00:00:00,-9.168797,85.710014,Berthed,177.488,0,16.362,0,0,0,Vessel Live Movement,
KOTA DAHLIA,KCS,Busan,KRPUS,2026-08-04 03:00:00,-9.169042,85.710423,Berthed,177.335,0,16.362,0,0,0,Vessel Live Movement,
KOTA DAHLIA,KCS,Busan,KRPUS,2026-08-04 06:00:00,-9.169242,85.709074,Berthed,177.181,0,16.362,0,0,0,Vessel Live Movement,
KOTA DAHLIA,KCS,Busan,KRPUS,2026-08-04 09:00:00,-9.169954,85.708824,Berthed,177.028,0,16.362,0,0,0,Vessel Live Movement,
KOTA DAHLIA,KCS,Busan,KRPUS,2026-08-04 12:00:00,-9.168352,85.709608,Berthed,176.875,0,16.362,0,0,0,Vessel Live Movement,
KOTA DAHLIA,KCS,Busan,KRPUS,2026-08-04 15:00:00,-9.170113,85.710203,Berthed,176.722,0,16.362,0,0,0,Vessel Live Movement,
KOTA DAHLIA,KCS,Busan,KRPUS,2026-08-04 18:00:00,-9.16978,85.70847,Berthed,176.569,0,16.362,0,0,0,Vessel Live Movement,
KOTA DAHLIA,KCS,Busan,KRPUS,2026-08-04 21:00:00,-9.167523,85.710555,Berthed,176.416,0,16.362,0,0,0,Vessel Live Movement,
KOTA DAHLIA,KCS,Incheon,KRINC,2026-08-05 00:00:00,-9.17,85.71,Transit,175.498,0,16.362,0,0,0,Vessel Live Movement,
KOTA DAHLIA,KCS,Incheon,KRINC,2026-08-05 03:00:00,-8.639645,91.090936,Transit,174.579,0,16.362,0,0,0,Vessel Live Movement,
KOTA DAHLIA,KCS,Incheon,KRINC,2026-08-05 06:00:00,-8.03451,96.455717,Transit,173.661,0,16.362,0,0,0,Vessel Live Movement,
KOTA DAHLIA,KCS,Incheon,KRINC,2026-08-05 09:00:00,-7.360118,101.803637,Transit,172.742,0,16.362,0,0,0,Vessel Live Movement,
KOTA DAHLIA,KCS,Incheon,KRINC,2026-08-05 12:00:00,-6.62255,107.134584,Transit,171.824,0,16.362,0,0,0,Vessel Live Movement,
KOTA DAHLIA,KCS,Incheon,KRINC,2026-08-05 15:00:00,-5.828373,112.449033,Transit,170.905,0,16.362,0,0,0,Vessel Live Movement,
KOTA DAHLIA,KCS,Incheon,KRINC,2026-08-05 18:00:00,-4.984576,117.748017,Transit,169.987,0,16.362,0,0,0,Vessel Live Movement,
KOTA DAHLIA,KCS,Incheon,KRINC,2026-08-05 21:00:00,-4.098499,123.033084,Transit,169.069,0,16.362,0,0,0,Vessel Live Movement,
KOTA DAHLIA,KCS,Incheon,KRINC,2026-08-06 00:00:00,-3.17777,128.306239,Transit,168.15,0,16.362,0,0,0,Vessel Live Movement,
KOTA DAHLIA,KCS,Incheon,KRINC,2026-08-06 03:00:00,-2.230247,133.569869,Transit,167.232,0,16.362,0,0,0,Vessel Live Movement,
KOTA DAHLIA,KCS,Incheon,KRINC,2026-08-06 06:00:00,-1.263958,138.826665,Transit,166.313,0,16.362,0,0,0,Vessel Live Movement,
KOTA DAHLIA,KCS,Incheon,KRINC,2026-08-06 09:00:00,-0.287048,144.079534,Transit,165.395,0,16.362,0,0,0,Vessel Live Movement,
KOTA DAHLIA,KCS,Incheon,KRINC,2026-08-06 12:00:00,0.692273,149.331505,Transit,164.476,0,16.362,0,0,0,Vessel Live Movement,
KOTA DAHLIA,KCS,Incheon,KRINC,2026-08-06 15:00:00,1.665779,154.585637,Transit,163.558,0,16.362,0,0,0,Vessel Live Movement,
KOTA DAHLIA,KCS,Incheon,KRINC,2026-08-06 18:00:00,2.625281,159.84492,Transit,162.639,0,16.362,0,0,0,Vessel Live Movement,
KOTA DAHLIA,KCS,Incheon,KRINC,2026-08-06 21:00:00,3.562676,165.112183,Transit,161.721,0,16.362,0,0,0,Vessel Live Movement,
KOTA DAHLIA,KCS,Incheon,KRINC,2026-08-07 00:00:00,4.470208,170.389081,Berthed,161.568,0,16.362,0,0,0,Vessel Live Movement,
KOTA DAHLIA,KCS,Incheon,KRINC,2026-08-07 03:00:00,4.469345,170.391606,Berthed,161.415,0,16.362,0,0,0,Vessel Live Movement,
KOTA DAHLIA,KCS,Incheon,KRINC,2026-08-07 06:00:00,4.470973,170.389404,Berthed,161.262,0,16.362,0,0,0,Vessel Live Movement,
KOTA DAHLIA,KCS,Incheon,KRINC,2026-08-07 09:00:00,4.47115,170.389164,Berthed,161.109,0,16.362,0,0,0,Vessel Live Movement,
KOTA DAHLIA,KCS,Incheon,KRINC,2026-08-07 12:00:00,4.470048,170.391124,Berthed,160.956,0,16.362,0,0,0,Vessel Live Movement,
KOTA DAHLIA,KCS,Incheon,KRINC,2026-08-07 15:00:00,4.47038,170.389429,Berthed,160.802,0,16.362,0,0,0,Vessel Live Movement,
KOTA DAHLIA,KCS,Incheon,KRINC,2026-08-07 18:00:00,4.469392,170.390077,Berthed,160.649,0,16.362,0,0,0,Vessel Live Movement,
KOTA DAHLIA,KCS,Incheon,KRINC,2026-08-07 21:00:00,4.470585,170.389275,Berthed,160.496,0,16.362,0,0,0,Vessel Live Movement,
KOTA DAHLIA,KCS,Qingdao,CNTAO,2026-08-08 00:00:00,4.47,170.39,Transit,159.578,0,16.362,0,0,0,Vessel Live Movement,
KOTA DAHLIA,KCS,Qingdao,CNTAO,2026-08-08 03:00:00,4.430906,167.844842,Transit,158.659,0,16.362,0,0,0,Vessel Live Movement,
KOTA DAHLIA,KCS,Qingdao,CNTAO,2026-08-08 06:00:00,4.383105,165.299982,Transit,157.741,0,16.362,0,0,0,Vessel Live Movement,
KOTA DAHLIA,KCS,Qingdao,CNTAO,2026-08-08 09:00:00,4.326694,162.755477,Transit,156.823,0,16.362,0,0,0,Vessel Live Movement,
KOTA DAHLIA,KCS,Qingdao,CNTAO,2026-08-08 12:00:00,4.261785,160.21138,Transit,155.904,0,16.362,0,0,0,Vessel Live Movement,
KOTA DAHLIA,KCS,Qingdao,CNTAO,2026-08-08 15:00:00,4.188507,157.667739,Transit,154.986,0,16.362,0,0,0,Vessel Live Movement,
KOTA DAHLIA,KCS,Qingdao,CNTAO,2026-08-08 18:00:00,4.107006,155.124602,Transit,154.067,0,16.362,0,0,0,Vessel Live Movement,
KOTA DAHLIA,KCS,Qingdao,CNTAO,2026-08-08 21:00:00,4.017444,152.58201,Transit,153.149,0,16.362,0,0,0,Vessel Live Movement,
KOTA DAHLIA,KCS,Qingdao,CNTAO,2026-08-09 00:00:00,3.921996,150.039471,Berthed,152.996,0,16.362,0,0,0,Vessel Live Movement,
KOTA DAHLIA,KCS,Qingdao,CNTAO,2026-08-09 03:00:00,3.917296,150.039443,Berthed,152.843,0,16.362,0,0,0,Vessel Live Movement,
KOTA DAHLIA,KCS,Qingdao,CNTAO,2026-08-09 06:00:00,3.919252,150.040698,Berthed,152.689,0,16.362,0,0,0,Vessel Live Movement,
KOTA DAHLIA,KCS,Qingdao,CNTAO,2026-08-09 09:00:00,3.919554,150.039696,Berthed,152.536,0,16.362,0,0,0,Vessel Live Movement,
KOTA DAHLIA,KCS,Qingdao,CNTAO,2026-08-09 12:00:00,3.921337,150.040056,Berthed,152.383,0,16.362,0,0,0,Vessel Live Movement,
KOTA DAHLIA,KCS,Qingdao,CNTAO,2026-08-09 15:00:00,3.921814,150.039783,Berthed,152.23,0,16.362,0,0,0,Vessel Live Movement,
KOTA DAHLIA,KCS,Qingdao,CNTAO,2026-08-09 18:00:00,3.918882,150.03933,Berthed,152.077,0,16.362,0,0,0,Vessel Live Movement,
KOTA DAHLIA,KCS,Qingdao,CNTAO,2026-08-09 21:00:00,3.920836,150.040519,Berthed,151.924,0,16.362,0,0,0,Vessel Live Movement,
KOTA DAHLIA,KCS,Shanghai,CNSHA,2026-08-10 00:00:00,3.92,150.04,Transit,151.006,0,16.362,0,0,0,Vessel Live Movement,
KOTA DAHLIA,KCS,Shanghai,CNSHA,2026-08-10 03:00:00,4.420388,150.751481,Transit,150.087,0,16.362,0,0,0,Vessel Live Movement,
KOTA DAHLIA,KCS,Shanghai,CNSHA,2026-08-10 06:00:00,4.920095,151.463923,Transit,149.169,0,16.362,0,0,0,Vessel Live Movement,
KOTA DAHLIA,KCS,Shanghai,CNSHA,2026-08-10 09:00:00,5.419045,152.177435,Transit,148.25,0,16.362,0,0,0,Vessel Live Movement,
KOTA DAHLIA,KCS,Shanghai,CNSHA,2026-08-10 12:00:00,5.917158,152.892125,Transit,147.332,0,16.362,0,0,0,Vessel Live Movement,
KOTA DAHLIA,KCS,Shanghai,CNSHA,2026-08-10 15:00:00,6.414355,153.608103,Transit,146.413,0,16.362,0,0,0,Vessel Live Movement,
KOTA DAHLIA,KCS,Shanghai,CNSHA,2026-08-10 18:00:00,6.910557,154.325479,Transit,145.495,0,16.362,0,0,0,Vessel Live Movement,
KOTA DAHLIA,KCS,Shanghai,CNSHA,2026-08-10 21:00:00,7.405684,155.04436,Transit,144.577,0,16.362,0,0,0,Vessel Live Movement,
KOTA DAHLIA,KCS,Shanghai,CNSHA,2026-08-11 00:00:00,7.899656,155.764856,Transit,143.658,0,16.362,0,0,0,Vessel Live Movement,
KOTA DAHLIA,KCS,Shanghai,CNSHA,2026-08-11 03:00:00,8.392391,156.487076,Transit,142.74,0,16.362,0,0,0,Vessel Live Movement,
KOTA DAHLIA,KCS,Shanghai,CNSHA,2026-08-11 06:00:00,8.883808,157.211128,Transit,141.821,0,16.362,0,0,0,Vessel Live Movement,
KOTA DAHLIA,KCS,Shanghai,CNSHA,2026-08-11 09:00:00,9.373825,157.937121,Transit,140.903,0,16.362,0,0,0,Vessel Live Movement,
KOTA DAHLIA,KCS,Shanghai,CNSHA,2026-08-11 12:00:00,9.86236,158.665164,Transit,139.984,0,16.362,0,0,0,Vessel Live Movement,
KOTA DAHLIA,KCS,Shanghai,CNSHA,2026-08-11 15:00:00,10.34933,159.395366,Transit,139.066,0,16.362,0,0,0,Vessel Live Movement,
KOTA DAHLIA,KCS,Shanghai,CNSHA,2026-08-11 18:00:00,10.834649,160.127833,Transit,138.147,0,16.362,0,0,0,Vessel Live Movement,
KOTA DAHLIA,KCS,Shanghai,CNSHA,2026-08-11 21:00:00,11.318235,160.862676,Transit,137.229,0,16.362,0,0,0,Vessel Live Movement,
KOTA DAHLIA,KCS,Shanghai,CNSHA,2026-08-12 00:00:00,11.800382,161.59997,Berthed,137.076,0,16.362,0,0,0,Vessel Live Movement,
KOTA DAHLIA,KCS,Shanghai,CNSHA,2026-08-12 03:00:00,11.800179,161.599985,Berthed,136.923,0,16.362,0,0,0,Vessel Live Movement,
KOTA DAHLIA,KCS,Shanghai,CNSHA,2026-08-12 06:00:00,11.800647,161.600702,Berthed,136.77,0,16.362,0,0,0,Vessel Live Movement,
KOTA DAHLIA,KCS,Shanghai,CNSHA,2026-08-12 09:00:00,11.800144,161.601248,Berthed,136.617,0,16.362,0,0,0,Vessel Live Movement,
KOTA DAHLIA,KCS,Shanghai,CNSHA,2026-08-12 12:00:00,11.800543,161.599861,Berthed,136.464,0,16.362,0,0,0,Vessel Live Movement,
KOTA DAHLIA,KCS,Shanghai,CNSHA,2026-08-12 15:00:00,11.800049,161.599686,Berthed,136.31,0,16.362,0,0,0,Vessel Live Movement,
KOTA DAHLIA,KCS,Shanghai,CNSHA,2026-08-12 18:00:00,11.800275,161.598348,Berthed,136.157,0,16.362,0,0,0,Vessel Live Movement,
KOTA DAHLIA,KCS,Shanghai,CNSHA,2026-08-12 21:00:00,11.799379,161.602293,Berthed,136.004,0,16.362,0,0,0,Vessel Live Movement,
KOTA DAHLIA,KCS,Shekou,CNSHK,2026-08-13 00:00:00,11.8,161.6,Transit,135.086,0,16.362,0,0,0,Vessel Live Movement,
KOTA DAHLIA,KCS,Shekou,CNSHK,2026-08-13 03:00:00,11.78009,159.800676,Transit,134.167,0,16.362,0,0,0,Vessel Live Movement,
KOTA DAHLIA,KCS,Shekou,CNSHK,2026-08-13 06:00:00,11.748889,158.001686,Transit,133.249,0,16.362,0,0,0,Vessel Live Movement,
KOTA DAHLIA,KCS,Shekou,CNSHK,2026-08-13 09:00:00,11.706431,156.203178,Transit,132.331,0,16.362,0,0,0,Vessel Live Movement,
KOTA DAHLIA,KCS,Shekou,CNSHK,2026-08-13 12:00:00,11.652762,154.405294,Transit,131.412,0,16.362,0,0,0,Vessel Live Movement,
KOTA DAHLIA,KCS,Shekou,CNSHK,2026-08-13 15:00:00,11.587938,152.608177,Transit,130.494,0,16.362,0,0,0,Vessel Live Movement,
KOTA DAHLIA,KCS,Shekou,CNSHK,2026-08-13 18:00:00,11.512028,150.811964,Transit,129.575,0,16.362,0,0,0,Vessel Live Movement,
KOTA DAHLIA,KCS,Shekou,CNSHK,2026-08-13 21:00:00,11.425114,149.016791,Transit,128.657,0,16.362,0,0,0,Vessel Live Movement,
KOTA DAHLIA,KCS,Shekou,CNSHK,2026-08-14 00:00:00,11.327286,147.222787,Transit,127.738,0,16.362,0,0,0,Vessel Live Movement,
KOTA DAHLIA,KCS,Shekou,CNSHK,2026-08-14 03:00:00,11.218649,145.430077,Transit,126.82,0,16.362,0,0,0,Vessel Live Movement,
KOTA DAHLIA,KCS,Shekou,CNSHK,2026-08-14 06:00:00,11.099316,143.638782,Transit,125.901,0,16.362,0,0,0,Vessel Live Movement,
KOTA DAHLIA,KCS,Shekou,CNSHK,2026-08-14 09:00:00,10.969414,141.849014,Transit,124.983,0,16.362,0,0,0,Vessel Live Movement,
KOTA DAHLIA,KCS,Shekou,CNSHK,2026-08-14 12:00:00,10.829078,140.060881,Transit,124.064,0,16.362,0,0,0,Vessel Live Movement,
KOTA DAHLIA,KCS,Shekou,CNSHK,2026-08-14 15:00:00,10.678455,138.274484,Transit,123.146,0,16.362,0,0,0,Vessel Live Movement,
KOTA DAHLIA,KCS,Shekou,CNSHK,2026-08-14 18:00:00,10.517701,136.489916,Transit,122.228,0,16.362,0,0,0,Vessel Live Movement,
KOTA DAHLIA,KCS,Shekou,CNSHK,2026-08-14 21:00:00,10.346982,134.707264,Transit,121.309,0,16.362,0,0,0,Vessel Live Movement,
KOTA DAHLIA,KCS,Shekou,CNSHK,2026-08-15 00:00:00,10.166476,132.926606,Transit,120.391,0,16.362,0,0,0,Vessel Live Movement,
KOTA DAHLIA,KCS,Shekou,CNSHK,2026-08-15 03:00:00,9.976366,131.148011,Transit,119.472,0,16.362,0,0,0,Vessel Live Movement,
KOTA DAHLIA,KCS,Shekou,CNSHK,2026-08-15 06:00:00,9.776848,129.371543,Transit,118.554,0,16.362,0,0,0,Vessel Live Movement,
KOTA DAHLIA,KCS,Shekou,CNSHK,2026-08-15 09:00:00,9.568125,127.597254,Transit,117.635,0,16.362,0,0,0,Vessel Live Movement,
KOTA DAHLIA,KCS,Shekou,CNSHK,2026-08-15 12:00:00,9.350407,125.825189,Transit,116.717,0,16.362,0,0,0,Vessel Live Movement,
KOTA DAHLIA,KCS,Shekou,CNSHK,2026-08-15 15:00:00,9.123915,124.055384,Transit,115.798,0,16.362,0,0,0,Vessel Live Movement,
KOTA DAHLIA,KCS,Shekou,CNSHK,2026-08-15 18:00:00,8.888876,122.287868,Transit,114.88,0,16.362,0,0,0,Vessel Live Movement,
KOTA DAHLIA,KCS,Shekou,CNSHK,2026-08-15 21:00:00,8.645524,120.522657,Transit,113.962,0,16.362,0,0,0,Vessel Live Movement,
KOTA DAHLIA,KCS,Shekou,CNSHK,2026-08-16 00:00:00,8.394102,118.759763,Transit,113.043,0,16.362,0,0,0,Vessel Live Movement,
KOTA DAHLIA,KCS,Shekou,CNSHK,2026-08-16 03:00:00,8.134856,116.999185,Transit,112.125,0,16.362,0,0,0,Vessel Live Movement,
KOTA DAHLIA,KCS,Shekou,CNSHK,2026-08-16 06:00:00,7.868043,115.240916,Transit,111.206,0,16.362,0,0,0,Vessel Live Movement,
KOTA DAHLIA,KCS,Shekou,CNSHK,2026-08-16 09:00:00,7.593923,113.484939,Transit,110.288,0,16.362,0,0,0,Vessel Live Movement,
KOTA DAHLIA,KCS,Shekou,CNSHK,2026-08-16 12:00:00,7.312763,111.731229,Transit,109.369,0,16.362,0,0,0,Vessel Live Movement,
KOTA DAHLIA,KCS,Shekou,CNSHK,2026-08-16 15:00:00,7.024836,109.979752,Transit,108.451,0,16.362,0,0,0,Vessel Live Movement,
KOTA DAHLIA,KCS,Shekou,CNSHK,2026-08-16 18:00:00,6.730418,108.230468,Transit,107.532,0,16.362,0,0,0,Vessel Live Movement,
KOTA DAHLIA,KCS,Shekou,CNSHK,2026-08-16 21:00:00,6.429793,106.483326,Transit,106.614,0,16.362,0,0,0,Vessel Live Movement,
KOTA DAHLIA,KCS,Shekou,CNSHK,2026-08-17 00:00:00,6.123246,104.738268,Transit,105.695,0,16.362,0,0,0,Vessel Live Movement,
KOTA DAHLIA,KCS,Shekou,CNSHK,2026-08-17 03:00:00,5.811069,102.995231,Transit,104.777,0,16.362,0,0,0,Vessel Live Movement,
KOTA DAHLIA,KCS,Shekou,CNSHK,2026-08-17 06:00:00,5.493557,101.254142,Transit,103.859,0,16.362,0,0,0,Vessel Live Movement,
KOTA DAHLIA,KCS,Shekou,CNSHK,2026-08-17 09:00:00,5.171009,99.514923,Transit,102.94,0,16.362,0,0,0,Vessel Live Movement,
KOTA DAHLIA,KCS,Shekou,CNSHK,2026-08-17 12:00:00,4.843728,97.777487,Transit,102.022,0,16.362,0,0,0,Vessel Live Movement,
KOTA DAHLIA,KCS,Shekou,CNSHK,2026-08-17 15:00:00,4.512018,96.041744,Transit,101.103,0,16.362,0,0,0,Vessel Live Movement,
KOTA DAHLIA,KCS,Shekou,CNSHK,2026-08-17 18:00:00,4.176189,94.307596,Transit,100.185,0,16.362,0,0,0,Vessel Live Movement,
KOTA DAHLIA,KCS,Shekou,CNSHK,2026-08-17 21:00:00,3.836551,92.574939,Transit,99.266,0,16.362,0,0,0,Vessel Live Movement,
KOTA DAHLIA,KCS,Shekou,CNSHK,2026-08-18 00:00:00,3.493418,90.843667,Transit,98.348,0,16.362,0,0,0,Vessel Live Movement,
KOTA DAHLIA,KCS,Shekou,CNSHK,2026-08-18 03:00:00,3.147106,89.113665,Transit,97.429,0,16.362,0,0,0,Vessel Live Movement,
KOTA DAHLIA,KCS,Shekou,CNSHK,2026-08-18 06:00:00,2.797932,87.384818,Transit,96.511,0,16.362,0,0,0,Vessel Live Movement,
KOTA DAHLIA,KCS,Shekou,CNSHK,2026-08-18 09:00:00,2.446217,85.657004,Transit,95.593,0,16.362,0,0,0,Vessel Live Movement,
KOTA DAHLIA,KCS,Shekou,CNSHK,2026-08-18 12:00:00,2.092282,83.930098,Transit,94.674,0,16.362,0,0,0,Vessel Live Movement,
KOTA DAHLIA,KCS,Shekou,CNSHK,2026-08-18 15:00:00,1.736448,82.203974,Transit,93.756,0,16.362,0,0,0,Vessel Live Movement,
KOTA DAHLIA,KCS,Shekou,CNSHK,2026-08-18 18:00:00,1.37904,80.478501,Transit,92.837,0,16.362,0,0,0,Vessel Live Movement,
KOTA DAHLIA,KCS,Shekou,CNSHK,2026-08-18 21:00:00,1.020383,78.753547,Transit,91.919,0,16.362,0,0,0,Vessel Live Movement,
KOTA DAHLIA,KCS,Shekou,CNSHK,2026-08-19 00:00:00,0.660801,77.028978,Transit,91,0,16.362,0,0,0,Vessel Live Movement,
KOTA DAHLIA,KCS,Shekou,CNSHK,2026-08-19 03:00:00,0.30062,75.304658,Transit,90.082,0,16.362,0,0,0,Vessel Live Movement,
KOTA DAHLIA,KCS,Shekou,CNSHK,2026-08-19 06:00:00,-0.059833,73.580453,Transit,89.163,0,16.362,0,0,0,Vessel Live Movement,
KOTA DAHLIA,KCS,Shekou,CNSHK,2026-08-19 09:00:00,-0.420231,71.856225,Transit,88.245,0,16.362,0,0,0,Vessel Live Movement,
KOTA DAHLIA,KCS,Shekou,CNSHK,2026-08-19 12:00:00,-0.780249,70.131838,Transit,87.326,0,16.362,0,0,0,Vessel Live Movement,
KOTA DAHLIA,KCS,Shekou,CNSHK,2026-08-19 15:00:00,-1.139561,68.407156,Transit,86.408,0,16.362,0,0,0,Vessel Live Movement,
KOTA DAHLIA,KCS,Shekou,CNSHK,2026-08-19 18:00:00,-1.497839,66.682044,Transit,85.49,0,16.362,0,0,0,Vessel Live Movement,
KOTA DAHLIA,KCS,Shekou,CNSHK,2026-08-19 21:00:00,-1.854761,64.956369,Transit,84.571,0,16.362,0,0,0,Vessel Live Movement,
KOTA DAHLIA,KCS,Shekou,CNSHK,2026-08-20 00:00:00,-2.211321,63.229173,Berthed,84.418,0,16.362,0,0,0,Vessel Live Movement,
KOTA DAHLIA,KCS,Shekou,CNSHK,2026-08-20 03:00:00,-2.208664,63.230415,Berthed,84.265,0,16.362,0,0,0,Vessel Live Movement,
KOTA DAHLIA,KCS,Shekou,CNSHK,2026-08-20 06:00:00,-2.210963,63.229171,Berthed,84.112,0,16.362,0,0,0,Vessel Live Movement,
KOTA DAHLIA,KCS,Shekou,CNSHK,2026-08-20 09:00:00,-2.208676,63.229108,Berthed,83.959,0,16.362,0,0,0,Vessel Live Movement,
KOTA DAHLIA,KCS,Shekou,CNSHK,2026-08-20 12:00:00,-2.209026,63.228474,Berthed,83.806,0,16.362,0,0,0,Vessel Live Movement,
KOTA DAHLIA,KCS,Shekou,CNSHK,2026-08-20 15:00:00,-2.210253,63.228965,Berthed,83.653,0,16.362,0,0,0,Vessel Live Movement,
KOTA DAHLIA,KCS,Shekou,CNSHK,2026-08-20 18:00:00,-2.208359,63.23069,Berthed,83.5,0,16.362,0,0,0,Vessel Live Movement,
KOTA DAHLIA,KCS,Shekou,CNSHK,2026-08-20 21:00:00,-2.210017,63.231431,Berthed,83.347,0,16.362,0,0,0,Vessel Live Movement,
KOTA DAHLIA,KCS,Busan,KRPUS,2026-08-21 00:00:00,-2.21,63.23,Transit,82.428,0,16.362,0,0,0,Vessel Live Movement,
KOTA DAHLIA,KCS,Busan,KRPUS,2026-08-21 03:00:00,-2.438281,63.925674,Transit,81.51,0,16.362,0,0,0,Vessel Live Movement,
KOTA DAHLIA,KCS,Busan,KRPUS,2026-08-21 06:00:00,-2.666203,64.621584,Transit,80.591,0,16.362,0,0,0,Vessel Live Movement,
KOTA DAHLIA,KCS,Busan,KRPUS,2026-08-21 09:00:00,-2.893732,65.317752,Transit,79.673,0,16.362,0,0,0,Vessel Live Movement,
KOTA DAHLIA,KCS,Busan,KRPUS,2026-08-21 12:00:00,-3.120835,66.014199,Transit,78.754,0,16.362,0,0,0,Vessel Live Movement,
KOTA DAHLIA,KCS,Busan,KRPUS,2026-08-21 15:00:00,-3.347477,66.710946,Transit,77.836,0,16.362,0,0,0,Vessel Live Movement,
KOTA DAHLIA,KCS,Busan,KRPUS,2026-08-21 18:00:00,-3.573624,67.408016,Transit,76.917,0,16.362,0,0,0,Vessel Live Movement,
KOTA DAHLIA,KCS,Busan,KRPUS,2026-08-21 21:00:00,-3.799245,68.105429,Transit,75.999,0,16.362,0,0,0,Vessel Live Movement,
KOTA DAHLIA,KCS,Busan,KRPUS,2026-08-22 00:00:00,-4.024303,68.803207,Transit,75.08,0,16.362,0,0,0,Vessel Live Movement,
KOTA DAHLIA,KCS,Busan,KRPUS,2026-08-22 03:00:00,-4.248766,69.50137,Transit,74.162,0,16.362,0,0,0,Vessel Live Movement,
KOTA DAHLIA,KCS,Busan,KRPUS,2026-08-22 06:00:00,-4.472601,70.199938,Transit,73.244,0,16.362,0,0,0,Vessel Live Movement,
KOTA DAHLIA,KCS,Busan,KRPUS,2026-08-22 09:00:00,-4.695773,70.898933,Transit,72.325,0,16.362,0,0,0,Vessel Live Movement,
KOTA DAHLIA,KCS,Busan,KRPUS,2026-08-22 12:00:00,-4.918248,71.598375,Transit,71.407,0,16.362,0,0,0,Vessel Live Movement,
KOTA DAHLIA,KCS,Busan,KRPUS,2026-08-22 15:00:00,-5.139994,72.298284,Transit,70.488,0,16.362,0,0,0,Vessel Live Movement,
KOTA DAHLIA,KCS,Busan,KRPUS,2026-08-22 18:00:00,-5.360976,72.998679,Transit,69.57,0,16.362,0,0,0,Vessel Live Movement,
KOTA DAHLIA,KCS,Busan,KRPUS,2026-08-22 21:00:00,-5.581162,73.699581,Transit,68.651,0,16.362,0,0,0,Vessel Live Movement,
KOTA DAHLIA,KCS,Busan,KRPUS,2026-08-23 00:00:00,-5.800517,74.401008,Transit,67.733,0,16.362,0,0,0,Vessel Live Movement,
KOTA DAHLIA,KCS,Busan,KRPUS,2026-08-23 03:00:00,-6.019007,75.10298,Transit,66.814,0,16.362,0,0,0,Vessel Live Movement,
KOTA DAHLIA,KCS,Busan,KRPUS,2026-08-23 06:00:00,-6.236601,75.805515,Transit,65.896,0,16.362,0,0,0,Vessel Live Movement,
KOTA DAHLIA,KCS,Busan,KRPUS,2026-08-23 09:00:00,-6.453263,76.508633,Transit,64.978,0,16.362,0,0,0,Vessel Live Movement,
KOTA DAHLIA,KCS,Busan,KRPUS,2026-08-23 12:00:00,-6.668961,77.212351,Transit,64.059,0,16.362,0,0,0,Vessel Live Movement,
KOTA DAHLIA,KCS,Busan,KRPUS,2026-08-23 15:00:00,-6.883661,77.916687,Transit,63.141,0,16.362,0,0,0,Vessel Live Movement,
KOTA DAHLIA,KCS,Busan,KRPUS,2026-08-23 18:00:00,-7.097329,78.621659,Transit,62.222,0,16.362,0,0,0,Vessel Live Movement,
KOTA DAHLIA,KCS,Busan,KRPUS,2026-08-23 21:00:00,-7.309934,79.327285,Transit,61.304,0,16.362,0,0,0,Vessel Live Movement,
KOTA DAHLIA,KCS,Busan,KRPUS,2026-08-24 00:00:00,-7.52144,80.033581,Transit,60.385,0,16.362,0,0,0,Vessel Live Movement,
KOTA DAHLIA,KCS,Busan,KRPUS,2026-08-24 03:00:00,-7.731816,80.740563,Transit,59.467,0,16.362,0,0,0,Vessel Live Movement,
KOTA DAHLIA,KCS,Busan,KRPUS,2026-08-24 06:00:00,-7.941027,81.44825,Transit,58.548,0,16.362,0,0,0,Vessel Live Movement,
KOTA DAHLIA,KCS,Busan,KRPUS,2026-08-24 09:00:00,-8.149041,82.156655,Transit,57.63,0,16.362,0,0,0,Vessel Live Movement,
KOTA DAHLIA,KCS,Busan,KRPUS,2026-08-24 12:00:00,-8.355825,82.865795,Transit,56.711,0,16.362,0,0,0,Vessel Live Movement,
KOTA DAHLIA,KCS,Busan,KRPUS,2026-08-24 15:00:00,-8.561346,83.575685,Transit,55.793,0,16.362,0,0,0,Vessel Live Movement,
KOTA DAHLIA,KCS,Busan,KRPUS,2026-08-24 18:00:00,-8.765571,84.28634,Transit,54.875,0,16.362,0,0,0,Vessel Live Movement,
KOTA DAHLIA,KCS,Busan,KRPUS,2026-08-24 21:00:00,-8.968466,84.997773,Transit,53.956,0,16.362,0,0,0,Vessel Live Movement,
KOTA DAHLIA,KCS,Busan,KRPUS,2026-08-25 00:00:00,-9.170075,85.709764,Berthed,184.173,0,16.362,130.37,0,0,Vessel Live Movement,
KOTA DAHLIA,KCS,Busan,KRPUS,2026-08-25 03:00:00,-9.170347,85.709636,Berthed,184.02,0,16.362,0,0,0,Vessel Live Movement,
KOTA DAHLIA,KCS,Busan,KRPUS,2026-08-25 06:00:00,-9.169439,85.711285,Berthed,183.867,0,16.362,0,0,0,Vessel Live Movement,
KOTA DAHLIA,KCS,Busan,KRPUS,2026-08-25 09:00:00,-9.170572,85.710212,Berthed,183.714,0,16.362,0,0,0,Vessel Live Movement,
KOTA DAHLIA,KCS,Busan,KRPUS,2026-08-25 12:00:00,-9.16903,85.710743,Berthed,183.56,0,16.362,0,0,0,Vessel Live Movement,
KOTA DAHLIA,KCS,Busan,KRPUS,2026-08-25 15:00:00,-9.168972,85.710306,Berthed,183.407,0,16.362,0,0,0,Vessel Live Movement,
KOTA DAHLIA,KCS,Busan,KRPUS,2026-08-25 18:00:00,-9.170923,85.709578,Berthed,183.254,0,16.362,0,0,0,Vessel Live Movement,
KOTA DAHLIA,KCS,Busan,KRPUS,2026-08-25 21:00:00,-9.170419,85.70877,Berthed,183.101,0,16.362,0,0,0,Vessel Live Movement,
KOTA DAHLIA,KCS,Incheon,KRINC,2026-08-26 00:00:00,-9.17,85.71,Transit,182.183,0,16.362,0,0,0,Vessel Live Movement,
KOTA DAHLIA,KCS,Incheon,KRINC,2026-08-26 03:00:00,-8.639645,91.090936,Transit,181.264,0,16.362,0,0,0,Vessel Live Movement,
KOTA DAHLIA,KCS,Incheon,KRINC,2026-08-26 06:00:00,-8.03451,96.455717,Transit,180.346,0,16.362,0,0,0,Vessel Live Movement,
KOTA DAHLIA,KCS,Incheon,KRINC,2026-08-26 09:00:00,-7.360118,101.803637,Transit,179.427,0,16.362,0,0,0,Vessel Live Movement,
KOTA DAHLIA,KCS,Incheon,KRINC,2026-08-26 12:00:00,-6.62255,107.134584,Transit,178.509,0,16.362,0,0,0,Vessel Live Movement,
KOTA DAHLIA,KCS,Incheon,KRINC,2026-08-26 15:00:00,-5.828373,112.449033,Transit,177.591,0,16.362,0,0,0,Vessel Live Movement,
KOTA DAHLIA,KCS,Incheon,KRINC,2026-08-26 18:00:00,-4.984576,117.748017,Transit,176.672,0,16.362,0,0,0,Vessel Live Movement,
KOTA DAHLIA,KCS,Incheon,KRINC,2026-08-26 21:00:00,-4.098499,123.033084,Transit,175.754,0,16.362,0,0,0,Vessel Live Movement,
KOTA DAHLIA,KCS,Incheon,KRINC,2026-08-27 00:00:00,-3.17777,128.306239,Transit,174.835,0,16.362,0,0,0,Vessel Live Movement,
KOTA DAHLIA,KCS,Incheon,KRINC,2026-08-27 03:00:00,-2.230247,133.569869,Transit,173.917,0,16.362,0,0,0,Vessel Live Movement,
KOTA DAHLIA,KCS,Incheon,KRINC,2026-08-27 06:00:00,-1.263958,138.826665,Transit,172.998,0,16.362,0,0,0,Vessel Live Movement,
KOTA DAHLIA,KCS,Incheon,KRINC,2026-08-27 09:00:00,-0.287048,144.079534,Transit,172.08,0,16.362,0,0,0,Vessel Live Movement,
KOTA DAHLIA,KCS,Incheon,KRINC,2026-08-27 12:00:00,0.692273,149.331505,Transit,171.161,0,16.362,0,0,0,Vessel Live Movement,
KOTA DAHLIA,KCS,Incheon,KRINC,2026-08-27 15:00:00,1.665779,154.585637,Transit,170.243,0,16.362,0,0,0,Vessel Live Movement,
KOTA DAHLIA,KCS,Incheon,KRINC,2026-08-27 18:00:00,2.625281,159.84492,Transit,169.324,0,16.362,0,0,0,Vessel Live Movement,
KOTA DAHLIA,KCS,Incheon,KRINC,2026-08-27 21:00:00,3.562676,165.112183,Transit,168.406,0,16.362,0,0,0,Vessel Live Movement,
KOTA DAHLIA,KCS,Incheon,KRINC,2026-08-28 00:00:00,4.470726,170.390342,Berthed,168.253,0,16.362,0,0,0,Vessel Live Movement,
KOTA DAHLIA,KCS,Incheon,KRINC,2026-08-28 03:00:00,4.469807,170.390617,Berthed,168.1,0,16.362,0,0,0,Vessel Live Movement,
KOTA DAHLIA,KCS,Incheon,KRINC,2026-08-28 06:00:00,4.469513,170.390007,Berthed,167.947,0,16.362,0,0,0,Vessel Live Movement,
KOTA DAHLIA,KCS,Incheon,KRINC,2026-08-28 09:00:00,4.471498,170.390027,Berthed,167.794,0,16.362,0,0,0,Vessel Live Movement,
KOTA DAHLIA,KCS,Incheon,KRINC,2026-08-28 12:00:00,4.470714,170.389894,Berthed,167.641,0,16.362,0,0,0,Vessel Live Movement,
KOTA DAHLIA,KCS,Incheon,KRINC,2026-08-28 15:00:00,4.46924,170.389067,Berthed,167.488,0,16.362,0,0,0,Vessel Live Movement,
KOTA DAHLIA,KCS,Incheon,KRINC,2026-08-28 18:00:00,4.470742,170.390193,Berthed,167.335,0,16.362,0,0,0,Vessel Live Movement,
KOTA DAHLIA,KCS,Incheon,KRINC,2026-08-28 21:00:00,4.470645,170.390979,Berthed,167.181,0,16.362,0,0,0,Vessel Live Movement,
KOTA DAHLIA,KCS,Qingdao,CNTAO,2026-08-29 00:00:00,4.47,170.39,Transit,166.263,0,16.362,0,0,0,Vessel Live Movement,
KOTA DAHLIA,KCS,Qingdao,CNTAO,2026-08-29 03:00:00,4.430906,167.844842,Transit,165.345,0,16.362,0,0,0,Vessel Live Movement,
KOTA DAHLIA,KCS,Qingdao,CNTAO,2026-08-29 06:00:00,4.383105,165.299982,Transit,164.426,0,16.362,0,0,0,Vessel Live Movement,
KOTA DAHLIA,KCS,Qingdao,CNTAO,2026-08-29 09:00:00,4.326694,162.755477,Transit,163.508,0,16.362,0,0,0,Vessel Live Movement,
KOTA DAHLIA,KCS,Qingdao,CNTAO,2026-08-29 12:00:00,4.261785,160.21138,Transit,162.589,0,16.362,0,0,0,Vessel Live Movement,
KOTA DAHLIA,KCS,Qingdao,CNTAO,2026-08-29 15:00:00,4.188507,157.667739,Transit,161.671,0,16.362,0,0,0,Vessel Live Movement,
KOTA DAHLIA,KCS,Qingdao,CNTAO,2026-08-29 18:00:00,4.107006,155.124602,Transit,160.752,0,16.362,0,0,0,Vessel Live Movement,
KOTA DAHLIA,KCS,Qingdao,CNTAO,2026-08-29 21:00:00,4.017444,152.58201,Transit,159.834,0,16.362,0,0,0,Vessel Live Movement,
KOTA DAHLIA,KCS,Qingdao,CNTAO,2026-08-30 00:00:00,3.921349,150.040517,Berthed,159.681,0,16.362,0,0,0,Vessel Live Movement,
KOTA DAHLIA,KCS,Qingdao,CNTAO,2026-08-30 03:00:00,3.919342,150.038636,Berthed,159.528,0,16.362,0,0,0,Vessel Live Movement,
KOTA DAHLIA,KCS,Qingdao,CNTAO,2026-08-30 06:00:00,3.921494,150.04147,Berthed,159.375,0,16.362,0,0,0,Vessel Live Movement,
KOTA DAHLIA,KCS,Qingdao,CNTAO,2026-08-30 09:00:00,3.919839,150.040499,Berthed,159.222,0,16.362,0,0,0,Vessel Live Movement,
KOTA DAHLIA,KCS,Qingdao,CNTAO,2026-08-30 12:00:00,3.921351,150.04102,Berthed,159.068,0,16.362,0,0,0,Vessel Live Movement,
KOTA DAHLIA,KCS,Qingdao,CNTAO,2026-08-30 15:00:00,3.920736,150.038771,Berthed,158.915,0,16.362,0,0,0,Vessel Live Movement,
KOTA DAHLIA,KCS,Qingdao,CNTAO,2026-08-30 18:00:00,3.918597,150.040686,Berthed,158.762,0,16.362,0,0,0,Vessel Live Movement,
KOTA DAHLIA,KCS,Qingdao,CNTAO,2026-08-30 21:00:00,3.919227,150.039336,Berthed,158.609,0,16.362,0,0,0,Vessel Live Movement,
KOTA DAHLIA,KCS,Shanghai,CNSHA,2026-08-31 00:00:00,3.92,150.04,Transit,157.691,0,16.362,0,0,0,Vessel Live Movement,
KOTA DAHLIA,KCS,Shanghai,CNSHA,2026-08-31 03:00:00,4.420388,150.751481,Transit,156.772,0,16.362,0,0,0,Vessel Live Movement,
KOTA DAHLIA,KCS,Shanghai,CNSHA,2026-08-31 06:00:00,4.920095,151.463923,Transit,155.854,0,16.362,0,0,0,Vessel Live Movement,
KOTA DAHLIA,KCS,Shanghai,CNSHA,2026-08-31 09:00:00,5.419045,152.177435,Transit,154.935,0,16.362,0,0,0,Vessel Live Movement,
KOTA DAHLIA,KCS,Shanghai,CNSHA,2026-08-31 12:00:00,5.917158,152.892125,Transit,154.017,0,16.362,0,0,0,Vessel Live Movement,
KOTA DAHLIA,KCS,Shanghai,CNSHA,2026-08-31 15:00:00,6.414355,153.608103,Transit,153.099,0,16.362,0,0,0,Vessel Live Movement,
KOTA DAHLIA,KCS,Shanghai,CNSHA,2026-08-31 18:00:00,6.910557,154.325479,Transit,152.18,0,16.362,0,0,0,Vessel Live Movement,
KOTA DAHLIA,KCS,Shanghai,CNSHA,2026-08-31 21:00:00,7.405684,155.04436,Transit,151.262,0,16.362,0,0,0,Vessel Live Movement,
KOTA DAHLIA,KCS,Shanghai,CNSHA,2026-09-01 00:00:00,7.899656,155.764856,Transit,150.343,0,16.362,0,0,0,Vessel Live Movement,
KOTA DAHLIA,KCS,Shanghai,CNSHA,2026-09-01 03:00:00,8.392391,156.487076,Transit,149.425,0,16.362,0,0,0,Vessel Live Movement,
KOTA DAHLIA,KCS,Shanghai,CNSHA,2026-09-01 06:00:00,8.883808,157.211128,Transit,148.506,0,16.362,0,0,0,Vessel Live Movement,
KOTA DAHLIA,KCS,Shanghai,CNSHA,2026-09-01 09:00:00,9.373825,157.937121,Transit,147.588,0,16.362,0,0,0,Vessel Live Movement,
KOTA DAHLIA,KCS,Shanghai,CNSHA,2026-09-01 12:00:00,9.86236,158.665164,Transit,146.669,0,16.362,0,0,0,Vessel Live Movement,
KOTA DAHLIA,KCS,Shanghai,CNSHA,2026-09-01 15:00:00,10.34933,159.395366,Transit,145.751,0,16.362,0,0,0,Vessel Live Movement,
KOTA DAHLIA,KCS,Shanghai,CNSHA,2026-09-01 18:00:00,10.834649,160.127833,Transit,144.832,0,16.362,0,0,0,Vessel Live Movement,
KOTA DAHLIA,KCS,Shanghai,CNSHA,2026-09-01 21:00:00,11.318235,160.862676,Transit,143.914,0,16.362,0,0,0,Vessel Live Movement,
KOTA DAHLIA,KCS,Shanghai,CNSHA,2026-09-02 00:00:00,11.800895,161.599215,Berthed,143.761,0,16.362,0,0,0,Vessel Live Movement,
KOTA DAHLIA,KCS,Shanghai,CNSHA,2026-09-02 03:00:00,11.799813,161.602313,Berthed,143.608,0,16.362,0,0,0,Vessel Live Movement,
KOTA DAHLIA,KCS,Shanghai,CNSHA,2026-09-02 06:00:00,11.79793,161.6008,Berthed,143.455,0,16.362,0,0,0,Vessel Live Movement,
KOTA DAHLIA,KCS,Shanghai,CNSHA,2026-09-02 09:00:00,11.798471,161.599145,Berthed,143.302,0,16.362,0,0,0,Vessel Live Movement,
KOTA DAHLIA,KCS,Shanghai,CNSHA,2026-09-02 12:00:00,11.798386,161.599769,Berthed,143.149,0,16.362,0,0,0,Vessel Live Movement,
KOTA DAHLIA,KCS,Shanghai,CNSHA,2026-09-02 15:00:00,11.799245,161.600585,Berthed,142.996,0,16.362,0,0,0,Vessel Live Movement,
KOTA DAHLIA,KCS,Shanghai,CNSHA,2026-09-02 18:00:00,11.799729,161.598991,Berthed,142.843,0,16.362,0,0,0,Vessel Live Movement,
KOTA DAHLIA,KCS,Shanghai,CNSHA,2026-09-02 21:00:00,11.800346,161.602024,Berthed,142.689,0,16.362,0,0,0,Vessel Live Movement,
KOTA DAHLIA,KCS,Shekou,CNSHK,2026-09-03 00:00:00,11.8,161.6,Transit,141.771,0,16.362,0,0,0,Vessel Live Movement,
KOTA DAHLIA,KCS,Shekou,CNSHK,2026-09-03 03:00:00,11.78009,159.800676,Transit,140.853,0,16.362,0,0,0,Vessel Live Movement,
KOTA DAHLIA,KCS,Shekou,CNSHK,2026-09-03 06:00:00,11.748889,158.001686,Transit,139.934,0,16.362,0,0,0,Vessel Live Movement,
KOTA DAHLIA,KCS,Shekou,CNSHK,2026-09-03 09:00:00,11.706431,156.203178,Transit,139.016,0,16.362,0,0,0,Vessel Live Movement,
KOTA DAHLIA,KCS,Shekou,CNSHK,2026-09-03 12:00:00,11.652762,154.405294,Transit,138.097,0,16.362,0,0,0,Vessel Live Movement,
KOTA DAHLIA,KCS,Shekou,CNSHK,2026-09-03 15:00:00,11.587938,152.608177,Transit,137.179,0,16.362,0,0,0,Vessel Live Movement,
KOTA DAHLIA,KCS,Shekou,CNSHK,2026-09-03 18:00:00,11.512028,150.811964,Transit,136.26,0,16.362,0,0,0,Vessel Live Movement,
KOTA DAHLIA,KCS,Shekou,CNSHK,2026-09-03 21:00:00,11.425114,149.016791,Transit,135.342,0,16.362,0,0,0,Vessel Live Movement,
KOTA DAHLIA,KCS,Shekou,CNSHK,2026-09-04 00:00:00,11.327286,147.222787,Transit,134.423,0,16.362,0,0,0,Vessel Live Movement,
KOTA DAHLIA,KCS,Shekou,CNSHK,2026-09-04 03:00:00,11.218649,145.430077,Transit,133.505,0,16.362,0,0,0,Vessel Live Movement,
KOTA DAHLIA,KCS,Shekou,CNSHK,2026-09-04 06:00:00,11.099316,143.638782,Transit,132.586,0,16.362,0,0,0,Vessel Live Movement,
KOTA DAHLIA,KCS,Shekou,CNSHK,2026-09-04 09:00:00,10.969414,141.849014,Transit,131.668,0,16.362,0,0,0,Vessel Live Movement,
KOTA DAHLIA,KCS,Shekou,CNSHK,2026-09-04 12:00:00,10.829078,140.060881,Transit,130.75,0,16.362,0,0,0,Vessel Live Movement,
KOTA DAHLIA,KCS,Shekou,CNSHK,2026-09-04 15:00:00,10.678455,138.274484,Transit,129.831,0,16.362,0,0,0,Vessel Live Movement,
KOTA DAHLIA,KCS,Shekou,CNSHK,2026-09-04 18:00:00,10.517701,136.489916,Transit,128.913,0,16.362,0,0,0,Vessel Live Movement,
KOTA DAHLIA,KCS,Shekou,CNSHK,2026-09-04 21:00:00,10.346982,134.707264,Transit,127.994,0,16.362,0,0,0,Vessel Live Movement,
KOTA DAHLIA,KCS,Shekou,CNSHK,2026-09-05 00:00:00,10.166476,132.926606,Transit,127.076,0,16.362,0,0,0,Vessel Live Movement,
KOTA DAHLIA,KCS,Shekou,CNSHK,2026-09-05 03:00:00,9.976366,131.148011,Transit,126.157,0,16.362,0,0,0,Vessel Live Movement,
KOTA DAHLIA,KCS,Shekou,CNSHK,2026-09-05 06:00:00,9.776848,129.371543,Transit,125.239,0,16.362,0,0,0,Vessel Live Movement,
KOTA DAHLIA,KCS,Shekou,CNSHK,2026-09-05 09:00:00,9.568125,127.597254,Transit,124.32,0,16.362,0,0,0,Vessel Live Movement,
KOTA DAHLIA,KCS,Shekou,CNSHK,2026-09-05 12:00:00,9.350407,125.825189,Transit,123.402,0,16.362,0,0,0,Vessel Live Movement,
KOTA DAHLIA,KCS,Shekou,CNSHK,2026-09-05 15:00:00,9.123915,124.055384,Transit,122.484,0,16.362,0,0,0,Vessel Live Movement,
KOTA DAHLIA,KCS,Shekou,CNSHK,2026-09-05 18:00:00,8.888876,122.287868,Transit,121.565,0,16.362,0,0,0,Vessel Live Movement,
KOTA DAHLIA,KCS,Shekou,CNSHK,2026-09-05 21:00:00,8.645524,120.522657,Transit,120.647,0,16.362,0,0,0,Vessel Live Movement,
KOTA DAHLIA,KCS,Shekou,CNSHK,2026-09-06 00:00:00,8.394102,118.759763,Transit,119.728,0,16.362,0,0,0,Vessel Live Movement,
KOTA DAHLIA,KCS,Shekou,CNSHK,2026-09-06 03:00:00,8.134856,116.999185,Transit,118.81,0,16.362,0,0,0,Vessel Live Movement,
KOTA DAHLIA,KCS,Shekou,CNSHK,2026-09-06 06:00:00,7.868043,115.240916,Transit,117.891,0,16.362,0,0,0,Vessel Live Movement,
KOTA DAHLIA,KCS,Shekou,CNSHK,2026-09-06 09:00:00,7.593923,113.484939,Transit,116.973,0,16.362,0,0,0,Vessel Live Movement,
KOTA DAHLIA,KCS,Shekou,CNSHK,2026-09-06 12:00:00,7.312763,111.731229,Transit,116.054,0,16.362,0,0,0,Vessel Live Movement,
KOTA DAHLIA,KCS,Shekou,CNSHK,2026-09-06 15:00:00,7.024836,109.979752,Transit,115.136,0,16.362,0,0,0,Vessel Live Movement,
KOTA DAHLIA,KCS,Shekou,CNSHK,2026-09-06 18:00:00,6.730418,108.230468,Transit,114.217,0,16.362,0,0,0,Vessel Live Movement,
KOTA DAHLIA,KCS,Shekou,CNSHK,2026-09-06 21:00:00,6.429793,106.483326,Transit,113.299,0,16.362,0,0,0,Vessel Live Movement,
KOTA DAHLIA,KCS,Shekou,CNSHK,2026-09-07 00:00:00,6.123246,104.738268,Transit,112.381,0,16.362,0,0,0,Vessel Live Movement,
KOTA DAHLIA,KCS,Shekou,CNSHK,2026-09-07 03:00:00,5.811069,102.995231,Transit,111.462,0,16.362,0,0,0,Vessel Live Movement,
KOTA DAHLIA,KCS,Shekou,CNSHK,2026-09-07 06:00:00,5.493557,101.254142,Transit,110.544,0,16.362,0,0,0,Vessel Live Movement,
KOTA DAHLIA,KCS,Shekou,CNSHK,2026-09-07 09:00:00,5.171009,99.514923,Transit,109.625,0,16.362,0,0,0,Vessel Live Movement,
KOTA DAHLIA,KCS,Shekou,CNSHK,2026-09-07 12:00:00,4.843728,97.777487,Transit,108.707,0,16.362,0,0,0,Vessel Live Movement,
KOTA DAHLIA,KCS,Shekou,CNSHK,2026-09-07 15:00:00,4.512018,96.041744,Transit,107.788,0,16.362,0,0,0,Vessel Live Movement,
KOTA DAHLIA,KCS,Shekou,CNSHK,2026-09-07 18:00:00,4.176189,94.307596,Transit,106.87,0,16.362,0,0,0,Vessel Live Movement,
KOTA DAHLIA,KCS,Shekou,CNSHK,2026-09-07 21:00:00,3.836551,92.574939,Transit,105.951,0,16.362,0,0,0,Vessel Live Movement,
KOTA DAHLIA,KCS,Shekou,CNSHK,2026-09-08 00:00:00,3.493418,90.843667,Transit,105.033,0,16.362,0,0,0,Vessel Live Movement,
KOTA DAHLIA,KCS,Shekou,CNSHK,2026-09-08 03:00:00,3.147106,89.113665,Transit,104.115,0,16.362,0,0,0,Vessel Live Movement,
KOTA DAHLIA,KCS,Shekou,CNSHK,2026-09-08 06:00:00,2.797932,87.384818,Transit,103.196,0,16.362,0,0,0,Vessel Live Movement,
KOTA DAHLIA,KCS,Shekou,CNSHK,2026-09-08 09:00:00,2.446217,85.657004,Transit,102.278,0,16.362,0,0,0,Vessel Live Movement,
KOTA DAHLIA,KCS,Shekou,CNSHK,2026-09-08 12:00:00,2.092282,83.930098,Transit,101.359,0,16.362,0,0,0,Vessel Live Movement,
KOTA DAHLIA,KCS,Shekou,CNSHK,2026-09-08 15:00:00,1.736448,82.203974,Transit,100.441,0,16.362,0,0,0,Vessel Live Movement,
KOTA DAHLIA,KCS,Shekou,CNSHK,2026-09-08 18:00:00,1.37904,80.478501,Transit,99.522,0,16.362,0,0,0,Vessel Live Movement,
KOTA DAHLIA,KCS,Shekou,CNSHK,2026-09-08 21:00:00,1.020383,78.753547,Transit,98.604,0,16.362,0,0,0,Vessel Live Movement,
KOTA DAHLIA,KCS,Shekou,CNSHK,2026-09-09 00:00:00,0.660801,77.028978,Transit,97.685,0,16.362,0,0,0,Vessel Live Movement,
KOTA DAHLIA,KCS,Shekou,CNSHK,2026-09-09 03:00:00,0.30062,75.304658,Transit,96.767,0,16.362,0,0,0,Vessel Live Movement,
KOTA DAHLIA,KCS,Shekou,CNSHK,2026-09-09 06:00:00,-0.059833,73.580453,Transit,95.848,0,16.362,0,0,0,Vessel Live Movement,
KOTA DAHLIA,KCS,Shekou,CNSHK,2026-09-09 09:00:00,-0.420231,71.856225,Transit,94.93,0,16.362,0,0,0,Vessel Live Movement,
KOTA DAHLIA,KCS,Shekou,CNSHK,2026-09-09 12:00:00,-0.780249,70.131838,Transit,94.012,0,16.362,0,0,0,Vessel Live Movement,
KOTA DAHLIA,KCS,Shekou,CNSHK,2026-09-09 15:00:00,-1.139561,68.407156,Transit,93.093,0,16.362,0,0,0,Vessel Live Movement,
KOTA DAHLIA,KCS,Shekou,CNSHK,2026-09-09 18:00:00,-1.497839,66.682044,Transit,92.175,0,16.362,0,0,0,Vessel Live Movement,
KOTA DAHLIA,KCS,Shekou,CNSHK,2026-09-09 21:00:00,-1.854761,64.956369,Transit,91.256,0,16.362,0,0,0,Vessel Live Movement,
KOTA DAHLIA,KCS,Shekou,CNSHK,2026-09-10 00:00:00,-2.211839,63.229114,Berthed,91.103,0,16.362,0,0,0,Vessel Live Movement,
KOTA DAHLIA,KCS,Shekou,CNSHK,2026-09-10 03:00:00,-2.21012,63.229322,Berthed,90.95,0,16.362,0,0,0,Vessel Live Movement,
KOTA DAHLIA,KCS,Shekou,CNSHK,2026-09-10 06:00:00,-2.209474,63.230167,Berthed,90.797,0,16.362,0,0,0,Vessel Live Movement,
KOTA DAHLIA,KCS,Shekou,CNSHK,2026-09-10 09:00:00,-2.208975,63.230925,Berthed,90.644,0,16.362,0,0,0,Vessel Live Movement,
KOTA DAHLIA,KCS,Shekou,CNSHK,2026-09-10 12:00:00,-2.20879,63.231284,Berthed,90.491,0,16.362,0,0,0,Vessel Live Movement,
KOTA DAHLIA,KCS,Shekou,CNSHK,2026-09-10 15:00:00,-2.210777,63.229137,Berthed,90.338,0,16.362,0,0,0,Vessel Live Movement,
KOTA DAHLIA,KCS,Shekou,CNSHK,2026-09-10 18:00:00,-2.211426,63.231141,Berthed,90.185,0,16.362,0,0,0,Vessel Live Movement,
KOTA DAHLIA,KCS,Shekou,CNSHK,2026-09-10 21:00:00,-2.209603,63.230549,Berthed,90.032,0,16.362,0,0,0,Vessel Live Movement,
KOTA DAHLIA,KCS,Busan,KRPUS,2026-09-11 00:00:00,-2.21,63.23,Transit,89.113,0,16.362,0,0,0,Vessel Live Movement,
KOTA DAHLIA,KCS,Busan,KRPUS,2026-09-11 03:00:00,-2.438281,63.925674,Transit,88.195,0,16.362,0,0,0,Vessel Live Movement,
KOTA DAHLIA,KCS,Busan,KRPUS,2026-09-11 06:00:00,-2.666203,64.621584,Transit,87.276,0,16.362,0,0,0,Vessel Live Movement,
KOTA DAHLIA,KCS,Busan,KRPUS,2026-09-11 09:00:00,-2.893732,65.317752,Transit,86.358,0,16.362,0,0,0,Vessel Live Movement,
KOTA DAHLIA,KCS,Busan,KRPUS,2026-09-11 12:00:00,-3.120835,66.014199,Transit,85.439,0,16.362,0,0,0,Vessel Live Movement,
KOTA DAHLIA,KCS,Busan,KRPUS,2026-09-11 15:00:00,-3.347477,66.710946,Transit,84.521,0,16.362,0,0,0,Vessel Live Movement,
KOTA DAHLIA,KCS,Busan,KRPUS,2026-09-11 18:00:00,-3.573624,67.408016,Transit,83.602,0,16.362,0,0,0,Vessel Live Movement,
KOTA DAHLIA,KCS,Busan,KRPUS,2026-09-11 21:00:00,-3.799245,68.105429,Transit,82.684,0,16.362,0,0,0,Vessel Live Movement,
KOTA DAHLIA,KCS,Busan,KRPUS,2026-09-12 00:00:00,-4.024303,68.803207,Transit,81.766,0,16.362,0,0,0,Vessel Live Movement,
KOTA DAHLIA,KCS,Busan,KRPUS,2026-09-12 03:00:00,-4.248766,69.50137,Transit,80.847,0,16.362,0,0,0,Vessel Live Movement,
KOTA DAHLIA,KCS,Busan,KRPUS,2026-09-12 06:00:00,-4.472601,70.199938,Transit,79.929,0,16.362,0,0,0,Vessel Live Movement,
KOTA DAHLIA,KCS,Busan,KRPUS,2026-09-12 09:00:00,-4.695773,70.898933,Transit,79.01,0,16.362,0,0,0,Vessel Live Movement,
KOTA DAHLIA,KCS,Busan,KRPUS,2026-09-12 12:00:00,-4.918248,71.598375,Transit,78.092,0,16.362,0,0,0,Vessel Live Movement,
KOTA DAHLIA,KCS,Busan,KRPUS,2026-09-12 15:00:00,-5.139994,72.298284,Transit,77.173,0,16.362,0,0,0,Vessel Live Movement,
KOTA DAHLIA,KCS,Busan,KRPUS,2026-09-12 18:00:00,-5.360976,72.998679,Transit,76.255,0,16.362,0,0,0,Vessel Live Movement,
KOTA DAHLIA,KCS,Busan,KRPUS,2026-09-12 21:00:00,-5.581162,73.699581,Transit,75.336,0,16.362,0,0,0,Vessel Live Movement,
KOTA DAHLIA,KCS,Busan,KRPUS,2026-09-13 00:00:00,-5.800517,74.401008,Transit,74.418,0,16.362,0,0,0,Vessel Live Movement,
KOTA DAHLIA,KCS,Busan,KRPUS,2026-09-13 03:00:00,-6.019007,75.10298,Transit,73.5,0,16.362,0,0,0,Vessel Live Movement,
KOTA DAHLIA,KCS,Busan,KRPUS,2026-09-13 06:00:00,-6.236601,75.805515,Transit,72.581,0,16.362,0,0,0,Vessel Live Movement,
KOTA DAHLIA,KCS,Busan,KRPUS,2026-09-13 09:00:00,-6.453263,76.508633,Transit,71.663,0,16.362,0,0,0,Vessel Live Movement,
KOTA DAHLIA,KCS,Busan,KRPUS,2026-09-13 12:00:00,-6.668961,77.212351,Transit,70.744,0,16.362,0,0,0,Vessel Live Movement,
KOTA DAHLIA,KCS,Busan,KRPUS,2026-09-13 15:00:00,-6.883661,77.916687,Transit,69.826,0,16.362,0,0,0,Vessel Live Movement,
KOTA DAHLIA,KCS,Busan,KRPUS,2026-09-13 18:00:00,-7.097329,78.621659,Transit,68.907,0,16.362,0,0,0,Vessel Live Movement,
KOTA DAHLIA,KCS,Busan,KRPUS,2026-09-13 21:00:00,-7.309934,79.327285,Transit,67.989,0,16.362,0,0,0,Vessel Live Movement,
KOTA DAHLIA,KCS,Busan,KRPUS,2026-09-14 00:00:00,-7.52144,80.033581,Transit,67.07,0,16.362,0,0,0,Vessel Live Movement,
KOTA DAHLIA,KCS,Busan,KRPUS,2026-09-14 03:00:00,-7.731816,80.740563,Transit,66.152,0,16.362,0,0,0,Vessel Live Movement,
KOTA DAHLIA,KCS,Busan,KRPUS,2026-09-14 06:00:00,-7.941027,81.44825,Transit,65.233,0,16.362,0,0,0,Vessel Live Movement,
KOTA DAHLIA,KCS,Busan,KRPUS,2026-09-14 09:00:00,-8.149041,82.156655,Transit,64.315,0,16.362,0,0,0,Vessel Live Movement,
KOTA DAHLIA,KCS,Busan,KRPUS,2026-09-14 12:00:00,-8.355825,82.865795,Transit,63.397,0,16.362,0,0,0,Vessel Live Movement,
KOTA DAHLIA,KCS,Busan,KRPUS,2026-09-14 15:00:00,-8.561346,83.575685,Transit,62.478,0,16.362,0,0,0,Vessel Live Movement,
KOTA DAHLIA,KCS,Busan,KRPUS,2026-09-14 18:00:00,-8.765571,84.28634,Transit,61.56,0,16.362,0,0,0,Vessel Live Movement,
KOTA DAHLIA,KCS,Busan,KRPUS,2026-09-14 21:00:00,-8.968466,84.997773,Transit,60.641,0,16.362,0,0,0,Vessel Live Movement,
KOTA DAHLIA,KCS,Busan,KRPUS,2026-09-15 00:00:00,-9.169431,85.70932,Berthed,181.527,0,16.362,121.039,0,0,Vessel Live Movement,
KOTA DAHLIA,KCS,Busan,KRPUS,2026-09-15 03:00:00,-9.168995,85.709663,Berthed,181.374,0,16.362,0,0,0,Vessel Live Movement,
KOTA DAHLIA,KCS,Busan,KRPUS,2026-09-15 06:00:00,-9.169356,85.709225,Berthed,181.221,0,16.362,0,0,0,Vessel Live Movement,
KOTA DAHLIA,KCS,Busan,KRPUS,2026-09-15 09:00:00,-9.170025,85.709982,Berthed,181.068,0,16.362,0,0,0,Vessel Live Movement,
KOTA DAHLIA,KCS,Busan,KRPUS,2026-09-15 12:00:00,-9.170601,85.710257,Berthed,180.914,0,16.362,0,0,0,Vessel Live Movement,
KOTA DAHLIA,KCS,Busan,KRPUS,2026-09-15 15:00:00,-9.171456,85.708948,Berthed,180.761,0,16.362,0,0,0,Vessel Live Movement,
KOTA DAHLIA,KCS,Busan,KRPUS,2026-09-15 18:00:00,-9.171682,85.710532,Berthed,180.608,0,16.362,0,0,0,Vessel Live Movement,
KOTA DAHLIA,KCS,Busan,KRPUS,2026-09-15 21:00:00,-9.171065,85.710209,Berthed,180.455,0,16.362,0,0,0,Vessel Live Movement,
KOTA DAHLIA,KCS,Incheon,KRINC,2026-09-16 00:00:00,-9.17,85.71,Transit,179.537,0,16.362,0,0,0,Vessel Live Movement,
KOTA DAHLIA,KCS,Incheon,KRINC,2026-09-16 03:00:00,-8.639645,91.090936,Transit,178.618,0,16.362,0,0,0,Vessel Live Movement,
KOTA DAHLIA,KCS,Incheon,KRINC,2026-09-16 06:00:00,-8.03451,96.455717,Transit,177.7,0,16.362,0,0,0,Vessel Live Movement,
KOTA DAHLIA,KCS,Incheon,KRINC,2026-09-16 09:00:00,-7.360118,101.803637,Transit,176.781,0,16.362,0,0,0,Vessel Live Movement,
KOTA DAHLIA,KCS,Incheon,KRINC,2026-09-16 12:00:00,-6.62255,107.134584,Transit,175.863,0,16.362,0,0,0,Vessel Live Movement,
KOTA DAHLIA,KCS,Incheon,KRINC,2026-09-16 15:00:00,-5.828373,112.449033,Transit,174.945,0,16.362,0,0,0,Vessel Live Movement,
KOTA DAHLIA,KCS,Incheon,KRINC,2026-09-16 18:00:00,-4.984576,117.748017,Transit,174.026,0,16.362,0,0,0,Vessel Live Movement,
KOTA DAHLIA,KCS,Incheon,KRINC,2026-09-16 21:00:00,-4.098499,123.033084,Transit,173.108,0,16.362,0,0,0,Vessel Live Movement,
KOTA DAHLIA,KCS,Incheon,KRINC,2026-09-17 00:00:00,-3.17777,128.306239,Transit,172.189,0,16.362,0,0,0,Vessel Live Movement,
KOTA DAHLIA,KCS,Incheon,KRINC,2026-09-17 03:00:00,-2.230247,133.569869,Transit,171.271,0,16.362,0,0,0,Vessel Live Movement,
KOTA DAHLIA,KCS,Incheon,KRINC,2026-09-17 06:00:00,-1.263958,138.826665,Transit,170.352,0,16.362,0,0,0,Vessel Live Movement,
KOTA DAHLIA,KCS,Incheon,KRINC,2026-09-17 09:00:00,-0.287048,144.079534,Transit,169.434,0,16.362,0,0,0,Vessel Live Movement,
KOTA DAHLIA,KCS,Incheon,KRINC,2026-09-17 12:00:00,0.692273,149.331505,Transit,168.515,0,16.362,0,0,0,Vessel Live Movement,
KOTA DAHLIA,KCS,Incheon,KRINC,2026-09-17 15:00:00,1.665779,154.585637,Transit,167.597,0,16.362,0,0,0,Vessel Live Movement,
KOTA DAHLIA,KCS,Incheon,KRINC,2026-09-17 18:00:00,2.625281,159.84492,Transit,166.678,0,16.362,0,0,0,Vessel Live Movement,
KOTA DAHLIA,KCS,Incheon,KRINC,2026-09-17 21:00:00,3.562676,165.112183,Transit,165.76,0,16.362,0,0,0,Vessel Live Movement,
KOTA DAHLIA,KCS,Incheon,KRINC,2026-09-18 00:00:00,4.469605,170.391893,Berthed,165.607,0,16.362,0,0,0,Vessel Live Movement,
KOTA DAHLIA,KCS,Incheon,KRINC,2026-09-18 03:00:00,4.470143,170.389915,Berthed,165.454,0,16.362,0,0,0,Vessel Live Movement,
KOTA DAHLIA,KCS,Incheon,KRINC,2026-09-18 06:00:00,4.468924,170.389953,Berthed,165.301,0,16.362,0,0,0,Vessel Live Movement,
KOTA DAHLIA,KCS,Incheon,KRINC,2026-09-18 09:00:00,4.469707,170.389729,Berthed,165.148,0,16.362,0,0,0,Vessel Live Movement,
KOTA DAHLIA,KCS,Incheon,KRINC,2026-09-18 12:00:00,4.470054,170.389741,Berthed,164.995,0,16.362,0,0,0,Vessel Live Movement,
KOTA DAHLIA,KCS,Incheon,KRINC,2026-09-18 15:00:00,4.468872,170.38998,Berthed,164.842,0,16.362,0,0,0,Vessel Live Movement,
KOTA DAHLIA,KCS,Incheon,KRINC,2026-09-18 18:00:00,4.468758,170.390533,Berthed,164.689,0,16.362,0,0,0,Vessel Live Movement,
KOTA DAHLIA,KCS,Incheon,KRINC,2026-09-18 21:00:00,4.470614,170.391043,Berthed,164.535,0,16.362,0,0,0,Vessel Live Movement,
KOTA DAHLIA,KCS,Qingdao,CNTAO,2026-09-19 00:00:00,4.47,170.39,Transit,163.617,0,16.362,0,0,0,Vessel Live Movement,
KOTA DAHLIA,KCS,Qingdao,CNTAO,2026-09-19 03:00:00,4.430906,167.844842,Transit,162.699,0,16.362,0,0,0,Vessel Live Movement,
KOTA DAHLIA,KCS,Qingdao,CNTAO,2026-09-19 06:00:00,4.383105,165.299982,Transit,161.78,0,16.362,0,0,0,Vessel Live Movement,
KOTA DAHLIA,KCS,Qingdao,CNTAO,2026-09-19 09:00:00,4.326694,162.755477,Transit,160.862,0,16.362,0,0,0,Vessel Live Movement,
KOTA DAHLIA,KCS,Qingdao,CNTAO,2026-09-19 12:00:00,4.261785,160.21138,Transit,159.943,0,16.362,0,0,0,Vessel Live Movement,
KOTA DAHLIA,KCS,Qingdao,CNTAO,2026-09-19 15:00:00,4.188507,157.667739,Transit,159.025,0,16.362,0,0,0,Vessel Live Movement,
KOTA DAHLIA,KCS,Qingdao,CNTAO,2026-09-19 18:00:00,4.107006,155.124602,Transit,158.106,0,16.362,0,0,0,Vessel Live Movement,
KOTA DAHLIA,KCS,Qingdao,CNTAO,2026-09-19 21:00:00,4.017444,152.58201,Transit,157.188,0,16.362,0,0,0,Vessel Live Movement,
KOTA DAHLIA,KCS,Qingdao,CNTAO,2026-09-20 00:00:00,3.920262,150.041131,Berthed,157.035,0,16.362,0,0,0,Vessel Live Movement,
KOTA DAHLIA,KCS,Qingdao,CNTAO,2026-09-20 03:00:00,3.921355,150.038039,Berthed,156.882,0,16.362,0,0,0,Vessel Live Movement,
KOTA DAHLIA,KCS,Qingdao,CNTAO,2026-09-20 06:00:00,3.919594,150.041593,Berthed,156.729,0,16.362,0,0,0,Vessel Live Movement,
KOTA DAHLIA,KCS,Qingdao,CNTAO,2026-09-20 09:00:00,3.920513,150.039316,Berthed,156.576,0,16.362,0,0,0,Vessel Live Movement,
KOTA DAHLIA,KCS,Qingdao,CNTAO,2026-09-20 12:00:00,3.920495,150.040091,Berthed,156.422,0,16.362,0,0,0,Vessel Live Movement,
KOTA DAHLIA,KCS,Qingdao,CNTAO,2026-09-20 15:00:00,3.920085,150.041464,Berthed,156.269,0,16.362,0,0,0,Vessel Live Movement,
KOTA DAHLIA,KCS,Qingdao,CNTAO,2026-09-20 18:00:00,3.921092,150.040465,Berthed,156.116,0,16.362,0,0,0,Vessel Live Movement,
KOTA DAHLIA,KCS,Qingdao,CNTAO,2026-09-20 21:00:00,3.919472,150.040356,Berthed,155.963,0,16.362,0,0,0,Vessel Live Movement,
KOTA DAHLIA,KCS,Shanghai,CNSHA,2026-09-21 00:00:00,3.92,150.04,Transit,155.045,0,16.362,0,0,0,Vessel Live Movement,
KOTA DAHLIA,KCS,Shanghai,CNSHA,2026-09-21 03:00:00,4.420388,150.751481,Transit,154.126,0,16.362,0,0,0,Vessel Live Movement,
KOTA DAHLIA,KCS,Shanghai,CNSHA,2026-09-21 06:00:00,4.920095,151.463923,Transit,153.208,0,16.362,0,0,0,Vessel Live Movement,
KOTA DAHLIA,KCS,Shanghai,CNSHA,2026-09-21 09:00:00,5.419045,152.177435,Transit,152.289,0,16.362,0,0,0,Vessel Live Movement,
KOTA DAHLIA,KCS,Shanghai,CNSHA,2026-09-21 12:00:00,5.917158,152.892125,Transit,151.371,0,16.362,0,0,0,Vessel Live Movement,
KOTA DAHLIA,KCS,Shanghai,CNSHA,2026-09-21 15:00:00,6.414355,153.608103,Transit,150.453,0,16.362,0,0,0,Vessel Live Movement,
KOTA DAHLIA,KCS,Shanghai,CNSHA,2026-09-21 18:00:00,6.910557,154.325479,Transit,149.534,0,16.362,0,0,0,Vessel Live Movement,
KOTA DAHLIA,KCS,Shanghai,CNSHA,2026-09-21 21:00:00,7.405684,155.04436,Transit,148.616,0,16.362,0,0,0,Vessel Live Movement,
KOTA DAHLIA,KCS,Shanghai,CNSHA,2026-09-22 00:00:00,7.899656,155.764856,Transit,147.697,0,16.362,0,0,0,Vessel Live Movement,
KOTA DAHLIA,KCS,Shanghai,CNSHA,2026-09-22 03:00:00,8.392391,156.487076,Transit,146.779,0,16.362,0,0,0,Vessel Live Movement,
KOTA DAHLIA,KCS,Shanghai,CNSHA,2026-09-22 06:00:00,8.883808,157.211128,Transit,145.86,0,16.362,0,0,0,Vessel Live Movement,
KOTA DAHLIA,KCS,Shanghai,CNSHA,2026-09-22 09:00:00,9.373825,157.937121,Transit,144.942,0,16.362,0,0,0,Vessel Live Movement,
KOTA DAHLIA,KCS,Shanghai,CNSHA,2026-09-22 12:00:00,9.86236,158.665164,Transit,144.023,0,16.362,0,0,0,Vessel Live Movement,
KOTA DAHLIA,KCS,Shanghai,CNSHA,2026-09-22 15:00:00,10.34933,159.395366,Transit,143.105,0,16.362,0,0,0,Vessel Live Movement,
KOTA DAHLIA,KCS,Shanghai,CNSHA,2026-09-22 18:00:00,10.834649,160.127833,Transit,142.186,0,16.362,0,0,0,Vessel Live Movement,
KOTA DAHLIA,KCS,Shanghai,CNSHA,2026-09-22 21:00:00,11.318235,160.862676,Transit,141.268,0,16.362,0,0,0,Vessel Live Movement,
KOTA DAHLIA,KCS,Shanghai,CNSHA,2026-09-23 00:00:00,11.801289,161.599352,Berthed,141.115,0,16.362,0,0,0,Vessel Live Movement,
KOTA DAHLIA,KCS,Shanghai,CNSHA,2026-09-23 03:00:00,11.800029,161.599198,Berthed,140.962,0,16.362,0,0,0,Vessel Live Movement,
KOTA DAHLIA,KCS,Shanghai,CNSHA,2026-09-23 06:00:00,11.797586,161.597947,Berthed,140.809,0,16.362,0,0,0,Vessel Live Movement,
KOTA DAHLIA,KCS,Shanghai,CNSHA,2026-09-23 09:00:00,11.799364,161.600008,Berthed,140.656,0,16.362,0,0,0,Vessel Live Movement,
KOTA DAHLIA,KCS,Shanghai,CNSHA,2026-09-23 12:00:00,11.798681,161.598513,Berthed,140.503,0,16.362,0,0,0,Vessel Live Movement,
KOTA DAHLIA,KCS,Shanghai,CNSHA,2026-09-23 15:00:00,11.800468,161.599818,Berthed,140.35,0,16.362,0,0,0,Vessel Live Movement,
KOTA DAHLIA,KCS,Shanghai,CNSHA,2026-09-23 18:00:00,11.801604,161.600606,Berthed,140.197,0,16.362,0,0,0,Vessel Live Movement,
KOTA DAHLIA,KCS,Shanghai,CNSHA,2026-09-23 21:00:00,11.800996,161.598706,Berthed,140.043,0,16.362,0,0,0,Vessel Live Movement,
KOTA DAHLIA,KCS,Shekou,CNSHK,2026-09-24 00:00:00,11.8,161.6,Transit,139.125,0,16.362,0,0,0,Vessel Live Movement,
KOTA DAHLIA,KCS,Shekou,CNSHK,2026-09-24 03:00:00,11.78009,159.800676,Transit,138.207,0,16.362,0,0,0,Vessel Live Movement,
KOTA DAHLIA,KCS,Shekou,CNSHK,2026-09-24 06:00:00,11.748889,158.001686,Transit,137.288,0,16.362,0,0,0,Vessel Live Movement,
KOTA DAHLIA,KCS,Shekou,CNSHK,2026-09-24 09:00:00,11.706431,156.203178,Transit,136.37,0,16.362,0,0,0,Vessel Live Movement,
KOTA DAHLIA,KCS,Shekou,CNSHK,2026-09-24 12:00:00,11.652762,154.405294,Transit,135.451,0,16.362,0,0,0,Vessel Live Movement,
KOTA DAHLIA,KCS,Shekou,CNSHK,2026-09-24 15:00:00,11.587938,152.608177,Transit,134.533,0,16.362,0,0,0,Vessel Live Movement,
KOTA DAHLIA,KCS,Shekou,CNSHK,2026-09-24 18:00:00,11.512028,150.811964,Transit,133.614,0,16.362,0,0,0,Vessel Live Movement,
KOTA DAHLIA,KCS,Shekou,CNSHK,2026-09-24 21:00:00,11.425114,149.016791,Transit,132.696,0,16.362,0,0,0,Vessel Live Movement,
KOTA DAHLIA,KCS,Shekou,CNSHK,2026-09-25 00:00:00,11.327286,147.222787,Transit,131.777,0,16.362,0,0,0,Vessel Live Movement,
KOTA DAHLIA,KCS,Shekou,CNSHK,2026-09-25 03:00:00,11.218649,145.430077,Transit,130.859,0,16.362,0,0,0,Vessel Live Movement,
KOTA DAHLIA,KCS,Shekou,CNSHK,2026-09-25 06:00:00,11.099316,143.638782,Transit,129.94,0,16.362,0,0,0,Vessel Live Movement,
KOTA DAHLIA,KCS,Shekou,CNSHK,2026-09-25 09:00:00,10.969414,141.849014,Transit,129.022,0,16.362,0,0,0,Vessel Live Movement,
KOTA DAHLIA,KCS,Shekou,CNSHK,2026-09-25 12:00:00,10.829078,140.060881,Transit,128.104,0,16.362,0,0,0,Vessel Live Movement,
KOTA DAHLIA,KCS,Shekou,CNSHK,2026-09-25 15:00:00,10.678455,138.274484,Transit,127.185,0,16.362,0,0,0,Vessel Live Movement,
KOTA DAHLIA,KCS,Shekou,CNSHK,2026-09-25 18:00:00,10.517701,136.489916,Transit,126.267,0,16.362,0,0,0,Vessel Live Movement,
KOTA DAHLIA,KCS,Shekou,CNSHK,2026-09-25 21:00:00,10.346982,134.707264,Transit,125.348,0,16.362,0,0,0,Vessel Live Movement,
KOTA DAHLIA,KCS,Shekou,CNSHK,2026-09-26 00:00:00,10.166476,132.926606,Transit,124.43,0,16.362,0,0,0,Vessel Live Movement,
KOTA DAHLIA,KCS,Shekou,CNSHK,2026-09-26 03:00:00,9.976366,131.148011,Transit,123.511,0,16.362,0,0,0,Vessel Live Movement,
KOTA DAHLIA,KCS,Shekou,CNSHK,2026-09-26 06:00:00,9.776848,129.371543,Transit,122.593,0,16.362,0,0,0,Vessel Live Movement,
KOTA DAHLIA,KCS,Shekou,CNSHK,2026-09-26 09:00:00,9.568125,127.597254,Transit,121.674,0,16.362,0,0,0,Vessel Live Movement,
KOTA DAHLIA,KCS,Shekou,CNSHK,2026-09-26 12:00:00,9.350407,125.825189,Transit,120.756,0,16.362,0,0,0,Vessel Live Movement,
KOTA DAHLIA,KCS,Shekou,CNSHK,2026-09-26 15:00:00,9.123915,124.055384,Transit,119.838,0,16.362,0,0,0,Vessel Live Movement,
KOTA DAHLIA,KCS,Shekou,CNSHK,2026-09-26 18:00:00,8.888876,122.287868,Transit,118.919,0,16.362,0,0,0,Vessel Live Movement,
KOTA DAHLIA,KCS,Shekou,CNSHK,2026-09-26 21:00:00,8.645524,120.522657,Transit,118.001,0,16.362,0,0,0,Vessel Live Movement,
KOTA DAHLIA,KCS,Shekou,CNSHK,2026-09-27 00:00:00,8.394102,118.759763,Transit,117.082,0,16.362,0,0,0,Vessel Live Movement,
KOTA DAHLIA,KCS,Shekou,CNSHK,2026-09-27 03:00:00,8.134856,116.999185,Transit,116.164,0,16.362,0,0,0,Vessel Live Movement,
KOTA DAHLIA,KCS,Shekou,CNSHK,2026-09-27 06:00:00,7.868043,115.240916,Transit,115.245,0,16.362,0,0,0,Vessel Live Movement,
KOTA DAHLIA,KCS,Shekou,CNSHK,2026-09-27 09:00:00,7.593923,113.484939,Transit,114.327,0,16.362,0,0,0,Vessel Live Movement,
KOTA DAHLIA,KCS,Shekou,CNSHK,2026-09-27 12:00:00,7.312763,111.731229,Transit,113.408,0,16.362,0,0,0,Vessel Live Movement,
KOTA DAHLIA,KCS,Shekou,CNSHK,2026-09-27 15:00:00,7.024836,109.979752,Transit,112.49,0,16.362,0,0,0,Vessel Live Movement,
KOTA DAHLIA,KCS,Shekou,CNSHK,2026-09-27 18:00:00,6.730418,108.230468,Transit,111.571,0,16.362,0,0,0,Vessel Live Movement,
KOTA DAHLIA,KCS,Shekou,CNSHK,2026-09-27 21:00:00,6.429793,106.483326,Transit,110.653,0,16.362,0,0,0,Vessel Live Movement,
KOTA DAHLIA,KCS,Shekou,CNSHK,2026-09-28 00:00:00,6.123246,104.738268,Transit,109.735,0,16.362,0,0,0,Vessel Live Movement,
KOTA DAHLIA,KCS,Shekou,CNSHK,2026-09-28 03:00:00,5.811069,102.995231,Transit,108.816,0,16.362,0,0,0,Vessel Live Movement,
KOTA DAHLIA,KCS,Shekou,CNSHK,2026-09-28 06:00:00,5.493557,101.254142,Transit,107.898,0,16.362,0,0,0,Vessel Live Movement,
KOTA DAHLIA,KCS,Shekou,CNSHK,2026-09-28 09:00:00,5.171009,99.514923,Transit,106.979,0,16.362,0,0,0,Vessel Live Movement,
KOTA DAHLIA,KCS,Shekou,CNSHK,2026-09-28 12:00:00,4.843728,97.777487,Transit,106.061,0,16.362,0,0,0,Vessel Live Movement,
KOTA DAHLIA,KCS,Shekou,CNSHK,2026-09-28 15:00:00,4.512018,96.041744,Transit,105.142,0,16.362,0,0,0,Vessel Live Movement,
KOTA DAHLIA,KCS,Shekou,CNSHK,2026-09-28 18:00:00,4.176189,94.307596,Transit,104.224,0,16.362,0,0,0,Vessel Live Movement,
KOTA DAHLIA,KCS,Shekou,CNSHK,2026-09-28 21:00:00,3.836551,92.574939,Transit,103.305,0,16.362,0,0,0,Vessel Live Movement,
KOTA DAHLIA,KCS,Shekou,CNSHK,2026-09-29 00:00:00,3.493418,90.843667,Transit,102.387,0,16.362,0,0,0,Vessel Live Movement,
KOTA DAHLIA,KCS,Shekou,CNSHK,2026-09-29 03:00:00,3.147106,89.113665,Transit,101.469,0,16.362,0,0,0,Vessel Live Movement,
KOTA DAHLIA,KCS,Shekou,CNSHK,2026-09-29 06:00:00,2.797932,87.384818,Transit,100.55,0,16.362,0,0,0,Vessel Live Movement,
KOTA DAHLIA,KCS,Shekou,CNSHK,2026-09-29 09:00:00,2.446217,85.657004,Transit,99.632,0,16.362,0,0,0,Vessel Live Movement,
KOTA DAHLIA,KCS,Shekou,CNSHK,2026-09-29 12:00:00,2.092282,83.930098,Transit,98.713,0,16.362,0,0,0,Vessel Live Movement,
KOTA DAHLIA,KCS,Shekou,CNSHK,2026-09-29 15:00:00,1.736448,82.203974,Transit,97.795,0,16.362,0,0,0,Vessel Live Movement,
KOTA DAHLIA,KCS,Shekou,CNSHK,2026-09-29 18:00:00,1.37904,80.478501,Transit,96.876,0,16.362,0,0,0,Vessel Live Movement,
KOTA DAHLIA,KCS,Shekou,CNSHK,2026-09-29 21:00:00,1.020383,78.753547,Transit,95.958,0,16.362,0,0,0,Vessel Live Movement,
KOTA DUNIA,SCT,Bangkok,THBKK,2026-08-01 00:00:00,-1.784669,162.992917,Transit,0,138.09,50.612,0,0,0,Vessel Live Movement,
KOTA DUNIA,SCT,Bangkok,THBKK,2026-08-01 03:00:00,-1.587497,163.281681,Transit,0,137.166,50.612,0,0,0,Vessel Live Movement,
KOTA DUNIA,SCT,Bangkok,THBKK,2026-08-01 06:00:00,-1.390283,163.57039,Transit,0,136.242,50.612,0,0,0,Vessel Live Movement,
KOTA DUNIA,SCT,Bangkok,THBKK,2026-08-01 09:00:00,-1.193035,163.859051,Transit,0,135.318,50.612,0,0,0,Vessel Live Movement,
KOTA DUNIA,SCT,Bangkok,THBKK,2026-08-01 12:00:00,-0.995756,164.14767,Transit,0,134.394,50.612,0,0,0,Vessel Live Movement,
KOTA DUNIA,SCT,Bangkok,THBKK,2026-08-01 15:00:00,-0.798452,164.436255,Transit,0,133.47,50.612,0,0,0,Vessel Live Movement,
KOTA DUNIA,SCT,Bangkok,THBKK,2026-08-01 18:00:00,-0.601127,164.724812,Transit,0,132.546,50.612,0,0,0,Vessel Live Movement,
KOTA DUNIA,SCT,Bangkok,THBKK,2026-08-01 21:00:00,-0.403788,165.013348,Transit,0,131.622,50.612,0,0,0,Vessel Live Movement,
KOTA DUNIA,SCT,Bangkok,THBKK,2026-08-02 00:00:00,-0.206438,165.30187,Transit,0,130.698,50.612,0,0,0,Vessel Live Movement,
KOTA DUNIA,SCT,Bangkok,THBKK,2026-08-02 03:00:00,-0.009083,165.590385,Transit,0,129.773,50.612,0,0,0,Vessel Live Movement,
KOTA DUNIA,SCT,Bangkok,THBKK,2026-08-02 06:00:00,0.188272,165.8789,Transit,0,128.849,50.612,0,0,0,Vessel Live Movement,
KOTA DUNIA,SCT,Bangkok,THBKK,2026-08-02 09:00:00,0.385623,166.167422,Transit,0,127.925,50.612,0,0,0,Vessel Live Movement,
KOTA DUNIA,SCT,Bangkok,THBKK,2026-08-02 12:00:00,0.582964,166.455956,Transit,0,127.001,50.612,0,0,0,Vessel Live Movement,
KOTA DUNIA,SCT,Bangkok,THBKK,2026-08-02 15:00:00,0.78029,166.744511,Transit,0,126.077,50.612,0,0,0,Vessel Live Movement,
KOTA DUNIA,SCT,Bangkok,THBKK,2026-08-02 18:00:00,0.977596,167.033093,Transit,0,125.153,50.612,0,0,0,Vessel Live Movement,
KOTA DUNIA,SCT,Bangkok,THBKK,2026-08-02 21:00:00,1.174877,167.321709,Transit,0,124.229,50.612,0,0,0,Vessel Live Movement,
KOTA DUNIA,SCT,Bangkok,THBKK,2026-08-03 00:00:00,1.372129,167.610366,Transit,0,123.305,50.612,0,0,0,Vessel Live Movement,
KOTA DUNIA,SCT,Bangkok,THBKK,2026-08-03 03:00:00,1.569345,167.89907,Transit,0,122.381,50.612,0,0,0,Vessel Live Movement,
KOTA DUNIA,SCT,Bangkok,THBKK,2026-08-03 06:00:00,1.766522,168.187829,Transit,0,121.457,50.612,0,0,0,Vessel Live Movement,
KOTA DUNIA,SCT,Bangkok,THBKK,2026-08-03 09:00:00,1.963654,168.476649,Transit,0,120.533,50.612,0,0,0,Vessel Live Movement,
KOTA DUNIA,SCT,Bangkok,THBKK,2026-08-03 12:00:00,2.160737,168.765537,Transit,0,119.609,50.612,0,0,0,Vessel Live Movement,
KOTA DUNIA,SCT,Bangkok,THBKK,2026-08-03 15:00:00,2.357764,169.0545,Transit,0,118.685,50.612,0,0,0,Vessel Live Movement,
KOTA DUNIA,SCT,Bangkok,THBKK,2026-08-03 18:00:00,2.554731,169.343545,Transit,0,117.76,50.612,0,0,0,Vessel Live Movement,
KOTA DUNIA,SCT,Bangkok,THBKK,2026-08-03 21:00:00,2.751634,169.632679,Transit,0,116.836,50.612,0,0,0,Vessel Live Movement,
KOTA DUNIA,SCT,Bangkok,THBKK,2026-08-04 00:00:00,2.948466,169.921908,Transit,0,115.912,50.612,0,0,0,Vessel Live Movement,
KOTA DUNIA,SCT,Bangkok,THBKK,2026-08-04 03:00:00,3.145223,170.211239,Transit,0,114.988,50.612,0,0,0,Vessel Live Movement,
KOTA DUNIA,SCT,Bangkok,THBKK,2026-08-04 06:00:00,3.341901,170.50068,Transit,0,114.064,50.612,0,0,0,Vessel Live Movement,
KOTA DUNIA,SCT,Bangkok,THBKK,2026-08-04 09:00:00,3.538493,170.790237,Transit,0,113.14,50.612,0,0,0,Vessel Live Movement,
KOTA DUNIA,SCT,Bangkok,THBKK,2026-08-04 12:00:00,3.734995,171.079916,Transit,0,112.216,50.612,0,0,0,Vessel Live Movement,
KOTA DUNIA,SCT,Bangkok,THBKK,2026-08-04 15:00:00,3.931402,171.369726,Transit,0,111.292,50.612,0,0,0,Vessel Live Movement,
KOTA DUNIA,SCT,Bangkok,THBKK,2026-08-04 18:00:00,4.127708,171.659671,Transit,0,110.368,50.612,0,0,0,Vessel Live Movement,
KOTA DUNIA,SCT,Bangkok,THBKK,2026-08-04 21:00:00,4.323909,171.949761,Transit,0,109.444,50.612,0,0,0,Vessel Live Movement,
KOTA DUNIA,SCT,Bangkok,THBKK,2026-08-05 00:00:00,4.519593,172.239944,Berthed,0,109.29,50.612,0,0,0,Vessel Live Movement,
KOTA DUNIA,SCT,Bangkok,THBKK,2026-08-05 03:00:00,4.519606,172.240893,Berthed,0,109.136,50.612,0,0,0,Vessel Live Movement,
KOTA DUNIA,SCT,Bangkok,THBKK,2026-08-05 06:00:00,4.52118,172.241023,Berthed,0,108.982,50.612,0,0,0,Vessel Live Movement,
KOTA DUNIA,SCT,Bangkok,THBKK,2026-08-05 09:00:00,4.518273,172.239582,Berthed,0,108.828,50.612,0,0,0,Vessel Live Movement,
KOTA DUNIA,SCT,Bangkok,THBKK,2026-08-05 12:00:00,4.519789,172.239244,Berthed,0,108.674,50.612,0,0,0,Vessel Live Movement,
KOTA DUNIA,SCT,Bangkok,THBKK,2026-08-05 15:00:00,4.521267,172.238484,Berthed,0,108.52,50.612,0,0,0,Vessel Live Movement,
KOTA DUNIA,SCT,Bangkok,THBKK,2026-08-05 18:00:00,4.518817,172.240468,Berthed,0,108.366,50.612,0,0,0,Vessel Live Movement,
KOTA DUNIA,SCT,Bangkok,THBKK,2026-08-05 21:00:00,4.52239,172.239284,Berthed,0,108.212,50.612,0,0,0,Vessel Live Movement,
KOTA DUNIA,SCT,Shekou,CNSHK,2026-08-06 00:00:00,4.52,172.24,Transit,0,107.288,50.612,0,0,0,Vessel Live Movement,
KOTA DUNIA,SCT,Shekou,CNSHK,2026-08-06 03:00:00,4.209409,158.563897,Transit,0,106.364,50.612,0,0,0,Vessel Live Movement,
KOTA DUNIA,SCT,Shekou,CNSHK,2026-08-06 06:00:00,3.661207,144.90273,Transit,0,105.439,50.612,0,0,0,Vessel Live Movement,
KOTA DUNIA,SCT,Shekou,CNSHK,2026-08-06 09:00:00,2.906685,131.261238,Transit,0,104.515,50.612,0,0,0,Vessel Live Movement,
KOTA DUNIA,SCT,Shekou,CNSHK,2026-08-06 12:00:00,1.98868,117.639761,Transit,0,103.591,50.612,0,0,0,Vessel Live Movement,
KOTA DUNIA,SCT,Shekou,CNSHK,2026-08-06 15:00:00,0.959018,104.034204,Transit,0,102.667,50.612,0,0,0,Vessel Live Movement,
KOTA DUNIA,SCT,Shekou,CNSHK,2026-08-06 18:00:00,-0.124424,90.436966,Transit,0,101.743,50.612,0,0,0,Vessel Live Movement,
KOTA DUNIA,SCT,Shekou,CNSHK,2026-08-06 21:00:00,-1.200892,76.838625,Transit,0,100.819,50.612,0,0,0,Vessel Live Movement,
KOTA DUNIA,SCT,Shekou,CNSHK,2026-08-07 00:00:00,-2.210694,63.228903,Berthed,0,100.665,50.612,0,0,0,Vessel Live Movement,
KOTA DUNIA,SCT,Shekou,CNSHK,2026-08-07 03:00:00,-2.209165,63.231356,Berthed,0,100.511,50.612,0,0,0,Vessel Live Movement,
KOTA DUNIA,SCT,Shekou,CNSHK,2026-08-07 06:00:00,-2.209511,63.228398,Berthed,0,100.357,50.612,0,0,0,Vessel Live Movement,
KOTA DUNIA,SCT,Shekou,CNSHK,2026-08-07 09:00:00,-2.210088,63.229175,Berthed,0,100.203,50.612,0,0,0,Vessel Live Movement,
KOTA DUNIA,SCT,Shekou,CNSHK,2026-08-07 12:00:00,-2.209646,63.229961,Berthed,0,100.049,50.612,0,0,0,Vessel Live Movement,
KOTA DUNIA,SCT,Shekou,CNSHK,2026-08-07 15:00:00,-2.209568,63.22861,Berthed,0,99.895,50.612,0,0,0,Vessel Live Movement,
KOTA DUNIA,SCT,Shekou,CNSHK,2026-08-07 18:00:00,-2.210408,63.229396,Berthed,0,99.741,50.612,0,0,0,Vessel Live Movement,
KOTA DUNIA,SCT,Shekou,CNSHK,2026-08-07 21:00:00,-2.208954,63.232404,Berthed,0,99.587,50.612,0,0,0,Vessel Live Movement,
KOTA DUNIA,SCT,Nansha,CNNSA,2026-08-08 00:00:00,-2.21,63.23,Transit,0,98.663,50.612,0,0,0,Vessel Live Movement,
KOTA DUNIA,SCT,Nansha,CNNSA,2026-08-08 03:00:00,-2.934067,75.383422,Transit,0,97.739,50.612,0,0,0,Vessel Live Movement,
KOTA DUNIA,SCT,Nansha,CNNSA,2026-08-08 06:00:00,-3.526682,87.551061,Transit,0,96.815,50.612,0,0,0,Vessel Live Movement,
KOTA DUNIA,SCT,Nansha,CNNSA,2026-08-08 09:00:00,-3.961058,99.732048,Transit,0,95.891,50.612,0,0,0,Vessel Live Movement,
KOTA DUNIA,SCT,Nansha,CNNSA,2026-08-08 12:00:00,-4.217477,111.923132,Transit,0,94.967,50.612,0,0,0,Vessel Live Movement,
KOTA DUNIA,SCT,Nansha,CNNSA,2026-08-08 15:00:00,-4.284263,124.11925,Transit,0,94.043,50.612,0,0,0,Vessel Live Movement,
KOTA DUNIA,SCT,Nansha,CNNSA,2026-08-08 18:00:00,-4.15837,136.314433,Transit,0,93.118,50.612,0,0,0,Vessel Live Movement,
KOTA DUNIA,SCT,Nansha,CNNSA,2026-08-08 21:00:00,-3.845538,148.502879,Transit,0,92.194,50.612,0,0,0,Vessel Live Movement,
KOTA DUNIA,SCT,Nansha,CNNSA,2026-08-09 00:00:00,-3.358696,160.680785,Berthed,0,92.04,50.612,0,0,0,Vessel Live Movement,
KOTA DUNIA,SCT,Nansha,CNNSA,2026-08-09 03:00:00,-3.359308,160.679208,Berthed,0,91.886,50.612,0,0,0,Vessel Live Movement,
KOTA DUNIA,SCT,Nansha,CNNSA,2026-08-09 06:00:00,-3.360665,160.679608,Berthed,0,91.732,50.612,0,0,0,Vessel Live Movement,
KOTA DUNIA,SCT,Nansha,CNNSA,2026-08-09 09:00:00,-3.359409,160.679508,Berthed,0,91.578,50.612,0,0,0,Vessel Live Movement,
KOTA DUNIA,SCT,Nansha,CNNSA,2026-08-09 12:00:00,-3.360155,160.680676,Berthed,0,91.424,50.612,0,0,0,Vessel Live Movement,
KOTA DUNIA,SCT,Nansha,CNNSA,2026-08-09 15:00:00,-3.359609,160.681968,Berthed,0,91.27,50.612,0,0,0,Vessel Live Movement,
KOTA DUNIA,SCT,Nansha,CNNSA,2026-08-09 18:00:00,-3.35809,160.679805,Berthed,0,91.116,50.612,0,0,0,Vessel Live Movement,
KOTA DUNIA,SCT,Nansha,CNNSA,2026-08-09 21:00:00,-3.359896,160.679881,Berthed,0,90.962,50.612,0,0,0,Vessel Live Movement,
KOTA DUNIA,SCT,Bangkok,THBKK,2026-08-10 00:00:00,-3.36,160.68,Transit,0,90.038,50.612,0,0,0,Vessel Live Movement,
KOTA DUNIA,SCT,Bangkok,THBKK,2026-08-10 03:00:00,-3.16333,160.969451,Transit,0,89.114,50.612,0,0,0,Vessel Live Movement,
KOTA DUNIA,SCT,Bangkok,THBKK,2026-08-10 06:00:00,-2.96658,161.258792,Transit,0,88.19,50.612,0,0,0,Vessel Live Movement,
KOTA DUNIA,SCT,Bangkok,THBKK,2026-08-10 09:00:00,-2.769754,161.548031,Transit,0,87.266,50.612,0,0,0,Vessel Live Movement,
KOTA DUNIA,SCT,Bangkok,THBKK,2026-08-10 12:00:00,-2.572858,161.837173,Transit,0,86.342,50.612,0,0,0,Vessel Live Movement,
KOTA DUNIA,SCT,Bangkok,THBKK,2026-08-10 15:00:00,-2.375897,162.126226,Transit,0,85.418,50.612,0,0,0,Vessel Live Movement,
KOTA DUNIA,SCT,Bangkok,THBKK,2026-08-10 18:00:00,-2.178875,162.415196,Transit,0,84.494,50.612,0,0,0,Vessel Live Movement,
KOTA DUNIA,SCT,Bangkok,THBKK,2026-08-10 21:00:00,-1.981797,162.704091,Transit,0,83.57,50.612,0,0,0,Vessel Live Movement,
KOTA DUNIA,SCT,Bangkok,THBKK,2026-08-11 00:00:00,-1.784669,162.992917,Transit,0,82.646,50.612,0,0,0,Vessel Live Movement,
KOTA DUNIA,SCT,Bangkok,THBKK,2026-08-11 03:00:00,-1.587497,163.281681,Transit,0,81.722,50.612,0,0,0,Vessel Live Movement,
KOTA DUNIA,SCT,Bangkok,THBKK,2026-08-11 06:00:00,-1.390283,163.57039,Transit,0,80.797,50.612,0,0,0,Vessel Live Movement,
KOTA DUNIA,SCT,Bangkok,THBKK,2026-08-11 09:00:00,-1.193035,163.859051,Transit,0,79.873,50.612,0,0,0,Vessel Live Movement,
KOTA DUNIA,SCT,Bangkok,THBKK,2026-08-11 12:00:00,-0.995756,164.14767,Transit,0,78.949,50.612,0,0,0,Vessel Live Movement,
KOTA DUNIA,SCT,Bangkok,THBKK,2026-08-11 15:00:00,-0.798452,164.436255,Transit,0,78.025,50.612,0,0,0,Vessel Live Movement,
KOTA DUNIA,SCT,Bangkok,THBKK,2026-08-11 18:00:00,-0.601127,164.724812,Transit,0,77.101,50.612,0,0,0,Vessel Live Movement,
KOTA DUNIA,SCT,Bangkok,THBKK,2026-08-11 21:00:00,-0.403788,165.013348,Transit,0,76.177,50.612,0,0,0,Vessel Live Movement,
KOTA DUNIA,SCT,Bangkok,THBKK,2026-08-12 00:00:00,-0.206438,165.30187,Transit,0,75.253,50.612,0,0,0,Vessel Live Movement,
KOTA DUNIA,SCT,Bangkok,THBKK,2026-08-12 03:00:00,-0.009083,165.590385,Transit,0,74.329,50.612,0,0,0,Vessel Live Movement,
KOTA DUNIA,SCT,Bangkok,THBKK,2026-08-12 06:00:00,0.188272,165.8789,Transit,0,73.405,50.612,0,0,0,Vessel Live Movement,
KOTA DUNIA,SCT,Bangkok,THBKK,2026-08-12 09:00:00,0.385623,166.167422,Transit,0,72.481,50.612,0,0,0,Vessel Live Movement,
KOTA DUNIA,SCT,Bangkok,THBKK,2026-08-12 12:00:00,0.582964,166.455956,Transit,0,71.557,50.612,0,0,0,Vessel Live Movement,
KOTA DUNIA,SCT,Bangkok,THBKK,2026-08-12 15:00:00,0.78029,166.744511,Transit,0,70.633,50.612,0,0,0,Vessel Live Movement,
KOTA DUNIA,SCT,Bangkok,THBKK,2026-08-12 18:00:00,0.977596,167.033093,Transit,0,69.709,50.612,0,0,0,Vessel Live Movement,
KOTA DUNIA,SCT,Bangkok,THBKK,2026-08-12 21:00:00,1.174877,167.321709,Transit,0,68.785,50.612,0,0,0,Vessel Live Movement,
KOTA DUNIA,SCT,Bangkok,THBKK,2026-08-13 00:00:00,1.372129,167.610366,Transit,0,67.86,50.612,0,0,0,Vessel Live Movement,
KOTA DUNIA,SCT,Bangkok,THBKK,2026-08-13 03:00:00,1.569345,167.89907,Transit,0,66.936,50.612,0,0,0,Vessel Live Movement,
KOTA DUNIA,SCT,Bangkok,THBKK,2026-08-13 06:00:00,1.766522,168.187829,Transit,0,66.012,50.612,0,0,0,Vessel Live Movement,
KOTA DUNIA,SCT,Bangkok,THBKK,2026-08-13 09:00:00,1.963654,168.476649,Transit,0,65.088,50.612,0,0,0,Vessel Live Movement,
KOTA DUNIA,SCT,Bangkok,THBKK,2026-08-13 12:00:00,2.160737,168.765537,Transit,0,64.164,50.612,0,0,0,Vessel Live Movement,
KOTA DUNIA,SCT,Bangkok,THBKK,2026-08-13 15:00:00,2.357764,169.0545,Transit,0,63.24,50.612,0,0,0,Vessel Live Movement,
KOTA DUNIA,SCT,Bangkok,THBKK,2026-08-13 18:00:00,2.554731,169.343545,Transit,0,62.316,50.612,0,0,0,Vessel Live Movement,
KOTA DUNIA,SCT,Bangkok,THBKK,2026-08-13 21:00:00,2.751634,169.632679,Transit,0,61.392,50.612,0,0,0,Vessel Live Movement,
KOTA DUNIA,SCT,Bangkok,THBKK,2026-08-14 00:00:00,2.948466,169.921908,Transit,0,60.468,50.612,0,0,0,Vessel Live Movement,
KOTA DUNIA,SCT,Bangkok,THBKK,2026-08-14 03:00:00,3.145223,170.211239,Transit,0,59.544,50.612,0,0,0,Vessel Live Movement,
KOTA DUNIA,SCT,Bangkok,THBKK,2026-08-14 06:00:00,3.341901,170.50068,Transit,0,58.62,50.612,0,0,0,Vessel Live Movement,
KOTA DUNIA,SCT,Bangkok,THBKK,2026-08-14 09:00:00,3.538493,170.790237,Transit,0,57.696,50.612,0,0,0,Vessel Live Movement,
KOTA DUNIA,SCT,Bangkok,THBKK,2026-08-14 12:00:00,3.734995,171.079916,Transit,0,56.772,50.612,0,0,0,Vessel Live Movement,
KOTA DUNIA,SCT,Bangkok,THBKK,2026-08-14 15:00:00,3.931402,171.369726,Transit,0,55.847,50.612,0,0,0,Vessel Live Movement,
KOTA DUNIA,SCT,Bangkok,THBKK,2026-08-14 18:00:00,4.127708,171.659671,Transit,0,54.923,50.612,0,0,0,Vessel Live Movement,
KOTA DUNIA,SCT,Bangkok,THBKK,2026-08-14 21:00:00,4.323909,171.949761,Transit,0,53.999,50.612,0,0,0,Vessel Live Movement,
KOTA DUNIA,SCT,Bangkok,THBKK,2026-08-15 00:00:00,4.522001,172.239651,Berthed,0,53.845,50.612,0,0,0,Vessel Live Movement,
KOTA DUNIA,SCT,Bangkok,THBKK,2026-08-15 03:00:00,4.521085,172.239418,Berthed,0,53.691,50.612,0,0,0,Vessel Live Movement,
KOTA DUNIA,SCT,Bangkok,THBKK,2026-08-15 06:00:00,4.51991,172.239069,Berthed,0,53.537,50.612,0,0,0,Vessel Live Movement,
KOTA DUNIA,SCT,Bangkok,THBKK,2026-08-15 09:00:00,4.521179,172.239013,Berthed,0,53.383,50.612,0,0,0,Vessel Live Movement,
KOTA DUNIA,SCT,Bangkok,THBKK,2026-08-15 12:00:00,4.520317,172.240175,Berthed,0,53.229,50.612,0,0,0,Vessel Live Movement,
KOTA DUNIA,SCT,Bangkok,THBKK,2026-08-15 15:00:00,4.518954,172.239896,Berthed,0,53.075,50.612,0,0,0,Vessel Live Movement,
KOTA DUNIA,SCT,Bangkok,THBKK,2026-08-15 18:00:00,4.519935,172.240255,Berthed,0,52.921,50.612,0,0,0,Vessel Live Movement,
KOTA DUNIA,SCT,Bangkok,THBKK,2026-08-15 21:00:00,4.519188,172.240267,Berthed,0,52.767,50.612,0,0,0,Vessel Live Movement,
KOTA DUNIA,SCT,Shekou,CNSHK,2026-08-16 00:00:00,4.52,172.24,Transit,0,51.843,50.612,0,0,0,Vessel Live Movement,
KOTA DUNIA,SCT,Shekou,CNSHK,2026-08-16 03:00:00,4.209409,158.563897,Transit,0,50.919,50.612,0,0,0,Vessel Live Movement,
KOTA DUNIA,SCT,Shekou,CNSHK,2026-08-16 06:00:00,3.661207,144.90273,Transit,0,49.995,50.612,0,0,0,Vessel Live Movement,
KOTA DUNIA,SCT,Shekou,CNSHK,2026-08-16 09:00:00,2.906685,131.261238,Transit,0,49.071,50.612,0,0,0,Vessel Live Movement,
KOTA DUNIA,SCT,Shekou,CNSHK,2026-08-16 12:00:00,1.98868,117.639761,Transit,0,48.147,50.612,0,0,0,Vessel Live Movement,
KOTA DUNIA,SCT,Shekou,CNSHK,2026-08-16 15:00:00,0.959018,104.034204,Transit,0,47.223,50.612,0,0,0,Vessel Live Movement,
KOTA DUNIA,SCT,Shekou,CNSHK,2026-08-16 18:00:00,-0.124424,90.436966,Transit,0,46.299,50.612,0,0,0,Vessel Live Movement,
KOTA DUNIA,SCT,Shekou,CNSHK,2026-08-16 21:00:00,-1.200892,76.838625,Transit,0,45.375,50.612,0,0,0,Vessel Live Movement,
KOTA DUNIA,SCT,Shekou,CNSHK,2026-08-17 00:00:00,-2.209272,63.229131,Berthed,0,45.221,50.612,0,0,0,Vessel Live Movement,
KOTA DUNIA,SCT,Shekou,CNSHK,2026-08-17 03:00:00,-2.210503,63.228415,Berthed,0,45.067,50.612,0,0,0,Vessel Live Movement,
KOTA DUNIA,SCT,Shekou,CNSHK,2026-08-17 06:00:00,-2.210832,63.230614,Berthed,0,44.913,50.612,0,0,0,Vessel Live Movement,
KOTA DUNIA,SCT,Shekou,CNSHK,2026-08-17 09:00:00,-2.210423,63.229886,Berthed,0,44.759,50.612,0,0,0,Vessel Live Movement,
KOTA DUNIA,SCT,Shekou,CNSHK,2026-08-17 12:00:00,-2.211756,63.229791,Berthed,0,44.605,50.612,0,0,0,Vessel Live Movement,
KOTA DUNIA,SCT,Shekou,CNSHK,2026-08-17 15:00:00,-2.209897,63.229867,Berthed,0,44.451,50.612,0,0,0,Vessel Live Movement,
KOTA DUNIA,SCT,Shekou,CNSHK,2026-08-17 18:00:00,-2.2098,63.231206,Berthed,0,44.297,50.612,0,0,0,Vessel Live Movement,
KOTA DUNIA,SCT,Shekou,CNSHK,2026-08-17 21:00:00,-2.210583,63.230486,Berthed,0,44.143,50.612,0,0,0,Vessel Live Movement,
KOTA DUNIA,SCT,Nansha,CNNSA,2026-08-18 00:00:00,-2.21,63.23,Transit,0,43.218,50.612,0,0,0,Vessel Live Movement,
KOTA DUNIA,SCT,Nansha,CNNSA,2026-08-18 03:00:00,-2.934067,75.383422,Transit,0,42.294,50.612,0,0,0,Vessel Live Movement,
KOTA DUNIA,SCT,Nansha,CNNSA,2026-08-18 06:00:00,-3.526682,87.551061,Transit,0,41.37,50.612,0,0,0,Vessel Live Movement,
KOTA DUNIA,SCT,Nansha,CNNSA,2026-08-18 09:00:00,-3.961058,99.732048,Transit,0,40.446,50.612,0,0,0,Vessel Live Movement,
KOTA DUNIA,SCT,Nansha,CNNSA,2026-08-18 12:00:00,-4.217477,111.923132,Transit,0,39.522,50.612,0,0,0,Vessel Live Movement,
KOTA DUNIA,SCT,Nansha,CNNSA,2026-08-18 15:00:00,-4.284263,124.11925,Transit,0,38.598,50.612,0,0,0,Vessel Live Movement,
KOTA DUNIA,SCT,Nansha,CNNSA,2026-08-18 18:00:00,-4.15837,136.314433,Transit,0,37.674,50.612,0,0,0,Vessel Live Movement,
KOTA DUNIA,SCT,Nansha,CNNSA,2026-08-18 21:00:00,-3.845538,148.502879,Transit,0,36.75,50.612,0,0,0,Vessel Live Movement,
KOTA DUNIA,SCT,Nansha,CNNSA,2026-08-19 00:00:00,-3.359034,160.68084,Berthed,0,36.596,50.612,0,0,0,Vessel Live Movement,
KOTA DUNIA,SCT,Nansha,CNNSA,2026-08-19 03:00:00,-3.360324,160.681147,Berthed,0,36.442,50.612,0,0,0,Vessel Live Movement,
KOTA DUNIA,SCT,Nansha,CNNSA,2026-08-19 06:00:00,-3.360415,160.680454,Berthed,0,36.288,50.612,0,0,0,Vessel Live Movement,
KOTA DUNIA,SCT,Nansha,CNNSA,2026-08-19 09:00:00,-3.359981,160.680054,Berthed,0,36.134,50.612,0,0,0,Vessel Live Movement,
KOTA DUNIA,SCT,Nansha,CNNSA,2026-08-19 12:00:00,-3.361593,160.680013,Berthed,0,35.98,50.612,0,0,0,Vessel Live Movement,
KOTA DUNIA,SCT,Nansha,CNNSA,2026-08-19 15:00:00,-3.360455,160.678455,Berthed,0,35.826,50.612,0,0,0,Vessel Live Movement,
KOTA DUNIA,SCT,Nansha,CNNSA,2026-08-19 18:00:00,-3.359095,160.67944,Berthed,0,35.672,50.612,0,0,0,Vessel Live Movement,
KOTA DUNIA,SCT,Nansha,CNNSA,2026-08-19 21:00:00,-3.35938,160.679657,Berthed,0,35.518,50.612,0,0,0,Vessel Live Movement,
KOTA DUNIA,SCT,Bangkok,THBKK,2026-08-20 00:00:00,-3.36,160.68,Transit,0,34.594,50.612,0,0,0,Vessel Live Movement,
KOTA DUNIA,SCT,Bangkok,THBKK,2026-08-20 03:00:00,-3.16333,160.969451,Transit,0,33.67,50.612,0,0,0,Vessel Live Movement,
KOTA DUNIA,SCT,Bangkok,THBKK,2026-08-20 06:00:00,-2.96658,161.258792,Transit,0,32.746,50.612,0,0,0,Vessel Live Movement,
KOTA DUNIA,SCT,Bangkok,THBKK,2026-08-20 09:00:00,-2.769754,161.548031,Transit,0,31.822,50.612,0,0,0,Vessel Live Movement,
KOTA DUNIA,SCT,Bangkok,THBKK,2026-08-20 12:00:00,-2.572858,161.837173,Transit,0,30.897,50.612,0,0,0,Vessel Live Movement,
KOTA DUNIA,SCT,Bangkok,THBKK,2026-08-20 15:00:00,-2.375897,162.126226,Transit,0,29.973,50.612,0,0,0,Vessel Live Movement,
KOTA DUNIA,SCT,Bangkok,THBKK,2026-08-20 18:00:00,-2.178875,162.415196,Transit,0,29.049,50.612,0,0,0,Vessel Live Movement,
KOTA DUNIA,SCT,Bangkok,THBKK,2026-08-20 21:00:00,-1.981797,162.704091,Transit,0,28.125,50.612,0,0,0,Vessel Live Movement,
KOTA DUNIA,SCT,Bangkok,THBKK,2026-08-21 00:00:00,-1.784669,162.992917,Transit,0,27.201,50.612,0,0,0,Vessel Live Movement,
KOTA DUNIA,SCT,Bangkok,THBKK,2026-08-21 03:00:00,-1.587497,163.281681,Transit,0,26.277,50.612,0,0,0,Vessel Live Movement,
KOTA DUNIA,SCT,Bangkok,THBKK,2026-08-21 06:00:00,-1.390283,163.57039,Transit,0,25.353,50.612,0,0,0,Vessel Live Movement,
KOTA DUNIA,SCT,Bangkok,THBKK,2026-08-21 09:00:00,-1.193035,163.859051,Transit,0,24.429,50.612,0,0,0,Vessel Live Movement,
KOTA DUNIA,SCT,Bangkok,THBKK,2026-08-21 12:00:00,-0.995756,164.14767,Transit,0,23.505,50.612,0,0,0,Vessel Live Movement,
KOTA DUNIA,SCT,Bangkok,THBKK,2026-08-21 15:00:00,-0.798452,164.436255,Transit,0,22.581,50.612,0,0,0,Vessel Live Movement,
KOTA DUNIA,SCT,Bangkok,THBKK,2026-08-21 18:00:00,-0.601127,164.724812,Transit,0,21.657,50.612,0,0,0,Vessel Live Movement,
KOTA DUNIA,SCT,Bangkok,THBKK,2026-08-21 21:00:00,-0.403788,165.013348,Transit,0,20.733,50.612,0,0,0,Vessel Live Movement,
KOTA DUNIA,SCT,Bangkok,THBKK,2026-08-22 00:00:00,-0.206438,165.30187,Transit,0,19.809,50.612,0,0,0,Vessel Live Movement,
KOTA DUNIA,SCT,Bangkok,THBKK,2026-08-22 03:00:00,-0.009083,165.590385,Transit,0,18.884,50.612,0,0,0,Vessel Live Movement,
KOTA DUNIA,SCT,Bangkok,THBKK,2026-08-22 06:00:00,0.188272,165.8789,Transit,0,17.96,50.612,0,0,0,Vessel Live Movement,
KOTA DUNIA,SCT,Bangkok,THBKK,2026-08-22 09:00:00,0.385623,166.167422,Transit,0,17.036,50.612,0,0,0,Vessel Live Movement,
KOTA DUNIA,SCT,Bangkok,THBKK,2026-08-22 12:00:00,0.582964,166.455956,Transit,0,16.112,50.612,0,0,0,Vessel Live Movement,
KOTA DUNIA,SCT,Bangkok,THBKK,2026-08-22 15:00:00,0.78029,166.744511,Transit,0,15.188,50.612,0,0,0,Vessel Live Movement,
KOTA DUNIA,SCT,Bangkok,THBKK,2026-08-22 18:00:00,0.977596,167.033093,Transit,0,14.264,50.612,0,0,0,Vessel Live Movement,
KOTA DUNIA,SCT,Bangkok,THBKK,2026-08-22 21:00:00,1.174877,167.321709,Transit,0,13.34,50.612,0,0,0,Vessel Live Movement,
KOTA DUNIA,SCT,Bangkok,THBKK,2026-08-23 00:00:00,1.372129,167.610366,Transit,0,12.416,50.612,0,0,0,Vessel Live Movement,
KOTA DUNIA,SCT,Bangkok,THBKK,2026-08-23 03:00:00,1.569345,167.89907,Transit,0,11.492,50.612,0,0,0,Vessel Live Movement,
KOTA DUNIA,SCT,Bangkok,THBKK,2026-08-23 06:00:00,1.766522,168.187829,Transit,0,10.568,50.612,0,0,0,Vessel Live Movement,
KOTA DUNIA,SCT,Bangkok,THBKK,2026-08-23 09:00:00,1.963654,168.476649,Transit,0,9.644,50.612,0,0,0,Vessel Live Movement,
KOTA DUNIA,SCT,Bangkok,THBKK,2026-08-23 12:00:00,2.160737,168.765537,Transit,0,8.72,50.612,0,0,0,Vessel Live Movement,
KOTA DUNIA,SCT,Bangkok,THBKK,2026-08-23 15:00:00,2.357764,169.0545,Transit,0,7.796,50.612,0,0,0,Vessel Live Movement,
KOTA DUNIA,SCT,Bangkok,THBKK,2026-08-23 18:00:00,2.554731,169.343545,Transit,0,6.871,50.612,0,0,0,Vessel Live Movement,
KOTA DUNIA,SCT,Bangkok,THBKK,2026-08-23 21:00:00,2.751634,169.632679,Transit,0,5.947,50.612,0,0,0,Vessel Live Movement,
KOTA DUNIA,SCT,Bangkok,THBKK,2026-08-24 00:00:00,2.948466,169.921908,Transit,0,5.023,50.612,0,0,0,Vessel Live Movement,
KOTA DUNIA,SCT,Bangkok,THBKK,2026-08-24 03:00:00,3.145223,170.211239,Transit,0,4.099,50.612,0,0,0,Vessel Live Movement,
KOTA DUNIA,SCT,Bangkok,THBKK,2026-08-24 06:00:00,3.341901,170.50068,Transit,0,3.175,50.612,0,0,0,Vessel Live Movement,
KOTA DUNIA,SCT,Bangkok,THBKK,2026-08-24 09:00:00,3.538493,170.790237,Transit,0,2.251,50.612,0,0,0,Vessel Live Movement,
KOTA DUNIA,SCT,Bangkok,THBKK,2026-08-24 12:00:00,3.734995,171.079916,Transit,0,1.327,50.612,0,0,0,Vessel Live Movement,
KOTA DUNIA,SCT,Bangkok,THBKK,2026-08-24 15:00:00,3.931402,171.369726,Transit,0,0.403,50.612,0,0,0,Vessel Live Movement,
KOTA DUNIA,SCT,Bangkok,THBKK,2026-08-24 18:00:00,4.127708,171.659671,Transit,0,0,50.612,0,0,0,Vessel Live Movement,Zero HSFO ROB in source; vessel modelled with no fuel onboard
KOTA DUNIA,SCT,Bangkok,THBKK,2026-08-24 21:00:00,4.323909,171.949761,Transit,0,0,50.612,0,0,0,Vessel Live Movement,Zero HSFO ROB in source; vessel modelled with no fuel onboard
KOTA DUNIA,SCT,Bangkok,THBKK,2026-08-25 00:00:00,4.520982,172.239336,Berthed,0,112.91,50.612,0,112.91,0,Vessel Live Movement,
KOTA DUNIA,SCT,Bangkok,THBKK,2026-08-25 03:00:00,4.519074,172.239043,Berthed,0,112.756,50.612,0,0,0,Vessel Live Movement,
KOTA DUNIA,SCT,Bangkok,THBKK,2026-08-25 06:00:00,4.518781,172.238296,Berthed,0,112.602,50.612,0,0,0,Vessel Live Movement,
KOTA DUNIA,SCT,Bangkok,THBKK,2026-08-25 09:00:00,4.52114,172.241009,Berthed,0,112.448,50.612,0,0,0,Vessel Live Movement,
KOTA DUNIA,SCT,Bangkok,THBKK,2026-08-25 12:00:00,4.521189,172.241138,Berthed,0,112.294,50.612,0,0,0,Vessel Live Movement,
KOTA DUNIA,SCT,Bangkok,THBKK,2026-08-25 15:00:00,4.518623,172.240694,Berthed,0,112.14,50.612,0,0,0,Vessel Live Movement,
KOTA DUNIA,SCT,Bangkok,THBKK,2026-08-25 18:00:00,4.517994,172.239646,Berthed,0,111.986,50.612,0,0,0,Vessel Live Movement,
KOTA DUNIA,SCT,Bangkok,THBKK,2026-08-25 21:00:00,4.518166,172.241556,Berthed,0,111.832,50.612,0,0,0,Vessel Live Movement,
KOTA DUNIA,SCT,Shekou,CNSHK,2026-08-26 00:00:00,4.52,172.24,Transit,0,110.908,50.612,0,0,0,Vessel Live Movement,
KOTA DUNIA,SCT,Shekou,CNSHK,2026-08-26 03:00:00,4.209409,158.563897,Transit,0,109.984,50.612,0,0,0,Vessel Live Movement,
KOTA DUNIA,SCT,Shekou,CNSHK,2026-08-26 06:00:00,3.661207,144.90273,Transit,0,109.06,50.612,0,0,0,Vessel Live Movement,
KOTA DUNIA,SCT,Shekou,CNSHK,2026-08-26 09:00:00,2.906685,131.261238,Transit,0,108.136,50.612,0,0,0,Vessel Live Movement,
KOTA DUNIA,SCT,Shekou,CNSHK,2026-08-26 12:00:00,1.98868,117.639761,Transit,0,107.212,50.612,0,0,0,Vessel Live Movement,
KOTA DUNIA,SCT,Shekou,CNSHK,2026-08-26 15:00:00,0.959018,104.034204,Transit,0,106.288,50.612,0,0,0,Vessel Live Movement,
KOTA DUNIA,SCT,Shekou,CNSHK,2026-08-26 18:00:00,-0.124424,90.436966,Transit,0,105.363,50.612,0,0,0,Vessel Live Movement,
KOTA DUNIA,SCT,Shekou,CNSHK,2026-08-26 21:00:00,-1.200892,76.838625,Transit,0,104.439,50.612,0,0,0,Vessel Live Movement,
KOTA DUNIA,SCT,Shekou,CNSHK,2026-08-27 00:00:00,-2.209129,63.229455,Berthed,0,104.285,50.612,0,0,0,Vessel Live Movement,
KOTA DUNIA,SCT,Shekou,CNSHK,2026-08-27 03:00:00,-2.209331,63.231237,Berthed,0,104.131,50.612,0,0,0,Vessel Live Movement,
KOTA DUNIA,SCT,Shekou,CNSHK,2026-08-27 06:00:00,-2.210541,63.229251,Berthed,0,103.977,50.612,0,0,0,Vessel Live Movement,
KOTA DUNIA,SCT,Shekou,CNSHK,2026-08-27 09:00:00,-2.210718,63.230558,Berthed,0,103.823,50.612,0,0,0,Vessel Live Movement,
KOTA DUNIA,SCT,Shekou,CNSHK,2026-08-27 12:00:00,-2.21002,63.228581,Berthed,0,103.669,50.612,0,0,0,Vessel Live Movement,
KOTA DUNIA,SCT,Shekou,CNSHK,2026-08-27 15:00:00,-2.209314,63.231005,Berthed,0,103.515,50.612,0,0,0,Vessel Live Movement,
KOTA DUNIA,SCT,Shekou,CNSHK,2026-08-27 18:00:00,-2.209408,63.230364,Berthed,0,103.361,50.612,0,0,0,Vessel Live Movement,
KOTA DUNIA,SCT,Shekou,CNSHK,2026-08-27 21:00:00,-2.210055,63.230039,Berthed,0,103.207,50.612,0,0,0,Vessel Live Movement,
KOTA DUNIA,SCT,Nansha,CNNSA,2026-08-28 00:00:00,-2.21,63.23,Transit,0,102.283,50.612,0,0,0,Vessel Live Movement,
KOTA DUNIA,SCT,Nansha,CNNSA,2026-08-28 03:00:00,-2.934067,75.383422,Transit,0,101.359,50.612,0,0,0,Vessel Live Movement,
KOTA DUNIA,SCT,Nansha,CNNSA,2026-08-28 06:00:00,-3.526682,87.551061,Transit,0,100.435,50.612,0,0,0,Vessel Live Movement,
KOTA DUNIA,SCT,Nansha,CNNSA,2026-08-28 09:00:00,-3.961058,99.732048,Transit,0,99.511,50.612,0,0,0,Vessel Live Movement,
KOTA DUNIA,SCT,Nansha,CNNSA,2026-08-28 12:00:00,-4.217477,111.923132,Transit,0,98.587,50.612,0,0,0,Vessel Live Movement,
KOTA DUNIA,SCT,Nansha,CNNSA,2026-08-28 15:00:00,-4.284263,124.11925,Transit,0,97.663,50.612,0,0,0,Vessel Live Movement,
KOTA DUNIA,SCT,Nansha,CNNSA,2026-08-28 18:00:00,-4.15837,136.314433,Transit,0,96.739,50.612,0,0,0,Vessel Live Movement,
KOTA DUNIA,SCT,Nansha,CNNSA,2026-08-28 21:00:00,-3.845538,148.502879,Transit,0,95.815,50.612,0,0,0,Vessel Live Movement,
KOTA DUNIA,SCT,Nansha,CNNSA,2026-08-29 00:00:00,-3.358985,160.681089,Berthed,0,95.661,50.612,0,0,0,Vessel Live Movement,
KOTA DUNIA,SCT,Nansha,CNNSA,2026-08-29 03:00:00,-3.360534,160.679477,Berthed,0,95.507,50.612,0,0,0,Vessel Live Movement,
KOTA DUNIA,SCT,Nansha,CNNSA,2026-08-29 06:00:00,-3.3612,160.680378,Berthed,0,95.353,50.612,0,0,0,Vessel Live Movement,
KOTA DUNIA,SCT,Nansha,CNNSA,2026-08-29 09:00:00,-3.35828,160.680047,Berthed,0,95.199,50.612,0,0,0,Vessel Live Movement,
KOTA DUNIA,SCT,Nansha,CNNSA,2026-08-29 12:00:00,-3.35998,160.681488,Berthed,0,95.045,50.612,0,0,0,Vessel Live Movement,
KOTA DUNIA,SCT,Nansha,CNNSA,2026-08-29 15:00:00,-3.3604,160.679362,Berthed,0,94.891,50.612,0,0,0,Vessel Live Movement,
KOTA DUNIA,SCT,Nansha,CNNSA,2026-08-29 18:00:00,-3.358282,160.680671,Berthed,0,94.737,50.612,0,0,0,Vessel Live Movement,
KOTA DUNIA,SCT,Nansha,CNNSA,2026-08-29 21:00:00,-3.360662,160.680299,Berthed,0,94.583,50.612,0,0,0,Vessel Live Movement,
KOTA DUNIA,SCT,Bangkok,THBKK,2026-08-30 00:00:00,-3.36,160.68,Transit,0,93.659,50.612,0,0,0,Vessel Live Movement,
KOTA DUNIA,SCT,Bangkok,THBKK,2026-08-30 03:00:00,-3.16333,160.969451,Transit,0,92.734,50.612,0,0,0,Vessel Live Movement,
KOTA DUNIA,SCT,Bangkok,THBKK,2026-08-30 06:00:00,-2.96658,161.258792,Transit,0,91.81,50.612,0,0,0,Vessel Live Movement,
KOTA DUNIA,SCT,Bangkok,THBKK,2026-08-30 09:00:00,-2.769754,161.548031,Transit,0,90.886,50.612,0,0,0,Vessel Live Movement,
KOTA DUNIA,SCT,Bangkok,THBKK,2026-08-30 12:00:00,-2.572858,161.837173,Transit,0,89.962,50.612,0,0,0,Vessel Live Movement,
KOTA DUNIA,SCT,Bangkok,THBKK,2026-08-30 15:00:00,-2.375897,162.126226,Transit,0,89.038,50.612,0,0,0,Vessel Live Movement,
KOTA DUNIA,SCT,Bangkok,THBKK,2026-08-30 18:00:00,-2.178875,162.415196,Transit,0,88.114,50.612,0,0,0,Vessel Live Movement,
KOTA DUNIA,SCT,Bangkok,THBKK,2026-08-30 21:00:00,-1.981797,162.704091,Transit,0,87.19,50.612,0,0,0,Vessel Live Movement,
KOTA DUNIA,SCT,Bangkok,THBKK,2026-08-31 00:00:00,-1.784669,162.992917,Transit,0,86.266,50.612,0,0,0,Vessel Live Movement,
KOTA DUNIA,SCT,Bangkok,THBKK,2026-08-31 03:00:00,-1.587497,163.281681,Transit,0,85.342,50.612,0,0,0,Vessel Live Movement,
KOTA DUNIA,SCT,Bangkok,THBKK,2026-08-31 06:00:00,-1.390283,163.57039,Transit,0,84.418,50.612,0,0,0,Vessel Live Movement,
KOTA DUNIA,SCT,Bangkok,THBKK,2026-08-31 09:00:00,-1.193035,163.859051,Transit,0,83.494,50.612,0,0,0,Vessel Live Movement,
KOTA DUNIA,SCT,Bangkok,THBKK,2026-08-31 12:00:00,-0.995756,164.14767,Transit,0,82.57,50.612,0,0,0,Vessel Live Movement,
KOTA DUNIA,SCT,Bangkok,THBKK,2026-08-31 15:00:00,-0.798452,164.436255,Transit,0,81.646,50.612,0,0,0,Vessel Live Movement,
KOTA DUNIA,SCT,Bangkok,THBKK,2026-08-31 18:00:00,-0.601127,164.724812,Transit,0,80.721,50.612,0,0,0,Vessel Live Movement,
KOTA DUNIA,SCT,Bangkok,THBKK,2026-08-31 21:00:00,-0.403788,165.013348,Transit,0,79.797,50.612,0,0,0,Vessel Live Movement,
KOTA DUNIA,SCT,Bangkok,THBKK,2026-09-01 00:00:00,-0.206438,165.30187,Transit,0,78.873,50.612,0,0,0,Vessel Live Movement,
KOTA DUNIA,SCT,Bangkok,THBKK,2026-09-01 03:00:00,-0.009083,165.590385,Transit,0,77.949,50.612,0,0,0,Vessel Live Movement,
KOTA DUNIA,SCT,Bangkok,THBKK,2026-09-01 06:00:00,0.188272,165.8789,Transit,0,77.025,50.612,0,0,0,Vessel Live Movement,
KOTA DUNIA,SCT,Bangkok,THBKK,2026-09-01 09:00:00,0.385623,166.167422,Transit,0,76.101,50.612,0,0,0,Vessel Live Movement,
KOTA DUNIA,SCT,Bangkok,THBKK,2026-09-01 12:00:00,0.582964,166.455956,Transit,0,75.177,50.612,0,0,0,Vessel Live Movement,
KOTA DUNIA,SCT,Bangkok,THBKK,2026-09-01 15:00:00,0.78029,166.744511,Transit,0,74.253,50.612,0,0,0,Vessel Live Movement,
KOTA DUNIA,SCT,Bangkok,THBKK,2026-09-01 18:00:00,0.977596,167.033093,Transit,0,73.329,50.612,0,0,0,Vessel Live Movement,
KOTA DUNIA,SCT,Bangkok,THBKK,2026-09-01 21:00:00,1.174877,167.321709,Transit,0,72.405,50.612,0,0,0,Vessel Live Movement,
KOTA DUNIA,SCT,Bangkok,THBKK,2026-09-02 00:00:00,1.372129,167.610366,Transit,0,71.481,50.612,0,0,0,Vessel Live Movement,
KOTA DUNIA,SCT,Bangkok,THBKK,2026-09-02 03:00:00,1.569345,167.89907,Transit,0,70.557,50.612,0,0,0,Vessel Live Movement,
KOTA DUNIA,SCT,Bangkok,THBKK,2026-09-02 06:00:00,1.766522,168.187829,Transit,0,69.633,50.612,0,0,0,Vessel Live Movement,
KOTA DUNIA,SCT,Bangkok,THBKK,2026-09-02 09:00:00,1.963654,168.476649,Transit,0,68.708,50.612,0,0,0,Vessel Live Movement,
KOTA DUNIA,SCT,Bangkok,THBKK,2026-09-02 12:00:00,2.160737,168.765537,Transit,0,67.784,50.612,0,0,0,Vessel Live Movement,
KOTA DUNIA,SCT,Bangkok,THBKK,2026-09-02 15:00:00,2.357764,169.0545,Transit,0,66.86,50.612,0,0,0,Vessel Live Movement,
KOTA DUNIA,SCT,Bangkok,THBKK,2026-09-02 18:00:00,2.554731,169.343545,Transit,0,65.936,50.612,0,0,0,Vessel Live Movement,
KOTA DUNIA,SCT,Bangkok,THBKK,2026-09-02 21:00:00,2.751634,169.632679,Transit,0,65.012,50.612,0,0,0,Vessel Live Movement,
KOTA DUNIA,SCT,Bangkok,THBKK,2026-09-03 00:00:00,2.948466,169.921908,Transit,0,64.088,50.612,0,0,0,Vessel Live Movement,
KOTA DUNIA,SCT,Bangkok,THBKK,2026-09-03 03:00:00,3.145223,170.211239,Transit,0,63.164,50.612,0,0,0,Vessel Live Movement,
KOTA DUNIA,SCT,Bangkok,THBKK,2026-09-03 06:00:00,3.341901,170.50068,Transit,0,62.24,50.612,0,0,0,Vessel Live Movement,
KOTA DUNIA,SCT,Bangkok,THBKK,2026-09-03 09:00:00,3.538493,170.790237,Transit,0,61.316,50.612,0,0,0,Vessel Live Movement,
KOTA DUNIA,SCT,Bangkok,THBKK,2026-09-03 12:00:00,3.734995,171.079916,Transit,0,60.392,50.612,0,0,0,Vessel Live Movement,
KOTA DUNIA,SCT,Bangkok,THBKK,2026-09-03 15:00:00,3.931402,171.369726,Transit,0,59.468,50.612,0,0,0,Vessel Live Movement,
KOTA DUNIA,SCT,Bangkok,THBKK,2026-09-03 18:00:00,4.127708,171.659671,Transit,0,58.544,50.612,0,0,0,Vessel Live Movement,
KOTA DUNIA,SCT,Bangkok,THBKK,2026-09-03 21:00:00,4.323909,171.949761,Transit,0,57.62,50.612,0,0,0,Vessel Live Movement,
KOTA DUNIA,SCT,Bangkok,THBKK,2026-09-04 00:00:00,4.519269,172.24127,Berthed,0,57.466,50.612,0,0,0,Vessel Live Movement,
KOTA DUNIA,SCT,Bangkok,THBKK,2026-09-04 03:00:00,4.5198,172.240481,Berthed,0,57.312,50.612,0,0,0,Vessel Live Movement,
KOTA DUNIA,SCT,Bangkok,THBKK,2026-09-04 06:00:00,4.518294,172.239129,Berthed,0,57.158,50.612,0,0,0,Vessel Live Movement,
KOTA DUNIA,SCT,Bangkok,THBKK,2026-09-04 09:00:00,4.519947,172.23926,Berthed,0,57.004,50.612,0,0,0,Vessel Live Movement,
KOTA DUNIA,SCT,Bangkok,THBKK,2026-09-04 12:00:00,4.519964,172.24093,Berthed,0,56.85,50.612,0,0,0,Vessel Live Movement,
KOTA DUNIA,SCT,Bangkok,THBKK,2026-09-04 15:00:00,4.518965,172.238651,Berthed,0,56.696,50.612,0,0,0,Vessel Live Movement,
KOTA DUNIA,SCT,Bangkok,THBKK,2026-09-04 18:00:00,4.520242,172.24095,Berthed,0,56.542,50.612,0,0,0,Vessel Live Movement,
KOTA DUNIA,SCT,Bangkok,THBKK,2026-09-04 21:00:00,4.52128,172.23887,Berthed,0,56.387,50.612,0,0,0,Vessel Live Movement,
KOTA DUNIA,SCT,Shekou,CNSHK,2026-09-05 00:00:00,4.52,172.24,Transit,0,55.463,50.612,0,0,0,Vessel Live Movement,
KOTA DUNIA,SCT,Shekou,CNSHK,2026-09-05 03:00:00,4.209409,158.563897,Transit,0,54.539,50.612,0,0,0,Vessel Live Movement,
KOTA DUNIA,SCT,Shekou,CNSHK,2026-09-05 06:00:00,3.661207,144.90273,Transit,0,53.615,50.612,0,0,0,Vessel Live Movement,
KOTA DUNIA,SCT,Shekou,CNSHK,2026-09-05 09:00:00,2.906685,131.261238,Transit,0,52.691,50.612,0,0,0,Vessel Live Movement,
KOTA DUNIA,SCT,Shekou,CNSHK,2026-09-05 12:00:00,1.98868,117.639761,Transit,0,51.767,50.612,0,0,0,Vessel Live Movement,
KOTA DUNIA,SCT,Shekou,CNSHK,2026-09-05 15:00:00,0.959018,104.034204,Transit,0,50.843,50.612,0,0,0,Vessel Live Movement,
KOTA DUNIA,SCT,Shekou,CNSHK,2026-09-05 18:00:00,-0.124424,90.436966,Transit,0,49.919,50.612,0,0,0,Vessel Live Movement,
KOTA DUNIA,SCT,Shekou,CNSHK,2026-09-05 21:00:00,-1.200892,76.838625,Transit,0,48.995,50.612,0,0,0,Vessel Live Movement,
KOTA DUNIA,SCT,Shekou,CNSHK,2026-09-06 00:00:00,-2.210077,63.23153,Berthed,0,48.841,50.612,0,0,0,Vessel Live Movement,
KOTA DUNIA,SCT,Shekou,CNSHK,2026-09-06 03:00:00,-2.211431,63.232492,Berthed,0,48.687,50.612,0,0,0,Vessel Live Movement,
KOTA DUNIA,SCT,Shekou,CNSHK,2026-09-06 06:00:00,-2.210835,63.231125,Berthed,0,48.533,50.612,0,0,0,Vessel Live Movement,
KOTA DUNIA,SCT,Shekou,CNSHK,2026-09-06 09:00:00,-2.207582,63.229005,Berthed,0,48.379,50.612,0,0,0,Vessel Live Movement,
KOTA DUNIA,SCT,Shekou,CNSHK,2026-09-06 12:00:00,-2.209506,63.229264,Berthed,0,48.225,50.612,0,0,0,Vessel Live Movement,
KOTA DUNIA,SCT,Shekou,CNSHK,2026-09-06 15:00:00,-2.207685,63.228538,Berthed,0,48.071,50.612,0,0,0,Vessel Live Movement,
KOTA DUNIA,SCT,Shekou,CNSHK,2026-09-06 18:00:00,-2.209827,63.230373,Berthed,0,47.917,50.612,0,0,0,Vessel Live Movement,
KOTA DUNIA,SCT,Shekou,CNSHK,2026-09-06 21:00:00,-2.21008,63.229554,Berthed,0,47.763,50.612,0,0,0,Vessel Live Movement,
KOTA DUNIA,SCT,Nansha,CNNSA,2026-09-07 00:00:00,-2.21,63.23,Transit,0,46.839,50.612,0,0,0,Vessel Live Movement,
KOTA DUNIA,SCT,Nansha,CNNSA,2026-09-07 03:00:00,-2.934067,75.383422,Transit,0,45.915,50.612,0,0,0,Vessel Live Movement,
KOTA DUNIA,SCT,Nansha,CNNSA,2026-09-07 06:00:00,-3.526682,87.551061,Transit,0,44.991,50.612,0,0,0,Vessel Live Movement,
KOTA DUNIA,SCT,Nansha,CNNSA,2026-09-07 09:00:00,-3.961058,99.732048,Transit,0,44.066,50.612,0,0,0,Vessel Live Movement,
KOTA DUNIA,SCT,Nansha,CNNSA,2026-09-07 12:00:00,-4.217477,111.923132,Transit,0,43.142,50.612,0,0,0,Vessel Live Movement,
KOTA DUNIA,SCT,Nansha,CNNSA,2026-09-07 15:00:00,-4.284263,124.11925,Transit,0,42.218,50.612,0,0,0,Vessel Live Movement,
KOTA DUNIA,SCT,Nansha,CNNSA,2026-09-07 18:00:00,-4.15837,136.314433,Transit,0,41.294,50.612,0,0,0,Vessel Live Movement,
KOTA DUNIA,SCT,Nansha,CNNSA,2026-09-07 21:00:00,-3.845538,148.502879,Transit,0,40.37,50.612,0,0,0,Vessel Live Movement,
KOTA DUNIA,SCT,Nansha,CNNSA,2026-09-08 00:00:00,-3.36042,160.681336,Berthed,0,40.216,50.612,0,0,0,Vessel Live Movement,
KOTA DUNIA,SCT,Nansha,CNNSA,2026-09-08 03:00:00,-3.361412,160.680325,Berthed,0,40.062,50.612,0,0,0,Vessel Live Movement,
KOTA DUNIA,SCT,Nansha,CNNSA,2026-09-08 06:00:00,-3.360874,160.678759,Berthed,0,39.908,50.612,0,0,0,Vessel Live Movement,
KOTA DUNIA,SCT,Nansha,CNNSA,2026-09-08 09:00:00,-3.361153,160.678642,Berthed,0,39.754,50.612,0,0,0,Vessel Live Movement,
KOTA DUNIA,SCT,Nansha,CNNSA,2026-09-08 12:00:00,-3.36069,160.678832,Berthed,0,39.6,50.612,0,0,0,Vessel Live Movement,
KOTA DUNIA,SCT,Nansha,CNNSA,2026-09-08 15:00:00,-3.361102,160.679834,Berthed,0,39.446,50.612,0,0,0,Vessel Live Movement,
KOTA DUNIA,SCT,Nansha,CNNSA,2026-09-08 18:00:00,-3.360312,160.681135,Berthed,0,39.292,50.612,0,0,0,Vessel Live Movement,
KOTA DUNIA,SCT,Nansha,CNNSA,2026-09-08 21:00:00,-3.362507,160.680592,Berthed,0,39.138,50.612,0,0,0,Vessel Live Movement,
KOTA DUNIA,SCT,Bangkok,THBKK,2026-09-09 00:00:00,-3.36,160.68,Transit,0,38.214,50.612,0,0,0,Vessel Live Movement,
KOTA DUNIA,SCT,Bangkok,THBKK,2026-09-09 03:00:00,-3.16333,160.969451,Transit,0,37.29,50.612,0,0,0,Vessel Live Movement,
KOTA DUNIA,SCT,Bangkok,THBKK,2026-09-09 06:00:00,-2.96658,161.258792,Transit,0,36.366,50.612,0,0,0,Vessel Live Movement,
KOTA DUNIA,SCT,Bangkok,THBKK,2026-09-09 09:00:00,-2.769754,161.548031,Transit,0,35.442,50.612,0,0,0,Vessel Live Movement,
KOTA DUNIA,SCT,Bangkok,THBKK,2026-09-09 12:00:00,-2.572858,161.837173,Transit,0,34.518,50.612,0,0,0,Vessel Live Movement,
KOTA DUNIA,SCT,Bangkok,THBKK,2026-09-09 15:00:00,-2.375897,162.126226,Transit,0,33.594,50.612,0,0,0,Vessel Live Movement,
KOTA DUNIA,SCT,Bangkok,THBKK,2026-09-09 18:00:00,-2.178875,162.415196,Transit,0,32.67,50.612,0,0,0,Vessel Live Movement,
KOTA DUNIA,SCT,Bangkok,THBKK,2026-09-09 21:00:00,-1.981797,162.704091,Transit,0,31.745,50.612,0,0,0,Vessel Live Movement,
KOTA DUNIA,SCT,Bangkok,THBKK,2026-09-10 00:00:00,-1.784669,162.992917,Transit,0,30.821,50.612,0,0,0,Vessel Live Movement,
KOTA DUNIA,SCT,Bangkok,THBKK,2026-09-10 03:00:00,-1.587497,163.281681,Transit,0,29.897,50.612,0,0,0,Vessel Live Movement,
KOTA DUNIA,SCT,Bangkok,THBKK,2026-09-10 06:00:00,-1.390283,163.57039,Transit,0,28.973,50.612,0,0,0,Vessel Live Movement,
KOTA DUNIA,SCT,Bangkok,THBKK,2026-09-10 09:00:00,-1.193035,163.859051,Transit,0,28.049,50.612,0,0,0,Vessel Live Movement,
KOTA DUNIA,SCT,Bangkok,THBKK,2026-09-10 12:00:00,-0.995756,164.14767,Transit,0,27.125,50.612,0,0,0,Vessel Live Movement,
KOTA DUNIA,SCT,Bangkok,THBKK,2026-09-10 15:00:00,-0.798452,164.436255,Transit,0,26.201,50.612,0,0,0,Vessel Live Movement,
KOTA DUNIA,SCT,Bangkok,THBKK,2026-09-10 18:00:00,-0.601127,164.724812,Transit,0,25.277,50.612,0,0,0,Vessel Live Movement,
KOTA DUNIA,SCT,Bangkok,THBKK,2026-09-10 21:00:00,-0.403788,165.013348,Transit,0,24.353,50.612,0,0,0,Vessel Live Movement,
KOTA DUNIA,SCT,Bangkok,THBKK,2026-09-11 00:00:00,-0.206438,165.30187,Transit,0,23.429,50.612,0,0,0,Vessel Live Movement,
KOTA DUNIA,SCT,Bangkok,THBKK,2026-09-11 03:00:00,-0.009083,165.590385,Transit,0,22.505,50.612,0,0,0,Vessel Live Movement,
KOTA DUNIA,SCT,Bangkok,THBKK,2026-09-11 06:00:00,0.188272,165.8789,Transit,0,21.581,50.612,0,0,0,Vessel Live Movement,
KOTA DUNIA,SCT,Bangkok,THBKK,2026-09-11 09:00:00,0.385623,166.167422,Transit,0,20.657,50.612,0,0,0,Vessel Live Movement,
KOTA DUNIA,SCT,Bangkok,THBKK,2026-09-11 12:00:00,0.582964,166.455956,Transit,0,19.733,50.612,0,0,0,Vessel Live Movement,
KOTA DUNIA,SCT,Bangkok,THBKK,2026-09-11 15:00:00,0.78029,166.744511,Transit,0,18.808,50.612,0,0,0,Vessel Live Movement,
KOTA DUNIA,SCT,Bangkok,THBKK,2026-09-11 18:00:00,0.977596,167.033093,Transit,0,17.884,50.612,0,0,0,Vessel Live Movement,
KOTA DUNIA,SCT,Bangkok,THBKK,2026-09-11 21:00:00,1.174877,167.321709,Transit,0,16.96,50.612,0,0,0,Vessel Live Movement,
KOTA DUNIA,SCT,Bangkok,THBKK,2026-09-12 00:00:00,1.372129,167.610366,Transit,0,16.036,50.612,0,0,0,Vessel Live Movement,
KOTA DUNIA,SCT,Bangkok,THBKK,2026-09-12 03:00:00,1.569345,167.89907,Transit,0,15.112,50.612,0,0,0,Vessel Live Movement,
KOTA DUNIA,SCT,Bangkok,THBKK,2026-09-12 06:00:00,1.766522,168.187829,Transit,0,14.188,50.612,0,0,0,Vessel Live Movement,
KOTA DUNIA,SCT,Bangkok,THBKK,2026-09-12 09:00:00,1.963654,168.476649,Transit,0,13.264,50.612,0,0,0,Vessel Live Movement,
KOTA DUNIA,SCT,Bangkok,THBKK,2026-09-12 12:00:00,2.160737,168.765537,Transit,0,12.34,50.612,0,0,0,Vessel Live Movement,
KOTA DUNIA,SCT,Bangkok,THBKK,2026-09-12 15:00:00,2.357764,169.0545,Transit,0,11.416,50.612,0,0,0,Vessel Live Movement,
KOTA DUNIA,SCT,Bangkok,THBKK,2026-09-12 18:00:00,2.554731,169.343545,Transit,0,10.492,50.612,0,0,0,Vessel Live Movement,
KOTA DUNIA,SCT,Bangkok,THBKK,2026-09-12 21:00:00,2.751634,169.632679,Transit,0,9.568,50.612,0,0,0,Vessel Live Movement,
KOTA DUNIA,SCT,Bangkok,THBKK,2026-09-13 00:00:00,2.948466,169.921908,Transit,0,8.644,50.612,0,0,0,Vessel Live Movement,
KOTA DUNIA,SCT,Bangkok,THBKK,2026-09-13 03:00:00,3.145223,170.211239,Transit,0,7.72,50.612,0,0,0,Vessel Live Movement,
KOTA DUNIA,SCT,Bangkok,THBKK,2026-09-13 06:00:00,3.341901,170.50068,Transit,0,6.795,50.612,0,0,0,Vessel Live Movement,
KOTA DUNIA,SCT,Bangkok,THBKK,2026-09-13 09:00:00,3.538493,170.790237,Transit,0,5.871,50.612,0,0,0,Vessel Live Movement,
KOTA DUNIA,SCT,Bangkok,THBKK,2026-09-13 12:00:00,3.734995,171.079916,Transit,0,4.947,50.612,0,0,0,Vessel Live Movement,
KOTA DUNIA,SCT,Bangkok,THBKK,2026-09-13 15:00:00,3.931402,171.369726,Transit,0,4.023,50.612,0,0,0,Vessel Live Movement,
KOTA DUNIA,SCT,Bangkok,THBKK,2026-09-13 18:00:00,4.127708,171.659671,Transit,0,3.099,50.612,0,0,0,Vessel Live Movement,
KOTA DUNIA,SCT,Bangkok,THBKK,2026-09-13 21:00:00,4.323909,171.949761,Transit,0,2.175,50.612,0,0,0,Vessel Live Movement,
KOTA DUNIA,SCT,Bangkok,THBKK,2026-09-14 00:00:00,4.519525,172.239049,Berthed,0,122.503,50.612,0,120.482,0,Vessel Live Movement,
KOTA DUNIA,SCT,Bangkok,THBKK,2026-09-14 03:00:00,4.519697,172.23913,Berthed,0,122.349,50.612,0,0,0,Vessel Live Movement,
KOTA DUNIA,SCT,Bangkok,THBKK,2026-09-14 06:00:00,4.520453,172.239141,Berthed,0,122.195,50.612,0,0,0,Vessel Live Movement,
KOTA DUNIA,SCT,Bangkok,THBKK,2026-09-14 09:00:00,4.518584,172.239388,Berthed,0,122.041,50.612,0,0,0,Vessel Live Movement,
KOTA DUNIA,SCT,Bangkok,THBKK,2026-09-14 12:00:00,4.52068,172.24069,Berthed,0,121.887,50.612,0,0,0,Vessel Live Movement,
KOTA DUNIA,SCT,Bangkok,THBKK,2026-09-14 15:00:00,4.518952,172.239141,Berthed,0,121.733,50.612,0,0,0,Vessel Live Movement,
KOTA DUNIA,SCT,Bangkok,THBKK,2026-09-14 18:00:00,4.521502,172.239437,Berthed,0,121.579,50.612,0,0,0,Vessel Live Movement,
KOTA DUNIA,SCT,Bangkok,THBKK,2026-09-14 21:00:00,4.52223,172.241156,Berthed,0,121.425,50.612,0,0,0,Vessel Live Movement,
KOTA DUNIA,SCT,Shekou,CNSHK,2026-09-15 00:00:00,4.52,172.24,Transit,0,120.501,50.612,0,0,0,Vessel Live Movement,
KOTA DUNIA,SCT,Shekou,CNSHK,2026-09-15 03:00:00,4.209409,158.563897,Transit,0,119.577,50.612,0,0,0,Vessel Live Movement,
KOTA DUNIA,SCT,Shekou,CNSHK,2026-09-15 06:00:00,3.661207,144.90273,Transit,0,118.653,50.612,0,0,0,Vessel Live Movement,
KOTA DUNIA,SCT,Shekou,CNSHK,2026-09-15 09:00:00,2.906685,131.261238,Transit,0,117.729,50.612,0,0,0,Vessel Live Movement,
KOTA DUNIA,SCT,Shekou,CNSHK,2026-09-15 12:00:00,1.98868,117.639761,Transit,0,116.805,50.612,0,0,0,Vessel Live Movement,
KOTA DUNIA,SCT,Shekou,CNSHK,2026-09-15 15:00:00,0.959018,104.034204,Transit,0,115.881,50.612,0,0,0,Vessel Live Movement,
KOTA DUNIA,SCT,Shekou,CNSHK,2026-09-15 18:00:00,-0.124424,90.436966,Transit,0,114.957,50.612,0,0,0,Vessel Live Movement,
KOTA DUNIA,SCT,Shekou,CNSHK,2026-09-15 21:00:00,-1.200892,76.838625,Transit,0,114.033,50.612,0,0,0,Vessel Live Movement,
KOTA DUNIA,SCT,Shekou,CNSHK,2026-09-16 00:00:00,-2.209924,63.230485,Berthed,0,113.879,50.612,0,0,0,Vessel Live Movement,
KOTA DUNIA,SCT,Shekou,CNSHK,2026-09-16 03:00:00,-2.209743,63.229179,Berthed,0,113.725,50.612,0,0,0,Vessel Live Movement,
KOTA DUNIA,SCT,Shekou,CNSHK,2026-09-16 06:00:00,-2.20963,63.229746,Berthed,0,113.571,50.612,0,0,0,Vessel Live Movement,
KOTA DUNIA,SCT,Shekou,CNSHK,2026-09-16 09:00:00,-2.209376,63.231386,Berthed,0,113.417,50.612,0,0,0,Vessel Live Movement,
KOTA DUNIA,SCT,Shekou,CNSHK,2026-09-16 12:00:00,-2.208962,63.228547,Berthed,0,113.263,50.612,0,0,0,Vessel Live Movement,
KOTA DUNIA,SCT,Shekou,CNSHK,2026-09-16 15:00:00,-2.209035,63.230594,Berthed,0,113.109,50.612,0,0,0,Vessel Live Movement,
KOTA DUNIA,SCT,Shekou,CNSHK,2026-09-16 18:00:00,-2.211241,63.231502,Berthed,0,112.955,50.612,0,0,0,Vessel Live Movement,
KOTA DUNIA,SCT,Shekou,CNSHK,2026-09-16 21:00:00,-2.210397,63.230179,Berthed,0,112.801,50.612,0,0,0,Vessel Live Movement,
KOTA DUNIA,SCT,Nansha,CNNSA,2026-09-17 00:00:00,-2.21,63.23,Transit,0,111.877,50.612,0,0,0,Vessel Live Movement,
KOTA DUNIA,SCT,Nansha,CNNSA,2026-09-17 03:00:00,-2.934067,75.383422,Transit,0,110.953,50.612,0,0,0,Vessel Live Movement,
KOTA DUNIA,SCT,Nansha,CNNSA,2026-09-17 06:00:00,-3.526682,87.551061,Transit,0,110.028,50.612,0,0,0,Vessel Live Movement,
KOTA DUNIA,SCT,Nansha,CNNSA,2026-09-17 09:00:00,-3.961058,99.732048,Transit,0,109.104,50.612,0,0,0,Vessel Live Movement,
KOTA DUNIA,SCT,Nansha,CNNSA,2026-09-17 12:00:00,-4.217477,111.923132,Transit,0,108.18,50.612,0,0,0,Vessel Live Movement,
KOTA DUNIA,SCT,Nansha,CNNSA,2026-09-17 15:00:00,-4.284263,124.11925,Transit,0,107.256,50.612,0,0,0,Vessel Live Movement,
KOTA DUNIA,SCT,Nansha,CNNSA,2026-09-17 18:00:00,-4.15837,136.314433,Transit,0,106.332,50.612,0,0,0,Vessel Live Movement,
KOTA DUNIA,SCT,Nansha,CNNSA,2026-09-17 21:00:00,-3.845538,148.502879,Transit,0,105.408,50.612,0,0,0,Vessel Live Movement,
KOTA DUNIA,SCT,Nansha,CNNSA,2026-09-18 00:00:00,-3.359216,160.681553,Berthed,0,105.254,50.612,0,0,0,Vessel Live Movement,
KOTA DUNIA,SCT,Nansha,CNNSA,2026-09-18 03:00:00,-3.361139,160.678333,Berthed,0,105.1,50.612,0,0,0,Vessel Live Movement,
KOTA DUNIA,SCT,Nansha,CNNSA,2026-09-18 06:00:00,-3.359346,160.679805,Berthed,0,104.946,50.612,0,0,0,Vessel Live Movement,
KOTA DUNIA,SCT,Nansha,CNNSA,2026-09-18 09:00:00,-3.360182,160.680049,Berthed,0,104.792,50.612,0,0,0,Vessel Live Movement,
KOTA DUNIA,SCT,Nansha,CNNSA,2026-09-18 12:00:00,-3.359154,160.678939,Berthed,0,104.638,50.612,0,0,0,Vessel Live Movement,
KOTA DUNIA,SCT,Nansha,CNNSA,2026-09-18 15:00:00,-3.361033,160.678853,Berthed,0,104.484,50.612,0,0,0,Vessel Live Movement,
KOTA DUNIA,SCT,Nansha,CNNSA,2026-09-18 18:00:00,-3.359664,160.68045,Berthed,0,104.33,50.612,0,0,0,Vessel Live Movement,
KOTA DUNIA,SCT,Nansha,CNNSA,2026-09-18 21:00:00,-3.358613,160.679206,Berthed,0,104.176,50.612,0,0,0,Vessel Live Movement,
KOTA DUNIA,SCT,Bangkok,THBKK,2026-09-19 00:00:00,-3.36,160.68,Transit,0,103.252,50.612,0,0,0,Vessel Live Movement,
KOTA DUNIA,SCT,Bangkok,THBKK,2026-09-19 03:00:00,-3.16333,160.969451,Transit,0,102.328,50.612,0,0,0,Vessel Live Movement,
KOTA DUNIA,SCT,Bangkok,THBKK,2026-09-19 06:00:00,-2.96658,161.258792,Transit,0,101.404,50.612,0,0,0,Vessel Live Movement,
KOTA DUNIA,SCT,Bangkok,THBKK,2026-09-19 09:00:00,-2.769754,161.548031,Transit,0,100.48,50.612,0,0,0,Vessel Live Movement,
KOTA DUNIA,SCT,Bangkok,THBKK,2026-09-19 12:00:00,-2.572858,161.837173,Transit,0,99.556,50.612,0,0,0,Vessel Live Movement,
KOTA DUNIA,SCT,Bangkok,THBKK,2026-09-19 15:00:00,-2.375897,162.126226,Transit,0,98.632,50.612,0,0,0,Vessel Live Movement,
KOTA DUNIA,SCT,Bangkok,THBKK,2026-09-19 18:00:00,-2.178875,162.415196,Transit,0,97.707,50.612,0,0,0,Vessel Live Movement,
KOTA DUNIA,SCT,Bangkok,THBKK,2026-09-19 21:00:00,-1.981797,162.704091,Transit,0,96.783,50.612,0,0,0,Vessel Live Movement,
KOTA DUNIA,SCT,Bangkok,THBKK,2026-09-20 00:00:00,-1.784669,162.992917,Transit,0,95.859,50.612,0,0,0,Vessel Live Movement,
KOTA DUNIA,SCT,Bangkok,THBKK,2026-09-20 03:00:00,-1.587497,163.281681,Transit,0,94.935,50.612,0,0,0,Vessel Live Movement,
KOTA DUNIA,SCT,Bangkok,THBKK,2026-09-20 06:00:00,-1.390283,163.57039,Transit,0,94.011,50.612,0,0,0,Vessel Live Movement,
KOTA DUNIA,SCT,Bangkok,THBKK,2026-09-20 09:00:00,-1.193035,163.859051,Transit,0,93.087,50.612,0,0,0,Vessel Live Movement,
KOTA DUNIA,SCT,Bangkok,THBKK,2026-09-20 12:00:00,-0.995756,164.14767,Transit,0,92.163,50.612,0,0,0,Vessel Live Movement,
KOTA DUNIA,SCT,Bangkok,THBKK,2026-09-20 15:00:00,-0.798452,164.436255,Transit,0,91.239,50.612,0,0,0,Vessel Live Movement,
KOTA DUNIA,SCT,Bangkok,THBKK,2026-09-20 18:00:00,-0.601127,164.724812,Transit,0,90.315,50.612,0,0,0,Vessel Live Movement,
KOTA DUNIA,SCT,Bangkok,THBKK,2026-09-20 21:00:00,-0.403788,165.013348,Transit,0,89.391,50.612,0,0,0,Vessel Live Movement,
KOTA DUNIA,SCT,Bangkok,THBKK,2026-09-21 00:00:00,-0.206438,165.30187,Transit,0,88.467,50.612,0,0,0,Vessel Live Movement,
KOTA DUNIA,SCT,Bangkok,THBKK,2026-09-21 03:00:00,-0.009083,165.590385,Transit,0,87.543,50.612,0,0,0,Vessel Live Movement,
KOTA DUNIA,SCT,Bangkok,THBKK,2026-09-21 06:00:00,0.188272,165.8789,Transit,0,86.619,50.612,0,0,0,Vessel Live Movement,
KOTA DUNIA,SCT,Bangkok,THBKK,2026-09-21 09:00:00,0.385623,166.167422,Transit,0,85.694,50.612,0,0,0,Vessel Live Movement,
KOTA DUNIA,SCT,Bangkok,THBKK,2026-09-21 12:00:00,0.582964,166.455956,Transit,0,84.77,50.612,0,0,0,Vessel Live Movement,
KOTA DUNIA,SCT,Bangkok,THBKK,2026-09-21 15:00:00,0.78029,166.744511,Transit,0,83.846,50.612,0,0,0,Vessel Live Movement,
KOTA DUNIA,SCT,Bangkok,THBKK,2026-09-21 18:00:00,0.977596,167.033093,Transit,0,82.922,50.612,0,0,0,Vessel Live Movement,
KOTA DUNIA,SCT,Bangkok,THBKK,2026-09-21 21:00:00,1.174877,167.321709,Transit,0,81.998,50.612,0,0,0,Vessel Live Movement,
KOTA DUNIA,SCT,Bangkok,THBKK,2026-09-22 00:00:00,1.372129,167.610366,Transit,0,81.074,50.612,0,0,0,Vessel Live Movement,
KOTA DUNIA,SCT,Bangkok,THBKK,2026-09-22 03:00:00,1.569345,167.89907,Transit,0,80.15,50.612,0,0,0,Vessel Live Movement,
KOTA DUNIA,SCT,Bangkok,THBKK,2026-09-22 06:00:00,1.766522,168.187829,Transit,0,79.226,50.612,0,0,0,Vessel Live Movement,
KOTA DUNIA,SCT,Bangkok,THBKK,2026-09-22 09:00:00,1.963654,168.476649,Transit,0,78.302,50.612,0,0,0,Vessel Live Movement,
KOTA DUNIA,SCT,Bangkok,THBKK,2026-09-22 12:00:00,2.160737,168.765537,Transit,0,77.378,50.612,0,0,0,Vessel Live Movement,
KOTA DUNIA,SCT,Bangkok,THBKK,2026-09-22 15:00:00,2.357764,169.0545,Transit,0,76.454,50.612,0,0,0,Vessel Live Movement,
KOTA DUNIA,SCT,Bangkok,THBKK,2026-09-22 18:00:00,2.554731,169.343545,Transit,0,75.53,50.612,0,0,0,Vessel Live Movement,
KOTA DUNIA,SCT,Bangkok,THBKK,2026-09-22 21:00:00,2.751634,169.632679,Transit,0,74.606,50.612,0,0,0,Vessel Live Movement,
KOTA DUNIA,SCT,Bangkok,THBKK,2026-09-23 00:00:00,2.948466,169.921908,Transit,0,73.681,50.612,0,0,0,Vessel Live Movement,
KOTA DUNIA,SCT,Bangkok,THBKK,2026-09-23 03:00:00,3.145223,170.211239,Transit,0,72.757,50.612,0,0,0,Vessel Live Movement,
KOTA DUNIA,SCT,Bangkok,THBKK,2026-09-23 06:00:00,3.341901,170.50068,Transit,0,71.833,50.612,0,0,0,Vessel Live Movement,
KOTA DUNIA,SCT,Bangkok,THBKK,2026-09-23 09:00:00,3.538493,170.790237,Transit,0,70.909,50.612,0,0,0,Vessel Live Movement,
KOTA DUNIA,SCT,Bangkok,THBKK,2026-09-23 12:00:00,3.734995,171.079916,Transit,0,69.985,50.612,0,0,0,Vessel Live Movement,
KOTA DUNIA,SCT,Bangkok,THBKK,2026-09-23 15:00:00,3.931402,171.369726,Transit,0,69.061,50.612,0,0,0,Vessel Live Movement,
KOTA DUNIA,SCT,Bangkok,THBKK,2026-09-23 18:00:00,4.127708,171.659671,Transit,0,68.137,50.612,0,0,0,Vessel Live Movement,
KOTA DUNIA,SCT,Bangkok,THBKK,2026-09-23 21:00:00,4.323909,171.949761,Transit,0,67.213,50.612,0,0,0,Vessel Live Movement,
KOTA DUNIA,SCT,Bangkok,THBKK,2026-09-24 00:00:00,4.518446,172.238735,Berthed,0,67.059,50.612,0,0,0,Vessel Live Movement,
KOTA DUNIA,SCT,Bangkok,THBKK,2026-09-24 03:00:00,4.518411,172.240229,Berthed,0,66.905,50.612,0,0,0,Vessel Live Movement,
KOTA DUNIA,SCT,Bangkok,THBKK,2026-09-24 06:00:00,4.519724,172.237871,Berthed,0,66.751,50.612,0,0,0,Vessel Live Movement,
KOTA DUNIA,SCT,Bangkok,THBKK,2026-09-24 09:00:00,4.51909,172.23921,Berthed,0,66.597,50.612,0,0,0,Vessel Live Movement,
KOTA DUNIA,SCT,Bangkok,THBKK,2026-09-24 12:00:00,4.520569,172.239532,Berthed,0,66.443,50.612,0,0,0,Vessel Live Movement,
KOTA DUNIA,SCT,Bangkok,THBKK,2026-09-24 15:00:00,4.518394,172.240398,Berthed,0,66.289,50.612,0,0,0,Vessel Live Movement,
KOTA DUNIA,SCT,Bangkok,THBKK,2026-09-24 18:00:00,4.521524,172.238752,Berthed,0,66.135,50.612,0,0,0,Vessel Live Movement,
KOTA DUNIA,SCT,Bangkok,THBKK,2026-09-24 21:00:00,4.520147,172.238083,Berthed,0,65.981,50.612,0,0,0,Vessel Live Movement,
KOTA DUNIA,SCT,Shekou,CNSHK,2026-09-25 00:00:00,4.52,172.24,Transit,0,65.057,50.612,0,0,0,Vessel Live Movement,
KOTA DUNIA,SCT,Shekou,CNSHK,2026-09-25 03:00:00,4.209409,158.563897,Transit,0,64.133,50.612,0,0,0,Vessel Live Movement,
KOTA DUNIA,SCT,Shekou,CNSHK,2026-09-25 06:00:00,3.661207,144.90273,Transit,0,63.209,50.612,0,0,0,Vessel Live Movement,
KOTA DUNIA,SCT,Shekou,CNSHK,2026-09-25 09:00:00,2.906685,131.261238,Transit,0,62.285,50.612,0,0,0,Vessel Live Movement,
KOTA DUNIA,SCT,Shekou,CNSHK,2026-09-25 12:00:00,1.98868,117.639761,Transit,0,61.36,50.612,0,0,0,Vessel Live Movement,
KOTA DUNIA,SCT,Shekou,CNSHK,2026-09-25 15:00:00,0.959018,104.034204,Transit,0,60.436,50.612,0,0,0,Vessel Live Movement,
KOTA DUNIA,SCT,Shekou,CNSHK,2026-09-25 18:00:00,-0.124424,90.436966,Transit,0,59.512,50.612,0,0,0,Vessel Live Movement,
KOTA DUNIA,SCT,Shekou,CNSHK,2026-09-25 21:00:00,-1.200892,76.838625,Transit,0,58.588,50.612,0,0,0,Vessel Live Movement,
KOTA DUNIA,SCT,Shekou,CNSHK,2026-09-26 00:00:00,-2.210509,63.230541,Berthed,0,58.434,50.612,0,0,0,Vessel Live Movement,
KOTA DUNIA,SCT,Shekou,CNSHK,2026-09-26 03:00:00,-2.211568,63.23045,Berthed,0,58.28,50.612,0,0,0,Vessel Live Movement,
KOTA DUNIA,SCT,Shekou,CNSHK,2026-09-26 06:00:00,-2.209897,63.230589,Berthed,0,58.126,50.612,0,0,0,Vessel Live Movement,
KOTA DUNIA,SCT,Shekou,CNSHK,2026-09-26 09:00:00,-2.210052,63.228563,Berthed,0,57.972,50.612,0,0,0,Vessel Live Movement,
KOTA DUNIA,SCT,Shekou,CNSHK,2026-09-26 12:00:00,-2.20968,63.231503,Berthed,0,57.818,50.612,0,0,0,Vessel Live Movement,
KOTA DUNIA,SCT,Shekou,CNSHK,2026-09-26 15:00:00,-2.20976,63.229966,Berthed,0,57.664,50.612,0,0,0,Vessel Live Movement,
KOTA DUNIA,SCT,Shekou,CNSHK,2026-09-26 18:00:00,-2.208861,63.229937,Berthed,0,57.51,50.612,0,0,0,Vessel Live Movement,
KOTA DUNIA,SCT,Shekou,CNSHK,2026-09-26 21:00:00,-2.209941,63.231179,Berthed,0,57.356,50.612,0,0,0,Vessel Live Movement,
KOTA DUNIA,SCT,Nansha,CNNSA,2026-09-27 00:00:00,-2.21,63.23,Transit,0,56.432,50.612,0,0,0,Vessel Live Movement,
KOTA DUNIA,SCT,Nansha,CNNSA,2026-09-27 03:00:00,-2.934067,75.383422,Transit,0,55.508,50.612,0,0,0,Vessel Live Movement,
KOTA DUNIA,SCT,Nansha,CNNSA,2026-09-27 06:00:00,-3.526682,87.551061,Transit,0,54.584,50.612,0,0,0,Vessel Live Movement,
KOTA DUNIA,SCT,Nansha,CNNSA,2026-09-27 09:00:00,-3.961058,99.732048,Transit,0,53.66,50.612,0,0,0,Vessel Live Movement,
KOTA DUNIA,SCT,Nansha,CNNSA,2026-09-27 12:00:00,-4.217477,111.923132,Transit,0,52.736,50.612,0,0,0,Vessel Live Movement,
KOTA DUNIA,SCT,Nansha,CNNSA,2026-09-27 15:00:00,-4.284263,124.11925,Transit,0,51.812,50.612,0,0,0,Vessel Live Movement,
KOTA DUNIA,SCT,Nansha,CNNSA,2026-09-27 18:00:00,-4.15837,136.314433,Transit,0,50.888,50.612,0,0,0,Vessel Live Movement,
KOTA DUNIA,SCT,Nansha,CNNSA,2026-09-27 21:00:00,-3.845538,148.502879,Transit,0,49.964,50.612,0,0,0,Vessel Live Movement,
KOTA DUNIA,SCT,Nansha,CNNSA,2026-09-28 00:00:00,-3.36071,160.67896,Berthed,0,49.81,50.612,0,0,0,Vessel Live Movement,
KOTA DUNIA,SCT,Nansha,CNNSA,2026-09-28 03:00:00,-3.361128,160.681536,Berthed,0,49.656,50.612,0,0,0,Vessel Live Movement,
KOTA DUNIA,SCT,Nansha,CNNSA,2026-09-28 06:00:00,-3.360508,160.680367,Berthed,0,49.502,50.612,0,0,0,Vessel Live Movement,
KOTA DUNIA,SCT,Nansha,CNNSA,2026-09-28 09:00:00,-3.361641,160.679844,Berthed,0,49.348,50.612,0,0,0,Vessel Live Movement,
KOTA DUNIA,SCT,Nansha,CNNSA,2026-09-28 12:00:00,-3.362013,160.681717,Berthed,0,49.194,50.612,0,0,0,Vessel Live Movement,
KOTA DUNIA,SCT,Nansha,CNNSA,2026-09-28 15:00:00,-3.359192,160.68021,Berthed,0,49.039,50.612,0,0,0,Vessel Live Movement,
KOTA DUNIA,SCT,Nansha,CNNSA,2026-09-28 18:00:00,-3.360626,160.679998,Berthed,0,48.885,50.612,0,0,0,Vessel Live Movement,
KOTA DUNIA,SCT,Nansha,CNNSA,2026-09-28 21:00:00,-3.360202,160.679844,Berthed,0,48.731,50.612,0,0,0,Vessel Live Movement,
KOTA DUNIA,SCT,Bangkok,THBKK,2026-09-29 00:00:00,-3.36,160.68,Transit,0,47.807,50.612,0,0,0,Vessel Live Movement,
KOTA DUNIA,SCT,Bangkok,THBKK,2026-09-29 03:00:00,-3.16333,160.969451,Transit,0,46.883,50.612,0,0,0,Vessel Live Movement,
KOTA DUNIA,SCT,Bangkok,THBKK,2026-09-29 06:00:00,-2.96658,161.258792,Transit,0,45.959,50.612,0,0,0,Vessel Live Movement,
KOTA DUNIA,SCT,Bangkok,THBKK,2026-09-29 09:00:00,-2.769754,161.548031,Transit,0,45.035,50.612,0,0,0,Vessel Live Movement,
KOTA DUNIA,SCT,Bangkok,THBKK,2026-09-29 12:00:00,-2.572858,161.837173,Transit,0,44.111,50.612,0,0,0,Vessel Live Movement,
KOTA DUNIA,SCT,Bangkok,THBKK,2026-09-29 15:00:00,-2.375897,162.126226,Transit,0,43.187,50.612,0,0,0,Vessel Live Movement,
KOTA DUNIA,SCT,Bangkok,THBKK,2026-09-29 18:00:00,-2.178875,162.415196,Transit,0,42.263,50.612,0,0,0,Vessel Live Movement,
KOTA DUNIA,SCT,Bangkok,THBKK,2026-09-29 21:00:00,-1.981797,162.704091,Transit,0,41.339,50.612,0,0,0,Vessel Live Movement,
